,date,APC,APC_absolute
0,2019-01-01,0.72655,919.032987372497
1,2019-01-02,0.86349,1092.2521426829226
2,2019-01-03,0.97994,1239.5529359931247
3,2019-01-04,0.79871,1010.3101470570326
4,2019-01-05,0.80117,1013.4218684099145
5,2019-01-06,1.08982,1378.5431564218493
6,2019-01-07,1.16526,1473.9692779102274
7,2019-01-08,0.92745,1173.1568978578518
8,2019-01-09,0.88153,1115.0714326040566
9,2019-01-10,0.84791,1072.5445741146707
10,2019-01-11,0.89055,1126.4810775646233
11,2019-01-12,0.78395,991.6398189397413
12,2019-01-13,0.93648,1184.579192092211
13,2019-01-14,0.93155,1178.343100112655
14,2019-01-15,1.01356,1282.0797944825106
15,2019-01-16,0.94468,1194.9515966018173
16,2019-01-17,0.87743,1109.8852303492533
17,2019-01-18,0.88891,1124.4065966627022
18,2019-01-19,0.83233,1052.8370055464186
19,2019-01-20,0.88153,1115.0714326040566
20,2019-01-21,0.95862,1212.584684268148
21,2019-01-22,0.97584,1234.3667337383215
22,2019-01-23,0.95206,1204.2867606604632
23,2019-01-24,1.04308,1319.4204507170932
24,2019-01-25,1.05456,1333.941817030542
25,2019-01-26,0.91515,1157.5982910934424
26,2019-01-27,1.04226,1318.3832102661327
27,2019-01-28,0.93401,1181.454821465537
28,2019-01-29,0.91105,1152.4120888386392
29,2019-01-30,0.99224,1255.1115427575342
30,2019-01-31,0.94058,1189.765394347014
31,2019-02-01,0.87825,1110.922470800214
32,2019-02-02,0.85857,1086.0286999771588
33,2019-02-03,0.93894,1187.690913445093
34,2019-02-04,0.91023,1151.3748483876786
35,2019-02-05,0.95452,1207.398482013345
36,2019-02-06,1.16116,1468.7830756554242
37,2019-02-07,1.17265,1483.3170912426654
38,2019-02-08,1.06276,1344.3142215401483
39,2019-02-09,0.9865,1247.8508596008096
40,2019-02-10,1.14886,1453.2244688910148
41,2019-02-11,1.04882,1326.6811338738178
42,2019-02-12,1.13082,1430.4051789698808
43,2019-02-13,1.01274,1281.0425540315498
44,2019-02-14,1.01848,1288.3032371882744
45,2019-02-15,0.92991,1176.2686192107337
46,2019-02-16,0.98732,1248.8881000517702
47,2019-02-17,0.97994,1239.5529359931247
48,2019-02-18,1.11196,1406.5486485977865
49,2019-02-19,1.0193,1289.3404776392351
50,2019-02-20,1.02094,1291.4149585411562
51,2019-02-21,0.99552,1259.2605045613766
52,2019-02-22,0.9455,1195.988837052778
53,2019-02-23,1.65237,2090.1280536022196
54,2019-02-24,1.56954,1985.3541187814037
55,2019-02-25,1.23497,1562.1473655156733
56,2019-02-26,1.11442,1409.6603699506682
57,2019-02-27,1.03324,1306.9735653055657
58,2019-02-28,0.95206,1204.2867606604632
59,2019-03-01,0.93648,1184.579192092211
60,2019-03-02,1.0275,1299.7128821488413
61,2019-03-03,1.07424,1358.8355878535974
62,2019-03-04,0.92253,1166.933455152088
63,2019-03-05,0.93484,1182.5047111902898
64,2019-03-06,0.88645,1121.2948753098203
65,2019-03-07,0.87907,1111.9597112511747
66,2019-03-08,0.85201,1077.7307763694737
67,2019-03-09,0.83725,1059.0604482521824
68,2019-03-10,0.97994,1239.5529359931247
69,2019-03-11,0.86759,1097.4383449377258
70,2019-03-12,0.93073,1177.3058596616943
71,2019-03-13,0.90941,1150.337607936718
72,2019-03-14,0.88481,1119.220394407899
73,2019-03-15,0.85529,1081.8797381733161
74,2019-03-16,0.84955,1074.6190550165918
75,2019-03-17,1.0644,1346.3887024420696
76,2019-03-18,0.95124,1203.2495202095024
77,2019-03-19,0.94796,1199.10055840566
78,2019-03-20,1.04062,1316.3087293642116
79,2019-03-21,0.94878,1200.1377988566205
80,2019-03-22,0.87087,1101.5873067415682
81,2019-03-23,0.84299,1066.3211314089067
82,2019-03-24,0.91679,1159.6727719953637
83,2019-03-25,1.04882,1326.6811338738178
84,2019-03-26,0.9701,1227.106050581597
85,2019-03-27,0.88973,1125.4438371136628
86,2019-03-28,0.86431,1093.2893831338831
87,2019-03-29,0.81839,1035.2039178800876
88,2019-03-30,0.81429,1030.0177156252846
89,2019-03-31,0.91269,1154.4865697405605
90,2019-04-01,0.87169,1102.6245471925288
91,2019-04-02,0.87989,1112.9969517021352
92,2019-04-03,0.96928,1226.0688101306364
93,2019-04-04,0.9906,1253.0370618556128
94,2019-04-05,0.93319,1180.4175810145762
95,2019-04-06,0.84709,1071.50733366371
96,2019-04-07,0.93566,1183.5419516412505
97,2019-04-08,1.0193,1289.3404776392351
98,2019-04-09,0.98486,1245.7763786988883
99,2019-04-10,0.88153,1115.0714326040566
100,2019-04-11,0.99798,1262.3722259142585
101,2019-04-12,0.88891,1124.4065966627022
102,2019-04-13,0.88727,1122.3321157607809
103,2019-04-14,1.24891,1579.780453182004
104,2019-04-15,1.17511,1486.4288125955475
105,2019-04-16,0.9783,1237.4784550912032
106,2019-04-17,0.92171,1165.8962147011275
107,2019-04-18,0.95124,1203.2495202095024
108,2019-04-19,0.85037,1075.6562954675524
109,2019-04-20,0.92335,1167.9706956030486
110,2019-04-21,0.97256,1230.2177719344788
111,2019-04-22,0.93976,1188.7281538960535
112,2019-04-23,0.93237,1179.3803405636156
113,2019-04-24,0.85939,1087.0659404281193
114,2019-04-25,0.88645,1121.2948753098203
115,2019-04-26,0.83889,1061.1349291541037
116,2019-04-27,0.78149,988.5280975868593
117,2019-04-28,0.85693,1083.9542190752375
118,2019-04-29,0.91187,1153.4493292895997
119,2019-04-30,0.78395,991.6398189397413
120,2019-05-01,0.82413,1042.4646010368122
121,2019-05-02,0.74541,942.8895177445916
122,2019-05-03,0.76345,965.7088076657253
123,2019-05-04,0.71753,907.62334241193
124,2019-05-05,0.75443,954.2991627051586
125,2019-05-06,0.81593,1032.092196527206
126,2019-05-07,0.76427,966.7460481166861
127,2019-05-08,0.79625,1007.1984257041507
128,2019-05-09,0.83315,1053.8742459973791
129,2019-05-10,0.80363,1016.5335897627963
130,2019-05-11,0.85037,1075.6562954675524
131,2019-05-12,0.83479,1055.9487268993005
132,2019-05-13,0.94714,1198.0633179546992
133,2019-05-14,0.92499,1170.04517650497
134,2019-05-15,0.94878,1200.1377988566205
135,2019-05-16,0.9373,1185.6164325431716
136,2019-05-17,0.88153,1115.0714326040566
137,2019-05-18,0.75771,958.448124509001
138,2019-05-19,0.87169,1102.6245471925288
139,2019-05-20,0.90449,1144.1141652309543
140,2019-05-21,0.94468,1194.9515966018173
141,2019-05-22,0.84955,1074.6190550165918
142,2019-05-23,0.83397,1054.9114864483397
143,2019-05-24,0.74623,943.9267581955521
144,2019-05-25,0.6921,875.4562391583582
145,2019-05-26,0.78969,998.9005020964656
146,2019-05-27,0.87333,1104.6990280944501
147,2019-05-28,0.87497,1106.7735089963714
148,2019-05-29,0.85365,1079.805257271395
149,2019-05-30,0.90859,1149.3003674857573
150,2019-05-31,0.79297,1003.0494639003081
151,2019-06-01,0.73475,929.4053918821032
152,2019-06-02,0.81675,1033.1294369781665
153,2019-06-03,0.88809,1123.3693562117417
154,2019-06-04,0.91597,1158.635531544403
155,2019-06-05,0.81511,1031.0549560762452
156,2019-06-06,0.86677,1096.4011044867652
157,2019-06-07,0.76099,962.5970863128435
158,2019-06-08,0.82167,1039.3528796839303
159,2019-06-09,0.86349,1092.2521426829226
160,2019-06-10,0.88399,1118.1831539569384
161,2019-06-11,0.94222,1191.8398752489354
162,2019-06-12,0.87497,1106.7735089963714
163,2019-06-13,0.86841,1098.4755853886863
164,2019-06-14,0.83397,1054.9114864483397
165,2019-06-15,0.72573,917.9957469215362
166,2019-06-16,0.78723,995.7887807435837
167,2019-06-17,0.93237,1179.3803405636156
168,2019-06-18,0.89875,1136.8534820742298
169,2019-06-19,0.91679,1159.6727719953637
170,2019-06-20,0.79707,1008.2356661551113
171,2019-06-21,0.79461,1005.1239448022295
172,2019-06-22,0.74705,944.9639986465128
173,2019-06-23,0.77165,976.0812121753316
174,2019-06-24,0.82413,1042.4646010368122
175,2019-06-25,0.83069,1050.7625246444973
176,2019-06-26,0.90121,1139.9652034271116
177,2019-06-27,0.80937,1023.7942729195208
178,2019-06-28,0.76837,971.9322503714892
179,2019-06-29,0.69456,878.56796051124
180,2019-06-30,0.83561,1056.985967350261
181,2019-07-01,0.83643,1058.0232078012216
182,2019-07-02,0.84217,1065.2838909579461
183,2019-07-03,0.83479,1055.9487268993005
184,2019-07-04,0.83151,1051.7997650954578
185,2019-07-05,0.78067,987.4908571358986
186,2019-07-06,0.7003,885.8286436679646
187,2019-07-07,0.79215,1002.0122234493475
188,2019-07-08,0.87005,1100.5500662906077
189,2019-07-09,0.86267,1091.214902231962
190,2019-07-10,0.83315,1053.8742459973791
191,2019-07-11,0.81019,1024.8315133704814
192,2019-07-12,0.79051,999.9377425474263
193,2019-07-13,0.71589,905.5488615100088
194,2019-07-14,0.84463,1068.395612310828
195,2019-07-15,0.90613,1146.1886461328754
196,2019-07-16,0.80855,1022.7570324685602
197,2019-07-17,0.82987,1049.7252841935367
198,2019-07-18,0.78723,995.7887807435837
199,2019-07-19,0.83069,1050.7625246444973
200,2019-07-20,0.74049,936.6660750388277
201,2019-07-21,0.77083,975.0439717243711
202,2019-07-22,0.88727,1122.3321157607809
203,2019-07-23,0.87005,1100.5500662906077
204,2019-07-24,0.87825,1110.922470800214
205,2019-07-25,0.85939,1087.0659404281193
206,2019-07-26,0.76427,966.7460481166861
207,2019-07-27,0.73311,927.330910980182
208,2019-07-28,0.78477,992.6770593907019
209,2019-07-29,0.83971,1062.1721696050643
210,2019-07-30,1.15132,1456.3361902438967
211,2019-07-31,0.88481,1119.220394407899
212,2019-08-01,0.86185,1090.1776617810012
213,2019-08-02,0.84217,1065.2838909579461
214,2019-08-03,0.96026,1214.6591651700694
215,2019-08-04,0.91351,1155.5238101915213
216,2019-08-05,0.89219,1128.5555584665447
217,2019-08-06,0.91925,1162.7844933482456
218,2019-08-07,0.91925,1162.7844933482456
219,2019-08-08,0.90695,1147.2258865838362
220,2019-08-09,0.89301,1129.5927989175052
221,2019-08-10,0.90203,1141.0024438780722
222,2019-08-11,1.24727,1577.705972280083
223,2019-08-12,1.14722,1451.1499879890935
224,2019-08-13,1.01848,1288.3032371882744
225,2019-08-14,0.96108,1215.6964056210302
226,2019-08-15,1.01356,1282.0797944825106
227,2019-08-16,0.88317,1117.1459135059777
228,2019-08-17,0.86349,1092.2521426829226
229,2019-08-18,0.89465,1131.6672798194265
230,2019-08-19,1.10622,1399.287965441062
231,2019-08-20,1.06358,1345.351461991109
232,2019-08-21,0.92909,1175.2313787597732
233,2019-08-22,0.98978,1251.999821404652
234,2019-08-23,0.90449,1144.1141652309543
235,2019-08-24,0.88235,1116.108673055017
236,2019-08-25,0.97174,1229.1805314835183
237,2019-08-26,1.06112,1342.2397406382272
238,2019-08-27,1.44982,1833.9170129411516
239,2019-08-28,1.23169,1557.9984037118309
240,2019-08-29,0.96846,1225.0315696796756
241,2019-08-30,0.94304,1192.8771156998962
242,2019-08-31,0.88317,1117.1459135059777
243,2019-09-01,0.9373,1185.6164325431716
244,2019-09-02,0.98076,1240.590176444085
245,2019-09-03,0.98076,1240.590176444085
246,2019-09-04,0.87907,1111.9597112511747
247,2019-09-05,0.95124,1203.2495202095024
248,2019-09-06,0.87497,1106.7735089963714
249,2019-09-07,0.88153,1115.0714326040566
250,2019-09-08,1.1546,1460.4851520477393
251,2019-09-09,1.13246,1432.4796598718021
252,2019-09-10,1.15214,1457.3734306948572
253,2019-09-11,1.02914,1301.7873630507625
254,2019-09-12,0.81921,1036.2411583310484
255,2019-09-13,0.97502,1233.3294932873607
256,2019-09-14,1.08326,1370.2452328141642
257,2019-09-15,1.13574,1436.6286216756448
258,2019-09-16,1.10622,1399.287965441062
259,2019-09-17,1.14148,1443.8893048323691
260,2019-09-18,1.12426,1422.107255362196
261,2019-09-19,1.0029,1268.5956686200223
262,2019-09-20,0.98732,1248.8881000517702
263,2019-09-21,0.93812,1186.6536729941322
264,2019-09-22,1.10622,1399.287965441062
265,2019-09-23,1.13574,1436.6286216756448
266,2019-09-24,0.99634,1260.2977450123371
267,2019-09-25,0.93812,1186.6536729941322
268,2019-09-26,0.88727,1122.3321157607809
269,2019-09-27,0.90941,1150.337607936718
270,2019-09-28,0.90531,1145.1514056819146
271,2019-09-29,0.96764,1223.994329228715
272,2019-09-30,1.03242,1305.936324854605
273,2019-10-01,1.05784,1338.0907788343845
274,2019-10-02,0.92909,1175.2313787597732
275,2019-10-03,0.97338,1231.2550123854396
276,2019-10-04,0.91351,1155.5238101915213
277,2019-10-05,0.90777,1148.2631270347968
278,2019-10-06,1.11688,1412.7720913035503
279,2019-10-07,1.11442,1409.6603699506682
280,2019-10-08,0.98486,1245.7763786988883
281,2019-10-09,0.9455,1195.988837052778
282,2019-10-10,1.00044,1265.4839472671404
283,2019-10-11,0.98158,1241.6274168950458
284,2019-10-12,0.92253,1166.933455152088
285,2019-10-13,1.02258,1293.4894394430776
286,2019-10-14,0.99716,1261.334985463298
287,2019-10-15,0.96764,1223.994329228715
288,2019-10-16,1.02914,1301.7873630507625
289,2019-10-17,1.06768,1350.537664245912
290,2019-10-18,0.9906,1253.0370618556128
291,2019-10-19,0.97912,1238.515695542164
292,2019-10-20,1.01274,1281.0425540315498
293,2019-10-21,0.98568,1246.813619149849
294,2019-10-22,0.98322,1243.7018977969672
295,2019-10-23,0.99306,1256.1487832084947
296,2019-10-24,0.92417,1169.0079360540094
297,2019-10-25,0.81839,1035.2039178800876
298,2019-10-26,0.75853,959.4853649599617
299,2019-10-27,0.97666,1235.403974189282
300,2019-10-28,0.97338,1231.2550123854396
301,2019-10-29,0.90449,1144.1141652309543
302,2019-10-30,1.0726,1356.761106951676
303,2019-10-31,0.93401,1181.454821465537
304,2019-11-01,1.02258,1293.4894394430776
305,2019-11-02,0.88891,1124.4065966627022
306,2019-11-03,1.02422,1295.5639203449987
307,2019-11-04,1.02586,1297.63840124692
308,2019-11-05,1.22923,1554.8866823589492
309,2019-11-06,1.12344,1421.0700149112351
310,2019-11-07,1.02832,1300.7501225998017
311,2019-11-08,1.00044,1265.4839472671404
312,2019-11-09,0.95042,1202.2122797585419
313,2019-11-10,0.97502,1233.3294932873607
314,2019-11-11,1.07342,1357.7983474026366
315,2019-11-12,1.03734,1312.1597675603687
316,2019-11-13,0.9373,1185.6164325431716
317,2019-11-14,0.92417,1169.0079360540094
318,2019-11-15,0.90941,1150.337607936718
319,2019-11-16,0.90367,1143.0769247799935
320,2019-11-17,0.96764,1223.994329228715
321,2019-11-18,0.9537,1206.3612415623843
322,2019-11-19,1.03898,1314.2342484622902
323,2019-11-20,0.9537,1206.3612415623843
324,2019-11-21,0.93648,1184.579192092211
325,2019-11-22,0.85611,1082.916978624277
326,2019-11-23,0.89301,1129.5927989175052
327,2019-11-24,0.90285,1142.039684329033
328,2019-11-25,0.96764,1223.994329228715
329,2019-11-26,0.97256,1230.2177719344788
330,2019-11-27,0.94222,1191.8398752489354
331,2019-11-28,0.97338,1231.2550123854396
332,2019-11-29,0.96354,1218.8081269739118
333,2019-11-30,0.93976,1188.7281538960535
334,2019-12-01,1.08326,1370.2452328141642
335,2019-12-02,1.0152,1284.154275384432
336,2019-12-03,0.89957,1137.8907225251903
337,2019-12-04,0.91925,1162.7844933482456
338,2019-12-05,0.88317,1117.1459135059777
339,2019-12-06,0.82577,1044.5390819387335
340,2019-12-07,0.83151,1051.7997650954578
341,2019-12-08,0.89465,1131.6672798194265
342,2019-12-09,0.98404,1244.7391382479277
343,2019-12-10,0.97502,1233.3294932873607
344,2019-12-11,0.97174,1229.1805314835183
345,2019-12-12,0.94714,1198.0633179546992
346,2019-12-13,0.80445,1017.5708302137571
347,2019-12-14,0.89219,1128.5555584665447
348,2019-12-15,0.95698,1210.510203366227
349,2019-12-16,0.96518,1220.8826078758332
350,2019-12-17,0.98076,1240.590176444085
351,2019-12-18,0.89465,1131.6672798194265
352,2019-12-19,0.94222,1191.8398752489354
353,2019-12-20,0.91597,1158.635531544403
354,2019-12-21,0.79789,1009.272906606072
355,2019-12-22,0.94878,1200.1377988566205
356,2019-12-23,0.9578,1211.5474438171875
357,2019-12-24,0.90941,1150.337607936718
358,2019-12-25,0.97338,1231.2550123854396
359,2019-12-26,1.02504,1296.6011607959592
360,2019-12-27,0.89055,1126.4810775646233
361,2019-12-28,0.84791,1072.5445741146707
362,2019-12-29,0.92499,1170.04517650497
363,2019-12-30,0.89055,1126.4810775646233
364,2019-12-31,0.80445,1017.5708302137571
365,2020-01-01,0.87907,1111.9597112511747
366,2020-01-02,0.98404,1244.7391382479277
367,2020-01-03,0.94304,1192.8771156998962
368,2020-01-04,0.98486,1245.7763786988883
369,2020-01-05,1.03406,1308.0108057565262
370,2020-01-06,1.05374,1332.9045765795813
371,2020-01-07,1.0357,1310.0852866584476
372,2020-01-08,1.04636,1323.5694125209357
373,2020-01-09,1.20709,1526.881190183012
374,2020-01-10,1.29155,1633.7169566319571
375,2020-01-11,1.11442,1409.6603699506682
376,2020-01-12,1.13902,1440.7775834794872
377,2020-01-13,1.24481,1574.594250927201
378,2020-01-14,1.10048,1392.0272822843374
379,2020-01-15,1.21611,1538.290835143579
380,2020-01-16,1.08408,1371.2824732651247
381,2020-01-17,1.04226,1318.3832102661327
382,2020-01-18,1.0111,1278.9680731296287
383,2020-01-19,1.11278,1407.585889048747
384,2020-01-20,1.05866,1339.128019285345
385,2020-01-21,1.03406,1308.0108057565262
386,2020-01-22,0.96026,1214.6591651700694
387,2020-01-23,1.02094,1291.4149585411562
388,2020-01-24,1.02012,1290.3777180901955
389,2020-01-25,0.98486,1245.7763786988883
390,2020-01-26,1.10868,1402.399686793944
391,2020-01-27,1.24235,1571.4825295743192
392,2020-01-28,1.36453,1726.0313567674534
393,2020-01-29,1.17265,1483.3170912426654
394,2020-01-30,1.08408,1371.2824732651247
395,2020-01-31,1.0439,1320.457691168054
396,2020-02-01,1.03734,1312.1597675603687
397,2020-02-02,1.16608,1475.0065183611882
398,2020-02-03,1.09966,1390.990041833377
399,2020-02-04,1.089,1377.5059159708887
400,2020-02-05,1.048,1325.6438934228572
401,2020-02-06,1.0562,1336.0162979324634
402,2020-02-07,0.92253,1166.933455152088
403,2020-02-08,1.0111,1278.9680731296287
404,2020-02-09,1.23087,1556.96116326087
405,2020-02-10,1.22349,1547.6259992022246
406,2020-02-11,1.24563,1575.6314913781616
407,2020-02-12,1.21201,1533.1046328887758
408,2020-02-13,1.14558,1449.0755070871724
409,2020-02-14,1.08408,1371.2824732651247
410,2020-02-15,1.16772,1477.0809992631096
411,2020-02-16,1.13902,1440.7775834794872
412,2020-02-17,1.21037,1531.0301519868544
413,2020-02-18,4.00423,5065.060159695236
414,2020-02-19,1.66877,2110.8728626214324
415,2020-02-20,1.21939,1542.4397969474214
416,2020-02-21,1.33665,1690.7651814347917
417,2020-02-22,1.28089,1620.232830769469
418,2020-02-23,1.34977,1707.3610286501619
419,2020-02-24,1.19971,1517.5460261243663
420,2020-02-25,1.31779,1666.9086510626973
421,2020-02-26,1.18003,1492.652255301311
422,2020-02-27,1.12098,1417.9582935583535
423,2020-02-28,1.1054,1398.2507249901012
424,2020-02-29,1.12262,1420.0327744602746
425,2020-03-01,1.21201,1533.1046328887758
426,2020-03-02,1.13,1429.3679385189203
427,2020-03-03,1.30713,1653.424525200209
428,2020-03-04,1.12098,1417.9582935583535
429,2020-03-05,1.11032,1404.4741676958652
430,2020-03-06,1.09556,1385.8038395785738
431,2020-03-07,1.09802,1388.9155609314557
432,2020-03-08,1.49082,1885.7790354891831
433,2020-03-09,1.39815,1768.5582152568393
434,2020-03-10,1.32271,1673.1320937684611
435,2020-03-11,1.28745,1628.530754377154
436,2020-03-12,1.17265,1483.3170912426654
437,2020-03-13,1.18495,1498.8756980070748
438,2020-03-14,1.1464,1450.1127475381331
439,2020-03-15,1.31615,1664.834170160776
440,2020-03-16,1.19397,1510.2853429676418
441,2020-03-17,1.24973,1580.8176936329648
442,2020-03-18,1.17839,1490.57777439939
443,2020-03-19,1.20053,1518.5832665753271
444,2020-03-20,1.02832,1300.7501225998017
445,2020-03-21,1.0931,1382.6921182256917
446,2020-03-22,1.17347,1484.3543316936261
447,2020-03-23,1.19643,1513.397064320524
448,2020-03-24,1.17265,1483.3170912426654
449,2020-03-25,1.20463,1523.76946883013
450,2020-03-26,1.1546,1460.4851520477393
451,2020-03-27,1.09638,1386.8410800295342
452,2020-03-28,1.14968,1454.2617093419756
453,2020-03-29,1.41866,1794.5018758046474
454,2020-03-30,1.32025,1670.0203724155792
455,2020-03-31,1.18003,1492.652255301311
456,2020-04-01,1.14066,1442.8520643814086
457,2020-04-02,1.12016,1416.9210531073927
458,2020-04-03,1.13738,1438.7031025775661
459,2020-04-04,1.05866,1339.128019285345
460,2020-04-05,1.15952,1466.7085947535031
461,2020-04-06,1.12344,1421.0700149112351
462,2020-04-07,1.15542,1461.5223924986997
463,2020-04-08,1.02914,1301.7873630507625
464,2020-04-09,1.02996,1302.8246035017232
465,2020-04-10,1.0726,1356.761106951676
466,2020-04-11,1.05046,1328.7556147757389
467,2020-04-12,1.18905,1504.061900261878
468,2020-04-13,1.10212,1394.1017631862587
469,2020-04-14,1.03078,1303.8618439526838
470,2020-04-15,1.0521,1330.8300956776602
471,2020-04-16,1.19069,1506.1363811637993
472,2020-04-17,0.96272,1217.7708865229513
473,2020-04-18,1.07916,1365.059030559361
474,2020-04-19,1.25301,1584.9666554368073
475,2020-04-20,1.27433,1611.9349071617837
476,2020-04-21,1.30221,1647.2010824944455
477,2020-04-22,1.20299,1521.6949879282088
478,2020-04-23,1.23579,1563.184605966634
479,2020-04-24,1.16444,1472.9320374592667
480,2020-04-25,1.18577,1499.9129384580356
481,2020-04-26,1.449,1832.8797724901908
482,2020-04-27,1.35141,1709.4355095520832
483,2020-04-28,1.26859,1604.6742240050596
484,2020-04-29,1.14148,1443.8893048323691
485,2020-04-30,1.1505,1455.2989497929361
486,2020-05-01,1.16362,1471.8947970083063
487,2020-05-02,1.10294,1395.1390036372195
488,2020-05-03,1.39159,1760.2602916491544
489,2020-05-04,1.20955,1529.9929115358937
490,2020-05-05,1.39241,1761.2975321001147
491,2020-05-06,1.27105,1607.7859453579413
492,2020-05-07,1.13,1429.3679385189203
493,2020-05-08,1.06358,1345.351461991109
494,2020-05-09,1.00372,1269.6329090709828
495,2020-05-10,1.11524,1410.697610401629
496,2020-05-11,1.39815,1768.5582152568393
497,2020-05-12,1.43178,1811.0977230200176
498,2020-05-13,1.26941,1605.71146445602
499,2020-05-14,1.26695,1602.599743103138
500,2020-05-15,1.14968,1454.2617093419756
501,2020-05-16,1.1628,1470.8575565573456
502,2020-05-17,1.33993,1694.9141432386346
503,2020-05-18,1.46786,1856.7363028622851
504,2020-05-19,1.31123,1658.6107274550122
505,2020-05-20,1.37273,1736.4037612770596
506,2020-05-21,1.24563,1575.6314913781616
507,2020-05-22,1.20873,1528.9556710849333
508,2020-05-23,0.99716,1261.334985463298
509,2020-05-24,1.27187,1608.823185808902
510,2020-05-25,1.31287,1660.6852083569336
511,2020-05-26,1.51706,1918.9707299199233
512,2020-05-27,1.38175,1747.8134062376266
513,2020-05-28,1.11688,1412.7720913035503
514,2020-05-29,1.08572,1373.356954167046
515,2020-05-30,1.15788,1464.6341138515818
516,2020-05-31,1.41538,1790.352914000805
517,2020-06-01,1.37027,1733.292039924178
518,2020-06-02,1.27023,1606.7487049069807
519,2020-06-03,1.22349,1547.6259992022246
520,2020-06-04,1.41456,1789.3156735498442
521,2020-06-05,1.44736,1830.8052915882695
522,2020-06-06,1.24563,1575.6314913781616
523,2020-06-07,1.45884,1845.3266579017181
524,2020-06-08,1.30221,1647.2010824944455
525,2020-06-09,1.21939,1542.4397969474214
526,2020-06-10,1.20791,1527.9184306339725
527,2020-06-11,1.19233,1508.2108620657204
528,2020-06-12,1.25383,1586.003895887768
529,2020-06-13,1.089,1377.5059159708887
530,2020-06-14,1.18413,1497.8384575561142
531,2020-06-15,1.33091,1683.5044982780676
532,2020-06-16,1.28499,1625.419033024272
533,2020-06-17,1.14476,1448.0382666362118
534,2020-06-18,1.13902,1440.7775834794872
535,2020-06-19,1.13902,1440.7775834794872
536,2020-06-20,0.97092,1228.1432910325577
537,2020-06-21,1.29565,1638.9031588867601
538,2020-06-22,1.36207,1722.9196354145713
539,2020-06-23,1.25875,1592.2273385935318
540,2020-06-24,1.25219,1583.9294149858467
541,2020-06-25,1.36945,1732.2547994732172
542,2020-06-26,1.5269,1931.4176153314506
543,2020-06-27,1.69665,2146.139037954094
544,2020-06-28,1.66795,2109.8356221704717
545,2020-06-29,1.43342,1813.1722039219387
546,2020-06-30,1.37847,1743.6644444337842
547,2020-07-01,1.31287,1660.6852083569336
548,2020-07-02,1.11278,1407.585889048747
549,2020-07-03,1.07014,1353.6493855987942
550,2020-07-04,0.97502,1233.3294932873607
551,2020-07-05,1.25547,1588.0783767896894
552,2020-07-06,1.24891,1579.780453182004
553,2020-07-07,1.18659,1500.9501789089961
554,2020-07-08,1.0685,1351.5749046968729
555,2020-07-09,1.14312,1445.9637857342902
556,2020-07-10,1.05948,1340.1652597363059
557,2020-07-11,1.28663,1627.4935139261931
558,2020-07-12,1.31697,1665.8714106117366
559,2020-07-13,1.09966,1390.990041833377
560,2020-07-14,1.15624,1462.5596329496605
561,2020-07-15,1.15132,1456.3361902438967
562,2020-07-16,1.18249,1495.7639766541931
563,2020-07-17,1.06522,1347.4259428930304
564,2020-07-18,1.11934,1415.8838126564322
565,2020-07-19,1.18085,1493.6894957522716
566,2020-07-20,1.20873,1528.9556710849333
567,2020-07-21,1.18741,1501.987419359957
568,2020-07-22,1.0275,1299.7128821488413
569,2020-07-23,1.04964,1327.718374324778
570,2020-07-24,1.01028,1277.9308326786681
571,2020-07-25,1.0644,1346.3887024420696
572,2020-07-26,1.05948,1340.1652597363059
573,2020-07-27,1.0521,1330.8300956776602
574,2020-07-28,1.00946,1276.8935922277074
575,2020-07-29,1.12672,1425.2189767150778
576,2020-07-30,0.89957,1137.8907225251903
577,2020-07-31,0.91269,1154.4865697405605
578,2020-08-01,1.05456,1333.941817030542
579,2020-08-02,0.96272,1217.7708865229513
580,2020-08-03,1.03406,1308.0108057565262
581,2020-08-04,1.14148,1443.8893048323691
582,2020-08-05,1.10868,1402.399686793944
583,2020-08-06,1.04554,1322.532172069975
584,2020-08-07,0.9701,1227.106050581597
585,2020-08-08,0.91925,1162.7844933482456
586,2020-08-09,1.14394,1447.001026185251
587,2020-08-10,1.17429,1485.3915721445867
588,2020-08-11,1.03816,1313.1970080113294
589,2020-08-12,1.02996,1302.8246035017232
590,2020-08-13,1.05538,1334.9790574815027
591,2020-08-14,1.09802,1388.9155609314557
592,2020-08-15,1.1095,1403.4369272449044
593,2020-08-16,1.31451,1662.759689258855
594,2020-08-17,1.32927,1681.4300173761462
595,2020-08-18,1.26695,1602.599743103138
596,2020-08-19,1.32189,1672.0948533175006
597,2020-08-20,1.16362,1471.8947970083063
598,2020-08-21,1.10212,1394.1017631862587
599,2020-08-22,1.1259,1424.181736264117
600,2020-08-23,1.21939,1542.4397969474214
601,2020-08-24,1.17921,1491.6150148503505
602,2020-08-25,1.18987,1505.0991407128386
603,2020-08-26,1.15706,1463.5968734006212
604,2020-08-27,1.12016,1416.9210531073927
605,2020-08-28,1.15624,1462.5596329496605
606,2020-08-29,1.11524,1410.697610401629
607,2020-08-30,1.17675,1488.5032934974686
608,2020-08-31,1.18987,1505.0991407128386
609,2020-09-01,1.12098,1417.9582935583535
610,2020-09-02,1.11524,1410.697610401629
611,2020-09-03,1.23907,1567.3335677704765
612,2020-09-04,1.0439,1320.457691168054
613,2020-09-05,1.16937,1479.168129438823
614,2020-09-06,1.53264,1938.6782984881752
615,2020-09-07,1.54248,1951.125183899703
616,2020-09-08,1.36781,1730.1803185712959
617,2020-09-09,1.25957,1593.2645790444926
618,2020-09-10,1.35141,1709.4355095520832
619,2020-09-11,1.29811,1642.0148802396423
620,2020-09-12,1.23251,1559.0356441627916
621,2020-09-13,1.33091,1683.5044982780676
622,2020-09-14,1.40308,1774.7943072363955
623,2020-09-15,1.25957,1593.2645790444926
624,2020-09-16,1.24317,1572.51977002528
625,2020-09-17,1.09884,1389.9528013824163
626,2020-09-18,1.1382,1439.7403430285267
627,2020-09-19,1.18495,1498.8756980070748
628,2020-09-20,1.35141,1709.4355095520832
629,2020-09-21,1.24973,1580.8176936329648
630,2020-09-22,1.25711,1590.1528576916105
631,2020-09-23,1.31697,1665.8714106117366
632,2020-09-24,1.41866,1794.5018758046474
633,2020-09-25,1.12836,1427.2934576169991
634,2020-09-26,1.33419,1687.65346008191
635,2020-09-27,1.46048,1847.4011388036395
636,2020-09-28,1.17675,1488.5032934974686
637,2020-09-29,1.18331,1496.8012171051537
638,2020-09-30,1.07752,1362.9845496574399
639,2020-10-01,1.16937,1479.168129438823
640,2020-10-02,1.33173,1684.541738729028
641,2020-10-03,1.53428,1940.7527793900965
642,2020-10-04,1.77701,2247.788602148236
643,2020-10-05,1.51542,1916.896249018002
644,2020-10-06,1.34731,1704.2493072972802
645,2020-10-07,1.33665,1690.7651814347917
646,2020-10-08,1.30139,1646.1638420434847
647,2020-10-09,1.23251,1559.0356441627916
648,2020-10-10,1.28827,1629.5679948281147
649,2020-10-11,1.37683,1741.5899635318628
650,2020-10-12,1.28581,1626.4562734752326
651,2020-10-13,1.19069,1506.1363811637993
652,2020-10-14,1.21119,1532.0673924378152
653,2020-10-15,1.29155,1633.7169566319571
654,2020-10-16,1.22431,1548.6632396531852
655,2020-10-17,1.13328,1433.516900322763
656,2020-10-18,1.17265,1483.3170912426654
657,2020-10-19,1.25383,1586.003895887768
658,2020-10-20,1.19069,1506.1363811637993
659,2020-10-21,1.17757,1489.5405339484291
660,2020-10-22,1.15296,1458.410671145818
661,2020-10-23,1.17101,1481.2426103407442
662,2020-10-24,1.24891,1579.780453182004
663,2020-10-25,1.35469,1713.5844713559256
664,2020-10-26,1.17757,1489.5405339484291
665,2020-10-27,1.24317,1572.51977002528
666,2020-10-28,1.5925,2014.3968514083015
667,2020-10-29,1.22021,1543.4770373983822
668,2020-10-30,1.04554,1322.532172069975
669,2020-10-31,1.22267,1546.5887587512639
670,2020-11-01,1.50066,1898.2259209007107
671,2020-11-02,1.30631,1652.3872847492487
672,2020-11-03,1.11442,1409.6603699506682
673,2020-11-04,1.11524,1410.697610401629
674,2020-11-05,1.1177,1413.8093317545108
675,2020-11-06,1.08982,1378.5431564218493
676,2020-11-07,1.20627,1525.8439497320512
677,2020-11-08,1.37847,1743.6644444337842
678,2020-11-09,1.21693,1539.3280755945395
679,2020-11-10,1.21939,1542.4397969474214
680,2020-11-11,1.20545,1524.8067092810907
681,2020-11-12,1.1587,1465.6713543025426
682,2020-11-13,1.0275,1299.7128821488413
683,2020-11-14,1.17183,1482.2798507917046
684,2020-11-15,1.26121,1595.3390599464137
685,2020-11-16,1.35961,1719.8079140616896
686,2020-11-17,1.19807,1515.471545222445
687,2020-11-18,1.16526,1473.9692779102274
688,2020-11-19,1.1095,1403.4369272449044
689,2020-11-20,1.00208,1267.5584281690617
690,2020-11-21,1.13902,1440.7775834794872
691,2020-11-22,1.30877,1655.4990061021304
692,2020-11-23,1.29565,1638.9031588867601
693,2020-11-24,1.37109,1734.3292803751383
694,2020-11-25,1.33419,1687.65346008191
695,2020-11-26,1.37847,1743.6644444337842
696,2020-11-27,1.22841,1553.8494419079884
697,2020-11-28,1.23825,1566.2963273195162
698,2020-11-29,1.37355,1737.4410017280204
699,2020-11-30,1.18577,1499.9129384580356
700,2020-12-01,1.1546,1460.4851520477393
701,2020-12-02,1.10294,1395.1390036372195
702,2020-12-03,1.09802,1388.9155609314557
703,2020-12-04,1.0029,1268.5956686200223
704,2020-12-05,1.05456,1333.941817030542
705,2020-12-06,1.23497,1562.1473655156733
706,2020-12-07,1.10622,1399.287965441062
707,2020-12-08,1.13492,1435.591381224684
708,2020-12-09,1.09392,1383.7293586766525
709,2020-12-10,1.0726,1356.761106951676
710,2020-12-11,1.16444,1472.9320374592667
711,2020-12-12,1.43506,1815.24668482386
712,2020-12-13,1.73929,2200.075541404047
713,2020-12-14,1.46048,1847.4011388036395
714,2020-12-15,1.32681,1678.3182960232643
715,2020-12-16,1.16855,1478.1308889878621
716,2020-12-17,1.1628,1470.8575565573456
717,2020-12-18,1.19889,1516.5087856734056
718,2020-12-19,1.36781,1730.1803185712959
719,2020-12-20,1.36289,1723.956875865532
720,2020-12-21,1.1587,1465.6713543025426
721,2020-12-22,1.13984,1441.8148239304478
722,2020-12-23,1.10294,1395.1390036372195
723,2020-12-24,1.02258,1293.4894394430776
724,2020-12-25,1.09638,1386.8410800295342
725,2020-12-26,1.35551,1714.6217118068864
726,2020-12-27,1.51296,1913.78452766512
727,2020-12-28,1.45392,1839.1032151959546
728,2020-12-29,1.28089,1620.232830769469
729,2020-12-30,1.17593,1487.4660530465078
730,2020-12-31,0.94058,1189.765394347014
731,2021-01-01,0.95452,1207.398482013345
732,2021-01-02,1.12098,1417.9582935583535
733,2021-01-03,1.15378,1459.4479115967786
734,2021-01-04,1.15542,1461.5223924986997
735,2021-01-05,1.12098,1417.9582935583535
736,2021-01-06,1.0439,1320.457691168054
737,2021-01-07,1.05948,1340.1652597363059
738,2021-01-08,0.99962,1264.4467068161796
739,2021-01-09,1.0685,1351.5749046968729
740,2021-01-10,1.50886,1908.598325410317
741,2021-01-11,1.36453,1726.0313567674534
742,2021-01-12,1.09392,1383.7293586766525
743,2021-01-13,1.17265,1483.3170912426654
744,2021-01-14,1.26449,1599.4880217502562
745,2021-01-15,1.14394,1447.001026185251
746,2021-01-16,1.16772,1477.0809992631096
747,2021-01-17,1.31779,1666.9086510626973
748,2021-01-18,1.20135,1519.6205070262874
749,2021-01-19,1.1095,1403.4369272449044
750,2021-01-20,1.11934,1415.8838126564322
751,2021-01-21,1.04636,1323.5694125209357
752,2021-01-22,1.04062,1316.3087293642116
753,2021-01-23,1.16444,1472.9320374592667
754,2021-01-24,1.37683,1741.5899635318628
755,2021-01-25,1.24399,1573.5570104762403
756,2021-01-26,1.12098,1417.9582935583535
757,2021-01-27,1.15542,1461.5223924986997
758,2021-01-28,1.10622,1399.287965441062
759,2021-01-29,1.13246,1432.4796598718021
760,2021-01-30,1.14476,1448.0382666362118
761,2021-01-31,1.35551,1714.6217118068864
762,2021-02-01,1.20463,1523.76946883013
763,2021-02-02,1.20135,1519.6205070262874
764,2021-02-03,1.15706,1463.5968734006212
765,2021-02-04,1.27843,1617.121109416587
766,2021-02-05,1.18413,1497.8384575561142
767,2021-02-06,1.17593,1487.4660530465078
768,2021-02-07,1.35961,1719.8079140616896
769,2021-02-08,1.26941,1605.71146445602
770,2021-02-09,1.20135,1519.6205070262874
771,2021-02-10,1.23087,1556.96116326087
772,2021-02-11,1.23661,1564.2218464175946
773,2021-02-12,1.38831,1756.1113298453117
774,2021-02-13,1.47032,1859.8480242151672
775,2021-02-14,1.60808,2034.1044199765533
776,2021-02-15,1.44162,1823.544608431545
777,2021-02-16,1.33665,1690.7651814347917
778,2021-02-17,1.18659,1500.9501789089961
779,2021-02-18,1.16855,1478.1308889878621
780,2021-02-19,1.13082,1430.4051789698808
781,2021-02-20,1.32681,1678.3182960232643
782,2021-02-21,1.69747,2147.1762784050547
783,2021-02-22,1.37437,1738.4782421789812
784,2021-02-23,1.22595,1550.7377205551065
785,2021-02-24,1.28007,1619.1955903185083
786,2021-02-25,1.16116,1468.7830756554242
787,2021-02-26,1.14476,1448.0382666362118
788,2021-02-27,1.21365,1535.1791137906969
789,2021-02-28,1.47934,1871.2576691757342
790,2021-03-01,1.5679,1983.2796378794826
791,2021-03-02,1.37273,1736.4037612770596
792,2021-03-03,1.25875,1592.2273385935318
793,2021-03-04,1.39815,1768.5582152568393
794,2021-03-05,2.45764,3108.7361242669376
795,2021-03-06,3.23093,4086.8918173441903
796,2021-03-07,2.56424,3243.5773828918195
797,2021-03-08,1.9771,2500.8879214564226
798,2021-03-09,1.66549,2106.7239008175898
799,2021-03-10,1.75815,2223.9320717761416
800,2021-03-11,1.74995,2213.5596672665347
801,2021-03-12,1.4326,1812.1349634709782
802,2021-03-13,1.54002,1948.0134625468208
803,2021-03-14,1.88444,2383.679750497871
804,2021-03-15,1.63597,2069.383244583007
805,2021-03-16,1.57528,1992.614801938128
806,2021-03-17,1.4982,1895.1141995478285
807,2021-03-18,1.52034,1923.1196917237658
808,2021-03-19,1.41866,1794.5018758046474
809,2021-03-20,1.55724,1969.795512016994
810,2021-03-21,1.68189,2127.4687098368026
811,2021-03-22,1.50066,1898.2259209007107
812,2021-03-23,1.42194,1798.6508376084898
813,2021-03-24,1.37683,1741.5899635318628
814,2021-03-25,1.32189,1672.0948533175006
815,2021-03-26,1.32599,1677.2810555723036
816,2021-03-27,1.33337,1686.6162196309492
817,2021-03-28,1.531,1936.6038175862539
818,2021-03-29,1.28499,1625.419033024272
819,2021-03-30,1.4162,1791.3901544517653
820,2021-03-31,1.29155,1633.7169566319571
821,2021-04-01,1.25137,1582.8921745348862
822,2021-04-02,1.17101,1481.2426103407442
823,2021-04-03,1.43014,1809.023242118096
824,2021-04-04,1.5966,2019.5830536631047
825,2021-04-05,1.44326,1825.6190893334663
826,2021-04-06,1.31369,1661.7224488078941
827,2021-04-07,1.31041,1657.5734870040517
828,2021-04-08,1.14394,1447.001026185251
829,2021-04-09,1.15788,1464.6341138515818
830,2021-04-10,1.38585,1752.9996084924298
831,2021-04-11,1.52772,1932.4548557824114
832,2021-04-12,1.4285,1806.948761216175
833,2021-04-13,1.26531,1600.5252622012167
834,2021-04-14,1.25629,1589.1156172406497
835,2021-04-15,1.22267,1546.5887587512639
836,2021-04-16,1.19069,1506.1363811637993
837,2021-04-17,1.37437,1738.4782421789812
838,2021-04-18,1.55068,1961.4975884093092
839,2021-04-19,1.43998,1821.4701275296238
840,2021-04-20,1.29483,1637.8659184357996
841,2021-04-21,1.38093,1746.776165786666
842,2021-04-22,1.33911,1693.8769027876738
843,2021-04-23,1.27761,1616.0838689656262
844,2021-04-24,1.48098,1873.3321500776553
845,2021-04-25,1.64991,2087.0163322493377
846,2021-04-26,1.60234,2026.843736819829
847,2021-04-27,1.48754,1881.6300736853404
848,2021-04-28,1.41374,1788.2784330988836
849,2021-04-29,1.27105,1607.7859453579413
850,2021-04-30,1.18167,1494.7267362032323
851,2021-05-01,1.21447,1536.2163542416577
852,2021-05-02,1.37437,1738.4782421789812
853,2021-05-03,1.22021,1543.4770373983822
854,2021-05-04,1.14558,1449.0755070871724
855,2021-05-05,1.39405,1763.372013002036
856,2021-05-06,1.28581,1626.4562734752326
857,2021-05-07,1.24727,1577.705972280083
858,2021-05-08,1.41128,1785.1667117460017
859,2021-05-09,1.5351,1941.790019841057
860,2021-05-10,1.36453,1726.0313567674534
861,2021-05-11,1.30631,1652.3872847492487
862,2021-05-12,1.27925,1618.1583498675477
863,2021-05-13,1.23661,1564.2218464175946
864,2021-05-14,1.22759,1552.8122014570276
865,2021-05-15,1.36945,1732.2547994732172
866,2021-05-16,1.52608,1930.3803748804903
867,2021-05-17,1.22677,1551.774961006067
868,2021-05-18,1.19069,1506.1363811637993
869,2021-05-19,1.32599,1677.2810555723036
870,2021-05-20,1.27433,1611.9349071617837
871,2021-05-21,1.29237,1634.7541970829177
872,2021-05-22,1.27761,1616.0838689656262
873,2021-05-23,1.39405,1763.372013002036
874,2021-05-24,1.33993,1694.9141432386346
875,2021-05-25,1.23333,1560.0728846137522
876,2021-05-26,1.21857,1541.4025564964606
877,2021-05-27,1.24071,1569.4080486723979
878,2021-05-28,1.16034,1467.7458352044637
879,2021-05-29,1.24481,1574.594250927201
880,2021-05-30,1.53674,1943.8645007429784
881,2021-05-31,1.50476,1903.4121231555139
882,2021-06-01,1.44654,1829.7680511373087
883,2021-06-02,1.49656,1893.0397186459072
884,2021-06-03,1.49574,1892.002478194947
885,2021-06-04,1.28663,1627.4935139261931
886,2021-06-05,1.35633,1715.6589522578472
887,2021-06-06,1.64827,2084.9418513474166
888,2021-06-07,1.68025,2125.394228934881
889,2021-06-08,1.37437,1738.4782421789812
890,2021-06-09,1.34157,1696.9886241405557
891,2021-06-10,1.20463,1523.76946883013
892,2021-06-11,1.20873,1528.9556710849333
893,2021-06-12,1.29811,1642.0148802396423
894,2021-06-13,1.39897,1769.5954557078
895,2021-06-14,1.34567,1702.1748263953587
896,2021-06-15,1.36043,1720.8451545126502
897,2021-06-16,1.30713,1653.424525200209
898,2021-06-17,1.30631,1652.3872847492487
899,2021-06-18,1.19151,1507.1736216147601
900,2021-06-19,1.20053,1518.5832665753271
901,2021-06-20,1.34813,1705.2865477482408
902,2021-06-21,1.28171,1621.2700712204294
903,2021-06-22,1.26367,1598.4507812992956
904,2021-06-23,1.24809,1578.7432127310435
905,2021-06-24,1.29237,1634.7541970829177
906,2021-06-25,1.16034,1467.7458352044637
907,2021-06-26,1.29483,1637.8659184357996
908,2021-06-27,1.47442,1865.0342264699705
909,2021-06-28,1.36043,1720.8451545126502
910,2021-06-29,1.24973,1580.8176936329648
911,2021-06-30,1.20955,1529.9929115358937
912,2021-07-01,1.13492,1435.591381224684
913,2021-07-02,1.08326,1370.2452328141642
914,2021-07-03,1.17265,1483.3170912426654
915,2021-07-04,1.1587,1465.6713543025426
916,2021-07-05,1.21611,1538.290835143579
917,2021-07-06,1.14066,1442.8520643814086
918,2021-07-07,1.11852,1414.8465722054714
919,2021-07-08,1.12672,1425.2189767150778
920,2021-07-09,1.0767,1361.947309206479
921,2021-07-10,1.24563,1575.6314913781616
922,2021-07-11,1.28335,1623.3445521223507
923,2021-07-12,1.28171,1621.2700712204294
924,2021-07-13,1.18331,1496.8012171051537
925,2021-07-14,1.19315,1509.2481025166812
926,2021-07-15,1.13574,1436.6286216756448
927,2021-07-16,1.22677,1551.774961006067
928,2021-07-17,1.23169,1557.9984037118309
929,2021-07-18,1.18413,1497.8384575561142
930,2021-07-19,1.18167,1494.7267362032323
931,2021-07-20,1.13902,1440.7775834794872
932,2021-07-21,1.03652,1311.1225271094083
933,2021-07-22,1.15624,1462.5596329496605
934,2021-07-23,1.05538,1334.9790574815027
935,2021-07-24,1.24481,1574.594250927201
936,2021-07-25,1.32681,1678.3182960232643
937,2021-07-26,1.26777,1603.6369835540988
938,2021-07-27,1.1587,1465.6713543025426
939,2021-07-28,1.05948,1340.1652597363059
940,2021-07-29,1.01028,1277.9308326786681
941,2021-07-30,1.01438,1283.1170349334711
942,2021-07-31,1.05702,1337.0535383834242
943,2021-08-01,1.11934,1415.8838126564322
944,2021-08-02,1.15706,1463.5968734006212
945,2021-08-03,1.06112,1342.2397406382272
946,2021-08-04,1.04144,1317.3459698151719
947,2021-08-05,1.04636,1323.5694125209357
948,2021-08-06,0.96026,1214.6591651700694
949,2021-08-07,1.04062,1316.3087293642116
950,2021-08-08,1.20217,1520.6577474772482
951,2021-08-09,1.1669,1476.0437588121488
952,2021-08-10,1.16198,1469.820316106385
953,2021-08-11,1.06686,1349.5004237949515
954,2021-08-12,1.08736,1375.4314350689676
955,2021-08-13,1.02832,1300.7501225998017
956,2021-08-14,1.00536,1271.7073899729041
957,2021-08-15,1.55724,1969.795512016994
958,2021-08-16,1.28007,1619.1955903185083
959,2021-08-17,1.29729,1640.9776397886817
960,2021-08-18,1.19561,1512.3598238695631
961,2021-08-19,1.20053,1518.5832665753271
962,2021-08-20,1.25793,1591.190098142571
963,2021-08-21,1.54084,1949.0507029977816
964,2021-08-22,1.64745,2083.9046108964562
965,2021-08-23,1.54658,1956.3113861545062
966,2021-08-24,1.42686,1804.8742803142536
967,2021-08-25,1.36863,1731.2175590222566
968,2021-08-26,1.61382,2041.365103133278
969,2021-08-27,1.43998,1821.4701275296238
970,2021-08-28,1.73027,2188.6658964434796
971,2021-08-29,1.86229,2355.6616090481416
972,2021-08-30,1.6048,2029.955458172711
973,2021-08-31,1.4408,1822.5073679805846
974,2021-09-01,1.40061,1771.6699366097212
975,2021-09-02,1.24153,1570.4452891233586
976,2021-09-03,1.33009,1682.4672578271068
977,2021-09-04,1.71797,2173.10728967907
978,2021-09-05,1.92462,2434.504532594942
979,2021-09-06,1.59496,2017.5085727611831
980,2021-09-07,1.51624,1917.9334894689625
981,2021-09-08,1.39979,1770.6326961587606
982,2021-09-09,1.4449,1827.6935702353876
983,2021-09-10,1.51214,1912.7472872141595
984,2021-09-11,1.68025,2125.394228934881
985,2021-09-12,1.99432,2522.669970926596
986,2021-09-13,1.68189,2127.4687098368026
987,2021-09-14,1.51132,1911.7100467631988
988,2021-09-15,1.36535,1727.0685972184142
989,2021-09-16,1.4203,1796.5763567065685
990,2021-09-17,1.30385,1649.2755633963666
991,2021-09-18,1.35059,1708.3982691011227
992,2021-09-19,1.52854,1933.4920962333722
993,2021-09-20,1.47442,1865.0342264699705
994,2021-09-21,1.4695,1858.8107837642065
995,2021-09-22,1.75241,2216.671388619417
996,2021-09-23,1.6048,2029.955458172711
997,2021-09-24,1.55314,1964.609309762191
998,2021-09-25,1.63268,2065.221633505372
999,2021-09-26,1.79669,2272.682372971291
1000,2021-09-27,1.69255,2140.952835699291
1001,2021-09-28,1.49984,1897.18868044975
1002,2021-09-29,1.40308,1774.7943072363955
1003,2021-09-30,1.56216,1976.018954722758
1004,2021-10-01,1.42194,1798.6508376084898
1005,2021-10-02,1.65565,2094.277015406062
1006,2021-10-03,1.74749,2210.4479459136533
1007,2021-10-04,1.96726,2488.4410360448946
1008,2021-10-05,1.57528,1992.614801938128
1009,2021-10-06,1.37355,1737.4410017280204
1010,2021-10-07,1.37601,1740.552723080902
1011,2021-10-08,1.21283,1534.1418733397365
1012,2021-10-09,1.49984,1897.18868044975
1013,2021-10-10,1.61546,2043.439584035199
1014,2021-10-11,1.66795,2109.8356221704717
1015,2021-10-12,1.39159,1760.2602916491544
1016,2021-10-13,1.41128,1785.1667117460017
1017,2021-10-14,1.28335,1623.3445521223507
1018,2021-10-15,1.29237,1634.7541970829177
1019,2021-10-16,1.46294,1850.5128601565214
1020,2021-10-17,1.61628,2044.4768244861596
1021,2021-10-18,1.31779,1666.9086510626973
1022,2021-10-19,1.16198,1469.820316106385
1023,2021-10-20,1.21037,1531.0301519868544
1024,2021-10-21,1.20135,1519.6205070262874
1025,2021-10-22,1.08654,1374.3941946180068
1026,2021-10-23,1.37683,1741.5899635318628
1027,2021-10-24,1.43998,1821.4701275296238
1028,2021-10-25,1.35387,1712.547230904965
1029,2021-10-26,1.17347,1484.3543316936261
1030,2021-10-27,1.15624,1462.5596329496605
1031,2021-10-28,1.09474,1384.766599127613
1032,2021-10-29,1.05046,1328.7556147757389
1033,2021-10-30,1.30959,1656.5362465530911
1034,2021-10-31,1.37929,1744.7016848847447
1035,2021-11-01,1.09392,1383.7293586766525
1036,2021-11-02,1.14968,1454.2617093419756
1037,2021-11-03,1.0644,1346.3887024420696
1038,2021-11-04,1.11278,1407.585889048747
1039,2021-11-05,1.01028,1277.9308326786681
1040,2021-11-06,1.12098,1417.9582935583535
1041,2021-11-07,1.26695,1602.599743103138
1042,2021-11-08,1.08326,1370.2452328141642
1043,2021-11-09,1.11524,1410.697610401629
1044,2021-11-10,1.02012,1290.3777180901955
1045,2021-11-11,1.0685,1351.5749046968729
1046,2021-11-12,1.04226,1318.3832102661327
1047,2021-11-13,1.09802,1388.9155609314557
1048,2021-11-14,1.29401,1636.828677984839
1049,2021-11-15,1.17347,1484.3543316936261
1050,2021-11-16,1.1464,1450.1127475381331
1051,2021-11-17,1.10622,1399.287965441062
1052,2021-11-18,1.02504,1296.6011607959592
1053,2021-11-19,1.007,1273.7818708748252
1054,2021-11-20,1.09884,1389.9528013824163
1055,2021-11-21,1.16198,1469.820316106385
1056,2021-11-22,1.11032,1404.4741676958652
1057,2021-11-23,1.11278,1407.585889048747
1058,2021-11-24,1.13492,1435.591381224684
1059,2021-11-25,1.04636,1323.5694125209357
1060,2021-11-26,1.04554,1322.532172069975
1061,2021-11-27,1.14476,1448.0382666362118
1062,2021-11-28,1.36289,1723.956875865532
1063,2021-11-29,1.12426,1422.107255362196
1064,2021-11-30,1.12262,1420.0327744602746
1065,2021-12-01,1.04636,1323.5694125209357
1066,2021-12-02,0.99142,1254.0743023065734
1067,2021-12-03,0.9742,1232.2922528364002
1068,2021-12-04,1.05702,1337.0535383834242
1069,2021-12-05,1.13164,1431.4424194208416
1070,2021-12-06,1.10622,1399.287965441062
1071,2021-12-07,1.03734,1312.1597675603687
1072,2021-12-08,1.07588,1360.9100687555185
1073,2021-12-09,1.02176,1292.4521989921168
1074,2021-12-10,0.9496,1201.175039307581
1075,2021-12-11,1.15624,1462.5596329496605
1076,2021-12-12,1.22349,1547.6259992022246
1077,2021-12-13,1.13738,1438.7031025775661
1078,2021-12-14,0.9906,1253.0370618556128
1079,2021-12-15,1.00946,1276.8935922277074
1080,2021-12-16,1.04308,1319.4204507170932
1081,2021-12-17,0.9865,1247.8508596008096
1082,2021-12-18,1.07424,1358.8355878535974
1083,2021-12-19,1.21611,1538.290835143579
1084,2021-12-20,1.13164,1431.4424194208416
1085,2021-12-21,1.08982,1378.5431564218493
1086,2021-12-22,1.04062,1316.3087293642116
1087,2021-12-23,1.04964,1327.718374324778
1088,2021-12-24,0.97338,1231.2550123854396
1089,2021-12-25,1.17429,1485.3915721445867
1090,2021-12-26,1.26777,1603.6369835540988
1091,2021-12-27,1.17839,1490.57777439939
1092,2021-12-28,1.08244,1369.2079923632036
1093,2021-12-29,1.1095,1403.4369272449044
1094,2021-12-30,1.11934,1415.8838126564322
1095,2021-12-31,1.08162,1368.170751912243
1096,2022-01-01,1.0398,1315.2714889132508
1097,2022-01-02,1.33583,1689.7279409838313
1098,2022-01-03,1.17921,1491.6150148503505
1099,2022-01-04,1.05702,1337.0535383834242
1100,2022-01-05,0.96928,1226.0688101306364
1101,2022-01-06,1.0685,1351.5749046968729
1102,2022-01-07,0.98732,1248.8881000517702
1103,2022-01-08,1.21857,1541.4025564964606
1104,2022-01-09,1.38585,1752.9996084924298
1105,2022-01-10,1.1136,1408.6231294997076
1106,2022-01-11,1.07096,1354.6866260497548
1107,2022-01-12,1.04062,1316.3087293642116
1108,2022-01-13,1.0726,1356.761106951676
1109,2022-01-14,1.13574,1436.6286216756448
1110,2022-01-15,1.31369,1661.7224488078941
1111,2022-01-16,1.50558,1904.4493636064742
1112,2022-01-17,1.23169,1557.9984037118309
1113,2022-01-18,1.08326,1370.2452328141642
1114,2022-01-19,1.05128,1329.7928552266997
1115,2022-01-20,1.07178,1355.7238665007153
1116,2022-01-21,1.0398,1315.2714889132508
1117,2022-01-22,1.19807,1515.471545222445
1118,2022-01-23,1.41866,1794.5018758046474
1119,2022-01-24,1.12262,1420.0327744602746
1120,2022-01-25,1.17757,1489.5405339484291
1121,2022-01-26,1.04062,1316.3087293642116
1122,2022-01-27,1.06768,1350.537664245912
1123,2022-01-28,1.07998,1366.0962710103217
1124,2022-01-29,1.16608,1475.0065183611882
1125,2022-01-30,1.30549,1651.350044298288
1126,2022-01-31,1.09146,1380.6176373237706
1127,2022-02-01,1.18413,1497.8384575561142
1128,2022-02-02,1.4654,1853.6245815094035
1129,2022-02-03,1.28171,1621.2700712204294
1130,2022-02-04,1.28745,1628.530754377154
1131,2022-02-05,1.46458,1852.5873410584427
1132,2022-02-06,1.39241,1761.2975321001147
1133,2022-02-07,1.27187,1608.823185808902
1134,2022-02-08,1.23743,1565.2590868685554
1135,2022-02-09,1.22103,1544.5142778493428
1136,2022-02-10,1.35715,1716.6961927088078
1137,2022-02-11,1.39487,1764.4092534529968
1138,2022-02-12,1.73601,2195.926579600204
1139,2022-02-13,1.97792,2501.925161907383
1140,2022-02-14,1.5228,1926.2314130766476
1141,2022-02-15,1.37847,1743.6644444337842
1142,2022-02-16,1.41948,1795.539116255608
1143,2022-02-17,1.37355,1737.4410017280204
1144,2022-02-18,1.25957,1593.2645790444926
1145,2022-02-19,1.39897,1769.5954557078
1146,2022-02-20,1.63104,2063.147152603451
1147,2022-02-21,1.5105,1910.6728063122382
1148,2022-02-22,1.30713,1653.424525200209
1149,2022-02-23,1.26777,1603.6369835540988
1150,2022-02-24,1.23169,1557.9984037118309
1151,2022-02-25,1.22185,1545.5515183003035
1152,2022-02-26,1.37765,1742.6272039828236
1153,2022-02-27,1.5433,1952.1624243506633
1154,2022-02-28,1.30877,1655.4990061021304
1155,2022-03-01,1.61054,2037.2161413294355
1156,2022-03-02,1.35469,1713.5844713559256
1157,2022-03-03,1.28499,1625.419033024272
1158,2022-03-04,1.27269,1609.8604262598626
1159,2022-03-05,1.51214,1912.7472872141595
1160,2022-03-06,1.55806,1970.8327524679548
1161,2022-03-07,1.27925,1618.1583498675477
1162,2022-03-08,1.23169,1557.9984037118309
1163,2022-03-09,1.35059,1708.3982691011227
1164,2022-03-10,1.15706,1463.5968734006212
1165,2022-03-11,1.24973,1580.8176936329648
1166,2022-03-12,1.52608,1930.3803748804903
1167,2022-03-13,1.56872,1984.316878330443
1168,2022-03-14,1.30795,1654.4617656511696
1169,2022-03-15,1.29975,1644.0893611415634
1170,2022-03-16,1.26121,1595.3390599464137
1171,2022-03-17,1.30795,1654.4617656511696
1172,2022-03-18,1.22595,1550.7377205551065
1173,2022-03-19,1.48918,1883.7045545872616
1174,2022-03-20,1.70731,2159.6231638165823
1175,2022-03-21,1.37929,1744.7016848847447
1176,2022-03-22,1.13246,1432.4796598718021
1177,2022-03-23,1.19479,1511.3225834186026
1178,2022-03-24,1.26695,1602.599743103138
1179,2022-03-25,1.13492,1435.591381224684
1180,2022-03-26,1.40554,1777.9060285892772
1181,2022-03-27,1.58758,2008.1734087025377
1182,2022-03-28,1.28253,1622.3073116713902
1183,2022-03-29,1.25875,1592.2273385935318
1184,2022-03-30,1.22185,1545.5515183003035
1185,2022-03-31,1.16116,1468.7830756554242
1186,2022-04-01,1.23333,1560.0728846137522
1187,2022-04-02,1.35633,1715.6589522578472
1188,2022-04-03,1.59496,2017.5085727611831
1189,2022-04-04,1.31779,1666.9086510626973
1190,2022-04-05,1.22021,1543.4770373983822
1191,2022-04-06,1.31205,1659.6479679059728
1192,2022-04-07,1.23169,1557.9984037118309
1193,2022-04-08,1.18741,1501.987419359957
1194,2022-04-09,1.29483,1637.8659184357996
1195,2022-04-10,1.6007,2024.7692559179077
1196,2022-04-11,1.42604,1803.837039863293
1197,2022-04-12,1.35141,1709.4355095520832
1198,2022-04-13,1.27515,1612.9721476127445
1199,2022-04-14,1.18331,1496.8012171051537
1200,2022-04-15,1.17347,1484.3543316936261
1201,2022-04-16,1.40882,1782.0549903931196
1202,2022-04-17,1.61792,2046.5513053880811
1203,2022-04-18,1.26449,1599.4880217502562
1204,2022-04-19,1.29729,1640.9776397886817
1205,2022-04-20,1.27351,1610.8976667108232
1206,2022-04-21,1.19397,1510.2853429676418
1207,2022-04-22,1.23087,1556.96116326087
1208,2022-04-23,1.47114,1860.8852646661276
1209,2022-04-24,1.86885,2363.9595326558265
1210,2022-04-25,1.572,1988.4658401342856
1211,2022-04-26,1.45556,1841.1776960978757
1212,2022-04-27,1.34321,1699.063105042477
1213,2022-04-28,1.33665,1690.7651814347917
1214,2022-04-29,1.26203,1596.3763003973743
1215,2022-04-30,1.44982,1833.9170129411516
1216,2022-05-01,1.65811,2097.388736758944
1217,2022-05-02,1.49164,1886.8162759401437
1218,2022-05-03,1.24071,1569.4080486723979
1219,2022-05-04,1.25219,1583.9294149858467
1220,2022-05-05,1.41702,1792.427394902726
1221,2022-05-06,1.43752,1818.3584061767417
1222,2022-05-07,1.51132,1911.7100467631988
1223,2022-05-08,1.63432,2067.2961144072938
1224,2022-05-09,1.54576,1955.2741457035454
1225,2022-05-10,1.44572,1828.7308106863481
1226,2022-05-11,1.5433,1952.1624243506633
1227,2022-05-12,1.39815,1768.5582152568393
1228,2022-05-13,1.29401,1636.828677984839
1229,2022-05-14,1.4613,1848.4383792546002
1230,2022-05-15,1.66221,2102.574939013747
1231,2022-05-16,1.43916,1820.432887078663
1232,2022-05-17,1.36945,1732.2547994732172
1233,2022-05-18,1.35223,1710.472750003044
1234,2022-05-19,1.36289,1723.956875865532
1235,2022-05-20,1.28253,1622.3073116713902
1236,2022-05-21,1.33993,1694.9141432386346
1237,2022-05-22,1.52854,1933.4920962333722
1238,2022-05-23,1.38093,1746.776165786666
1239,2022-05-24,1.33829,1692.8396623367132
1240,2022-05-25,1.70403,2155.4742020127396
1241,2022-05-26,1.56298,1977.0561951737186
1242,2022-05-27,1.20135,1519.6205070262874
1243,2022-05-28,1.40718,1779.9805094911985
1244,2022-05-29,1.61218,2039.2906222313566
1245,2022-05-30,1.44982,1833.9170129411516
1246,2022-05-31,1.30631,1652.3872847492487
1247,2022-06-01,1.54002,1948.0134625468208
1248,2022-06-02,1.39241,1761.2975321001147
1249,2022-06-03,1.27761,1616.0838689656262
1250,2022-06-04,1.37027,1733.292039924178
1251,2022-06-05,1.5228,1926.2314130766476
1252,2022-06-06,1.55396,1965.6465502131516
1253,2022-06-07,1.39241,1761.2975321001147
1254,2022-06-08,1.79013,2264.384449363606
1255,2022-06-09,1.46786,1856.7363028622851
1256,2022-06-10,1.4039,1775.8315476873559
1257,2022-06-11,1.46294,1850.5128601565214
1258,2022-06-12,1.66221,2102.574939013747
1259,2022-06-13,1.47196,1861.9225051170883
1260,2022-06-14,1.46704,1855.6990624113246
1261,2022-06-15,1.34731,1704.2493072972802
1262,2022-06-16,1.22677,1551.774961006067
1263,2022-06-17,1.26777,1603.6369835540988
1264,2022-06-18,1.31287,1660.6852083569336
1265,2022-06-19,1.5925,2014.3968514083015
1266,2022-06-20,1.36535,1727.0685972184142
1267,2022-06-21,1.27023,1606.7487049069807
1268,2022-06-22,1.38257,1748.8506466885874
1269,2022-06-23,1.27515,1612.9721476127445
1270,2022-06-24,1.10786,1401.3624463429833
1271,2022-06-25,1.29565,1638.9031588867601
1272,2022-06-26,1.4367,1817.3211657257814
1273,2022-06-27,1.40472,1776.8687881383166
1274,2022-06-28,1.34321,1699.063105042477
1275,2022-06-29,1.24809,1578.7432127310435
1276,2022-06-30,1.26121,1595.3390599464137
1277,2022-07-01,1.15952,1466.7085947535031
1278,2022-07-02,1.42112,1797.613597157529
1279,2022-07-03,1.29647,1639.940399337721
1280,2022-07-04,1.26367,1598.4507812992956
1281,2022-07-05,1.20627,1525.8439497320512
1282,2022-07-06,1.26695,1602.599743103138
1283,2022-07-07,1.17101,1481.2426103407442
1284,2022-07-08,1.11688,1412.7720913035503
1285,2022-07-09,1.24235,1571.4825295743192
1286,2022-07-10,1.36289,1723.956875865532
1287,2022-07-11,1.32189,1672.0948533175006
1288,2022-07-12,1.30959,1656.5362465530911
1289,2022-07-13,1.09966,1390.990041833377
1290,2022-07-14,1.11196,1406.5486485977865
1291,2022-07-15,1.05702,1337.0535383834242
1292,2022-07-16,1.08244,1369.2079923632036
1293,2022-07-17,1.29155,1633.7169566319571
1294,2022-07-18,1.33501,1688.6907005328706
1295,2022-07-19,1.15788,1464.6341138515818
1296,2022-07-20,1.23825,1566.2963273195162
1297,2022-07-21,1.16198,1469.820316106385
1298,2022-07-22,1.05292,1331.867336128621
1299,2022-07-23,1.24809,1578.7432127310435
1300,2022-07-24,1.35961,1719.8079140616896
1301,2022-07-25,1.26859,1604.6742240050596
1302,2022-07-26,1.19643,1513.397064320524
1303,2022-07-27,1.1587,1465.6713543025426
1304,2022-07-28,1.1054,1398.2507249901012
1305,2022-07-29,1.0357,1310.0852866584476
1306,2022-07-30,1.12426,1422.107255362196
1307,2022-07-31,1.30221,1647.2010824944455
1308,2022-08-01,1.26859,1604.6742240050596
1309,2022-08-02,1.18823,1503.0246598109172
1310,2022-08-03,1.17019,1480.2053698897835
1311,2022-08-04,1.07916,1365.059030559361
1312,2022-08-05,1.09228,1381.6548777747312
1313,2022-08-06,1.20299,1521.6949879282088
1314,2022-08-07,1.24481,1574.594250927201
1315,2022-08-08,1.1669,1476.0437588121488
1316,2022-08-09,1.05374,1332.9045765795813
1317,2022-08-10,1.12672,1425.2189767150778
1318,2022-08-11,1.13246,1432.4796598718021
1319,2022-08-12,1.13902,1440.7775834794872
1320,2022-08-13,1.22103,1544.5142778493428
1321,2022-08-14,1.27187,1608.823185808902
1322,2022-08-15,1.28909,1630.6052352790753
1323,2022-08-16,1.23497,1562.1473655156733
1324,2022-08-17,1.16772,1477.0809992631096
1325,2022-08-18,1.16034,1467.7458352044637
1326,2022-08-19,1.12508,1423.1444958131567
1327,2022-08-20,1.22595,1550.7377205551065
1328,2022-08-21,1.46622,1854.661821960364
1329,2022-08-22,1.35961,1719.8079140616896
1330,2022-08-23,1.24645,1576.6687318291224
1331,2022-08-24,1.24153,1570.4452891233586
1332,2022-08-25,1.20463,1523.76946883013
1333,2022-08-26,1.17183,1482.2798507917046
1334,2022-08-27,1.38995,1758.185810747233
1335,2022-08-28,1.64581,2081.8301299945347
1336,2022-08-29,1.41538,1790.352914000805
1337,2022-08-30,1.28827,1629.5679948281147
1338,2022-08-31,1.22185,1545.5515183003035
1339,2022-09-01,1.20053,1518.5832665753271
1340,2022-09-02,1.25219,1583.9294149858467
1341,2022-09-03,1.613,2040.3278626823171
1342,2022-09-04,1.77701,2247.788602148236
1343,2022-09-05,1.50804,1907.5610849593563
1344,2022-09-06,1.4162,1791.3901544517653
1345,2022-09-07,1.39159,1760.2602916491544
1346,2022-09-08,1.25137,1582.8921745348862
1347,2022-09-09,1.28745,1628.530754377154
1348,2022-09-10,1.33993,1694.9141432386346
1349,2022-09-11,1.72289,2179.3307323848344
1350,2022-09-12,1.90002,2403.387319066123
1351,2022-09-13,1.54658,1956.3113861545062
1352,2022-09-14,1.52526,1929.3431344295295
1353,2022-09-15,1.30959,1656.5362465530911
1354,2022-09-16,1.33091,1683.5044982780676
1355,2022-09-17,1.47688,1868.1459478228521
1356,2022-09-18,1.74175,2203.1872627569287
1357,2022-09-19,1.5187,1921.0452108218444
1358,2022-09-20,1.35305,1711.5099904540045
1359,2022-09-21,1.34157,1696.9886241405557
1360,2022-09-22,1.41128,1785.1667117460017
1361,2022-09-23,1.39733,1767.5209748058787
1362,2022-09-24,1.50066,1898.2259209007107
1363,2022-09-25,1.70321,2154.436961561779
1364,2022-09-26,1.57282,1989.5030805852464
1365,2022-09-27,1.39405,1763.372013002036
1366,2022-09-28,1.49164,1886.8162759401437
1367,2022-09-29,1.37519,1739.5154826299415
1368,2022-09-30,1.30795,1654.4617656511696
1369,2022-10-01,1.67533,2119.1707862291173
1370,2022-10-02,1.93282,2444.8769371045482
1371,2022-10-03,1.89264,2394.0521550074773
1372,2022-10-04,1.58594,2006.0989278006161
1373,2022-10-05,1.45802,1844.2894174507578
1374,2022-10-06,1.45474,1840.1404556469151
1375,2022-10-07,1.4162,1791.3901544517653
1376,2022-10-08,1.54248,1951.125183899703
1377,2022-10-09,1.71551,2169.9955683261887
1378,2022-10-10,1.86803,2362.922292204866
1379,2022-10-11,1.68845,2135.7666334444875
1380,2022-10-12,1.48508,1878.5183523324586
1381,2022-10-13,1.36125,1721.882394963611
1382,2022-10-14,1.18331,1496.8012171051537
1383,2022-10-15,1.57938,1997.8010041929313
1384,2022-10-16,1.891,2391.977674105556
1385,2022-10-17,1.5638,1978.0934356246794
1386,2022-10-18,1.71223,2165.846606522346
1387,2022-10-19,1.60152,2025.8064963688685
1388,2022-10-20,1.68353,2129.5431907387238
1389,2022-10-21,1.72371,2180.3679728357947
1390,2022-10-22,1.67943,2124.3569884839208
1391,2022-10-23,1.9074,2412.7224831247686
1392,2022-10-24,1.71223,2165.846606522346
1393,2022-10-25,1.59496,2017.5085727611831
1394,2022-10-26,1.57364,1990.5403210362067
1395,2022-10-27,1.42768,1805.9115207652144
1396,2022-10-28,1.25957,1593.2645790444926
1397,2022-10-29,1.34977,1707.3610286501619
1398,2022-10-30,1.36699,1729.143078120335
1399,2022-10-31,1.30877,1655.4990061021304
1400,2022-11-01,1.25547,1588.0783767896894
1401,2022-11-02,1.33665,1690.7651814347917
1402,2022-11-03,1.29893,1643.0521206906026
1403,2022-11-04,1.30303,1648.2383229454058
1404,2022-11-05,1.36863,1731.2175590222566
1405,2022-11-06,1.60398,2028.9182177217501
1406,2022-11-07,1.40964,1783.0922308440804
1407,2022-11-08,1.38585,1752.9996084924298
1408,2022-11-09,1.31041,1657.5734870040517
1409,2022-11-10,1.18413,1497.8384575561142
1410,2022-11-11,1.11606,1411.7348508525897
1411,2022-11-12,1.29975,1644.0893611415634
1412,2022-11-13,1.41292,1787.2411926479228
1413,2022-11-14,1.36289,1723.956875865532
1414,2022-11-15,1.29811,1642.0148802396423
1415,2022-11-16,1.28909,1630.6052352790753
1416,2022-11-17,1.18659,1500.9501789089961
1417,2022-11-18,1.15214,1457.3734306948572
1418,2022-11-19,1.20217,1520.6577474772482
1419,2022-11-20,1.48672,1880.59283323438
1420,2022-11-21,1.43014,1809.023242118096
1421,2022-11-22,1.41866,1794.5018758046474
1422,2022-11-23,1.36453,1726.0313567674534
1423,2022-11-24,1.29565,1638.9031588867601
1424,2022-11-25,1.15952,1466.7085947535031
1425,2022-11-26,1.26613,1601.5625026521775
1426,2022-11-27,1.41784,1793.4646353536866
1427,2022-11-28,1.27023,1606.7487049069807
1428,2022-11-29,1.23169,1557.9984037118309
1429,2022-11-30,1.16034,1467.7458352044637
1430,2022-12-01,0.99224,1255.1115427575342
1431,2022-12-02,1.00126,1266.5211877181011
1432,2022-12-03,0.99798,1262.3722259142585
1433,2022-12-04,1.18987,1505.0991407128386
1434,2022-12-05,1.08982,1378.5431564218493
1435,2022-12-06,1.05538,1334.9790574815027
1436,2022-12-07,1.09966,1390.990041833377
1437,2022-12-08,1.12918,1428.3306980679597
1438,2022-12-09,1.1341,1434.5541407737237
1439,2022-12-10,1.26695,1602.599743103138
1440,2022-12-11,1.27515,1612.9721476127445
1441,2022-12-12,1.15952,1466.7085947535031
1442,2022-12-13,1.14148,1443.8893048323691
1443,2022-12-14,1.14558,1449.0755070871724
1444,2022-12-15,0.98896,1250.9625809536915
1445,2022-12-16,1.05292,1331.867336128621
1446,2022-12-17,1.1669,1476.0437588121488
1447,2022-12-18,1.24973,1580.8176936329648
1448,2022-12-19,1.12672,1425.2189767150778
1449,2022-12-20,1.14886,1453.2244688910148
1450,2022-12-21,1.0726,1356.761106951676
1451,2022-12-22,1.06686,1349.5004237949515
1452,2022-12-23,1.03078,1303.8618439526838
1453,2022-12-24,1.10704,1400.3252058920227
1454,2022-12-25,1.34485,1701.1375859443983
1455,2022-12-26,1.18413,1497.8384575561142
1456,2022-12-27,1.11196,1406.5486485977865
1457,2022-12-28,1.01356,1282.0797944825106
1458,2022-12-29,1.04718,1324.6066529718964
1459,2022-12-30,1.00208,1267.5584281690617
1460,2022-12-31,1.00126,1266.5211877181011
1461,2023-01-01,0.93401,1181.454821465537
1462,2023-01-02,1.05948,1340.1652597363059
1463,2023-01-03,1.14066,1442.8520643814086
1464,2023-01-04,1.1177,1413.8093317545108
1465,2023-01-05,1.10294,1395.1390036372195
1466,2023-01-06,0.98568,1246.813619149849
1467,2023-01-07,1.09392,1383.7293586766525
1468,2023-01-08,1.27023,1606.7487049069807
1469,2023-01-09,1.16526,1473.9692779102274
1470,2023-01-10,1.0931,1382.6921182256917
1471,2023-01-11,1.12918,1428.3306980679597
1472,2023-01-12,1.05456,1333.941817030542
1473,2023-01-13,1.0562,1336.0162979324634
1474,2023-01-14,1.09556,1385.8038395785738
1475,2023-01-15,1.32517,1676.243815121343
1476,2023-01-16,1.13246,1432.4796598718021
1477,2023-01-17,1.04144,1317.3459698151719
1478,2023-01-18,1.08326,1370.2452328141642
1479,2023-01-19,0.97994,1239.5529359931247
1480,2023-01-20,0.95042,1202.2122797585419
1481,2023-01-21,0.92909,1175.2313787597732
1482,2023-01-22,1.02176,1292.4521989921168
1483,2023-01-23,1.28581,1626.4562734752326
1484,2023-01-24,1.38667,1754.0368489433906
1485,2023-01-25,1.14558,1449.0755070871724
1486,2023-01-26,1.13738,1438.7031025775661
1487,2023-01-27,1.10294,1395.1390036372195
1488,2023-01-28,1.16937,1479.168129438823
1489,2023-01-29,1.43014,1809.023242118096
1490,2023-01-30,1.38995,1758.185810747233
1491,2023-01-31,1.16855,1478.1308889878621
1492,2023-02-01,1.18741,1501.987419359957
1493,2023-02-02,1.13164,1431.4424194208416
1494,2023-02-03,1.09064,1379.58039687281
1495,2023-02-04,1.24317,1572.51977002528
1496,2023-02-05,1.30467,1650.3128038473271
1497,2023-02-06,1.18249,1495.7639766541931
1498,2023-02-07,1.22923,1554.8866823589492
1499,2023-02-08,1.19561,1512.3598238695631
1500,2023-02-09,1.16198,1469.820316106385
1501,2023-02-10,1.1177,1413.8093317545108
1502,2023-02-11,1.31697,1665.8714106117366
1503,2023-02-12,1.38995,1758.185810747233
1504,2023-02-13,1.26613,1601.5625026521775
1505,2023-02-14,1.28417,1624.3817925733115
1506,2023-02-15,1.18905,1504.061900261878
1507,2023-02-16,1.14804,1452.1872284400542
1508,2023-02-17,1.08736,1375.4314350689676
1509,2023-02-18,1.33255,1685.5789791799887
1510,2023-02-19,1.48754,1881.6300736853404
1511,2023-02-20,1.34977,1707.3610286501619
1512,2023-02-21,1.22513,1549.700480104146
1513,2023-02-22,1.36289,1723.956875865532
1514,2023-02-23,1.27433,1611.9349071617837
1515,2023-02-24,1.25629,1589.1156172406497
1516,2023-02-25,1.28991,1631.6424757300356
1517,2023-02-26,1.51706,1918.9707299199233
1518,2023-02-27,1.36945,1732.2547994732172
1519,2023-02-28,1.22431,1548.6632396531852
1520,2023-03-01,1.39323,1762.3347725510755
1521,2023-03-02,1.28991,1631.6424757300356
1522,2023-03-03,1.23579,1563.184605966634
1523,2023-03-04,1.47934,1871.2576691757342
1524,2023-03-05,1.5925,2014.3968514083015
1525,2023-03-06,1.44326,1825.6190893334663
1526,2023-03-07,1.36371,1724.9941163164926
1527,2023-03-08,1.33583,1689.7279409838313
1528,2023-03-09,1.31041,1657.5734870040517
1529,2023-03-10,1.20299,1521.6949879282088
1530,2023-03-11,1.24973,1580.8176936329648
1531,2023-03-12,1.4039,1775.8315476873559
1532,2023-03-13,1.24563,1575.6314913781616
1533,2023-03-14,1.32189,1672.0948533175006
1534,2023-03-15,1.23005,1555.9239228099098
1535,2023-03-16,1.29565,1638.9031588867601
1536,2023-03-17,1.1505,1455.2989497929361
1537,2023-03-18,1.41456,1789.3156735498442
1538,2023-03-19,1.5802,1998.838244643892
1539,2023-03-20,1.33583,1689.7279409838313
1540,2023-03-21,1.37191,1735.366520826099
1541,2023-03-22,1.20709,1526.881190183012
1542,2023-03-23,1.24481,1574.594250927201
1543,2023-03-24,1.28335,1623.3445521223507
1544,2023-03-25,1.42932,1807.9860016671355
1545,2023-03-26,1.64171,2076.6439277397317
1546,2023-03-27,1.36207,1722.9196354145713
1547,2023-03-28,1.24317,1572.51977002528
1548,2023-03-29,1.23907,1567.3335677704765
1549,2023-03-30,1.14804,1452.1872284400542
1550,2023-03-31,1.12426,1422.107255362196
1551,2023-04-01,1.37437,1738.4782421789812
1552,2023-04-02,1.59496,2017.5085727611831
1553,2023-04-03,1.32517,1676.243815121343
1554,2023-04-04,1.22841,1553.8494419079884
1555,2023-04-05,1.33009,1682.4672578271068
1556,2023-04-06,1.15214,1457.3734306948572
1557,2023-04-07,1.15296,1458.410671145818
1558,2023-04-08,1.37683,1741.5899635318628
1559,2023-04-09,1.56216,1976.018954722758
1560,2023-04-10,1.41292,1787.2411926479228
1561,2023-04-11,1.20135,1519.6205070262874
1562,2023-04-12,1.27351,1610.8976667108232
1563,2023-04-13,1.18003,1492.652255301311
1564,2023-04-14,1.17511,1486.4288125955475
1565,2023-04-15,1.40472,1776.8687881383166
1566,2023-04-16,1.73929,2200.075541404047
1567,2023-04-17,1.36207,1722.9196354145713
1568,2023-04-18,1.25711,1590.1528576916105
1569,2023-04-19,1.26859,1604.6742240050596
1570,2023-04-20,1.21365,1535.1791137906969
1571,2023-04-21,1.22923,1554.8866823589492
1572,2023-04-22,1.34075,1695.951383689595
1573,2023-04-23,1.51378,1914.8217681160806
1574,2023-04-24,1.19889,1516.5087856734056
1575,2023-04-25,1.22841,1553.8494419079884
1576,2023-04-26,1.13984,1441.8148239304478
1577,2023-04-27,1.0767,1361.947309206479
1578,2023-04-28,1.09392,1383.7293586766525
1579,2023-04-29,1.20873,1528.9556710849333
1580,2023-04-30,1.38421,1750.9251275905085
1581,2023-05-01,1.30303,1648.2383229454058
1582,2023-05-02,1.18741,1501.987419359957
1583,2023-05-03,1.08572,1373.356954167046
1584,2023-05-04,1.14066,1442.8520643814086
1585,2023-05-05,1.22185,1545.5515183003035
1586,2023-05-06,1.31451,1662.759689258855
1587,2023-05-07,1.4285,1806.948761216175
1588,2023-05-08,1.21611,1538.290835143579
1589,2023-05-09,1.23907,1567.3335677704765
1590,2023-05-10,1.22923,1554.8866823589492
1591,2023-05-11,1.23087,1556.96116326087
1592,2023-05-12,1.21857,1541.4025564964606
1593,2023-05-13,1.26531,1600.5252622012167
1594,2023-05-14,1.40226,1773.7570667854347
1595,2023-05-15,1.30631,1652.3872847492487
1596,2023-05-16,1.33747,1691.8024218857524
1597,2023-05-17,1.33009,1682.4672578271068
1598,2023-05-18,1.27105,1607.7859453579413
1599,2023-05-19,1.14886,1453.2244688910148
1600,2023-05-20,1.28499,1625.419033024272
1601,2023-05-21,1.35059,1708.3982691011227
1602,2023-05-22,1.36945,1732.2547994732172
1603,2023-05-23,1.22185,1545.5515183003035
1604,2023-05-24,1.20545,1524.8067092810907
1605,2023-05-25,1.17265,1483.3170912426654
1606,2023-05-26,1.07096,1354.6866260497548
1607,2023-05-27,1.1013,1393.0645227352982
1608,2023-05-28,1.28089,1620.232830769469
1609,2023-05-29,1.26613,1601.5625026521775
1610,2023-05-30,1.13328,1433.516900322763
1611,2023-05-31,1.17265,1483.3170912426654
1612,2023-06-01,1.13164,1431.4424194208416
1613,2023-06-02,1.12262,1420.0327744602746
1614,2023-06-03,1.18987,1505.0991407128386
1615,2023-06-04,1.34731,1704.2493072972802
1616,2023-06-05,1.24727,1577.705972280083
1617,2023-06-06,1.27187,1608.823185808902
1618,2023-06-07,1.19561,1512.3598238695631
1619,2023-06-08,1.0808,1367.1335114612823
1620,2023-06-09,1.1136,1408.6231294997076
1621,2023-06-10,1.1505,1455.2989497929361
1622,2023-06-11,1.35469,1713.5844713559256
1623,2023-06-12,1.21365,1535.1791137906969
1624,2023-06-13,1.10786,1401.3624463429833
1625,2023-06-14,1.15132,1456.3361902438967
1626,2023-06-15,1.03078,1303.8618439526838
1627,2023-06-16,1.04718,1324.6066529718964
1628,2023-06-17,1.1013,1393.0645227352982
1629,2023-06-18,1.21037,1531.0301519868544
1630,2023-06-19,1.089,1377.5059159708887
1631,2023-06-20,1.01028,1277.9308326786681
1632,2023-06-21,0.97912,1238.515695542164
1633,2023-06-22,1.10376,1396.17624408818
1634,2023-06-23,1.07998,1366.0962710103217
1635,2023-06-24,1.08982,1378.5431564218493
1636,2023-06-25,1.09556,1385.8038395785738
1637,2023-06-26,1.03078,1303.8618439526838
1638,2023-06-27,1.04554,1322.532172069975
1639,2023-06-28,0.98486,1245.7763786988883
1640,2023-06-29,0.95288,1205.3240011114237
1641,2023-06-30,0.9701,1227.106050581597
1642,2023-07-01,1.04554,1322.532172069975
1643,2023-07-02,1.14394,1447.001026185251
1644,2023-07-03,1.0029,1268.5956686200223
1645,2023-07-04,0.99388,1257.1860236594553
1646,2023-07-05,0.93894,1187.690913445093
1647,2023-07-06,0.94058,1189.765394347014
1648,2023-07-07,0.91679,1159.6727719953637
1649,2023-07-08,1.05948,1340.1652597363059
1650,2023-07-09,1.17183,1482.2798507917046
1651,2023-07-10,0.96354,1218.8081269739118
1652,2023-07-11,0.93976,1188.7281538960535
1653,2023-07-12,0.92253,1166.933455152088
1654,2023-07-13,1.01438,1283.1170349334711
1655,2023-07-14,0.89629,1133.7417607213479
1656,2023-07-15,1.0316,1304.8990844036446
1657,2023-07-16,1.13,1429.3679385189203
1658,2023-07-17,1.02832,1300.7501225998017
1659,2023-07-18,0.97584,1234.3667337383215
1660,2023-07-19,0.96682,1222.9570887777545
1661,2023-07-20,0.96518,1220.8826078758332
1662,2023-07-21,0.95124,1203.2495202095024
1663,2023-07-22,0.91269,1154.4865697405605
1664,2023-07-23,1.02258,1293.4894394430776
1665,2023-07-24,0.92253,1166.933455152088
1666,2023-07-25,1.0193,1289.3404776392351
1667,2023-07-26,0.94796,1199.10055840566
1668,2023-07-27,0.96764,1223.994329228715
1669,2023-07-28,0.94714,1198.0633179546992
1670,2023-07-29,0.97912,1238.515695542164
1671,2023-07-30,0.98568,1246.813619149849
1672,2023-07-31,1.0234,1294.5266798940381
1673,2023-08-01,0.96846,1225.0315696796756
1674,2023-08-02,0.94468,1194.9515966018173
1675,2023-08-03,0.96272,1217.7708865229513
1676,2023-08-04,0.84299,1066.3211314089067
1677,2023-08-05,0.9824,1242.6646573460066
1678,2023-08-06,1.01684,1286.228756286353
1679,2023-08-07,0.96682,1222.9570887777545
1680,2023-08-08,0.99142,1254.0743023065734
1681,2023-08-09,0.9865,1247.8508596008096
1682,2023-08-10,0.9619,1216.7336460719907
1683,2023-08-11,0.98076,1240.590176444085
1684,2023-08-12,1.0562,1336.0162979324634
1685,2023-08-13,1.1177,1413.8093317545108
1686,2023-08-14,1.0808,1367.1335114612823
1687,2023-08-15,1.1095,1403.4369272449044
1688,2023-08-16,0.97994,1239.5529359931247
1689,2023-08-17,0.94714,1198.0633179546992
1690,2023-08-18,0.99388,1257.1860236594553
1691,2023-08-19,0.98322,1243.7018977969672
1692,2023-08-20,1.05374,1332.9045765795813
1693,2023-08-21,1.02914,1301.7873630507625
1694,2023-08-22,0.99962,1264.4467068161796
1695,2023-08-23,1.05538,1334.9790574815027
1696,2023-08-24,0.96764,1223.994329228715
1697,2023-08-25,1.01684,1286.228756286353
1698,2023-08-26,1.11196,1406.5486485977865
1699,2023-08-27,1.22595,1550.7377205551065
1700,2023-08-28,1.10212,1394.1017631862587
1701,2023-08-29,1.06768,1350.537664245912
1702,2023-08-30,1.07096,1354.6866260497548
1703,2023-08-31,0.9988,1263.409466365219
1704,2023-09-01,1.06686,1349.5004237949515
1705,2023-09-02,1.1259,1424.181736264117
1706,2023-09-03,1.20545,1524.8067092810907
1707,2023-09-04,1.06686,1349.5004237949515
1708,2023-09-05,1.02258,1293.4894394430776
1709,2023-09-06,1.06276,1344.3142215401483
1710,2023-09-07,1.03816,1313.1970080113294
1711,2023-09-08,1.02176,1292.4521989921168
1712,2023-09-09,1.20791,1527.9184306339725
1713,2023-09-10,1.29647,1639.940399337721
1714,2023-09-11,1.22759,1552.8122014570276
1715,2023-09-12,1.17265,1483.3170912426654
1716,2023-09-13,1.11688,1412.7720913035503
1717,2023-09-14,1.03816,1313.1970080113294
1718,2023-09-15,1.0849,1372.3197137160855
1719,2023-09-16,1.23169,1557.9984037118309
1720,2023-09-17,1.23661,1564.2218464175946
1721,2023-09-18,1.16198,1469.820316106385
1722,2023-09-19,1.09556,1385.8038395785738
1723,2023-09-20,1.04226,1318.3832102661327
1724,2023-09-21,1.0029,1268.5956686200223
1725,2023-09-22,1.02094,1291.4149585411562
1726,2023-09-23,1.14476,1448.0382666362118
1727,2023-09-24,1.38093,1746.776165786666
1728,2023-09-25,1.08408,1371.2824732651247
1729,2023-09-26,1.00372,1269.6329090709828
1730,2023-09-27,0.9947,1258.223264110416
1731,2023-09-28,0.9455,1195.988837052778
1732,2023-09-29,1.04636,1323.5694125209357
1733,2023-09-30,1.27925,1618.1583498675477
1734,2023-10-01,1.29401,1636.828677984839
1735,2023-10-02,1.40554,1777.9060285892772
1736,2023-10-03,1.51132,1911.7100467631988
1737,2023-10-04,1.27105,1607.7859453579413
1738,2023-10-05,1.10868,1402.399686793944
1739,2023-10-06,1.0521,1330.8300956776602
1740,2023-10-07,1.11852,1414.8465722054714
1741,2023-10-08,1.20545,1524.8067092810907
1742,2023-10-09,1.33911,1693.8769027876738
1743,2023-10-10,1.24481,1574.594250927201
1744,2023-10-11,1.08162,1368.170751912243
1745,2023-10-12,1.16444,1472.9320374592667
1746,2023-10-13,1.14394,1447.001026185251
1747,2023-10-14,1.20545,1524.8067092810907
1748,2023-10-15,1.29483,1637.8659184357996
1749,2023-10-16,1.15132,1456.3361902438967
1750,2023-10-17,1.13738,1438.7031025775661
1751,2023-10-18,1.0562,1336.0162979324634
1752,2023-10-19,1.0316,1304.8990844036446
1753,2023-10-20,1.05292,1331.867336128621
1754,2023-10-21,1.04144,1317.3459698151719
1755,2023-10-22,1.22185,1545.5515183003035
1756,2023-10-23,1.14804,1452.1872284400542
1757,2023-10-24,1.1505,1455.2989497929361
1758,2023-10-25,1.04062,1316.3087293642116
1759,2023-10-26,1.01766,1287.2659967373136
1760,2023-10-27,0.97994,1239.5529359931247
1761,2023-10-28,0.99962,1264.4467068161796
1762,2023-10-29,1.09556,1385.8038395785738
1763,2023-10-30,1.04554,1322.532172069975
1764,2023-10-31,1.02668,1298.6756416978806
1765,2023-11-01,0.92253,1166.933455152088
1766,2023-11-02,0.91925,1162.7844933482456
1767,2023-11-03,0.98896,1250.9625809536915
1768,2023-11-04,0.99306,1256.1487832084947
1769,2023-11-05,1.21283,1534.1418733397365
1770,2023-11-06,1.0603,1341.2025001872667
1771,2023-11-07,1.02586,1297.63840124692
1772,2023-11-08,1.02012,1290.3777180901955
1773,2023-11-09,0.9947,1258.223264110416
1774,2023-11-10,0.99798,1262.3722259142585
1775,2023-11-11,1.1095,1403.4369272449044
1776,2023-11-12,1.22021,1543.4770373983822
1777,2023-11-13,0.9947,1258.223264110416
1778,2023-11-14,1.04718,1324.6066529718964
1779,2023-11-15,1.14148,1443.8893048323691
1780,2023-11-16,1.20217,1520.6577474772482
1781,2023-11-17,1.07588,1360.9100687555185
1782,2023-11-18,1.18167,1494.7267362032323
1783,2023-11-19,1.28335,1623.3445521223507
1784,2023-11-20,1.05128,1329.7928552266997
1785,2023-11-21,0.93319,1180.4175810145762
1786,2023-11-22,0.98158,1241.6274168950458
1787,2023-11-23,0.90859,1149.3003674857573
1788,2023-11-24,0.9701,1227.106050581597
1789,2023-11-25,0.97584,1234.3667337383215
1790,2023-11-26,1.10868,1402.399686793944
1791,2023-11-27,0.99142,1254.0743023065734
1792,2023-11-28,0.90367,1143.0769247799935
1793,2023-11-29,0.93648,1184.579192092211
1794,2023-11-30,0.88727,1122.3321157607809
1795,2023-12-01,0.93155,1178.343100112655
1796,2023-12-02,1.27515,1612.9721476127445
1797,2023-12-03,1.17921,1491.6150148503505
1798,2023-12-04,1.06932,1352.6121451478336
1799,2023-12-05,0.91843,1161.7472528972849
1800,2023-12-06,0.86841,1098.4755853886863
1801,2023-12-07,0.94714,1198.0633179546992
1802,2023-12-08,0.88973,1125.4438371136628
1803,2023-12-09,1.07014,1353.6493855987942
1804,2023-12-10,1.16855,1478.1308889878621
1805,2023-12-11,1.00044,1265.4839472671404
1806,2023-12-12,0.91269,1154.4865697405605
1807,2023-12-13,0.91433,1156.5610506424816
1808,2023-12-14,0.85611,1082.916978624277
1809,2023-12-15,0.79297,1003.0494639003081
1810,2023-12-16,0.86923,1099.512825839647
1811,2023-12-17,0.99798,1262.3722259142585
1812,2023-12-18,0.94878,1200.1377988566205
1813,2023-12-19,0.87415,1105.7362685454107
1814,2023-12-20,0.79953,1011.3473875079932
1815,2023-12-21,0.78723,995.7887807435837
1816,2023-12-22,0.78477,992.6770593907019
1817,2023-12-23,0.82413,1042.4646010368122
1818,2023-12-24,0.92581,1171.0824169559307
1819,2023-12-25,0.99142,1254.0743023065734
1820,2023-12-26,0.92089,1164.8589742501667
1821,2023-12-27,0.84053,1063.2094100560248
1822,2023-12-28,0.85283,1078.7680168204342
1823,2023-12-29,0.83889,1061.1349291541037
1824,2023-12-30,0.85775,1084.9914595261982
1825,2023-12-31,0.90203,1141.0024438780722
1826,2024-01-01,0.76919,972.9694908224499
1827,2024-01-02,0.78149,988.5280975868593
1828,2024-01-03,0.82003,1037.2783987820092
1829,2024-01-04,0.81429,1030.0177156252846
1830,2024-01-05,0.86431,1093.2893831338831
1831,2024-01-06,0.89957,1137.8907225251903
1832,2024-01-07,0.98322,1243.7018977969672
1833,2024-01-08,0.71671,906.5861019609694
1834,2024-01-09,0.84299,1066.3211314089067
1835,2024-01-10,0.76591,968.8205290186073
1836,2024-01-11,0.81675,1033.1294369781665
1837,2024-01-12,0.82495,1043.5018414877727
1838,2024-01-13,0.86103,1089.1404213300407
1839,2024-01-14,0.9496,1201.175039307581
1840,2024-01-15,0.84463,1068.395612310828
1841,2024-01-16,0.87333,1104.6990280944501
1842,2024-01-17,0.84791,1072.5445741146707
1843,2024-01-18,0.85529,1081.8797381733161
1844,2024-01-19,0.82413,1042.4646010368122
1845,2024-01-20,0.95042,1202.2122797585419
1846,2024-01-21,0.99962,1264.4467068161796
1847,2024-01-22,0.88399,1118.1831539569384
1848,2024-01-23,0.83561,1056.985967350261
1849,2024-01-24,0.92171,1165.8962147011275
1850,2024-01-25,0.81429,1030.0177156252846
1851,2024-01-26,0.81019,1024.8315133704814
1852,2024-01-27,0.83151,1051.7997650954578
1853,2024-01-28,0.97584,1234.3667337383215
1854,2024-01-29,0.86103,1089.1404213300407
1855,2024-01-30,0.88235,1116.108673055017
1856,2024-01-31,0.89547,1132.7045202703873
1857,2024-02-01,0.86513,1094.3266235848437
1858,2024-02-02,0.83069,1050.7625246444973
1859,2024-02-03,0.92827,1174.1941383088126
1860,2024-02-04,1.07506,1359.8728283045577
1861,2024-02-05,0.94468,1194.9515966018173
1862,2024-02-06,0.90367,1143.0769247799935
1863,2024-02-07,0.84299,1066.3211314089067
1864,2024-02-08,0.77903,985.4163762339774
1865,2024-02-09,0.83725,1059.0604482521824
1866,2024-02-10,0.87497,1106.7735089963714
1867,2024-02-11,1.1259,1424.181736264117
1868,2024-02-12,1.16937,1479.168129438823
1869,2024-02-13,1.05292,1331.867336128621
1870,2024-02-14,1.08326,1370.2452328141642
1871,2024-02-15,0.91843,1161.7472528972849
1872,2024-02-16,0.85939,1087.0659404281193
1873,2024-02-17,1.0767,1361.947309206479
1874,2024-02-18,1.26531,1600.5252622012167
1875,2024-02-19,1.11524,1410.697610401629
1876,2024-02-20,1.00618,1272.744630423865
1877,2024-02-21,1.02422,1295.5639203449987
1878,2024-02-22,0.93319,1180.4175810145762
1879,2024-02-23,0.9783,1237.4784550912032
1880,2024-02-24,1.09228,1381.6548777747312
1881,2024-02-25,1.1587,1465.6713543025426
1882,2024-02-26,1.00782,1274.819111325786
1883,2024-02-27,0.93237,1179.3803405636156
1884,2024-02-28,0.96846,1225.0315696796756
1885,2024-02-29,0.90285,1142.039684329033
1886,2024-03-01,1.01438,1283.1170349334711
1887,2024-03-02,1.19151,1507.1736216147601
1888,2024-03-03,1.30057,1645.1266015925241
1889,2024-03-04,1.0111,1278.9680731296287
1890,2024-03-05,0.98076,1240.590176444085
1891,2024-03-06,0.95698,1210.510203366227
1892,2024-03-07,0.90531,1145.1514056819146
1893,2024-03-08,0.89711,1134.7790011723084
1894,2024-03-09,1.00126,1266.5211877181011
1895,2024-03-10,1.18495,1498.8756980070748
1896,2024-03-11,0.98404,1244.7391382479277
1897,2024-03-12,0.93401,1181.454821465537
1898,2024-03-13,0.96354,1218.8081269739118
1899,2024-03-14,0.97174,1229.1805314835183
1900,2024-03-15,0.93401,1181.454821465537
1901,2024-03-16,1.07506,1359.8728283045577
1902,2024-03-17,1.21365,1535.1791137906969
1903,2024-03-18,1.0193,1289.3404776392351
1904,2024-03-19,0.97748,1236.4412146402426
1905,2024-03-20,0.98732,1248.8881000517702
1906,2024-03-21,0.91597,1158.635531544403
1907,2024-03-22,0.85283,1078.7680168204342
1908,2024-03-23,1.00618,1272.744630423865
1909,2024-03-24,1.20299,1521.6949879282088
1910,2024-03-25,1.07916,1365.059030559361
1911,2024-03-26,0.98814,1249.925340502731
1912,2024-03-27,0.91843,1161.7472528972849
1913,2024-03-28,1.00208,1267.5584281690617
1914,2024-03-29,0.93401,1181.454821465537
1915,2024-03-30,1.08654,1374.3941946180068
1916,2024-03-31,1.27187,1608.823185808902
1917,2024-04-01,1.0316,1304.8990844036446
1918,2024-04-02,1.02586,1297.63840124692
1919,2024-04-03,1.01602,1285.1915158353922
1920,2024-04-04,0.96846,1225.0315696796756
1921,2024-04-05,0.91843,1161.7472528972849
1922,2024-04-06,1.0808,1367.1335114612823
1923,2024-04-07,1.18003,1492.652255301311
1924,2024-04-08,1.04308,1319.4204507170932
1925,2024-04-09,0.9988,1263.409466365219
1926,2024-04-10,1.12016,1416.9210531073927
1927,2024-04-11,1.04226,1318.3832102661327
1928,2024-04-12,1.02914,1301.7873630507625
1929,2024-04-13,1.16444,1472.9320374592667
1930,2024-04-14,1.28007,1619.1955903185083
1931,2024-04-15,1.13492,1435.591381224684
1932,2024-04-16,1.1136,1408.6231294997076
1933,2024-04-17,1.11852,1414.8465722054714
1934,2024-04-18,0.99798,1262.3722259142585
1935,2024-04-19,1.04308,1319.4204507170932
1936,2024-04-20,1.1218,1418.9955340093138
1937,2024-04-21,1.23579,1563.184605966634
1938,2024-04-22,1.09228,1381.6548777747312
1939,2024-04-23,0.9865,1247.8508596008096
1940,2024-04-24,0.93319,1180.4175810145762
1941,2024-04-25,0.98404,1244.7391382479277
1942,2024-04-26,0.90859,1149.3003674857573
1943,2024-04-27,1.07424,1358.8355878535974
1944,2024-04-28,1.23661,1564.2218464175946
1945,2024-04-29,1.04062,1316.3087293642116
1946,2024-04-30,0.98158,1241.6274168950458
1947,2024-05-01,1.07342,1357.7983474026366
1948,2024-05-02,0.93566,1183.5419516412505
1949,2024-05-03,1.03898,1314.2342484622902
1950,2024-05-04,1.01274,1281.0425540315498
1951,2024-05-05,1.05456,1333.941817030542
1952,2024-05-06,1.11442,1409.6603699506682
1953,2024-05-07,1.01766,1287.2659967373136
1954,2024-05-08,0.98814,1249.925340502731
1955,2024-05-09,1.07834,1364.0217901084006
1956,2024-05-10,0.97666,1235.403974189282
1957,2024-05-11,1.14394,1447.001026185251
1958,2024-05-12,1.13738,1438.7031025775661
1959,2024-05-13,1.12098,1417.9582935583535
1960,2024-05-14,1.02258,1293.4894394430776
1961,2024-05-15,1.12016,1416.9210531073927
1962,2024-05-16,0.98404,1244.7391382479277
1963,2024-05-17,0.95124,1203.2495202095024
1964,2024-05-18,1.0931,1382.6921182256917
1965,2024-05-19,1.16608,1475.0065183611882
1966,2024-05-20,0.9988,1263.409466365219
1967,2024-05-21,0.98404,1244.7391382479277
1968,2024-05-22,1.07588,1360.9100687555185
1969,2024-05-23,0.97338,1231.2550123854396
1970,2024-05-24,0.99962,1264.4467068161796
1971,2024-05-25,1.06194,1343.276981089188
1972,2024-05-26,1.0849,1372.3197137160855
1973,2024-05-27,0.97502,1233.3294932873607
1974,2024-05-28,0.90039,1138.927962976151
1975,2024-05-29,1.04554,1322.532172069975
1976,2024-05-30,0.9742,1232.2922528364002
1977,2024-05-31,0.99552,1259.2605045613766
1978,2024-06-01,1.02914,1301.7873630507625
1979,2024-06-02,1.13164,1431.4424194208416
1980,2024-06-03,0.97994,1239.5529359931247
1981,2024-06-04,0.98158,1241.6274168950458
1982,2024-06-05,0.92745,1173.1568978578518
1983,2024-06-06,0.99142,1254.0743023065734
1984,2024-06-07,0.97912,1238.515695542164
1985,2024-06-08,1.06358,1345.351461991109
1986,2024-06-09,1.09638,1386.8410800295342
1987,2024-06-10,1.05374,1332.9045765795813
1988,2024-06-11,0.9947,1258.223264110416
1989,2024-06-12,0.93566,1183.5419516412505
1990,2024-06-13,0.89055,1126.4810775646233
1991,2024-06-14,1.00618,1272.744630423865
1992,2024-06-15,0.94714,1198.0633179546992
1993,2024-06-16,0.97174,1229.1805314835183
1994,2024-06-17,0.96682,1222.9570887777545
1995,2024-06-18,0.93237,1179.3803405636156
1996,2024-06-19,0.90531,1145.1514056819146
1997,2024-06-20,0.86841,1098.4755853886863
1998,2024-06-21,0.90203,1141.0024438780722
1999,2024-06-22,0.97502,1233.3294932873607
2000,2024-06-23,1.03078,1303.8618439526838
2001,2024-06-24,0.90695,1147.2258865838362
2002,2024-06-25,0.84135,1064.2466505069856
2003,2024-06-26,0.86267,1091.214902231962
2004,2024-06-27,0.82413,1042.4646010368122
2005,2024-06-28,0.80199,1014.4591088608751
2006,2024-06-29,0.83397,1054.9114864483397
2007,2024-06-30,0.89793,1135.8162416232692
2008,2024-07-01,0.84463,1068.395612310828
2009,2024-07-02,0.80363,1016.5335897627963
2010,2024-07-03,0.82577,1044.5390819387335
2011,2024-07-04,0.84709,1071.50733366371
2012,2024-07-05,0.80609,1019.6453111156783
2013,2024-07-06,0.84463,1068.395612310828
2014,2024-07-07,0.92745,1173.1568978578518
2015,2024-07-08,0.86677,1096.4011044867652
2016,2024-07-09,0.82987,1049.7252841935367
2017,2024-07-10,0.88071,1114.0341921530958
2018,2024-07-11,0.82413,1042.4646010368122
2019,2024-07-12,0.85693,1083.9542190752375
2020,2024-07-13,0.85037,1075.6562954675524
2021,2024-07-14,0.91351,1155.5238101915213
2022,2024-07-15,0.86185,1090.1776617810012
2023,2024-07-16,0.85283,1078.7680168204342
2024,2024-07-17,0.82659,1045.5763223896943
2025,2024-07-18,0.72655,919.032987372497
2026,2024-07-19,0.78395,991.6398189397413
2027,2024-07-20,0.87743,1109.8852303492533
2028,2024-07-21,0.90531,1145.1514056819146
2029,2024-07-22,0.85365,1079.805257271395
2030,2024-07-23,0.77985,986.4536166849381
2031,2024-07-24,0.78641,994.7515402926232
2032,2024-07-25,0.78395,991.6398189397413
2033,2024-07-26,0.74787,946.0012390974734
2034,2024-07-27,0.82249,1040.390120134891
2035,2024-07-28,0.86923,1099.512825839647
2036,2024-07-29,0.81675,1033.1294369781665
2037,2024-07-30,0.72081,911.7723042157725
2038,2024-07-31,0.80117,1013.4218684099145
2039,2024-08-01,0.70933,897.2509379023237
2040,2024-08-02,0.73311,927.330910980182
2041,2024-08-03,0.75525,955.3364031561191
2042,2024-08-04,0.80199,1014.4591088608751
2043,2024-08-05,0.80609,1019.6453111156783
2044,2024-08-06,0.80445,1017.5708302137571
2045,2024-08-07,0.75935,960.5226054109222
2046,2024-08-08,0.76837,971.9322503714892
2047,2024-08-09,0.77411,979.1929335282135
2048,2024-08-10,0.80199,1014.4591088608751
2049,2024-08-11,0.78477,992.6770593907019
2050,2024-08-12,0.72901,922.1447087253789
2051,2024-08-13,0.82167,1039.3528796839303
2052,2024-08-14,0.73393,928.3681514311426
2053,2024-08-15,0.86021,1088.1031808790801
2054,2024-08-16,0.84299,1066.3211314089067
2055,2024-08-17,0.76345,965.7088076657253
2056,2024-08-18,0.81511,1031.0549560762452
2057,2024-08-19,0.78559,993.7142998416625
2058,2024-08-20,0.76263,964.6715672147648
2059,2024-08-21,0.71425,903.4743806080875
2060,2024-08-22,0.74541,942.8895177445916
2061,2024-08-23,0.73147,925.2564300782607
2062,2024-08-24,0.82659,1045.5763223896943
2063,2024-08-25,0.85119,1076.6935359185131
2064,2024-08-26,0.80609,1019.6453111156783
2065,2024-08-27,0.73229,926.2936705292213
2066,2024-08-28,0.81347,1028.980475174324
2067,2024-08-29,0.88235,1116.108673055017
2068,2024-08-30,0.85119,1076.6935359185131
2069,2024-08-31,0.82003,1037.2783987820092
2070,2024-09-01,0.82987,1049.7252841935367
2071,2024-09-02,0.83807,1060.097688703143
2072,2024-09-03,0.81347,1028.980475174324
2073,2024-09-04,0.80035,1012.3846279589538
2074,2024-09-05,0.78395,991.6398189397413
2075,2024-09-06,0.82331,1041.4273605858516
2076,2024-09-07,0.95452,1207.398482013345
2077,2024-09-08,1.01356,1282.0797944825106
2078,2024-09-09,0.83807,1060.097688703143
2079,2024-09-10,0.84053,1063.2094100560248
2080,2024-09-11,0.99962,1264.4467068161796
2081,2024-09-12,0.81757,1034.1666774291273
2082,2024-09-13,0.83151,1051.7997650954578
2083,2024-09-14,0.93401,1181.454821465537
2084,2024-09-15,0.95698,1210.510203366227
2085,2024-09-16,0.83151,1051.7997650954578
2086,2024-09-17,0.80281,1015.4963493118358
2087,2024-09-18,1.23251,1559.0356441627916
2088,2024-09-19,0.97092,1228.1432910325577
2089,2024-09-20,0.86595,1095.3638640358045
2090,2024-09-21,1.06358,1345.351461991109
2091,2024-09-22,1.0972,1387.878320480495
2092,2024-09-23,0.97502,1233.3294932873607
2093,2024-09-24,0.91105,1152.4120888386392
2094,2024-09-25,0.88563,1120.2576348588598
2095,2024-09-26,0.84135,1064.2466505069856
2096,2024-09-27,0.81921,1036.2411583310484
2097,2024-09-28,0.87661,1108.8479898982928
2098,2024-09-29,0.98404,1244.7391382479277
2099,2024-09-30,0.86759,1097.4383449377258
