,date,Coor,Coor_absolute
0,2019-01-01,0.18834,86.13334643694479
1,2019-01-02,0.1278,58.44664794861178
2,2019-01-03,0.1435,65.62671346342559
3,2019-01-04,0.14574,66.65113045407419
4,2019-01-05,0.15695,71.777788697454
5,2019-01-06,0.16143,73.82662267875118
6,2019-01-07,0.1435,65.62671346342559
7,2019-01-08,0.16816,76.9044469408338
8,2019-01-09,0.23094,105.61556241981539
9,2019-01-10,0.26009,118.94670316865758
10,2019-01-11,0.23318,106.63997941046398
11,2019-01-12,0.2287,104.59114542916679
12,2019-01-13,0.38565,176.3689341266208
13,2019-01-14,0.19282,88.18218041824197
14,2019-01-15,0.15022,68.69996443537138
15,2019-01-16,0.13453,61.5244722106944
16,2019-01-17,0.1861,85.10892944629619
17,2019-01-18,0.18161,83.05552217486218
18,2019-01-19,0.16592,75.8800299501852
19,2019-01-20,0.25112,114.84446191592639
20,2019-01-21,0.26233,119.97112015930618
21,2019-01-22,0.17264,78.95328092213097
22,2019-01-23,0.15246,69.72438142601999
23,2019-01-24,0.15919,72.80220568810259
24,2019-01-25,0.16143,73.82662267875118
25,2019-01-26,0.14125,64.59772318264017
26,2019-01-27,0.14798,67.67554744472278
27,2019-01-28,0.13901,63.573306191991584
28,2019-01-29,0.13677,62.54888920134299
29,2019-01-30,0.1861,85.10892944629619
30,2019-01-31,0.17937,82.03110518421359
31,2019-02-01,0.12332,56.3978139673146
32,2019-02-02,0.13677,62.54888920134299
33,2019-02-03,0.11435,52.29557271458339
34,2019-02-04,0.20852,95.36224593305579
35,2019-02-05,0.15919,72.80220568810259
36,2019-02-06,0.34081,155.86230115310158
37,2019-02-07,0.20404,93.3134119517586
38,2019-02-08,0.13453,61.5244722106944
39,2019-02-09,0.13228,60.495481929908976
40,2019-02-10,0.11883,54.344406695880586
41,2019-02-11,0.12556,57.422230957963194
42,2019-02-12,0.11211,51.2711557239348
43,2019-02-13,0.18161,83.05552217486218
44,2019-02-14,0.17489,79.9822712029164
45,2019-02-15,0.12332,56.3978139673146
46,2019-02-16,0.11435,52.29557271458339
47,2019-02-17,0.11883,54.344406695880586
48,2019-02-18,0.17489,79.9822712029164
49,2019-02-19,0.11435,52.29557271458339
50,2019-02-20,0.12332,56.3978139673146
51,2019-02-21,0.12107,55.368823686529176
52,2019-02-22,0.09417,43.066673218472395
53,2019-02-23,0.10089,46.13992419041818
54,2019-02-24,0.18386,84.0845124556476
55,2019-02-25,0.42826,195.85572339962818
56,2019-02-26,0.26906,123.0489444213888
57,2019-02-27,0.30942,141.50674341361076
58,2019-02-28,0.29597,135.3556681795824
59,2019-03-01,0.26009,118.94670316865758
60,2019-03-02,0.55158,252.25353736694277
61,2019-03-03,0.49552,226.615672859907
62,2019-03-04,0.27579,126.12676868347138
63,2019-03-05,0.28924,132.27784391749978
64,2019-03-06,0.21525,98.44007019513839
65,2019-03-07,0.23094,105.61556241981539
66,2019-03-08,0.20852,95.36224593305579
67,2019-03-09,0.24215,110.74222066319518
68,2019-03-10,0.26009,118.94670316865758
69,2019-03-11,0.41704,190.72449186611158
70,2019-03-12,0.2444,111.7712109439806
71,2019-03-13,0.22646,103.5667284385182
72,2019-03-14,0.25561,116.8978691873604
73,2019-03-15,0.25561,116.8978691873604
74,2019-03-16,0.32063,146.6334016569906
75,2019-03-17,0.50673,231.74233110328677
76,2019-03-18,0.28924,132.27784391749978
77,2019-03-19,0.36996,169.1934419019438
78,2019-03-20,0.29597,135.3556681795824
79,2019-03-21,0.36323,166.11561763986117
80,2019-03-22,0.26233,119.97112015930618
81,2019-03-23,0.16816,76.9044469408338
82,2019-03-24,0.15695,71.777788697454
83,2019-03-25,0.1435,65.62671346342559
84,2019-03-26,0.19058,87.15776342759338
85,2019-03-27,0.19731,90.235587689676
86,2019-03-28,0.15919,72.80220568810259
87,2019-03-29,0.18386,84.0845124556476
88,2019-03-30,0.13677,62.54888920134299
89,2019-03-31,0.15919,72.80220568810259
90,2019-04-01,0.16368,74.8556129595366
91,2019-04-02,0.14125,64.59772318264017
92,2019-04-03,0.22197,101.51332116708419
93,2019-04-04,0.53812,246.0978888427776
94,2019-04-05,0.24664,112.7956279346292
95,2019-04-06,0.18161,83.05552217486218
96,2019-04-07,0.20852,95.36224593305579
97,2019-04-08,0.24664,112.7956279346292
98,2019-04-09,0.1704,77.92886393148238
99,2019-04-10,0.20628,94.33782894240719
100,2019-04-11,0.15022,68.69996443537138
101,2019-04-12,0.17937,82.03110518421359
102,2019-04-13,0.20628,94.33782894240719
103,2019-04-14,0.4574,209.18229085833357
104,2019-04-15,0.24888,113.82004492527778
105,2019-04-16,0.22646,103.5667284385182
106,2019-04-17,0.19507,89.21117069902739
107,2019-04-18,0.18834,86.13334643694479
108,2019-04-19,0.16816,76.9044469408338
109,2019-04-20,0.19731,90.235587689676
110,2019-04-21,0.15471,70.75337170680538
111,2019-04-22,0.15471,70.75337170680538
112,2019-04-23,0.1278,58.44664794861178
113,2019-04-24,0.12556,57.422230957963194
114,2019-04-25,0.12107,55.368823686529176
115,2019-04-26,0.08071,36.91102469430718
116,2019-04-27,0.08296,37.9400149750926
117,2019-04-28,0.11659,53.31998970523199
118,2019-04-29,0.09417,43.066673218472395
119,2019-04-30,0.09641,44.091090209120985
120,2019-05-01,0.06278,28.711115478981597
121,2019-05-02,0.07623,34.862190713009994
122,2019-05-03,0.07847,35.88660770365858
123,2019-05-04,0.09865,45.11550719976958
124,2019-05-05,0.09865,45.11550719976958
125,2019-05-06,0.09417,43.066673218472395
126,2019-05-07,0.23543,107.6689696912494
127,2019-05-08,0.1278,58.44664794861178
128,2019-05-09,0.12107,55.368823686529176
129,2019-05-10,0.16143,73.82662267875118
130,2019-05-11,0.10986,50.24216544314938
131,2019-05-12,0.12107,55.368823686529176
132,2019-05-13,0.10762,49.217748452500786
133,2019-05-14,0.11211,51.2711557239348
134,2019-05-15,0.13901,63.573306191991584
135,2019-05-16,0.18386,84.0845124556476
136,2019-05-17,0.11435,52.29557271458339
137,2019-05-18,0.08968,41.01326594703838
138,2019-05-19,0.09193,42.0422562278238
139,2019-05-20,0.11883,54.344406695880586
140,2019-05-21,0.09865,45.11550719976958
141,2019-05-22,0.12556,57.422230957963194
142,2019-05-23,0.08744,39.98884895638979
143,2019-05-24,0.07175,32.813356731712794
144,2019-05-25,0.0852,38.96443196574119
145,2019-05-26,0.08071,36.91102469430718
146,2019-05-27,0.31839,145.608984666342
147,2019-05-28,0.49328,225.5912558692584
148,2019-05-29,0.25336,115.86887890657496
149,2019-05-30,0.18834,86.13334643694479
150,2019-05-31,0.26457,120.99553714995479
151,2019-06-01,0.14125,64.59772318264017
152,2019-06-02,0.10089,46.13992419041818
153,2019-06-03,0.15695,71.777788697454
154,2019-06-04,0.14574,66.65113045407419
155,2019-06-05,0.14798,67.67554744472278
156,2019-06-06,0.15246,69.72438142601999
157,2019-06-07,0.10762,49.217748452500786
158,2019-06-08,0.15246,69.72438142601999
159,2019-06-09,0.13228,60.495481929908976
160,2019-06-10,0.16143,73.82662267875118
161,2019-06-11,0.14125,64.59772318264017
162,2019-06-12,0.20179,92.28442167097317
163,2019-06-13,0.15919,72.80220568810259
164,2019-06-14,0.1435,65.62671346342559
165,2019-06-15,0.1278,58.44664794861178
166,2019-06-16,0.14574,66.65113045407419
167,2019-06-17,0.16143,73.82662267875118
168,2019-06-18,0.12107,55.368823686529176
169,2019-06-19,0.11211,51.2711557239348
170,2019-06-20,0.12107,55.368823686529176
171,2019-06-21,0.07175,32.813356731712794
172,2019-06-22,0.08296,37.9400149750926
173,2019-06-23,0.06502,29.735532469630186
174,2019-06-24,0.12556,57.422230957963194
175,2019-06-25,0.11883,54.344406695880586
176,2019-06-26,0.12556,57.422230957963194
177,2019-06-27,0.08744,39.98884895638979
178,2019-06-28,0.19731,90.235587689676
179,2019-06-29,0.26682,122.02452743074019
180,2019-06-30,0.12332,56.3978139673146
181,2019-07-01,0.13677,62.54888920134299
182,2019-07-02,0.10089,46.13992419041818
183,2019-07-03,0.10986,50.24216544314938
184,2019-07-04,0.06278,28.711115478981597
185,2019-07-05,0.07399,33.83777372236139
186,2019-07-06,0.06278,28.711115478981597
187,2019-07-07,0.07175,32.813356731712794
188,2019-07-08,0.09193,42.0422562278238
189,2019-07-09,0.10089,46.13992419041818
190,2019-07-10,0.09417,43.066673218472395
191,2019-07-11,0.05605,25.63329121689899
192,2019-07-12,0.05381,24.608874226250393
193,2019-07-13,0.04708,21.531049964167785
194,2019-07-14,0.10538,48.19333146185219
195,2019-07-15,0.08744,39.98884895638979
196,2019-07-16,0.08071,36.91102469430718
197,2019-07-17,0.07623,34.862190713009994
198,2019-07-18,0.07399,33.83777372236139
199,2019-07-19,0.06278,28.711115478981597
200,2019-07-20,0.03811,17.42880871143658
201,2019-07-21,0.08071,36.91102469430718
202,2019-07-22,0.07175,32.813356731712794
203,2019-07-23,0.08968,41.01326594703838
204,2019-07-24,0.11659,53.31998970523199
205,2019-07-25,0.07847,35.88660770365858
206,2019-07-26,0.26009,118.94670316865758
207,2019-07-27,0.31615,144.5845676756934
208,2019-07-28,0.20628,94.33782894240719
209,2019-07-29,0.17713,81.006688193565
210,2019-07-30,0.14574,66.65113045407419
211,2019-07-31,0.12556,57.422230957963194
212,2019-08-01,0.2444,111.7712109439806
213,2019-08-02,0.08071,36.91102469430718
214,2019-08-03,0.09417,43.066673218472395
215,2019-08-04,0.36772,168.1690249112952
216,2019-08-05,0.13453,61.5244722106944
217,2019-08-06,0.11211,51.2711557239348
218,2019-08-07,0.12556,57.422230957963194
219,2019-08-08,0.14125,64.59772318264017
220,2019-08-09,0.12332,56.3978139673146
221,2019-08-10,0.07847,35.88660770365858
222,2019-08-11,0.14798,67.67554744472278
223,2019-08-12,0.09641,44.091090209120985
224,2019-08-13,0.19058,87.15776342759338
225,2019-08-14,0.10986,50.24216544314938
226,2019-08-15,0.08296,37.9400149750926
227,2019-08-16,0.10089,46.13992419041818
228,2019-08-17,0.10986,50.24216544314938
229,2019-08-18,0.15246,69.72438142601999
230,2019-08-19,0.13677,62.54888920134299
231,2019-08-20,0.1278,58.44664794861178
232,2019-08-21,0.17937,82.03110518421359
233,2019-08-22,0.13901,63.573306191991584
234,2019-08-23,0.10089,46.13992419041818
235,2019-08-24,0.12332,56.3978139673146
236,2019-08-25,0.08968,41.01326594703838
237,2019-08-26,0.20179,92.28442167097317
238,2019-08-27,0.15919,72.80220568810259
239,2019-08-28,0.16592,75.8800299501852
240,2019-08-29,0.12556,57.422230957963194
241,2019-08-30,0.11883,54.344406695880586
242,2019-08-31,0.15246,69.72438142601999
243,2019-09-01,0.12332,56.3978139673146
244,2019-09-02,0.13004,59.47106493926037
245,2019-09-03,0.15919,72.80220568810259
246,2019-09-04,0.13004,59.47106493926037
247,2019-09-05,0.14798,67.67554744472278
248,2019-09-06,0.13453,61.5244722106944
249,2019-09-07,0.10314,47.16891447120359
250,2019-09-08,0.13004,59.47106493926037
251,2019-09-09,0.22646,103.5667284385182
252,2019-09-10,0.27803,127.15118567411999
253,2019-09-11,0.19282,88.18218041824197
254,2019-09-12,0.1704,77.92886393148238
255,2019-09-13,0.1704,77.92886393148238
256,2019-09-14,0.23767,108.69338668189799
257,2019-09-15,0.30269,138.4289191515282
258,2019-09-16,1.0471,478.86921022684976
259,2019-09-17,0.43722,199.95339136222256
260,2019-09-18,0.26906,123.0489444213888
261,2019-09-19,0.30269,138.4289191515282
262,2019-09-20,0.32511,148.68223563828778
263,2019-09-21,0.32511,148.68223563828778
264,2019-09-22,0.38117,174.32010014532358
265,2019-09-23,0.35651,163.0423666679154
266,2019-09-24,0.36099,165.09120064921257
267,2019-09-25,0.33408,152.78447689101898
268,2019-09-26,0.25336,115.86887890657496
269,2019-09-27,0.30718,140.4823264229622
270,2019-09-28,0.21076,96.38666292370438
271,2019-09-29,0.21973,100.4889041764356
272,2019-09-30,0.23094,105.61556241981539
273,2019-10-01,0.213,97.41107991435298
274,2019-10-02,0.29821,136.38008517023098
275,2019-10-03,0.28251,129.20001965541718
276,2019-10-04,0.26009,118.94670316865758
277,2019-10-05,0.28475,130.22443664606578
278,2019-10-06,0.31839,145.608984666342
279,2019-10-07,0.42377,193.80231612819418
280,2019-10-08,0.4148,189.70007487546297
281,2019-10-09,0.37669,172.2712661640264
282,2019-10-10,0.43498,198.92897437157396
283,2019-10-11,0.46637,213.28453211106478
284,2019-10-12,0.34754,158.9401254151842
285,2019-10-13,0.37444,171.24227588324098
286,2019-10-14,0.46413,212.26011512041617
287,2019-10-15,0.58745,268.6579290877308
288,2019-10-16,0.6592,301.4712858194436
289,2019-10-17,0.46862,214.3135223918502
290,2019-10-18,0.46637,213.28453211106478
291,2019-10-19,0.39462,180.471175379352
292,2019-10-20,0.39686,181.49559237000057
293,2019-10-21,0.37893,173.29568315467498
294,2019-10-22,0.39462,180.471175379352
295,2019-10-23,0.36323,166.11561763986117
296,2019-10-24,0.31839,145.608984666342
297,2019-10-25,0.38565,176.3689341266208
298,2019-10-26,0.28251,129.20001965541718
299,2019-10-27,0.4148,189.70007487546297
300,2019-10-28,0.36547,167.14003463050977
301,2019-10-29,0.4148,189.70007487546297
302,2019-10-30,0.4305,196.88014039027678
303,2019-10-31,0.37444,171.24227588324098
304,2019-11-01,0.34754,158.9401254151842
305,2019-11-02,0.39462,180.471175379352
306,2019-11-03,0.41256,188.67565788481437
307,2019-11-04,0.35651,163.0423666679154
308,2019-11-05,0.42377,193.80231612819418
309,2019-11-06,0.39686,181.49559237000057
310,2019-11-07,0.35875,164.066783658564
311,2019-11-08,0.45292,207.1334568770364
312,2019-11-09,0.39462,180.471175379352
313,2019-11-10,0.52691,240.97123059939778
314,2019-11-11,0.58073,265.584678115785
315,2019-11-12,0.58969,269.6823460783794
316,2019-11-13,0.5583,255.32678833888858
317,2019-11-14,0.76234,348.64020029064716
318,2019-11-15,0.63678,291.217969332684
319,2019-11-16,0.47758,218.41119035444459
320,2019-11-17,0.56279,257.3801956103226
321,2019-11-18,0.64799,296.3446275760638
322,2019-11-19,0.43498,198.92897437157396
323,2019-11-20,0.43498,198.92897437157396
324,2019-11-21,0.36323,166.11561763986117
325,2019-11-22,0.38341,175.34451713597218
326,2019-11-23,0.29372,134.32667789879696
327,2019-11-24,0.37893,173.29568315467498
328,2019-11-25,0.49104,224.5668388786098
329,2019-11-26,0.50001,228.66908013134096
330,2019-11-27,0.40808,186.6268239035172
331,2019-11-28,0.49104,224.5668388786098
332,2019-11-29,0.38341,175.34451713597218
333,2019-11-30,0.78028,356.84468279610957
334,2019-12-01,0.66593,304.5491100815262
335,2019-12-02,0.46862,214.3135223918502
336,2019-12-03,0.39462,180.471175379352
337,2019-12-04,0.36996,169.1934419019438
338,2019-12-05,0.5157,235.844572356018
339,2019-12-06,0.4305,196.88014039027678
340,2019-12-07,0.35875,164.066783658564
341,2019-12-08,0.35875,164.066783658564
342,2019-12-09,0.40583,185.5978336227318
343,2019-12-10,0.32287,147.65781864763917
344,2019-12-11,0.35651,163.0423666679154
345,2019-12-12,0.26682,122.02452743074019
346,2019-12-13,0.26906,123.0489444213888
347,2019-12-14,0.33184,151.7600599003704
348,2019-12-15,0.3879,177.3979244074062
349,2019-12-16,0.44844,205.0846228957392
350,2019-12-17,0.42153,192.7778991375456
351,2019-12-18,0.33857,154.83788416245298
352,2019-12-19,0.44619,204.05563261495377
353,2019-12-20,0.38565,176.3689341266208
354,2019-12-21,0.33408,152.78447689101898
355,2019-12-22,0.36996,169.1934419019438
356,2019-12-23,0.30269,138.4289191515282
357,2019-12-24,0.28027,128.1756026647686
358,2019-12-25,0.35426,162.01337638713
359,2019-12-26,0.33857,154.83788416245298
360,2019-12-27,0.35426,162.01337638713
361,2019-12-28,0.23543,107.6689696912494
362,2019-12-29,0.29372,134.32667789879696
363,2019-12-30,0.28924,132.27784391749978
364,2019-12-31,0.22646,103.5667284385182
365,2020-01-01,0.26682,122.02452743074019
366,2020-01-02,0.26457,120.99553714995479
367,2020-01-03,0.23318,106.63997941046398
368,2020-01-04,0.26682,122.02452743074019
369,2020-01-05,0.23543,107.6689696912494
370,2020-01-06,0.18161,83.05552217486218
371,2020-01-07,0.20852,95.36224593305579
372,2020-01-08,0.22646,103.5667284385182
373,2020-01-09,0.15919,72.80220568810259
374,2020-01-10,0.15022,68.69996443537138
375,2020-01-11,0.11435,52.29557271458339
376,2020-01-12,0.19058,87.15776342759338
377,2020-01-13,0.19955,91.26000468032458
378,2020-01-14,0.20404,93.3134119517586
379,2020-01-15,0.213,97.41107991435298
380,2020-01-16,0.15246,69.72438142601999
381,2020-01-17,0.15471,70.75337170680538
382,2020-01-18,0.14574,66.65113045407419
383,2020-01-19,0.16143,73.82662267875118
384,2020-01-20,0.15695,71.777788697454
385,2020-01-21,0.16816,76.9044469408338
386,2020-01-22,0.13677,62.54888920134299
387,2020-01-23,0.11211,51.2711557239348
388,2020-01-24,0.10762,49.217748452500786
389,2020-01-25,0.18386,84.0845124556476
390,2020-01-26,0.20852,95.36224593305579
391,2020-01-27,0.2713,124.07336141203737
392,2020-01-28,0.21749,99.46448718578698
393,2020-01-29,0.26009,118.94670316865758
394,2020-01-30,0.19282,88.18218041824197
395,2020-01-31,0.18834,86.13334643694479
396,2020-02-01,0.1435,65.62671346342559
397,2020-02-02,0.18161,83.05552217486218
398,2020-02-03,0.62109,284.042477108007
399,2020-02-04,0.59642,272.76017034046197
400,2020-02-05,0.13677,62.54888920134299
401,2020-02-06,0.15919,72.80220568810259
402,2020-02-07,0.19058,87.15776342759338
403,2020-02-08,0.21749,99.46448718578698
404,2020-02-09,0.24664,112.7956279346292
405,2020-02-10,0.25112,114.84446191592639
406,2020-02-11,0.28924,132.27784391749978
407,2020-02-12,0.19507,89.21117069902739
408,2020-02-13,0.14125,64.59772318264017
409,2020-02-14,0.41704,190.72449186611158
410,2020-02-15,0.23543,107.6689696912494
411,2020-02-16,0.22197,101.51332116708419
412,2020-02-17,0.35651,163.0423666679154
413,2020-02-18,0.21749,99.46448718578698
414,2020-02-19,0.27803,127.15118567411999
415,2020-02-20,0.35875,164.066783658564
416,2020-02-21,0.59642,272.76017034046197
417,2020-02-22,0.7018,320.9535018023142
418,2020-02-23,0.59642,272.76017034046197
419,2020-02-24,0.37444,171.24227588324098
420,2020-02-25,0.30718,140.4823264229622
421,2020-02-26,0.29597,135.3556681795824
422,2020-02-27,0.34305,156.8867181437502
423,2020-02-28,0.30269,138.4289191515282
424,2020-02-29,0.54933,251.22454708615737
425,2020-03-01,0.49552,226.615672859907
426,2020-03-02,0.45068,206.1090398863878
427,2020-03-03,0.29821,136.38008517023098
428,2020-03-04,0.41256,188.67565788481437
429,2020-03-05,0.33184,151.7600599003704
430,2020-03-06,0.28475,130.22443664606578
431,2020-03-07,0.78925,360.9469240488408
432,2020-03-08,0.49552,226.615672859907
433,2020-03-09,0.41704,190.72449186611158
434,2020-03-10,0.49776,227.64008985055557
435,2020-03-11,0.76683,350.6936075620812
436,2020-03-12,0.49552,226.615672859907
437,2020-03-13,0.60315,275.8379946025446
438,2020-03-14,0.41256,188.67565788481437
439,2020-03-15,0.3879,177.3979244074062
440,2020-03-16,0.4305,196.88014039027678
441,2020-03-17,0.32511,148.68223563828778
442,2020-03-18,0.26457,120.99553714995479
443,2020-03-19,0.22197,101.51332116708419
444,2020-03-20,0.23094,105.61556241981539
445,2020-03-21,0.23767,108.69338668189799
446,2020-03-22,0.23318,106.63997941046398
447,2020-03-23,0.17937,82.03110518421359
448,2020-03-24,0.18834,86.13334643694479
449,2020-03-25,0.2444,111.7712109439806
450,2020-03-26,0.21525,98.44007019513839
451,2020-03-27,0.1861,85.10892944629619
452,2020-03-28,0.1861,85.10892944629619
453,2020-03-29,0.25112,114.84446191592639
454,2020-03-30,0.23991,109.7178036725466
455,2020-03-31,0.20628,94.33782894240719
456,2020-04-01,0.19731,90.235587689676
457,2020-04-02,0.19282,88.18218041824197
458,2020-04-03,0.16368,74.8556129595366
459,2020-04-04,0.15022,68.69996443537138
460,2020-04-05,0.20628,94.33782894240719
461,2020-04-06,0.19731,90.235587689676
462,2020-04-07,0.22422,102.5423114478696
463,2020-04-08,0.19282,88.18218041824197
464,2020-04-09,0.19507,89.21117069902739
465,2020-04-10,0.21525,98.44007019513839
466,2020-04-11,0.17264,78.95328092213097
467,2020-04-12,0.15022,68.69996443537138
468,2020-04-13,0.1861,85.10892944629619
469,2020-04-14,0.15919,72.80220568810259
470,2020-04-15,0.12107,55.368823686529176
471,2020-04-16,0.16816,76.9044469408338
472,2020-04-17,0.15246,69.72438142601999
473,2020-04-18,0.14574,66.65113045407419
474,2020-04-19,0.13228,60.495481929908976
475,2020-04-20,0.15022,68.69996443537138
476,2020-04-21,0.29372,134.32667789879696
477,2020-04-22,0.16368,74.8556129595366
478,2020-04-23,0.21973,100.4889041764356
479,2020-04-24,0.20179,92.28442167097317
480,2020-04-25,0.16816,76.9044469408338
481,2020-04-26,0.1435,65.62671346342559
482,2020-04-27,0.19731,90.235587689676
483,2020-04-28,0.15919,72.80220568810259
484,2020-04-29,0.14574,66.65113045407419
485,2020-04-30,0.11659,53.31998970523199
486,2020-05-01,0.13901,63.573306191991584
487,2020-05-02,0.15022,68.69996443537138
488,2020-05-03,0.17264,78.95328092213097
489,2020-05-04,0.13228,60.495481929908976
490,2020-05-05,0.1861,85.10892944629619
491,2020-05-06,0.14125,64.59772318264017
492,2020-05-07,0.15246,69.72438142601999
493,2020-05-08,0.14125,64.59772318264017
494,2020-05-09,0.13453,61.5244722106944
495,2020-05-10,0.16592,75.8800299501852
496,2020-05-11,0.15022,68.69996443537138
497,2020-05-12,0.14574,66.65113045407419
498,2020-05-13,0.13677,62.54888920134299
499,2020-05-14,0.05829,26.657708207547582
500,2020-05-15,0.14574,66.65113045407419
501,2020-05-16,0.09193,42.0422562278238
502,2020-05-17,0.11435,52.29557271458339
503,2020-05-18,0.1278,58.44664794861178
504,2020-05-19,0.17937,82.03110518421359
505,2020-05-20,0.12332,56.3978139673146
506,2020-05-21,0.12107,55.368823686529176
507,2020-05-22,0.12556,57.422230957963194
508,2020-05-23,0.05605,25.63329121689899
509,2020-05-24,0.12332,56.3978139673146
510,2020-05-25,0.14125,64.59772318264017
511,2020-05-26,0.12107,55.368823686529176
512,2020-05-27,0.14798,67.67554744472278
513,2020-05-28,0.13228,60.495481929908976
514,2020-05-29,0.0852,38.96443196574119
515,2020-05-30,0.09865,45.11550719976958
516,2020-05-31,0.14574,66.65113045407419
517,2020-06-01,0.10314,47.16891447120359
518,2020-06-02,0.11883,54.344406695880586
519,2020-06-03,0.10986,50.24216544314938
520,2020-06-04,0.11211,51.2711557239348
521,2020-06-05,0.13901,63.573306191991584
522,2020-06-06,0.09641,44.091090209120985
523,2020-06-07,0.11659,53.31998970523199
524,2020-06-08,0.10089,46.13992419041818
525,2020-06-09,0.10089,46.13992419041818
526,2020-06-10,0.13228,60.495481929908976
527,2020-06-11,0.12107,55.368823686529176
528,2020-06-12,0.11211,51.2711557239348
529,2020-06-13,0.14125,64.59772318264017
530,2020-06-14,0.59418,271.7357533498134
531,2020-06-15,0.46637,213.28453211106478
532,2020-06-16,0.27803,127.15118567411999
533,2020-06-17,0.16816,76.9044469408338
534,2020-06-18,0.17264,78.95328092213097
535,2020-06-19,0.15246,69.72438142601999
536,2020-06-20,0.12556,57.422230957963194
537,2020-06-21,0.12556,57.422230957963194
538,2020-06-22,0.1278,58.44664794861178
539,2020-06-23,0.11435,52.29557271458339
540,2020-06-24,0.15246,69.72438142601999
541,2020-06-25,0.10538,48.19333146185219
542,2020-06-26,0.09417,43.066673218472395
543,2020-06-27,0.10538,48.19333146185219
544,2020-06-28,0.13453,61.5244722106944
545,2020-06-29,0.11435,52.29557271458339
546,2020-06-30,0.09865,45.11550719976958
547,2020-07-01,0.10986,50.24216544314938
548,2020-07-02,0.08744,39.98884895638979
549,2020-07-03,0.10314,47.16891447120359
550,2020-07-04,0.0852,38.96443196574119
551,2020-07-05,0.1278,58.44664794861178
552,2020-07-06,0.11659,53.31998970523199
553,2020-07-07,0.10314,47.16891447120359
554,2020-07-08,0.11435,52.29557271458339
555,2020-07-09,0.10089,46.13992419041818
556,2020-07-10,0.08296,37.9400149750926
557,2020-07-11,0.10986,50.24216544314938
558,2020-07-12,0.09865,45.11550719976958
559,2020-07-13,0.08744,39.98884895638979
560,2020-07-14,0.11435,52.29557271458339
561,2020-07-15,0.12332,56.3978139673146
562,2020-07-16,0.11659,53.31998970523199
563,2020-07-17,0.10986,50.24216544314938
564,2020-07-18,0.10538,48.19333146185219
565,2020-07-19,0.11435,52.29557271458339
566,2020-07-20,0.09193,42.0422562278238
567,2020-07-21,0.10089,46.13992419041818
568,2020-07-22,0.14574,66.65113045407419
569,2020-07-23,0.10762,49.217748452500786
570,2020-07-24,0.07399,33.83777372236139
571,2020-07-25,0.08071,36.91102469430718
572,2020-07-26,0.08968,41.01326594703838
573,2020-07-27,0.11659,53.31998970523199
574,2020-07-28,0.08296,37.9400149750926
575,2020-07-29,0.11435,52.29557271458339
576,2020-07-30,0.11883,54.344406695880586
577,2020-07-31,0.09417,43.066673218472395
578,2020-08-01,0.10314,47.16891447120359
579,2020-08-02,0.0695,31.784366450927383
580,2020-08-03,0.10314,47.16891447120359
581,2020-08-04,0.08071,36.91102469430718
582,2020-08-05,0.12556,57.422230957963194
583,2020-08-06,0.18161,83.05552217486218
584,2020-08-07,0.13004,59.47106493926037
585,2020-08-08,0.08071,36.91102469430718
586,2020-08-09,0.10986,50.24216544314938
587,2020-08-10,0.2287,104.59114542916679
588,2020-08-11,0.16592,75.8800299501852
589,2020-08-12,0.1704,77.92886393148238
590,2020-08-13,0.19507,89.21117069902739
591,2020-08-14,0.19507,89.21117069902739
592,2020-08-15,0.11883,54.344406695880586
593,2020-08-16,0.10762,49.217748452500786
594,2020-08-17,0.17489,79.9822712029164
595,2020-08-18,0.21749,99.46448718578698
596,2020-08-19,0.19507,89.21117069902739
597,2020-08-20,0.26457,120.99553714995479
598,2020-08-21,0.18386,84.0845124556476
599,2020-08-22,0.1435,65.62671346342559
600,2020-08-23,0.16368,74.8556129595366
601,2020-08-24,0.13004,59.47106493926037
602,2020-08-25,0.20404,93.3134119517586
603,2020-08-26,0.19507,89.21117069902739
604,2020-08-27,0.213,97.41107991435298
605,2020-08-28,0.14125,64.59772318264017
606,2020-08-29,0.13453,61.5244722106944
607,2020-08-30,0.16816,76.9044469408338
608,2020-08-31,0.21525,98.44007019513839
609,2020-09-01,0.17489,79.9822712029164
610,2020-09-02,0.19955,91.26000468032458
611,2020-09-03,0.28251,129.20001965541718
612,2020-09-04,0.1861,85.10892944629619
613,2020-09-05,0.19955,91.26000468032458
614,2020-09-06,0.23991,109.7178036725466
615,2020-09-07,0.50898,232.7713213840722
616,2020-09-08,0.38565,176.3689341266208
617,2020-09-09,0.33633,153.8134671718044
618,2020-09-10,0.32736,149.7112259190732
619,2020-09-11,0.36323,166.11561763986117
620,2020-09-12,0.26457,120.99553714995479
621,2020-09-13,0.26233,119.97112015930618
622,2020-09-14,0.25336,115.86887890657496
623,2020-09-15,0.26233,119.97112015930618
624,2020-09-16,0.23991,109.7178036725466
625,2020-09-17,0.25785,117.922286178009
626,2020-09-18,0.25561,116.8978691873604
627,2020-09-19,0.63454,290.1935523420354
628,2020-09-20,0.78925,360.9469240488408
629,2020-09-21,0.59866,273.7845873311106
630,2020-09-22,0.50673,231.74233110328677
631,2020-09-23,0.50449,230.71791411263817
632,2020-09-24,0.59642,272.76017034046197
633,2020-09-25,0.51794,236.86898934666655
634,2020-09-26,0.47086,215.3379393824988
635,2020-09-27,0.46189,211.2356981297676
636,2020-09-28,0.32736,149.7112259190732
637,2020-09-29,0.47534,217.38677336379598
638,2020-09-30,0.41032,187.6512408941658
639,2020-10-01,0.42153,192.7778991375456
640,2020-10-02,0.45516,208.157873867685
641,2020-10-03,0.41704,190.72449186611158
642,2020-10-04,0.43274,197.90455738092538
643,2020-10-05,0.49104,224.5668388786098
644,2020-10-06,0.42601,194.82673311884278
645,2020-10-07,0.45292,207.1334568770364
646,2020-10-08,0.39462,180.471175379352
647,2020-10-09,0.34754,158.9401254151842
648,2020-10-10,0.36547,167.14003463050977
649,2020-10-11,0.39911,182.52458265078602
650,2020-10-12,0.40583,185.5978336227318
651,2020-10-13,0.4888,223.5424218879612
652,2020-10-14,0.52915,241.9956475900464
653,2020-10-15,0.47758,218.41119035444459
654,2020-10-16,0.4148,189.70007487546297
655,2020-10-17,0.40808,186.6268239035172
656,2020-10-18,0.42153,192.7778991375456
657,2020-10-19,0.44395,203.0312156243052
658,2020-10-20,0.38565,176.3689341266208
659,2020-10-21,0.37669,172.2712661640264
660,2020-10-22,0.39238,179.4467583887034
661,2020-10-23,0.33633,153.8134671718044
662,2020-10-24,0.36772,168.1690249112952
663,2020-10-25,0.48207,220.46459762587858
664,2020-10-26,0.45516,208.157873867685
665,2020-10-27,0.45068,206.1090398863878
666,2020-10-28,0.33408,152.78447689101898
667,2020-10-29,0.42377,193.80231612819418
668,2020-10-30,0.29821,136.38008517023098
669,2020-10-31,0.34978,159.9645424058328
670,2020-11-01,0.42377,193.80231612819418
671,2020-11-02,0.35875,164.066783658564
672,2020-11-03,0.45516,208.157873867685
673,2020-11-04,0.45068,206.1090398863878
674,2020-11-05,0.46189,211.2356981297676
675,2020-11-06,0.40135,183.5489996414346
676,2020-11-07,0.59418,271.7357533498134
677,2020-11-08,0.58073,265.584678115785
678,2020-11-09,0.37444,171.24227588324098
679,2020-11-10,0.44619,204.05563261495377
680,2020-11-11,0.40359,184.5734166320832
681,2020-11-12,0.35426,162.01337638713
682,2020-11-13,0.39238,179.4467583887034
683,2020-11-14,0.34754,158.9401254151842
684,2020-11-15,0.36099,165.09120064921257
685,2020-11-16,0.39686,181.49559237000057
686,2020-11-17,0.4305,196.88014039027678
687,2020-11-18,0.43498,198.92897437157396
688,2020-11-19,0.34529,157.91113513439876
689,2020-11-20,0.33857,154.83788416245298
690,2020-11-21,0.25561,116.8978691873604
691,2020-11-22,0.43947,200.982381643008
692,2020-11-23,0.33857,154.83788416245298
693,2020-11-24,0.33633,153.8134671718044
694,2020-11-25,0.3722,170.21785889259237
695,2020-11-26,0.36547,167.14003463050977
696,2020-11-27,0.32063,146.6334016569906
697,2020-11-28,0.37893,173.29568315467498
698,2020-11-29,0.35426,162.01337638713
699,2020-11-30,0.36099,165.09120064921257
700,2020-12-01,0.43947,200.982381643008
701,2020-12-02,0.28027,128.1756026647686
702,2020-12-03,0.33408,152.78447689101898
703,2020-12-04,0.21973,100.4889041764356
704,2020-12-05,0.25561,116.8978691873604
705,2020-12-06,0.35426,162.01337638713
706,2020-12-07,0.39462,180.471175379352
707,2020-12-08,0.43498,198.92897437157396
708,2020-12-09,0.40135,183.5489996414346
709,2020-12-10,0.34305,156.8867181437502
710,2020-12-11,0.25561,116.8978691873604
711,2020-12-12,0.32063,146.6334016569906
712,2020-12-13,0.32511,148.68223563828778
713,2020-12-14,0.42377,193.80231612819418
714,2020-12-15,0.28475,130.22443664606578
715,2020-12-16,0.3139,143.555577394908
716,2020-12-17,0.36099,165.09120064921257
717,2020-12-18,0.33184,151.7600599003704
718,2020-12-19,0.2444,111.7712109439806
719,2020-12-20,0.3296,150.7356429097218
720,2020-12-21,0.28475,130.22443664606578
721,2020-12-22,0.27579,126.12676868347138
722,2020-12-23,0.24888,113.82004492527778
723,2020-12-24,0.26009,118.94670316865758
724,2020-12-25,0.25336,115.86887890657496
725,2020-12-26,0.2713,124.07336141203737
726,2020-12-27,0.24664,112.7956279346292
727,2020-12-28,0.27354,125.09777840268598
728,2020-12-29,0.18386,84.0845124556476
729,2020-12-30,0.20852,95.36224593305579
730,2020-12-31,0.14574,66.65113045407419
731,2021-01-01,0.15695,71.777788697454
732,2021-01-02,0.13901,63.573306191991584
733,2021-01-03,0.18834,86.13334643694479
734,2021-01-04,0.16143,73.82662267875118
735,2021-01-05,0.17937,82.03110518421359
736,2021-01-06,0.21525,98.44007019513839
737,2021-01-07,0.16368,74.8556129595366
738,2021-01-08,0.14574,66.65113045407419
739,2021-01-09,0.21749,99.46448718578698
740,2021-01-10,0.19955,91.26000468032458
741,2021-01-11,0.16816,76.9044469408338
742,2021-01-12,0.1704,77.92886393148238
743,2021-01-13,0.17937,82.03110518421359
744,2021-01-14,0.16368,74.8556129595366
745,2021-01-15,0.20628,94.33782894240719
746,2021-01-16,0.21973,100.4889041764356
747,2021-01-17,0.20628,94.33782894240719
748,2021-01-18,0.17489,79.9822712029164
749,2021-01-19,0.21076,96.38666292370438
750,2021-01-20,0.20628,94.33782894240719
751,2021-01-21,0.17713,81.006688193565
752,2021-01-22,0.12556,57.422230957963194
753,2021-01-23,0.17489,79.9822712029164
754,2021-01-24,0.19507,89.21117069902739
755,2021-01-25,0.18834,86.13334643694479
756,2021-01-26,0.20179,92.28442167097317
757,2021-01-27,0.1704,77.92886393148238
758,2021-01-28,0.16143,73.82662267875118
759,2021-01-29,0.1435,65.62671346342559
760,2021-01-30,0.1704,77.92886393148238
761,2021-01-31,0.18386,84.0845124556476
762,2021-02-01,0.18161,83.05552217486218
763,2021-02-02,0.14798,67.67554744472278
764,2021-02-03,0.14798,67.67554744472278
765,2021-02-04,0.20852,95.36224593305579
766,2021-02-05,0.14125,64.59772318264017
767,2021-02-06,0.15919,72.80220568810259
768,2021-02-07,0.17937,82.03110518421359
769,2021-02-08,0.19731,90.235587689676
770,2021-02-09,0.17264,78.95328092213097
771,2021-02-10,0.19507,89.21117069902739
772,2021-02-11,0.17264,78.95328092213097
773,2021-02-12,0.17713,81.006688193565
774,2021-02-13,0.1704,77.92886393148238
775,2021-02-14,0.31615,144.5845676756934
776,2021-02-15,0.39462,180.471175379352
777,2021-02-16,0.27354,125.09777840268598
778,2021-02-17,0.25112,114.84446191592639
779,2021-02-18,0.20404,93.3134119517586
780,2021-02-19,0.16816,76.9044469408338
781,2021-02-20,0.20628,94.33782894240719
782,2021-02-21,0.23543,107.6689696912494
783,2021-02-22,0.34305,156.8867181437502
784,2021-02-23,0.30493,139.45333614217677
785,2021-02-24,0.34978,159.9645424058328
786,2021-02-25,0.77131,352.7424415433784
787,2021-02-26,0.51794,236.86898934666655
788,2021-02-27,0.60763,277.8868285838418
789,2021-02-28,1.04935,479.8982005076352
790,2021-03-01,0.91257,417.34473801615536
791,2021-03-02,0.73992,338.3868838038876
792,2021-03-03,0.64126,293.2668033139812
793,2021-03-04,0.5157,235.844572356018
794,2021-03-05,0.68162,311.72460230620317
795,2021-03-06,0.72423,331.2113915792106
796,2021-03-07,0.67041,306.59794406282333
797,2021-03-08,0.55606,254.30237134823997
798,2021-03-09,0.46862,214.3135223918502
799,2021-03-10,0.44171,202.0067986336566
800,2021-03-11,0.47534,217.38677336379598
801,2021-03-12,0.46189,211.2356981297676
802,2021-03-13,0.56951,260.4534465822684
803,2021-03-14,0.56279,257.3801956103226
804,2021-03-15,0.47758,218.41119035444459
805,2021-03-16,0.51346,234.8201553653694
806,2021-03-17,0.43947,200.982381643008
807,2021-03-18,0.4574,209.18229085833357
808,2021-03-19,0.44619,204.05563261495377
809,2021-03-20,0.45965,210.211281139119
810,2021-03-21,0.54261,248.15129611421162
811,2021-03-22,0.49104,224.5668388786098
812,2021-03-23,0.43947,200.982381643008
813,2021-03-24,0.42377,193.80231612819418
814,2021-03-25,0.44395,203.0312156243052
815,2021-03-26,0.50673,231.74233110328677
816,2021-03-27,0.5314,243.02463787083178
817,2021-03-28,0.58073,265.584678115785
818,2021-03-29,0.48207,220.46459762587858
819,2021-03-30,0.36099,165.09120064921257
820,2021-03-31,0.34081,155.86230115310158
821,2021-04-01,0.40135,183.5489996414346
822,2021-04-02,0.36772,168.1690249112952
823,2021-04-03,0.43722,199.95339136222256
824,2021-04-04,0.50225,229.69349712198957
825,2021-04-05,0.40135,183.5489996414346
826,2021-04-06,0.35426,162.01337638713
827,2021-04-07,0.33857,154.83788416245298
828,2021-04-08,0.3139,143.555577394908
829,2021-04-09,0.31615,144.5845676756934
830,2021-04-10,0.31166,142.53116040425937
831,2021-04-11,0.37444,171.24227588324098
832,2021-04-12,0.30045,137.4045021608796
833,2021-04-13,0.29148,133.30226090814838
834,2021-04-14,0.287,131.25342692685118
835,2021-04-15,0.27579,126.12676868347138
836,2021-04-16,0.25785,117.922286178009
837,2021-04-17,0.31615,144.5845676756934
838,2021-04-18,0.38565,176.3689341266208
839,2021-04-19,0.27354,125.09777840268598
840,2021-04-20,0.23767,108.69338668189799
841,2021-04-21,0.2713,124.07336141203737
842,2021-04-22,0.21973,100.4889041764356
843,2021-04-23,0.18834,86.13334643694479
844,2021-04-24,0.36323,166.11561763986117
845,2021-04-25,0.34529,157.91113513439876
846,2021-04-26,0.20852,95.36224593305579
847,2021-04-27,0.21525,98.44007019513839
848,2021-04-28,0.26233,119.97112015930618
849,2021-04-29,0.20404,93.3134119517586
850,2021-04-30,0.24888,113.82004492527778
851,2021-05-01,0.3296,150.7356429097218
852,2021-05-02,0.35875,164.066783658564
853,2021-05-03,0.29148,133.30226090814838
854,2021-05-04,0.22422,102.5423114478696
855,2021-05-05,0.27803,127.15118567411999
856,2021-05-06,0.29821,136.38008517023098
857,2021-05-07,0.19955,91.26000468032458
858,2021-05-08,0.22646,103.5667284385182
859,2021-05-09,0.30269,138.4289191515282
860,2021-05-10,0.23991,109.7178036725466
861,2021-05-11,0.27354,125.09777840268598
862,2021-05-12,0.21973,100.4889041764356
863,2021-05-13,0.23094,105.61556241981539
864,2021-05-14,0.21076,96.38666292370438
865,2021-05-15,0.29372,134.32667789879696
866,2021-05-16,0.32287,147.65781864763917
867,2021-05-17,0.32063,146.6334016569906
868,2021-05-18,0.27354,125.09777840268598
869,2021-05-19,0.27803,127.15118567411999
870,2021-05-20,0.26906,123.0489444213888
871,2021-05-21,0.213,97.41107991435298
872,2021-05-22,0.26682,122.02452743074019
873,2021-05-23,0.30045,137.4045021608796
874,2021-05-24,0.19955,91.26000468032458
875,2021-05-25,0.46637,213.28453211106478
876,2021-05-26,0.26682,122.02452743074019
877,2021-05-27,0.24215,110.74222066319518
878,2021-05-28,0.25112,114.84446191592639
879,2021-05-29,0.25561,116.8978691873604
880,2021-05-30,0.33633,153.8134671718044
881,2021-05-31,0.23318,106.63997941046398
882,2021-06-01,0.21973,100.4889041764356
883,2021-06-02,0.21749,99.46448718578698
884,2021-06-03,0.23767,108.69338668189799
885,2021-06-04,0.26009,118.94670316865758
886,2021-06-05,0.27803,127.15118567411999
887,2021-06-06,0.34754,158.9401254151842
888,2021-06-07,0.26233,119.97112015930618
889,2021-06-08,0.26906,123.0489444213888
890,2021-06-09,0.24664,112.7956279346292
891,2021-06-10,0.22646,103.5667284385182
892,2021-06-11,0.19507,89.21117069902739
893,2021-06-12,0.25561,116.8978691873604
894,2021-06-13,0.29597,135.3556681795824
895,2021-06-14,0.21973,100.4889041764356
896,2021-06-15,0.17264,78.95328092213097
897,2021-06-16,0.23991,109.7178036725466
898,2021-06-17,0.1861,85.10892944629619
899,2021-06-18,0.1704,77.92886393148238
900,2021-06-19,0.28924,132.27784391749978
901,2021-06-20,0.28924,132.27784391749978
902,2021-06-21,0.2287,104.59114542916679
903,2021-06-22,0.20404,93.3134119517586
904,2021-06-23,0.1704,77.92886393148238
905,2021-06-24,0.21525,98.44007019513839
906,2021-06-25,0.16592,75.8800299501852
907,2021-06-26,0.20179,92.28442167097317
908,2021-06-27,0.2444,111.7712109439806
909,2021-06-28,0.19507,89.21117069902739
910,2021-06-29,0.1435,65.62671346342559
911,2021-06-30,0.17713,81.006688193565
912,2021-07-01,0.23094,105.61556241981539
913,2021-07-02,0.20179,92.28442167097317
914,2021-07-03,0.16816,76.9044469408338
915,2021-07-04,0.26233,119.97112015930618
916,2021-07-05,0.18161,83.05552217486218
917,2021-07-06,0.16592,75.8800299501852
918,2021-07-07,0.13901,63.573306191991584
919,2021-07-08,0.16368,74.8556129595366
920,2021-07-09,0.16368,74.8556129595366
921,2021-07-10,0.17713,81.006688193565
922,2021-07-11,0.1861,85.10892944629619
923,2021-07-12,0.17264,78.95328092213097
924,2021-07-13,0.1435,65.62671346342559
925,2021-07-14,0.17937,82.03110518421359
926,2021-07-15,0.15471,70.75337170680538
927,2021-07-16,0.16143,73.82662267875118
928,2021-07-17,0.16816,76.9044469408338
929,2021-07-18,0.19955,91.26000468032458
930,2021-07-19,0.16816,76.9044469408338
931,2021-07-20,0.14798,67.67554744472278
932,2021-07-21,0.11211,51.2711557239348
933,2021-07-22,0.14125,64.59772318264017
934,2021-07-23,0.15695,71.777788697454
935,2021-07-24,0.13677,62.54888920134299
936,2021-07-25,0.16368,74.8556129595366
937,2021-07-26,0.13901,63.573306191991584
938,2021-07-27,0.15471,70.75337170680538
939,2021-07-28,0.12332,56.3978139673146
940,2021-07-29,0.12556,57.422230957963194
941,2021-07-30,0.16143,73.82662267875118
942,2021-07-31,0.14125,64.59772318264017
943,2021-08-01,0.18834,86.13334643694479
944,2021-08-02,0.15471,70.75337170680538
945,2021-08-03,0.19058,87.15776342759338
946,2021-08-04,0.1704,77.92886393148238
947,2021-08-05,0.21076,96.38666292370438
948,2021-08-06,0.18386,84.0845124556476
949,2021-08-07,0.18386,84.0845124556476
950,2021-08-08,0.22422,102.5423114478696
951,2021-08-09,0.17264,78.95328092213097
952,2021-08-10,0.22422,102.5423114478696
953,2021-08-11,0.1704,77.92886393148238
954,2021-08-12,0.17713,81.006688193565
955,2021-08-13,0.22646,103.5667284385182
956,2021-08-14,0.20628,94.33782894240719
957,2021-08-15,0.2287,104.59114542916679
958,2021-08-16,0.27579,126.12676868347138
959,2021-08-17,0.32287,147.65781864763917
960,2021-08-18,0.27579,126.12676868347138
961,2021-08-19,0.20852,95.36224593305579
962,2021-08-20,0.20179,92.28442167097317
963,2021-08-21,0.2287,104.59114542916679
964,2021-08-22,0.30493,139.45333614217677
965,2021-08-23,0.29372,134.32667789879696
966,2021-08-24,0.40583,185.5978336227318
967,2021-08-25,0.59194,270.7113363591648
968,2021-08-26,0.5314,243.02463787083178
969,2021-08-27,0.40808,186.6268239035172
970,2021-08-28,0.4731,216.3623563731474
971,2021-08-29,0.39462,180.471175379352
972,2021-08-30,0.54933,251.22454708615737
973,2021-08-31,0.43947,200.982381643008
974,2021-09-01,0.42601,194.82673311884278
975,2021-09-02,0.38117,174.32010014532358
976,2021-09-03,0.42377,193.80231612819418
977,2021-09-04,0.56951,260.4534465822684
978,2021-09-05,0.52691,240.97123059939778
979,2021-09-06,0.46862,214.3135223918502
980,2021-09-07,0.39462,180.471175379352
981,2021-09-08,0.41256,188.67565788481437
982,2021-09-09,0.53588,245.073471852129
983,2021-09-10,0.57624,263.53127084435096
984,2021-09-11,0.61212,279.9402358552758
985,2021-09-12,0.67266,307.6269343436088
986,2021-09-13,0.52915,241.9956475900464
987,2021-09-14,0.4305,196.88014039027678
988,2021-09-15,0.43274,197.90455738092538
989,2021-09-16,0.40359,184.5734166320832
990,2021-09-17,0.34081,155.86230115310158
991,2021-09-18,0.47534,217.38677336379598
992,2021-09-19,0.36772,168.1690249112952
993,2021-09-20,0.28027,128.1756026647686
994,2021-09-21,0.24888,113.82004492527778
995,2021-09-22,0.45516,208.157873867685
996,2021-09-23,0.50898,232.7713213840722
997,2021-09-24,0.33408,152.78447689101898
998,2021-09-25,0.57624,263.53127084435096
999,2021-09-26,0.7018,320.9535018023142
1000,2021-09-27,0.51122,233.7957383747208
1001,2021-09-28,0.4148,189.70007487546297
1002,2021-09-29,0.41032,187.6512408941658
1003,2021-09-30,0.6166,281.989069836573
1004,2021-10-01,0.63005,288.14014507060136
1005,2021-10-02,0.67714,309.67576832490596
1006,2021-10-03,0.58521,267.6335120970822
1007,2021-10-04,0.60539,276.8624115931932
1008,2021-10-05,0.44844,205.0846228957392
1009,2021-10-06,0.36323,166.11561763986117
1010,2021-10-07,0.39014,178.42234139805478
1011,2021-10-08,0.36099,165.09120064921257
1012,2021-10-09,0.50225,229.69349712198957
1013,2021-10-10,0.52467,239.94681360874918
1014,2021-10-11,0.68162,311.72460230620317
1015,2021-10-12,0.4731,216.3623563731474
1016,2021-10-13,0.42377,193.80231612819418
1017,2021-10-14,0.46413,212.26011512041617
1018,2021-10-15,0.45068,206.1090398863878
1019,2021-10-16,0.58745,268.6579290877308
1020,2021-10-17,0.68387,312.7535925869886
1021,2021-10-18,0.54037,247.12687912356301
1022,2021-10-19,0.50225,229.69349712198957
1023,2021-10-20,0.58297,266.6090951064336
1024,2021-10-21,0.49104,224.5668388786098
1025,2021-10-22,0.57624,263.53127084435096
1026,2021-10-23,0.58745,268.6579290877308
1027,2021-10-24,0.7332,335.3136328319418
1028,2021-10-25,0.574,262.50685385370235
1029,2021-10-26,0.48431,221.4890146165272
1030,2021-10-27,0.50225,229.69349712198957
1031,2021-10-28,0.4305,196.88014039027678
1032,2021-10-29,0.3722,170.21785889259237
1033,2021-10-30,0.57176,261.4824368630538
1034,2021-10-31,0.56951,260.4534465822684
1035,2021-11-01,0.59642,272.76017034046197
1036,2021-11-02,0.60315,275.8379946025446
1037,2021-11-03,0.50225,229.69349712198957
1038,2021-11-04,0.67041,306.59794406282333
1039,2021-11-05,0.51122,233.7957383747208
1040,2021-11-06,0.55158,252.25353736694277
1041,2021-11-07,0.55158,252.25353736694277
1042,2021-11-08,0.56279,257.3801956103226
1043,2021-11-09,0.58073,265.584678115785
1044,2021-11-10,0.61212,279.9402358552758
1045,2021-11-11,0.60987,278.9112455744904
1046,2021-11-12,0.57848,264.55568783499956
1047,2021-11-13,0.61212,279.9402358552758
1048,2021-11-14,0.89239,408.1158385200444
1049,2021-11-15,0.72647,332.23580856985916
1050,2021-11-16,0.574,262.50685385370235
1051,2021-11-17,0.56279,257.3801956103226
1052,2021-11-18,0.66593,304.5491100815262
1053,2021-11-19,0.70853,324.0313260643968
1054,2021-11-20,0.64126,293.2668033139812
1055,2021-11-21,0.96638,441.95361224240577
1056,2021-11-22,0.99778,456.3137432720334
1057,2021-11-23,0.77804,355.82026580546096
1058,2021-11-24,0.54037,247.12687912356301
1059,2021-11-25,0.51794,236.86898934666655
1060,2021-11-26,0.52019,237.897979627452
1061,2021-11-27,0.64575,295.3202105854152
1062,2021-11-28,0.68162,311.72460230620317
1063,2021-11-29,0.84979,388.63362253717384
1064,2021-11-30,0.80719,369.15140655430315
1065,2021-12-01,0.89463,409.140255510693
1066,2021-12-02,0.7332,335.3136328319418
1067,2021-12-03,0.7332,335.3136328319418
1068,2021-12-04,0.70405,321.9824920830996
1069,2021-12-05,0.85203,389.6580395278224
1070,2021-12-06,0.37669,172.2712661640264
1071,2021-12-07,0.41929,191.753482146897
1072,2021-12-08,0.43498,198.92897437157396
1073,2021-12-09,0.5583,255.32678833888858
1074,2021-12-10,0.42826,195.85572339962818
1075,2021-12-11,0.5583,255.32678833888858
1076,2021-12-12,0.58969,269.6823460783794
1077,2021-12-13,0.46189,211.2356981297676
1078,2021-12-14,0.49104,224.5668388786098
1079,2021-12-15,0.43722,199.95339136222256
1080,2021-12-16,0.31615,144.5845676756934
1081,2021-12-17,0.33408,152.78447689101898
1082,2021-12-18,0.40808,186.6268239035172
1083,2021-12-19,0.60539,276.8624115931932
1084,2021-12-20,0.47758,218.41119035444459
1085,2021-12-21,0.46862,214.3135223918502
1086,2021-12-22,0.63678,291.217969332684
1087,2021-12-23,0.50673,231.74233110328677
1088,2021-12-24,0.54037,247.12687912356301
1089,2021-12-25,0.62333,285.0668940986556
1090,2021-12-26,0.63678,291.217969332684
1091,2021-12-27,0.69956,319.9290848116656
1092,2021-12-28,0.63678,291.217969332684
1093,2021-12-29,0.58969,269.6823460783794
1094,2021-12-30,0.57848,264.55568783499956
1095,2021-12-31,0.50898,232.7713213840722
1096,2022-01-01,0.41704,190.72449186611158
1097,2022-01-02,0.65472,299.4224518381464
1098,2022-01-03,0.574,262.50685385370235
1099,2022-01-04,0.62109,284.042477108007
1100,2022-01-05,0.53364,244.04905486148039
1101,2022-01-06,0.4305,196.88014039027678
1102,2022-01-07,0.42601,194.82673311884278
1103,2022-01-08,0.52467,239.94681360874918
1104,2022-01-09,0.56503,258.4046126009712
1105,2022-01-10,0.48431,221.4890146165272
1106,2022-01-11,0.49776,227.64008985055557
1107,2022-01-12,0.46637,213.28453211106478
1108,2022-01-13,0.43498,198.92897437157396
1109,2022-01-14,0.42377,193.80231612819418
1110,2022-01-15,0.45292,207.1334568770364
1111,2022-01-16,0.59642,272.76017034046197
1112,2022-01-17,0.4888,223.5424218879612
1113,2022-01-18,0.38341,175.34451713597218
1114,2022-01-19,0.42826,195.85572339962818
1115,2022-01-20,0.37893,173.29568315467498
1116,2022-01-21,0.36772,168.1690249112952
1117,2022-01-22,0.6592,301.4712858194436
1118,2022-01-23,0.77804,355.82026580546096
1119,2022-01-24,0.56727,259.4290295916198
1120,2022-01-25,0.5157,235.844572356018
1121,2022-01-26,0.51794,236.86898934666655
1122,2022-01-27,0.46862,214.3135223918502
1123,2022-01-28,0.50001,228.66908013134096
1124,2022-01-29,0.44844,205.0846228957392
1125,2022-01-30,0.40135,183.5489996414346
1126,2022-01-31,0.45292,207.1334568770364
1127,2022-02-01,0.51122,233.7957383747208
1128,2022-02-02,0.68162,311.72460230620317
1129,2022-02-03,0.60539,276.8624115931932
1130,2022-02-04,0.5157,235.844572356018
1131,2022-02-05,0.59642,272.76017034046197
1132,2022-02-06,0.69284,316.8558338397198
1133,2022-02-07,0.5583,255.32678833888858
1134,2022-02-08,0.574,262.50685385370235
1135,2022-02-09,0.44171,202.0067986336566
1136,2022-02-10,0.49328,225.5912558692584
1137,2022-02-11,0.45068,206.1090398863878
1138,2022-02-12,0.51794,236.86898934666655
1139,2022-02-13,0.60763,277.8868285838418
1140,2022-02-14,0.56503,258.4046126009712
1141,2022-02-15,0.46189,211.2356981297676
1142,2022-02-16,0.51346,234.8201553653694
1143,2022-02-17,1.01347,463.4892354967104
1144,2022-02-18,2.82517,1292.0322095851295
1145,2022-02-19,1.64577,752.6583708480972
1146,2022-02-20,1.65026,754.7117781195312
1147,2022-02-21,2.18838,1000.8096669623088
1148,2022-02-22,0.55606,254.30237134823997
1149,2022-02-23,0.45068,206.1090398863878
1150,2022-02-24,0.4305,196.88014039027678
1151,2022-02-25,0.45068,206.1090398863878
1152,2022-02-26,0.53364,244.04905486148039
1153,2022-02-27,0.54709,250.20013009550877
1154,2022-02-28,0.70405,321.9824920830996
1155,2022-03-01,0.65472,299.4224518381464
1156,2022-03-02,0.45068,206.1090398863878
1157,2022-03-03,0.39462,180.471175379352
1158,2022-03-04,0.49552,226.615672859907
1159,2022-03-05,0.52691,240.97123059939778
1160,2022-03-06,0.75562,345.56694931870135
1161,2022-03-07,0.61884,283.0134868272215
1162,2022-03-08,0.5583,255.32678833888858
1163,2022-03-09,0.59418,271.7357533498134
1164,2022-03-10,0.76683,350.6936075620812
1165,2022-03-11,1.12558,514.7603912206451
1166,2022-03-12,1.22648,560.9048887012002
1167,2022-03-13,1.2915,590.6404211708305
1168,2022-03-14,1.35653,620.3805269305974
1169,2022-03-15,0.83858,383.506964293794
1170,2022-03-16,0.79822,365.04916530157203
1171,2022-03-17,0.55606,254.30237134823997
1172,2022-03-18,0.50225,229.69349712198957
1173,2022-03-19,0.6749,308.6513513342574
1174,2022-03-20,0.66593,304.5491100815262
1175,2022-03-21,0.49776,227.64008985055557
1176,2022-03-22,0.41032,187.6512408941658
1177,2022-03-23,0.43947,200.982381643008
1178,2022-03-24,0.35651,163.0423666679154
1179,2022-03-25,0.46413,212.26011512041617
1180,2022-03-26,0.62109,284.042477108007
1181,2022-03-27,0.52467,239.94681360874918
1182,2022-03-28,0.38341,175.34451713597218
1183,2022-03-29,0.39238,179.4467583887034
1184,2022-03-30,0.50001,228.66908013134096
1185,2022-03-31,0.44395,203.0312156243052
1186,2022-04-01,0.59866,273.7845873311106
1187,2022-04-02,0.69284,316.8558338397198
1188,2022-04-03,0.6592,301.4712858194436
1189,2022-04-04,1.27581,583.4649289461535
1190,2022-04-05,0.66593,304.5491100815262
1191,2022-04-06,0.47758,218.41119035444459
1192,2022-04-07,0.35651,163.0423666679154
1193,2022-04-08,0.37444,171.24227588324098
1194,2022-04-09,0.47534,217.38677336379598
1195,2022-04-10,0.52243,238.92239661810058
1196,2022-04-11,0.45068,206.1090398863878
1197,2022-04-12,0.31839,145.608984666342
1198,2022-04-13,0.39686,181.49559237000057
1199,2022-04-14,0.3296,150.7356429097218
1200,2022-04-15,0.32063,146.6334016569906
1201,2022-04-16,0.3879,177.3979244074062
1202,2022-04-17,0.42601,194.82673311884278
1203,2022-04-18,0.39462,180.471175379352
1204,2022-04-19,0.31839,145.608984666342
1205,2022-04-20,0.36323,166.11561763986117
1206,2022-04-21,0.34081,155.86230115310158
1207,2022-04-22,0.31166,142.53116040425937
1208,2022-04-23,0.3879,177.3979244074062
1209,2022-04-24,0.72871,333.26022556050776
1210,2022-04-25,1.02244,467.5914767494416
1211,2022-04-26,0.83634,382.4825473031454
1212,2022-04-27,0.79149,361.9713410394894
1213,2022-04-28,0.46637,213.28453211106478
1214,2022-04-29,0.33633,153.8134671718044
1215,2022-04-30,0.41704,190.72449186611158
1216,2022-05-01,0.53364,244.04905486148039
1217,2022-05-02,0.34529,157.91113513439876
1218,2022-05-03,0.36772,168.1690249112952
1219,2022-05-04,0.30718,140.4823264229622
1220,2022-05-05,0.31166,142.53116040425937
1221,2022-05-06,0.35875,164.066783658564
1222,2022-05-07,0.4305,196.88014039027678
1223,2022-05-08,0.47983,219.44018063522998
1224,2022-05-09,0.34754,158.9401254151842
1225,2022-05-10,0.28924,132.27784391749978
1226,2022-05-11,0.31166,142.53116040425937
1227,2022-05-12,0.3139,143.555577394908
1228,2022-05-13,0.32511,148.68223563828778
1229,2022-05-14,0.38565,176.3689341266208
1230,2022-05-15,0.53588,245.073471852129
1231,2022-05-16,0.34529,157.91113513439876
1232,2022-05-17,0.41929,191.753482146897
1233,2022-05-18,0.42601,194.82673311884278
1234,2022-05-19,0.32063,146.6334016569906
1235,2022-05-20,0.34754,158.9401254151842
1236,2022-05-21,0.35426,162.01337638713
1237,2022-05-22,0.46413,212.26011512041617
1238,2022-05-23,0.35875,164.066783658564
1239,2022-05-24,0.33633,153.8134671718044
1240,2022-05-25,0.2713,124.07336141203737
1241,2022-05-26,0.26682,122.02452743074019
1242,2022-05-27,0.25785,117.922286178009
1243,2022-05-28,0.39911,182.52458265078602
1244,2022-05-29,0.45516,208.157873867685
1245,2022-05-30,0.29372,134.32667789879696
1246,2022-05-31,0.21749,99.46448718578698
1247,2022-06-01,0.38341,175.34451713597218
1248,2022-06-02,0.36099,165.09120064921257
1249,2022-06-03,0.28924,132.27784391749978
1250,2022-06-04,0.32287,147.65781864763917
1251,2022-06-05,0.33408,152.78447689101898
1252,2022-06-06,0.36099,165.09120064921257
1253,2022-06-07,0.26682,122.02452743074019
1254,2022-06-08,0.2287,104.59114542916679
1255,2022-06-09,0.26457,120.99553714995479
1256,2022-06-10,0.25561,116.8978691873604
1257,2022-06-11,1.05159,480.9226174982838
1258,2022-06-12,1.28926,589.6160041801818
1259,2022-06-13,0.7175,328.133567317128
1260,2022-06-14,0.65472,299.4224518381464
1261,2022-06-15,0.62333,285.0668940986556
1262,2022-06-16,0.61212,279.9402358552758
1263,2022-06-17,0.53364,244.04905486148039
1264,2022-06-18,0.55158,252.25353736694277
1265,2022-06-19,0.59194,270.7113363591648
1266,2022-06-20,0.52019,237.897979627452
1267,2022-06-21,0.44844,205.0846228957392
1268,2022-06-22,0.40359,184.5734166320832
1269,2022-06-23,0.34754,158.9401254151842
1270,2022-06-24,0.26906,123.0489444213888
1271,2022-06-25,0.40359,184.5734166320832
1272,2022-06-26,0.52019,237.897979627452
1273,2022-06-27,0.50673,231.74233110328677
1274,2022-06-28,0.50449,230.71791411263817
1275,2022-06-29,0.43274,197.90455738092538
1276,2022-06-30,0.42153,192.7778991375456
1277,2022-07-01,0.44619,204.05563261495377
1278,2022-07-02,0.41032,187.6512408941658
1279,2022-07-03,0.60315,275.8379946025446
1280,2022-07-04,0.56279,257.3801956103226
1281,2022-07-05,0.51794,236.86898934666655
1282,2022-07-06,0.39014,178.42234139805478
1283,2022-07-07,0.27579,126.12676868347138
1284,2022-07-08,0.32511,148.68223563828778
1285,2022-07-09,0.35651,163.0423666679154
1286,2022-07-10,0.36996,169.1934419019438
1287,2022-07-11,0.35651,163.0423666679154
1288,2022-07-12,0.33857,154.83788416245298
1289,2022-07-13,0.30045,137.4045021608796
1290,2022-07-14,0.27579,126.12676868347138
1291,2022-07-15,0.23094,105.61556241981539
1292,2022-07-16,0.36772,168.1690249112952
1293,2022-07-17,0.3879,177.3979244074062
1294,2022-07-18,0.28475,130.22443664606578
1295,2022-07-19,0.30718,140.4823264229622
1296,2022-07-20,0.25785,117.922286178009
1297,2022-07-21,0.30493,139.45333614217677
1298,2022-07-22,0.19731,90.235587689676
1299,2022-07-23,0.3139,143.555577394908
1300,2022-07-24,0.39238,179.4467583887034
1301,2022-07-25,0.40808,186.6268239035172
1302,2022-07-26,0.46637,213.28453211106478
1303,2022-07-27,0.44844,205.0846228957392
1304,2022-07-28,0.40135,183.5489996414346
1305,2022-07-29,0.24888,113.82004492527778
1306,2022-07-30,0.30718,140.4823264229622
1307,2022-07-31,0.35202,160.9889593964814
1308,2022-08-01,0.4305,196.88014039027678
1309,2022-08-02,0.34754,158.9401254151842
1310,2022-08-03,0.32287,147.65781864763917
1311,2022-08-04,0.29821,136.38008517023098
1312,2022-08-05,0.27579,126.12676868347138
1313,2022-08-06,0.30942,141.50674341361076
1314,2022-08-07,0.35875,164.066783658564
1315,2022-08-08,0.33184,151.7600599003704
1316,2022-08-09,0.30718,140.4823264229622
1317,2022-08-10,0.33857,154.83788416245298
1318,2022-08-11,0.34978,159.9645424058328
1319,2022-08-12,0.34529,157.91113513439876
1320,2022-08-13,0.34754,158.9401254151842
1321,2022-08-14,0.41704,190.72449186611158
1322,2022-08-15,0.52467,239.94681360874918
1323,2022-08-16,0.36323,166.11561763986117
1324,2022-08-17,0.36099,165.09120064921257
1325,2022-08-18,0.36996,169.1934419019438
1326,2022-08-19,0.35875,164.066783658564
1327,2022-08-20,0.33857,154.83788416245298
1328,2022-08-21,0.41929,191.753482146897
1329,2022-08-22,0.40808,186.6268239035172
1330,2022-08-23,0.34081,155.86230115310158
1331,2022-08-24,0.34529,157.91113513439876
1332,2022-08-25,0.38117,174.32010014532358
1333,2022-08-26,0.33408,152.78447689101898
1334,2022-08-27,0.43274,197.90455738092538
1335,2022-08-28,0.78028,356.84468279610957
1336,2022-08-29,1.06056,485.02485875101496
1337,2022-08-30,0.88791,406.0670045387472
1338,2022-08-31,0.73992,338.3868838038876
1339,2022-09-01,0.72871,333.26022556050776
1340,2022-09-02,0.65248,298.3980348474978
1341,2022-09-03,0.8184,374.278064797683
1342,2022-09-04,0.90136,412.2180797727756
1343,2022-09-05,0.89688,410.1692457914784
1344,2022-09-06,0.7758,354.7958488148124
1345,2022-09-07,0.67938,310.70018531555456
1346,2022-09-08,0.7175,328.133567317128
1347,2022-09-09,0.52019,237.897979627452
1348,2022-09-10,0.44844,205.0846228957392
1349,2022-09-11,0.93724,428.6270447837004
1350,2022-09-12,1.48882,680.8805821506432
1351,2022-09-13,1.3072,597.8204866856441
1352,2022-09-14,0.89239,408.1158385200444
1353,2022-09-15,0.9462,432.7247127462948
1354,2022-09-16,0.93724,428.6270447837004
1355,2022-09-17,0.9193,420.422562278238
1356,2022-09-18,1.08522,496.30259222842324
1357,2022-09-19,0.98208,449.1336777572196
1358,2022-09-20,0.74441,340.4402910753216
1359,2022-09-21,0.81167,371.20024053560036
1360,2022-09-22,0.64126,293.2668033139812
1361,2022-09-23,0.68835,314.8024265682858
1362,2022-09-24,0.75786,346.59136630934995
1363,2022-09-25,0.98208,449.1336777572196
1364,2022-09-26,0.76907,351.7180245527298
1365,2022-09-27,0.78252,357.86909978675817
1366,2022-09-28,0.75562,345.56694931870135
1367,2022-09-29,0.63902,292.2423863233326
1368,2022-09-30,0.59418,271.7357533498134
1369,2022-10-01,0.7018,320.9535018023142
1370,2022-10-02,0.9036,413.2424967634242
1371,2022-10-03,0.96414,440.92919525175716
1372,2022-10-04,0.84082,384.5313812844426
1373,2022-10-05,0.86997,397.8625220332848
1374,2022-10-06,0.88567,405.0425875480986
1375,2022-10-07,0.78925,360.9469240488408
1376,2022-10-08,0.80719,369.15140655430315
1377,2022-10-09,1.23096,562.9537226824974
1378,2022-10-10,1.38119,631.6582604080055
1379,2022-10-11,1.00226,458.3625772533305
1380,2022-10-12,0.86549,395.8136880519876
1381,2022-10-13,0.85203,389.6580395278224
1382,2022-10-14,0.61436,280.9646528459244
1383,2022-10-15,0.84082,384.5313812844426
1384,2022-10-16,0.92602,423.49581325018374
1385,2022-10-17,0.76907,351.7180245527298
1386,2022-10-18,0.7758,354.7958488148124
1387,2022-10-19,0.76234,348.64020029064716
1388,2022-10-20,0.60763,277.8868285838418
1389,2022-10-21,0.71526,327.1091503264794
1390,2022-10-22,0.60763,277.8868285838418
1391,2022-10-23,0.74889,342.4891250566188
1392,2022-10-24,0.78925,360.9469240488408
1393,2022-10-25,0.69732,318.90466782101703
1394,2022-10-26,0.68162,311.72460230620317
1395,2022-10-27,0.60763,277.8868285838418
1396,2022-10-28,0.63678,291.217969332684
1397,2022-10-29,0.66144,302.4957028100922
1398,2022-10-30,0.52019,237.897979627452
1399,2022-10-31,0.59194,270.7113363591648
1400,2022-11-01,0.58297,266.6090951064336
1401,2022-11-02,0.61436,280.9646528459244
1402,2022-11-03,0.62557,286.09131108930416
1403,2022-11-04,0.56727,259.4290295916198
1404,2022-11-05,0.72198,330.18240129842513
1405,2022-11-06,0.7332,335.3136328319418
1406,2022-11-07,0.72647,332.23580856985916
1407,2022-11-08,0.66817,305.5735270721748
1408,2022-11-09,0.62109,284.042477108007
1409,2022-11-10,0.59194,270.7113363591648
1410,2022-11-11,0.61884,283.0134868272215
1411,2022-11-12,0.6323,289.1691353513868
1412,2022-11-13,0.73544,336.3380498225904
1413,2022-11-14,0.74216,339.4113007945362
1414,2022-11-15,0.74665,341.4647080659702
1415,2022-11-16,0.74889,342.4891250566188
1416,2022-11-17,0.63678,291.217969332684
1417,2022-11-18,0.56951,260.4534465822684
1418,2022-11-19,0.70629,323.0069090737482
1419,2022-11-20,0.68387,312.7535925869886
1420,2022-11-21,0.60315,275.8379946025446
1421,2022-11-22,0.61436,280.9646528459244
1422,2022-11-23,0.60315,275.8379946025446
1423,2022-11-24,0.50449,230.71791411263817
1424,2022-11-25,0.5157,235.844572356018
1425,2022-11-26,0.6323,289.1691353513868
1426,2022-11-27,0.71077,325.0557430550454
1427,2022-11-28,0.50673,231.74233110328677
1428,2022-11-29,0.53812,246.0978888427776
1429,2022-11-30,0.57176,261.4824368630538
1430,2022-12-01,0.60539,276.8624115931932
1431,2022-12-02,0.51122,233.7957383747208
1432,2022-12-03,0.54709,250.20013009550877
1433,2022-12-04,0.72871,333.26022556050776
1434,2022-12-05,0.52019,237.897979627452
1435,2022-12-06,0.58521,267.6335120970822
1436,2022-12-07,0.56055,256.35577861967397
1437,2022-12-08,0.53812,246.0978888427776
1438,2022-12-09,0.46862,214.3135223918502
1439,2022-12-10,0.5583,255.32678833888858
1440,2022-12-11,0.69508,317.8802508303684
1441,2022-12-12,0.58521,267.6335120970822
1442,2022-12-13,2.731,1248.965536366657
1443,2022-12-14,0.83409,381.45355702236
1444,2022-12-15,0.68162,311.72460230620317
1445,2022-12-16,0.66817,305.5735270721748
1446,2022-12-17,0.73768,337.362466813239
1447,2022-12-18,0.84306,385.5557982750912
1448,2022-12-19,0.58073,265.584678115785
1449,2022-12-20,0.61436,280.9646528459244
1450,2022-12-21,0.52467,239.94681360874918
1451,2022-12-22,0.52243,238.92239661810058
1452,2022-12-23,0.5157,235.844572356018
1453,2022-12-24,0.52467,239.94681360874918
1454,2022-12-25,0.54261,248.15129611421162
1455,2022-12-26,0.65248,298.3980348474978
1456,2022-12-27,0.44844,205.0846228957392
1457,2022-12-28,0.46637,213.28453211106478
1458,2022-12-29,0.44619,204.05563261495377
1459,2022-12-30,0.45965,210.211281139119
1460,2022-12-31,0.40583,185.5978336227318
1461,2023-01-01,0.39238,179.4467583887034
1462,2023-01-02,0.38565,176.3689341266208
1463,2023-01-03,0.41704,190.72449186611158
1464,2023-01-04,0.40808,186.6268239035172
1465,2023-01-05,0.29148,133.30226090814838
1466,2023-01-06,0.36996,169.1934419019438
1467,2023-01-07,0.38341,175.34451713597218
1468,2023-01-08,0.47758,218.41119035444459
1469,2023-01-09,0.48207,220.46459762587858
1470,2023-01-10,0.32736,149.7112259190732
1471,2023-01-11,0.3139,143.555577394908
1472,2023-01-12,0.35651,163.0423666679154
1473,2023-01-13,0.3139,143.555577394908
1474,2023-01-14,0.3722,170.21785889259237
1475,2023-01-15,0.45068,206.1090398863878
1476,2023-01-16,0.36996,169.1934419019438
1477,2023-01-17,0.34305,156.8867181437502
1478,2023-01-18,0.28251,129.20001965541718
1479,2023-01-19,0.30269,138.4289191515282
1480,2023-01-20,0.26457,120.99553714995479
1481,2023-01-21,0.26906,123.0489444213888
1482,2023-01-22,0.30942,141.50674341361076
1483,2023-01-23,0.4148,189.70007487546297
1484,2023-01-24,0.41032,187.6512408941658
1485,2023-01-25,0.41032,187.6512408941658
1486,2023-01-26,0.4148,189.70007487546297
1487,2023-01-27,0.40583,185.5978336227318
1488,2023-01-28,0.39911,182.52458265078602
1489,2023-01-29,0.50001,228.66908013134096
1490,2023-01-30,0.4148,189.70007487546297
1491,2023-01-31,0.35426,162.01337638713
1492,2023-02-01,0.40359,184.5734166320832
1493,2023-02-02,0.3722,170.21785889259237
1494,2023-02-03,0.3296,150.7356429097218
1495,2023-02-04,0.36772,168.1690249112952
1496,2023-02-05,0.42153,192.7778991375456
1497,2023-02-06,0.42153,192.7778991375456
1498,2023-02-07,0.42377,193.80231612819418
1499,2023-02-08,0.38341,175.34451713597218
1500,2023-02-09,0.34978,159.9645424058328
1501,2023-02-10,0.40583,185.5978336227318
1502,2023-02-11,0.48431,221.4890146165272
1503,2023-02-12,0.85427,390.682456518471
1504,2023-02-13,0.86997,397.8625220332848
1505,2023-02-14,0.61436,280.9646528459244
1506,2023-02-15,0.66593,304.5491100815262
1507,2023-02-16,0.55382,253.27795435759137
1508,2023-02-17,0.46862,214.3135223918502
1509,2023-02-18,0.52243,238.92239661810058
1510,2023-02-19,0.60091,274.81357761189605
1511,2023-02-20,0.64575,295.3202105854152
1512,2023-02-21,0.58969,269.6823460783794
1513,2023-02-22,0.55158,252.25353736694277
1514,2023-02-23,0.59194,270.7113363591648
1515,2023-02-24,0.56727,259.4290295916198
1516,2023-02-25,0.64575,295.3202105854152
1517,2023-02-26,0.75786,346.59136630934995
1518,2023-02-27,0.6749,308.6513513342574
1519,2023-02-28,0.62557,286.09131108930416
1520,2023-03-01,0.7758,354.7958488148124
1521,2023-03-02,0.81616,373.2536478070344
1522,2023-03-03,0.88342,404.0135972673132
1523,2023-03-04,0.92154,421.4469792688866
1524,2023-03-05,1.00226,458.3625772533305
1525,2023-03-06,0.84306,385.5557982750912
1526,2023-03-07,0.7332,335.3136328319418
1527,2023-03-08,0.78701,359.9225070581922
1528,2023-03-09,0.57624,263.53127084435096
1529,2023-03-10,0.57176,261.4824368630538
1530,2023-03-11,0.63902,292.2423863233326
1531,2023-03-12,0.71526,327.1091503264794
1532,2023-03-13,0.62333,285.0668940986556
1533,2023-03-14,0.50001,228.66908013134096
1534,2023-03-15,0.53588,245.073471852129
1535,2023-03-16,0.50898,232.7713213840722
1536,2023-03-17,0.50673,231.74233110328677
1537,2023-03-18,0.49328,225.5912558692584
1538,2023-03-19,0.59866,273.7845873311106
1539,2023-03-20,0.5157,235.844572356018
1540,2023-03-21,0.45516,208.157873867685
1541,2023-03-22,0.50898,232.7713213840722
1542,2023-03-23,0.41256,188.67565788481437
1543,2023-03-24,0.45516,208.157873867685
1544,2023-03-25,0.44171,202.0067986336566
1545,2023-03-26,0.58745,268.6579290877308
1546,2023-03-27,0.50898,232.7713213840722
1547,2023-03-28,0.4888,223.5424218879612
1548,2023-03-29,0.45965,210.211281139119
1549,2023-03-30,0.35202,160.9889593964814
1550,2023-03-31,0.40583,185.5978336227318
1551,2023-04-01,0.5157,235.844572356018
1552,2023-04-02,0.48655,222.51343160717576
1553,2023-04-03,0.45516,208.157873867685
1554,2023-04-04,0.46637,213.28453211106478
1555,2023-04-05,0.3879,177.3979244074062
1556,2023-04-06,0.34978,159.9645424058328
1557,2023-04-07,0.37893,173.29568315467498
1558,2023-04-08,0.37444,171.24227588324098
1559,2023-04-09,0.41704,190.72449186611158
1560,2023-04-10,0.52915,241.9956475900464
1561,2023-04-11,0.40808,186.6268239035172
1562,2023-04-12,0.39911,182.52458265078602
1563,2023-04-13,0.33408,152.78447689101898
1564,2023-04-14,0.29148,133.30226090814838
1565,2023-04-15,0.39238,179.4467583887034
1566,2023-04-16,0.39014,178.42234139805478
1567,2023-04-17,0.35875,164.066783658564
1568,2023-04-18,0.34529,157.91113513439876
1569,2023-04-19,0.32287,147.65781864763917
1570,2023-04-20,0.31839,145.608984666342
1571,2023-04-21,0.2713,124.07336141203737
1572,2023-04-22,0.32736,149.7112259190732
1573,2023-04-23,0.38565,176.3689341266208
1574,2023-04-24,0.40808,186.6268239035172
1575,2023-04-25,0.32511,148.68223563828778
1576,2023-04-26,0.34529,157.91113513439876
1577,2023-04-27,0.27803,127.15118567411999
1578,2023-04-28,0.32511,148.68223563828778
1579,2023-04-29,0.34754,158.9401254151842
1580,2023-04-30,0.3879,177.3979244074062
1581,2023-05-01,0.35426,162.01337638713
1582,2023-05-02,0.33633,153.8134671718044
1583,2023-05-03,0.38341,175.34451713597218
1584,2023-05-04,0.33633,153.8134671718044
1585,2023-05-05,0.36099,165.09120064921257
1586,2023-05-06,0.4148,189.70007487546297
1587,2023-05-07,0.4305,196.88014039027678
1588,2023-05-08,0.44619,204.05563261495377
1589,2023-05-09,0.34978,159.9645424058328
1590,2023-05-10,0.40135,183.5489996414346
1591,2023-05-11,0.44619,204.05563261495377
1592,2023-05-12,0.6166,281.989069836573
1593,2023-05-13,0.4305,196.88014039027678
1594,2023-05-14,0.44395,203.0312156243052
1595,2023-05-15,0.48655,222.51343160717576
1596,2023-05-16,0.45516,208.157873867685
1597,2023-05-17,0.52467,239.94681360874918
1598,2023-05-18,0.37669,172.2712661640264
1599,2023-05-19,0.36772,168.1690249112952
1600,2023-05-20,0.37893,173.29568315467498
1601,2023-05-21,0.5314,243.02463787083178
1602,2023-05-22,0.44619,204.05563261495377
1603,2023-05-23,0.75562,345.56694931870135
1604,2023-05-24,0.56279,257.3801956103226
1605,2023-05-25,0.36323,166.11561763986117
1606,2023-05-26,0.38117,174.32010014532358
1607,2023-05-27,0.38341,175.34451713597218
1608,2023-05-28,0.43498,198.92897437157396
1609,2023-05-29,0.43274,197.90455738092538
1610,2023-05-30,0.43498,198.92897437157396
1611,2023-05-31,0.36323,166.11561763986117
1612,2023-06-01,0.34978,159.9645424058328
1613,2023-06-02,0.3139,143.555577394908
1614,2023-06-03,0.36772,168.1690249112952
1615,2023-06-04,0.41704,190.72449186611158
1616,2023-06-05,0.36323,166.11561763986117
1617,2023-06-06,0.46189,211.2356981297676
1618,2023-06-07,0.46189,211.2356981297676
1619,2023-06-08,0.29597,135.3556681795824
1620,2023-06-09,0.33184,151.7600599003704
1621,2023-06-10,0.32287,147.65781864763917
1622,2023-06-11,0.39911,182.52458265078602
1623,2023-06-12,0.39238,179.4467583887034
1624,2023-06-13,0.33857,154.83788416245298
1625,2023-06-14,0.29372,134.32667789879696
1626,2023-06-15,0.29148,133.30226090814838
1627,2023-06-16,0.26906,123.0489444213888
1628,2023-06-17,0.28027,128.1756026647686
1629,2023-06-18,0.34305,156.8867181437502
1630,2023-06-19,0.30045,137.4045021608796
1631,2023-06-20,0.287,131.25342692685118
1632,2023-06-21,0.27579,126.12676868347138
1633,2023-06-22,0.32063,146.6334016569906
1634,2023-06-23,0.29821,136.38008517023098
1635,2023-06-24,0.22646,103.5667284385182
1636,2023-06-25,0.31839,145.608984666342
1637,2023-06-26,0.29597,135.3556681795824
1638,2023-06-27,0.26906,123.0489444213888
1639,2023-06-28,0.28924,132.27784391749978
1640,2023-06-29,0.26682,122.02452743074019
1641,2023-06-30,0.29148,133.30226090814838
1642,2023-07-01,0.29821,136.38008517023098
1643,2023-07-02,0.33633,153.8134671718044
1644,2023-07-03,0.30942,141.50674341361076
1645,2023-07-04,0.31615,144.5845676756934
1646,2023-07-05,0.26233,119.97112015930618
1647,2023-07-06,0.21076,96.38666292370438
1648,2023-07-07,0.26009,118.94670316865758
1649,2023-07-08,0.19731,90.235587689676
1650,2023-07-09,0.26457,120.99553714995479
1651,2023-07-10,0.23543,107.6689696912494
1652,2023-07-11,0.19955,91.26000468032458
1653,2023-07-12,0.22646,103.5667284385182
1654,2023-07-13,0.21749,99.46448718578698
1655,2023-07-14,0.25561,116.8978691873604
1656,2023-07-15,0.24664,112.7956279346292
1657,2023-07-16,0.28475,130.22443664606578
1658,2023-07-17,0.2287,104.59114542916679
1659,2023-07-18,0.213,97.41107991435298
1660,2023-07-19,0.21749,99.46448718578698
1661,2023-07-20,0.21973,100.4889041764356
1662,2023-07-21,0.24888,113.82004492527778
1663,2023-07-22,0.22197,101.51332116708419
1664,2023-07-23,0.29148,133.30226090814838
1665,2023-07-24,0.24664,112.7956279346292
1666,2023-07-25,0.23094,105.61556241981539
1667,2023-07-26,0.23991,109.7178036725466
1668,2023-07-27,0.22197,101.51332116708419
1669,2023-07-28,0.18386,84.0845124556476
1670,2023-07-29,0.21076,96.38666292370438
1671,2023-07-30,0.26682,122.02452743074019
1672,2023-07-31,0.67041,306.59794406282333
1673,2023-08-01,0.37669,172.2712661640264
1674,2023-08-02,0.25785,117.922286178009
1675,2023-08-03,0.21076,96.38666292370438
1676,2023-08-04,0.20852,95.36224593305579
1677,2023-08-05,0.213,97.41107991435298
1678,2023-08-06,0.25336,115.86887890657496
1679,2023-08-07,0.22422,102.5423114478696
1680,2023-08-08,0.23543,107.6689696912494
1681,2023-08-09,0.26906,123.0489444213888
1682,2023-08-10,0.25112,114.84446191592639
1683,2023-08-11,0.25112,114.84446191592639
1684,2023-08-12,0.13901,63.573306191991584
1685,2023-08-13,0.25785,117.922286178009
1686,2023-08-14,0.20852,95.36224593305579
1687,2023-08-15,0.22646,103.5667284385182
1688,2023-08-16,0.20628,94.33782894240719
1689,2023-08-17,0.13004,59.47106493926037
1690,2023-08-18,0.17937,82.03110518421359
1691,2023-08-19,0.25336,115.86887890657496
1692,2023-08-20,0.28027,128.1756026647686
1693,2023-08-21,0.19731,90.235587689676
1694,2023-08-22,0.30718,140.4823264229622
1695,2023-08-23,0.287,131.25342692685118
1696,2023-08-24,0.287,131.25342692685118
1697,2023-08-25,0.26906,123.0489444213888
1698,2023-08-26,0.28251,129.20001965541718
1699,2023-08-27,0.52691,240.97123059939778
1700,2023-08-28,0.76234,348.64020029064716
1701,2023-08-29,0.47086,215.3379393824988
1702,2023-08-30,0.42153,192.7778991375456
1703,2023-08-31,0.45516,208.157873867685
1704,2023-09-01,0.38117,174.32010014532358
1705,2023-09-02,0.46413,212.26011512041617
1706,2023-09-03,0.4574,209.18229085833357
1707,2023-09-04,0.51794,236.86898934666655
1708,2023-09-05,0.43947,200.982381643008
1709,2023-09-06,0.37893,173.29568315467498
1710,2023-09-07,0.40808,186.6268239035172
1711,2023-09-08,0.60539,276.8624115931932
1712,2023-09-09,0.58745,268.6579290877308
1713,2023-09-10,0.59418,271.7357533498134
1714,2023-09-11,0.45068,206.1090398863878
1715,2023-09-12,0.45292,207.1334568770364
1716,2023-09-13,0.46189,211.2356981297676
1717,2023-09-14,0.42601,194.82673311884278
1718,2023-09-15,0.45516,208.157873867685
1719,2023-09-16,0.40583,185.5978336227318
1720,2023-09-17,0.4888,223.5424218879612
1721,2023-09-18,0.49776,227.64008985055557
1722,2023-09-19,0.47086,215.3379393824988
1723,2023-09-20,0.38341,175.34451713597218
1724,2023-09-21,0.39238,179.4467583887034
1725,2023-09-22,0.41032,187.6512408941658
1726,2023-09-23,0.50001,228.66908013134096
1727,2023-09-24,0.46413,212.26011512041617
1728,2023-09-25,0.42826,195.85572339962818
1729,2023-09-26,0.47086,215.3379393824988
1730,2023-09-27,0.40808,186.6268239035172
1731,2023-09-28,0.27579,126.12676868347138
1732,2023-09-29,0.31839,145.608984666342
1733,2023-09-30,0.39686,181.49559237000057
1734,2023-10-01,0.5314,243.02463787083178
1735,2023-10-02,0.55158,252.25353736694277
1736,2023-10-03,0.63005,288.14014507060136
1737,2023-10-04,0.54037,247.12687912356301
1738,2023-10-05,0.55158,252.25353736694277
1739,2023-10-06,0.42601,194.82673311884278
1740,2023-10-07,0.3879,177.3979244074062
1741,2023-10-08,0.61436,280.9646528459244
1742,2023-10-09,0.69732,318.90466782101703
1743,2023-10-10,0.68611,313.7780095776372
1744,2023-10-11,0.49104,224.5668388786098
1745,2023-10-12,0.47534,217.38677336379598
1746,2023-10-13,0.4305,196.88014039027678
1747,2023-10-14,0.42377,193.80231612819418
1748,2023-10-15,0.6166,281.989069836573
1749,2023-10-16,0.44395,203.0312156243052
1750,2023-10-17,0.41929,191.753482146897
1751,2023-10-18,0.42153,192.7778991375456
1752,2023-10-19,0.35651,163.0423666679154
1753,2023-10-20,0.47534,217.38677336379598
1754,2023-10-21,0.53588,245.073471852129
1755,2023-10-22,0.68835,314.8024265682858
1756,2023-10-23,0.59866,273.7845873311106
1757,2023-10-24,0.50898,232.7713213840722
1758,2023-10-25,0.53588,245.073471852129
1759,2023-10-26,0.40583,185.5978336227318
1760,2023-10-27,0.4574,209.18229085833357
1761,2023-10-28,0.44619,204.05563261495377
1762,2023-10-29,0.53364,244.04905486148039
1763,2023-10-30,0.50673,231.74233110328677
1764,2023-10-31,0.47758,218.41119035444459
1765,2023-11-01,0.55606,254.30237134823997
1766,2023-11-02,0.50449,230.71791411263817
1767,2023-11-03,0.4731,216.3623563731474
1768,2023-11-04,0.50898,232.7713213840722
1769,2023-11-05,0.574,262.50685385370235
1770,2023-11-06,0.56727,259.4290295916198
1771,2023-11-07,0.5583,255.32678833888858
1772,2023-11-08,1.0202,466.567059758793
1773,2023-11-09,0.95293,435.8025370083774
1774,2023-11-10,0.74216,339.4113007945362
1775,2023-11-11,0.7758,354.7958488148124
1776,2023-11-12,0.99553,455.284752991248
1777,2023-11-13,0.81391,372.22465752624896
1778,2023-11-14,0.75338,344.5425323280528
1779,2023-11-15,0.68611,313.7780095776372
1780,2023-11-16,0.59194,270.7113363591648
1781,2023-11-17,0.58969,269.6823460783794
1782,2023-11-18,0.88118,402.98918027666457
1783,2023-11-19,0.92827,424.5248035309692
1784,2023-11-20,0.64799,296.3446275760638
1785,2023-11-21,0.85876,392.73586378990495
1786,2023-11-22,1.00899,461.4404015154132
1787,2023-11-23,0.71974,329.1579843077766
1788,2023-11-24,0.72647,332.23580856985916
1789,2023-11-25,0.73768,337.362466813239
1790,2023-11-26,0.82737,378.3803060504142
1791,2023-11-27,0.62781,287.11572807995276
1792,2023-11-28,0.54037,247.12687912356301
1793,2023-11-29,0.56279,257.3801956103226
1794,2023-11-30,0.93275,426.5736375122664
1795,2023-12-01,0.7018,320.9535018023142
1796,2023-12-02,0.82737,378.3803060504142
1797,2023-12-03,0.80719,369.15140655430315
1798,2023-12-04,0.64351,294.2957935947666
1799,2023-12-05,0.68162,311.72460230620317
1800,2023-12-06,0.65023,297.3690445667124
1801,2023-12-07,0.61436,280.9646528459244
1802,2023-12-08,0.54261,248.15129611421162
1803,2023-12-09,0.64799,296.3446275760638
1804,2023-12-10,0.75338,344.5425323280528
1805,2023-12-11,0.53812,246.0978888427776
1806,2023-12-12,0.4731,216.3623563731474
1807,2023-12-13,0.58745,268.6579290877308
1808,2023-12-14,0.61884,283.0134868272215
1809,2023-12-15,0.52019,237.897979627452
1810,2023-12-16,0.67266,307.6269343436088
1811,2023-12-17,0.68835,314.8024265682858
1812,2023-12-18,0.63005,288.14014507060136
1813,2023-12-19,0.94845,433.7537030270802
1814,2023-12-20,0.83185,380.42914003171137
1815,2023-12-21,0.6166,281.989069836573
1816,2023-12-22,0.51346,234.8201553653694
1817,2023-12-23,0.6323,289.1691353513868
1818,2023-12-24,0.79149,361.9713410394894
1819,2023-12-25,0.69508,317.8802508303684
1820,2023-12-26,0.58521,267.6335120970822
1821,2023-12-27,0.52243,238.92239661810058
1822,2023-12-28,0.63005,288.14014507060136
1823,2023-12-29,0.62333,285.0668940986556
1824,2023-12-30,0.61436,280.9646528459244
1825,2023-12-31,0.63454,290.1935523420354
1826,2024-01-01,0.54037,247.12687912356301
1827,2024-01-02,0.45068,206.1090398863878
1828,2024-01-03,0.4888,223.5424218879612
1829,2024-01-04,0.5157,235.844572356018
1830,2024-01-05,0.50225,229.69349712198957
1831,2024-01-06,0.50673,231.74233110328677
1832,2024-01-07,0.60539,276.8624115931932
1833,2024-01-08,0.43274,197.90455738092538
1834,2024-01-09,0.43274,197.90455738092538
1835,2024-01-10,0.43722,199.95339136222256
1836,2024-01-11,0.4305,196.88014039027678
1837,2024-01-12,0.3722,170.21785889259237
1838,2024-01-13,0.45965,210.211281139119
1839,2024-01-14,0.51794,236.86898934666655
1840,2024-01-15,0.47758,218.41119035444459
1841,2024-01-16,0.40359,184.5734166320832
1842,2024-01-17,0.30045,137.4045021608796
1843,2024-01-18,0.32287,147.65781864763917
1844,2024-01-19,0.36099,165.09120064921257
1845,2024-01-20,0.42377,193.80231612819418
1846,2024-01-21,0.4731,216.3623563731474
1847,2024-01-22,0.42826,195.85572339962818
1848,2024-01-23,0.3879,177.3979244074062
1849,2024-01-24,0.37669,172.2712661640264
1850,2024-01-25,0.33408,152.78447689101898
1851,2024-01-26,0.36772,168.1690249112952
1852,2024-01-27,0.4148,189.70007487546297
1853,2024-01-28,0.48207,220.46459762587858
1854,2024-01-29,0.36772,168.1690249112952
1855,2024-01-30,0.36772,168.1690249112952
1856,2024-01-31,0.33184,151.7600599003704
1857,2024-02-01,0.36099,165.09120064921257
1858,2024-02-02,0.37893,173.29568315467498
1859,2024-02-03,0.36323,166.11561763986117
1860,2024-02-04,0.64575,295.3202105854152
1861,2024-02-05,0.76683,350.6936075620812
1862,2024-02-06,0.49328,225.5912558692584
1863,2024-02-07,0.48207,220.46459762587858
1864,2024-02-08,0.47983,219.44018063522998
1865,2024-02-09,0.45516,208.157873867685
1866,2024-02-10,0.44619,204.05563261495377
1867,2024-02-11,0.6749,308.6513513342574
1868,2024-02-12,0.861,393.76028078055356
1869,2024-02-13,0.89463,409.140255510693
1870,2024-02-14,0.69284,316.8558338397198
1871,2024-02-15,0.56279,257.3801956103226
1872,2024-02-16,0.64351,294.2957935947666
1873,2024-02-17,0.69284,316.8558338397198
1874,2024-02-18,0.73544,336.3380498225904
1875,2024-02-19,0.81167,371.20024053560036
1876,2024-02-20,0.91481,418.36915500680396
1877,2024-02-21,1.06953,489.12710000374625
1878,2024-02-22,0.7758,354.7958488148124
1879,2024-02-23,0.74665,341.4647080659702
1880,2024-02-24,0.91257,417.34473801615536
1881,2024-02-25,0.9462,432.7247127462948
1882,2024-02-26,0.82288,376.32689877898014
1883,2024-02-27,2.60095,1189.48989813726
1884,2024-02-28,2.56283,1172.0565161356865
1885,2024-02-29,2.2422,1025.4231144786959
1886,2024-03-01,1.67268,764.9650946062908
1887,2024-03-02,1.41258,646.0138181474964
1888,2024-03-03,1.41931,649.091642409579
1889,2024-03-04,0.97087,444.0070195138398
1890,2024-03-05,1.01347,463.4892354967104
1891,2024-03-06,0.84306,385.5557982750912
1892,2024-03-07,0.98432,450.1580947478682
1893,2024-03-08,0.89463,409.140255510693
1894,2024-03-09,1.19957,548.5981649430066
1895,2024-03-10,1.03589,473.74255198347
1896,2024-03-11,0.83185,380.42914003171137
1897,2024-03-12,0.71526,327.1091503264794
1898,2024-03-13,0.80495,368.1269895636546
1899,2024-03-14,0.68835,314.8024265682858
1900,2024-03-15,0.62109,284.042477108007
1901,2024-03-16,0.95517,436.826953999026
1902,2024-03-17,0.86773,396.8381050426362
1903,2024-03-18,0.79822,365.04916530157203
1904,2024-03-19,0.74665,341.4647080659702
1905,2024-03-20,0.65023,297.3690445667124
1906,2024-03-21,0.65248,298.3980348474978
1907,2024-03-22,0.6323,289.1691353513868
1908,2024-03-23,0.73992,338.3868838038876
1909,2024-03-24,0.69956,319.9290848116656
1910,2024-03-25,0.68162,311.72460230620317
1911,2024-03-26,0.73095,334.28464255115637
1912,2024-03-27,0.61212,279.9402358552758
1913,2024-03-28,0.59866,273.7845873311106
1914,2024-03-29,0.56727,259.4290295916198
1915,2024-03-30,0.72423,331.2113915792106
1916,2024-03-31,0.78252,357.86909978675817
1917,2024-04-01,0.59418,271.7357533498134
1918,2024-04-02,0.52467,239.94681360874918
1919,2024-04-03,0.50898,232.7713213840722
1920,2024-04-04,0.54709,250.20013009550877
1921,2024-04-05,0.55382,253.27795435759137
1922,2024-04-06,0.59866,273.7845873311106
1923,2024-04-07,0.64126,293.2668033139812
1924,2024-04-08,0.52691,240.97123059939778
1925,2024-04-09,0.44619,204.05563261495377
1926,2024-04-10,0.61212,279.9402358552758
1927,2024-04-11,0.52467,239.94681360874918
1928,2024-04-12,0.49776,227.64008985055557
1929,2024-04-13,0.52915,241.9956475900464
1930,2024-04-14,0.53364,244.04905486148039
1931,2024-04-15,0.49552,226.615672859907
1932,2024-04-16,0.45068,206.1090398863878
1933,2024-04-17,0.44844,205.0846228957392
1934,2024-04-18,0.39911,182.52458265078602
1935,2024-04-19,0.3879,177.3979244074062
1936,2024-04-20,0.5314,243.02463787083178
1937,2024-04-21,0.56055,256.35577861967397
1938,2024-04-22,0.44395,203.0312156243052
1939,2024-04-23,0.39462,180.471175379352
1940,2024-04-24,0.4148,189.70007487546297
1941,2024-04-25,0.34978,159.9645424058328
1942,2024-04-26,0.35875,164.066783658564
1943,2024-04-27,0.44619,204.05563261495377
1944,2024-04-28,0.574,262.50685385370235
1945,2024-04-29,0.4574,209.18229085833357
1946,2024-04-30,0.43274,197.90455738092538
1947,2024-05-01,0.48655,222.51343160717576
1948,2024-05-02,0.45068,206.1090398863878
1949,2024-05-03,0.38565,176.3689341266208
1950,2024-05-04,0.4731,216.3623563731474
1951,2024-05-05,0.4148,189.70007487546297
1952,2024-05-06,0.3722,170.21785889259237
1953,2024-05-07,0.41704,190.72449186611158
1954,2024-05-08,0.32287,147.65781864763917
1955,2024-05-09,0.30718,140.4823264229622
1956,2024-05-10,0.3722,170.21785889259237
1957,2024-05-11,0.43947,200.982381643008
1958,2024-05-12,0.53588,245.073471852129
1959,2024-05-13,0.46637,213.28453211106478
1960,2024-05-14,0.29597,135.3556681795824
1961,2024-05-15,0.37444,171.24227588324098
1962,2024-05-16,0.29821,136.38008517023098
1963,2024-05-17,0.34305,156.8867181437502
1964,2024-05-18,0.35875,164.066783658564
1965,2024-05-19,0.39014,178.42234139805478
1966,2024-05-20,0.36547,167.14003463050977
1967,2024-05-21,0.33408,152.78447689101898
1968,2024-05-22,0.35651,163.0423666679154
1969,2024-05-23,0.3296,150.7356429097218
1970,2024-05-24,0.30718,140.4823264229622
1971,2024-05-25,0.45516,208.157873867685
1972,2024-05-26,0.39238,179.4467583887034
1973,2024-05-27,0.34978,159.9645424058328
1974,2024-05-28,0.36547,167.14003463050977
1975,2024-05-29,0.32063,146.6334016569906
1976,2024-05-30,0.45292,207.1334568770364
1977,2024-05-31,0.79149,361.9713410394894
1978,2024-06-01,0.98656,451.1825117385168
1979,2024-06-02,0.73992,338.3868838038876
1980,2024-06-03,0.41704,190.72449186611158
1981,2024-06-04,0.47983,219.44018063522998
1982,2024-06-05,0.37444,171.24227588324098
1983,2024-06-06,0.41929,191.753482146897
1984,2024-06-07,0.41929,191.753482146897
1985,2024-06-08,0.39686,181.49559237000057
1986,2024-06-09,0.53812,246.0978888427776
1987,2024-06-10,0.42377,193.80231612819418
1988,2024-06-11,0.33633,153.8134671718044
1989,2024-06-12,0.3722,170.21785889259237
1990,2024-06-13,0.35875,164.066783658564
1991,2024-06-14,0.31615,144.5845676756934
1992,2024-06-15,0.40135,183.5489996414346
1993,2024-06-16,0.42153,192.7778991375456
1994,2024-06-17,0.34305,156.8867181437502
1995,2024-06-18,0.3722,170.21785889259237
1996,2024-06-19,0.36099,165.09120064921257
1997,2024-06-20,0.31615,144.5845676756934
1998,2024-06-21,0.48431,221.4890146165272
1999,2024-06-22,0.48207,220.46459762587858
2000,2024-06-23,0.41929,191.753482146897
2001,2024-06-24,0.35875,164.066783658564
2002,2024-06-25,0.38565,176.3689341266208
2003,2024-06-26,0.44395,203.0312156243052
2004,2024-06-27,0.34754,158.9401254151842
2005,2024-06-28,0.29148,133.30226090814838
2006,2024-06-29,0.35426,162.01337638713
2007,2024-06-30,0.31615,144.5845676756934
2008,2024-07-01,0.31615,144.5845676756934
2009,2024-07-02,0.32287,147.65781864763917
2010,2024-07-03,0.31839,145.608984666342
2011,2024-07-04,0.29148,133.30226090814838
2012,2024-07-05,0.29597,135.3556681795824
2013,2024-07-06,0.3722,170.21785889259237
2014,2024-07-07,0.33408,152.78447689101898
2015,2024-07-08,0.34978,159.9645424058328
2016,2024-07-09,0.30269,138.4289191515282
2017,2024-07-10,0.26233,119.97112015930618
2018,2024-07-11,0.27354,125.09777840268598
2019,2024-07-12,0.24888,113.82004492527778
2020,2024-07-13,0.29597,135.3556681795824
2021,2024-07-14,0.32736,149.7112259190732
2022,2024-07-15,0.27354,125.09777840268598
2023,2024-07-16,0.26009,118.94670316865758
2024,2024-07-17,0.25112,114.84446191592639
2025,2024-07-18,0.23318,106.63997941046398
2026,2024-07-19,0.2713,124.07336141203737
2027,2024-07-20,0.30045,137.4045021608796
2028,2024-07-21,0.37893,173.29568315467498
2029,2024-07-22,0.33408,152.78447689101898
2030,2024-07-23,0.21973,100.4889041764356
2031,2024-07-24,0.21076,96.38666292370438
2032,2024-07-25,0.30493,139.45333614217677
2033,2024-07-26,0.29597,135.3556681795824
2034,2024-07-27,0.28924,132.27784391749978
2035,2024-07-28,0.32736,149.7112259190732
2036,2024-07-29,0.29372,134.32667789879696
2037,2024-07-30,0.29821,136.38008517023098
2038,2024-07-31,0.33633,153.8134671718044
2039,2024-08-01,0.25112,114.84446191592639
2040,2024-08-02,0.29372,134.32667789879696
2041,2024-08-03,0.26906,123.0489444213888
2042,2024-08-04,0.35426,162.01337638713
2043,2024-08-05,0.29821,136.38008517023098
2044,2024-08-06,0.30493,139.45333614217677
2045,2024-08-07,0.30269,138.4289191515282
2046,2024-08-08,0.29821,136.38008517023098
2047,2024-08-09,0.26682,122.02452743074019
2048,2024-08-10,0.31839,145.608984666342
2049,2024-08-11,0.39462,180.471175379352
2050,2024-08-12,0.34529,157.91113513439876
2051,2024-08-13,0.28027,128.1756026647686
2052,2024-08-14,0.30493,139.45333614217677
2053,2024-08-15,0.36323,166.11561763986117
2054,2024-08-16,0.3139,143.555577394908
2055,2024-08-17,0.29821,136.38008517023098
2056,2024-08-18,0.3139,143.555577394908
2057,2024-08-19,0.32511,148.68223563828778
2058,2024-08-20,0.32736,149.7112259190732
2059,2024-08-21,0.29372,134.32667789879696
2060,2024-08-22,0.32063,146.6334016569906
2061,2024-08-23,0.52915,241.9956475900464
2062,2024-08-24,0.57848,264.55568783499956
2063,2024-08-25,0.60539,276.8624115931932
2064,2024-08-26,0.73095,334.28464255115637
2065,2024-08-27,0.65696,300.446868828795
2066,2024-08-28,0.54933,251.22454708615737
2067,2024-08-29,0.55158,252.25353736694277
2068,2024-08-30,0.59866,273.7845873311106
2069,2024-08-31,0.81167,371.20024053560036
2070,2024-09-01,0.74441,340.4402910753216
2071,2024-09-02,0.574,262.50685385370235
2072,2024-09-03,0.54709,250.20013009550877
2073,2024-09-04,0.56503,258.4046126009712
2074,2024-09-05,0.52691,240.97123059939778
2075,2024-09-06,0.49328,225.5912558692584
2076,2024-09-07,0.62781,287.11572807995276
2077,2024-09-08,0.58297,266.6090951064336
2078,2024-09-09,0.66593,304.5491100815262
2079,2024-09-10,0.48655,222.51343160717576
2080,2024-09-11,0.50449,230.71791411263817
2081,2024-09-12,0.47983,219.44018063522998
2082,2024-09-13,0.43274,197.90455738092538
2083,2024-09-14,0.5157,235.844572356018
2084,2024-09-15,0.56727,259.4290295916198
2085,2024-09-16,1.00899,461.4404015154132
2086,2024-09-17,1.23545,565.0071299539313
2087,2024-09-18,1.14352,522.9648737261076
2088,2024-09-19,1.07625,492.20035097569195
2089,2024-09-20,1.00002,457.3381602626819
2090,2024-09-21,0.93275,426.5736375122664
2091,2024-09-22,0.91706,419.3981452875894
2092,2024-09-23,0.77804,355.82026580546096
2093,2024-09-24,0.65472,299.4224518381464
2094,2024-09-25,0.57848,264.55568783499956
2095,2024-09-26,0.50673,231.74233110328677
2096,2024-09-27,0.55382,253.27795435759137
2097,2024-09-28,0.60539,276.8624115931932
2098,2024-09-29,0.59642,272.76017034046197
2099,2024-09-30,0.65248,298.3980348474978
