,date,드로우핏,드로우핏_absolute
0,2019-01-01,0.82513,377.3558890597656
1,2019-01-02,1.0202,466.567059758793
2,2019-01-03,0.81616,373.2536478070344
3,2019-01-04,0.85652,391.71144679925635
4,2019-01-05,0.72198,330.18240129842513
5,2019-01-06,0.81616,373.2536478070344
6,2019-01-07,0.90584,414.2669137540728
7,2019-01-08,1.00674,460.41141123462774
8,2019-01-09,0.7175,328.133567317128
9,2019-01-10,0.94396,431.7002957556462
10,2019-01-11,2.59647,1187.4410641559627
11,2019-01-12,1.30271,595.7670794142102
12,2019-01-13,1.26011,576.2848634313397
13,2019-01-14,1.32738,607.0493861817552
14,2019-01-15,1.17715,538.344848456247
15,2019-01-16,1.00002,457.3381602626819
16,2019-01-17,0.93948,429.651461774349
17,2019-01-18,0.82513,377.3558890597656
18,2019-01-19,0.82513,377.3558890597656
19,2019-01-20,0.8767,400.9403462953674
20,2019-01-21,1.01571,464.5136524873589
21,2019-01-22,0.89239,408.1158385200444
22,2019-01-23,0.93724,428.6270447837004
23,2019-01-24,0.92154,421.4469792688866
24,2019-01-25,0.79149,361.9713410394894
25,2019-01-26,0.74216,339.4113007945362
26,2019-01-27,0.861,393.76028078055356
27,2019-01-28,0.90584,414.2669137540728
28,2019-01-29,0.85652,391.71144679925635
29,2019-01-30,0.76683,350.6936075620812
30,2019-01-31,0.78477,358.8980900675436
31,2019-02-01,0.6749,308.6513513342574
32,2019-02-02,0.70405,321.9824920830996
33,2019-02-03,0.69284,316.8558338397198
34,2019-02-04,0.85876,392.73586378990495
35,2019-02-05,1.01347,463.4892354967104
36,2019-02-06,1.18164,540.398255727681
37,2019-02-07,1.29375,591.6694114516158
38,2019-02-08,1.22648,560.9048887012002
39,2019-02-09,1.07401,491.17593398504334
40,2019-02-10,1.3498,617.3027026685148
41,2019-02-11,1.27357,582.4405119555048
42,2019-02-12,1.43949,658.32054190569
43,2019-02-13,1.44622,661.3983661677727
44,2019-02-14,1.17042,535.2670241941644
45,2019-02-15,1.45967,667.549441401801
46,2019-02-16,1.61887,740.3562203800404
47,2019-02-17,1.91708,876.7363055502714
48,2019-02-18,1.67492,765.9895115969393
49,2019-02-19,1.78255,815.2118333395771
50,2019-02-20,1.48658,679.8561651599946
51,2019-02-21,1.43949,658.32054190569
52,2019-02-22,1.38119,631.6582604080055
53,2019-02-23,1.3655,624.4827681833285
54,2019-02-24,1.90363,870.5852303162429
55,2019-02-25,1.81394,829.5673910790679
56,2019-02-26,1.94174,888.0140390276796
57,2019-02-27,1.90363,870.5852303162429
58,2019-02-28,1.75564,802.9051095813834
59,2019-03-01,1.60317,733.1761548652265
60,2019-03-02,1.70407,779.3206523457816
61,2019-03-03,2.53144,1157.7009583961958
62,2019-03-04,2.30722,1055.1586469483261
63,2019-03-05,2.2265,1018.2430489638823
64,2019-03-06,2.18166,997.736415990363
65,2019-03-07,2.00004,914.6763205253638
66,2019-03-08,1.91259,874.6828982788373
67,2019-03-09,1.95744,895.1941045424934
68,2019-03-10,3.26464,1493.0145912281375
69,2019-03-11,3.05163,1395.5989380236476
70,2019-03-12,2.56732,1174.1099234071205
71,2019-03-13,2.37449,1085.923169698742
72,2019-03-14,1.9552,894.1696875518448
73,2019-03-15,1.97986,905.447421029253
74,2019-03-16,2.02919,928.0074612742061
75,2019-03-17,2.56732,1174.1099234071205
76,2019-03-18,2.60319,1190.5143151279087
77,2019-03-19,2.77136,1267.4233353588793
78,2019-03-20,2.72876,1247.9411193760086
79,2019-03-21,2.26238,1034.652013974807
80,2019-03-22,1.96192,897.2429385237906
81,2019-03-23,1.91484,875.7118885596228
82,2019-03-24,2.39691,1096.1764861855015
83,2019-03-25,2.4866,1137.1943254226767
84,2019-03-26,2.45969,1124.887601664483
85,2019-03-27,2.60095,1189.48989813726
86,2019-03-28,2.40139,1098.2253201667986
87,2019-03-29,1.96641,899.2963457952246
88,2019-03-30,2.03367,930.0562952555033
89,2019-03-31,2.45745,1123.8631846738344
90,2019-04-01,2.45521,1122.8387676831858
91,2019-04-02,2.62786,1201.7966218954537
92,2019-04-03,2.35879,1078.743104183928
93,2019-04-04,2.03367,930.0562952555033
94,2019-04-05,1.73322,792.6517930946238
95,2019-04-06,1.61438,738.3028131086063
96,2019-04-07,1.97089,901.3451797765218
97,2019-04-08,2.07403,948.5140942477254
98,2019-04-09,1.88345,861.356330820132
99,2019-04-10,1.73098,791.6273761039752
100,2019-04-11,1.4933,682.9294161319405
101,2019-04-12,1.29375,591.6694114516158
102,2019-04-13,1.36774,625.5071851739772
103,2019-04-14,1.51572,693.1827326186999
104,2019-04-15,1.61214,737.2783961179578
105,2019-04-16,1.74219,796.754034347355
106,2019-04-17,1.48882,680.8805821506432
107,2019-04-18,1.21527,555.7782304578204
108,2019-04-19,1.07849,493.22476796634055
109,2019-04-20,1.05607,482.971451479581
110,2019-04-21,1.2646,578.3382707027736
111,2019-04-22,1.39913,639.862742913468
112,2019-04-23,1.20406,550.6515722144405
113,2019-04-24,0.99105,453.2359190099508
114,2019-04-25,1.02468,468.6158937400902
115,2019-04-26,0.86997,397.8625220332848
116,2019-04-27,0.8184,374.278064797683
117,2019-04-28,0.99105,453.2359190099508
118,2019-04-29,1.08746,497.32700921907184
119,2019-04-30,0.92602,423.49581325018374
120,2019-05-01,0.92378,422.4713962595352
121,2019-05-02,0.89912,411.193662782127
122,2019-05-03,0.89912,411.193662782127
123,2019-05-04,0.96414,440.92919525175716
124,2019-05-05,0.95742,437.8559442798114
125,2019-05-06,1.10764,506.55590871518274
126,2019-05-07,1.24666,570.1337881973112
127,2019-05-08,1.05159,480.9226174982838
128,2019-05-09,0.93051,425.54922052161777
129,2019-05-10,0.89912,411.193662782127
130,2019-05-11,0.87445,399.91135601458194
131,2019-05-12,1.09419,500.4048334811544
132,2019-05-13,1.24442,569.1093712066627
133,2019-05-14,1.15249,527.0671149788388
134,2019-05-15,1.11213,508.6093159866168
135,2019-05-16,1.15473,528.0915319694874
136,2019-05-17,1.18836,543.4715066996268
137,2019-05-18,1.04262,476.8203762455526
138,2019-05-19,1.34532,615.2538686872176
139,2019-05-20,1.32065,603.9715619196726
140,2019-05-21,1.18612,542.4470897089782
141,2019-05-22,0.99553,455.284752991248
142,2019-05-23,1.06504,487.07369273231217
143,2019-05-24,1.24666,570.1337881973112
144,2019-05-25,0.83185,380.42914003171137
145,2019-05-26,1.06504,487.07369273231217
146,2019-05-27,1.19509,546.5493309617094
147,2019-05-28,1.02244,467.5914767494416
148,2019-05-29,0.96863,442.9826025231912
149,2019-05-30,0.86773,396.8381050426362
150,2019-05-31,0.69284,316.8558338397198
151,2019-06-01,0.77355,353.76685853402694
152,2019-06-02,0.91033,416.32032102550676
153,2019-06-03,1.50451,688.0560743753202
154,2019-06-04,1.39016,635.7605016607368
155,2019-06-05,0.95069,434.7781200177288
156,2019-06-06,1.2063,551.6759892050892
157,2019-06-07,2.23771,1023.369707207262
158,2019-06-08,3.33639,1525.8279479598505
159,2019-06-09,1.97538,903.3985870479557
160,2019-06-10,1.79376,820.3384915829567
161,2019-06-11,1.60317,733.1761548652265
162,2019-06-12,1.83412,838.7962905751788
163,2019-06-13,1.69062,773.1695771117533
164,2019-06-14,1.27581,583.4649289461535
165,2019-06-15,1.222,558.856054719903
166,2019-06-16,1.35653,620.3805269305974
167,2019-06-17,1.62335,742.4050543613376
168,2019-06-18,1.79824,822.387325564254
169,2019-06-19,1.5942,729.0739136124954
170,2019-06-20,1.37895,630.633843417357
171,2019-06-21,1.23321,563.9827129632828
172,2019-06-22,0.97311,445.0314365044884
173,2019-06-23,1.15921,530.1403659507846
174,2019-06-24,1.26011,576.2848634313397
175,2019-06-25,1.33635,611.1516274344864
176,2019-06-26,1.53142,700.3627981335138
177,2019-06-27,1.22424,559.8804717105515
178,2019-06-28,1.04486,477.84479323620116
179,2019-06-29,0.9462,432.7247127462948
180,2019-06-30,0.93948,429.651461774349
181,2019-07-01,1.148,525.0137077074047
182,2019-07-02,1.25114,572.1826221786083
183,2019-07-03,1.30496,596.7960696949956
184,2019-07-04,1.27805,584.4893459368019
185,2019-07-05,0.95742,437.8559442798114
186,2019-07-06,0.86773,396.8381050426362
187,2019-07-07,1.22424,559.8804717105515
188,2019-07-08,1.15697,529.115948960136
189,2019-07-09,0.97087,444.0070195138398
190,2019-07-10,1.17042,535.2670241941644
191,2019-07-11,1.1054,505.53149172453413
192,2019-07-12,0.90136,412.2180797727756
193,2019-07-13,0.8767,400.9403462953674
194,2019-07-14,0.97087,444.0070195138398
195,2019-07-15,1.09195,499.3804164905058
196,2019-07-16,1.07849,493.22476796634055
197,2019-07-17,1.0202,466.567059758793
198,2019-07-18,1.07401,491.17593398504334
199,2019-07-19,0.89015,407.0914215293958
200,2019-07-20,0.84531,386.5847885558766
201,2019-07-21,0.85427,390.682456518471
202,2019-07-22,1.00002,457.3381602626819
203,2019-07-23,1.01347,463.4892354967104
204,2019-07-24,1.10316,504.50707473388553
205,2019-07-25,1.03589,473.74255198347
206,2019-07-26,1.4081,643.9649841661992
207,2019-07-27,1.03365,472.7181349928214
208,2019-07-28,1.10316,504.50707473388553
209,2019-07-29,1.25563,574.2360294500425
210,2019-07-30,1.14352,522.9648737261076
211,2019-07-31,1.05159,480.9226174982838
212,2019-08-01,0.8767,400.9403462953674
213,2019-08-02,0.72423,331.2113915792106
214,2019-08-03,0.66817,305.5735270721748
215,2019-08-04,0.82064,375.3024817883316
216,2019-08-05,0.97087,444.0070195138398
217,2019-08-06,0.86324,394.78469777120216
218,2019-08-07,0.93499,427.598054502915
219,2019-08-08,1.06953,489.12710000374625
220,2019-08-09,1.34756,616.2782856778663
221,2019-08-10,1.05159,480.9226174982838
222,2019-08-11,1.18836,543.4715066996268
223,2019-08-12,1.25339,573.2116124593938
224,2019-08-13,1.14576,523.9892907167562
225,2019-08-14,0.89015,407.0914215293958
226,2019-08-15,0.93499,427.598054502915
227,2019-08-16,0.80719,369.15140655430315
228,2019-08-17,0.97984,448.109260766571
229,2019-08-18,0.99105,453.2359190099508
230,2019-08-19,1.23993,567.0559639352285
231,2019-08-20,0.99329,454.2603360005994
232,2019-08-21,1.07177,490.15151699439474
233,2019-08-22,1.00226,458.3625772533305
234,2019-08-23,1.09419,500.4048334811544
235,2019-08-24,1.13007,516.8137984920792
236,2019-08-25,1.25339,573.2116124593938
237,2019-08-26,1.47761,675.7539239072635
238,2019-08-27,1.52469,697.2849738714312
239,2019-08-28,1.31393,600.8983109477268
240,2019-08-29,1.19509,546.5493309617094
241,2019-08-30,1.16818,534.2426072035158
242,2019-08-31,1.05831,483.9958684702296
243,2019-09-01,1.56505,715.7427728636532
244,2019-09-02,1.46415,669.5982753830982
245,2019-09-03,1.61662,739.327230099255
246,2019-09-04,1.21303,554.7538134671718
247,2019-09-05,1.28253,586.5381799180991
248,2019-09-06,1.17267,536.2960144749499
249,2019-09-07,1.26684,579.3626876934221
250,2019-09-08,1.6525,755.7361951101798
251,2019-09-09,1.35877,621.4049439212461
252,2019-09-10,1.37671,629.6094264267084
253,2019-09-11,1.03813,474.7669689741186
254,2019-09-12,1.34083,613.2004614157836
255,2019-09-13,1.31617,601.9227279383754
256,2019-09-14,1.26236,577.3138537121249
257,2019-09-15,1.66371,760.8628533535596
258,2019-09-16,1.65923,758.8140193722624
259,2019-09-17,1.62559,743.4294713519862
260,2019-09-18,1.73322,792.6517930946238
261,2019-09-19,1.49779,684.9828234033744
262,2019-09-20,1.222,558.856054719903
263,2019-09-21,1.22648,560.9048887012002
264,2019-09-22,1.66595,761.8872703442082
265,2019-09-23,1.76012,804.9539435626805
266,2019-09-24,1.66147,759.838436362911
267,2019-09-25,1.6525,755.7361951101798
268,2019-09-26,1.57851,721.8984213878184
269,2019-09-27,1.61214,737.2783961179578
270,2019-09-28,1.20406,550.6515722144405
271,2019-09-29,4.28709,1960.6106412677161
272,2019-09-30,3.55389,1625.2970084357742
273,2019-10-01,2.55611,1168.9832651637407
274,2019-10-02,1.84084,841.8695415471246
275,2019-10-03,1.88793,863.4051648014292
276,2019-10-04,1.82515,834.6940493224477
277,2019-10-05,1.60541,734.2005718558752
278,2019-10-06,2.02919,928.0074612742061
279,2019-10-07,2.46866,1128.9898429172142
280,2019-10-08,2.14803,982.3564412602235
281,2019-10-09,2.14803,982.3564412602235
282,2019-10-10,1.9552,894.1696875518448
283,2019-10-11,1.62559,743.4294713519862
284,2019-10-12,1.41707,648.0672254189304
285,2019-10-13,1.73322,792.6517930946238
286,2019-10-14,1.79151,819.3095013021714
287,2019-10-15,1.69734,776.242828083699
288,2019-10-16,1.76012,804.9539435626805
289,2019-10-17,1.44397,660.3693758869872
290,2019-10-18,1.17267,536.2960144749499
291,2019-10-19,1.15473,528.0915319694874
292,2019-10-20,1.27581,583.4649289461535
293,2019-10-21,1.48209,677.8027578885606
294,2019-10-22,1.38568,633.7116676794396
295,2019-10-23,1.63456,747.5317126047174
296,2019-10-24,1.48433,678.8271748792091
297,2019-10-25,1.41707,648.0672254189304
298,2019-10-26,1.49779,684.9828234033744
299,2019-10-27,2.37449,1085.923169698742
300,2019-10-28,2.2422,1025.4231144786959
301,2019-10-29,1.97538,903.3985870479557
302,2019-10-30,1.68389,770.0917528496707
303,2019-10-31,1.69286,774.1939941024018
304,2019-11-01,1.73098,791.6273761039752
305,2019-11-02,1.62783,744.4538883426349
306,2019-11-03,2.16596,990.5563504755493
307,2019-11-04,2.2265,1018.2430489638823
308,2019-11-05,2.08524,953.6407524911052
309,2019-11-06,1.88569,862.3807478107806
310,2019-11-07,1.72425,788.5495518418926
311,2019-11-08,1.71304,783.4228935985127
312,2019-11-09,1.5516,709.5916976296248
313,2019-11-10,1.69958,777.2672450743477
314,2019-11-11,1.7534,801.8806925907348
315,2019-11-12,1.81842,831.616225060365
316,2019-11-13,1.6525,755.7361951101798
317,2019-11-14,1.51797,694.2117228994854
318,2019-11-15,1.38792,634.7360846700882
319,2019-11-16,1.35204,618.3271196591634
320,2019-11-17,1.73994,795.7250440665696
321,2019-11-18,1.76012,804.9539435626805
322,2019-11-19,1.58075,722.9228383784671
323,2019-11-20,1.45294,664.4716171397183
324,2019-11-21,1.40137,640.8871599041166
325,2019-11-22,1.31841,602.947144929024
326,2019-11-23,1.19733,547.573747952358
327,2019-11-24,2.15924,987.4830995036034
328,2019-11-25,1.89914,868.531823044809
329,2019-11-26,1.8386,840.845124556476
330,2019-11-27,1.82066,832.6406420510135
331,2019-11-28,1.74443,797.7784513380036
332,2019-11-29,2.52247,1153.5987171434647
333,2019-11-30,2.20408,1007.9897324771225
334,2019-12-01,2.55162,1166.929857892307
335,2019-12-02,2.69961,1234.6099786271664
336,2019-12-03,1.87448,857.2540895674008
337,2019-12-04,1.60317,733.1761548652265
338,2019-12-05,1.38792,634.7360846700882
339,2019-12-06,1.22424,559.8804717105515
340,2019-12-07,1.07849,493.22476796634055
341,2019-12-08,1.18836,543.4715066996268
342,2019-12-09,1.43949,658.32054190569
343,2019-12-10,1.27357,582.4405119555048
344,2019-12-11,1.20854,552.7004061957377
345,2019-12-12,1.09195,499.3804164905058
346,2019-12-13,1.04038,475.795959254904
347,2019-12-14,1.10989,507.5848989959682
348,2019-12-15,1.02468,468.6158937400902
349,2019-12-16,1.222,558.856054719903
350,2019-12-17,1.18836,543.4715066996268
351,2019-12-18,1.0202,466.567059758793
352,2019-12-19,0.98656,451.1825117385168
353,2019-12-20,0.82961,379.40472304106277
354,2019-12-21,0.9036,413.2424967634242
355,2019-12-22,1.04486,477.84479323620116
356,2019-12-23,2.97764,1361.7611643012865
357,2019-12-24,1.95968,896.218521533142
358,2019-12-25,1.2646,578.3382707027736
359,2019-12-26,1.18836,543.4715066996268
360,2019-12-27,1.02917,470.66930101152417
361,2019-12-28,0.9462,432.7247127462948
362,2019-12-29,0.95742,437.8559442798114
363,2019-12-30,1.07177,490.15151699439474
364,2019-12-31,0.84979,388.63362253717384
365,2020-01-01,0.93051,425.54922052161777
366,2020-01-02,0.9619,439.90477826110856
367,2020-01-03,1.24666,570.1337881973112
368,2020-01-04,0.93724,428.6270447837004
369,2020-01-05,1.0471,478.86921022684976
370,2020-01-06,1.11437,509.6337329772654
371,2020-01-07,1.05831,483.9958684702296
372,2020-01-08,0.88791,406.0670045387472
373,2020-01-09,0.92827,424.5248035309692
374,2020-01-10,0.85652,391.71144679925635
375,2020-01-11,0.84082,384.5313812844426
376,2020-01-12,0.93051,425.54922052161777
377,2020-01-13,0.861,393.76028078055356
378,2020-01-14,1.00674,460.41141123462774
379,2020-01-15,0.97087,444.0070195138398
380,2020-01-16,1.00899,461.4404015154132
381,2020-01-17,0.84306,385.5557982750912
382,2020-01-18,0.75338,344.5425323280528
383,2020-01-19,0.78925,360.9469240488408
384,2020-01-20,1.01796,465.5426427681444
385,2020-01-21,1.18388,541.4226727183296
386,2020-01-22,1.03589,473.74255198347
387,2020-01-23,0.89912,411.193662782127
388,2020-01-24,0.70853,324.0313260643968
389,2020-01-25,0.71974,329.1579843077766
390,2020-01-26,0.97535,446.055853495137
391,2020-01-27,1.06728,488.09810972296077
392,2020-01-28,1.20406,550.6515722144405
393,2020-01-29,1.19509,546.5493309617094
394,2020-01-30,0.97311,445.0314365044884
395,2020-01-31,0.91481,418.36915500680396
396,2020-02-01,0.90136,412.2180797727756
397,2020-02-02,1.08298,495.27817523777463
398,2020-02-03,1.08298,495.27817523777463
399,2020-02-04,1.13679,519.8870494640249
400,2020-02-05,1.31841,602.947144929024
401,2020-02-06,1.2489,571.1582051879598
402,2020-02-07,1.85654,849.0496070619384
403,2020-02-08,4.33417,1982.141691231884
404,2020-02-09,3.41039,1559.6702949723485
405,2020-02-10,2.55162,1166.929857892307
406,2020-02-11,2.15924,987.4830995036034
407,2020-02-12,2.03592,931.0852855362888
408,2020-02-13,1.84309,842.8985318279099
409,2020-02-14,1.78479,816.2362503302256
410,2020-02-15,1.93726,885.9652050463824
411,2020-02-16,2.08076,951.591918509808
412,2020-02-17,1.95071,892.1162802804107
413,2020-02-18,1.79824,822.387325564254
414,2020-02-19,1.56729,716.7671898543018
415,2020-02-20,1.45967,667.549441401801
416,2020-02-21,1.32738,607.0493861817552
417,2020-02-22,1.81842,831.616225060365
418,2020-02-23,1.82515,834.6940493224477
419,2020-02-24,1.83187,837.7673002943934
420,2020-02-25,1.69734,776.242828083699
421,2020-02-26,1.72649,789.5739688325413
422,2020-02-27,1.76685,808.0317678247632
423,2020-02-28,1.7534,801.8806925907348
424,2020-02-29,1.57626,720.8694311070329
425,2020-03-01,1.92605,880.8385468030026
426,2020-03-02,1.86102,851.0984410432355
427,2020-03-03,1.93053,882.8873807842998
428,2020-03-04,1.87672,858.2785065580493
429,2020-03-05,1.67268,764.9650946062908
430,2020-03-06,1.2915,590.6404211708305
431,2020-03-07,1.65698,757.785029091477
432,2020-03-08,1.97762,904.4230040386044
433,2020-03-09,1.97089,901.3451797765218
434,2020-03-10,1.79151,819.3095013021714
435,2020-03-11,1.6368,748.556129595366
436,2020-03-12,1.48658,679.8561651599946
437,2020-03-13,1.3498,617.3027026685148
438,2020-03-14,1.34083,613.2004614157836
439,2020-03-15,1.67044,763.9406776156421
440,2020-03-16,1.31841,602.947144929024
441,2020-03-17,1.28702,588.5915871895332
442,2020-03-18,1.3498,617.3027026685148
443,2020-03-19,1.17267,536.2960144749499
444,2020-03-20,1.10764,506.55590871518274
445,2020-03-21,1.10316,504.50707473388553
446,2020-03-22,1.48433,678.8271748792091
447,2020-03-23,1.49106,681.9049991412918
448,2020-03-24,1.47312,673.7005166358293
449,2020-03-25,1.45967,667.549441401801
450,2020-03-26,1.39689,638.8383259228194
451,2020-03-27,1.01123,462.4648185060618
452,2020-03-28,1.07401,491.17593398504334
453,2020-03-29,1.17939,539.3692654468955
454,2020-03-30,1.41707,648.0672254189304
455,2020-03-31,1.19509,546.5493309617094
456,2020-04-01,1.37895,630.633843417357
457,2020-04-02,1.19733,547.573747952358
458,2020-04-03,1.10989,507.5848989959682
459,2020-04-04,0.88791,406.0670045387472
460,2020-04-05,1.23321,563.9827129632828
461,2020-04-06,1.18388,541.4226727183296
462,2020-04-07,1.03141,471.6937180021728
463,2020-04-08,0.93275,426.5736375122664
464,2020-04-09,0.89015,407.0914215293958
465,2020-04-10,1.45294,664.4716171397183
466,2020-04-11,1.31393,600.8983109477268
467,2020-04-12,1.44622,661.3983661677727
468,2020-04-13,1.47088,672.6760996451808
469,2020-04-14,1.02917,470.66930101152417
470,2020-04-15,1.01123,462.4648185060618
471,2020-04-16,1.44846,662.4227831584212
472,2020-04-17,1.7377,794.700627075921
473,2020-04-18,1.29823,593.718245432913
474,2020-04-19,1.51348,692.1583156280514
475,2020-04-20,1.28702,588.5915871895332
476,2020-04-21,1.42828,653.1938836623102
477,2020-04-22,1.13455,518.8626324733764
478,2020-04-23,0.92602,423.49581325018374
479,2020-04-24,0.86997,397.8625220332848
480,2020-04-25,0.83858,383.506964293794
481,2020-04-26,1.00226,458.3625772533305
482,2020-04-27,0.83409,381.45355702236
483,2020-04-28,0.90136,412.2180797727756
484,2020-04-29,0.78252,357.86909978675817
485,2020-04-30,0.78252,357.86909978675817
486,2020-05-01,0.80943,370.17582354495175
487,2020-05-02,0.85427,390.682456518471
488,2020-05-03,1.24218,568.084954216014
489,2020-05-04,1.09867,502.4536674624516
490,2020-05-05,1.20406,550.6515722144405
491,2020-05-06,1.09867,502.4536674624516
492,2020-05-07,1.00899,461.4404015154132
493,2020-05-08,1.0045,459.38699424397913
494,2020-05-09,0.86324,394.78469777120216
495,2020-05-10,1.27805,584.4893459368019
496,2020-05-11,1.28253,586.5381799180991
497,2020-05-12,1.10092,503.4826577432369
498,2020-05-13,1.02468,468.6158937400902
499,2020-05-14,1.00674,460.41141123462774
500,2020-05-15,1.04038,475.795959254904
501,2020-05-16,0.77804,355.82026580546096
502,2020-05-17,1.03365,472.7181349928214
503,2020-05-18,1.04935,479.8982005076352
504,2020-05-19,1.01571,464.5136524873589
505,2020-05-20,0.90809,415.29590403485815
506,2020-05-21,0.94172,430.6758787649976
507,2020-05-22,0.90136,412.2180797727756
508,2020-05-23,1.00002,457.3381602626819
509,2020-05-24,1.21078,553.7248231863864
510,2020-05-25,1.26011,576.2848634313397
511,2020-05-26,1.30944,598.8449036762928
512,2020-05-27,1.24666,570.1337881973112
513,2020-05-28,1.17042,535.2670241941644
514,2020-05-29,1.48433,678.8271748792091
515,2020-05-30,1.4081,643.9649841661992
516,2020-05-31,1.61662,739.327230099255
517,2020-06-01,1.48658,679.8561651599946
518,2020-06-02,1.33635,611.1516274344864
519,2020-06-03,1.24218,568.084954216014
520,2020-06-04,1.15025,526.0426979881902
521,2020-06-05,1.07625,492.20035097569195
522,2020-06-06,0.95293,435.8025370083774
523,2020-06-07,1.16594,533.2181902128672
524,2020-06-08,1.38792,634.7360846700882
525,2020-06-09,1.12558,514.7603912206451
526,2020-06-10,1.12558,514.7603912206451
527,2020-06-11,0.99329,454.2603360005994
528,2020-06-12,0.99553,455.284752991248
529,2020-06-13,0.89463,409.140255510693
530,2020-06-14,1.01347,463.4892354967104
531,2020-06-15,1.08298,495.27817523777463
532,2020-06-16,1.14128,521.9404567354591
533,2020-06-17,1.13231,517.8382154827277
534,2020-06-18,0.87221,398.8869390239334
535,2020-06-19,0.82513,377.3558890597656
536,2020-06-20,0.72871,333.26022556050776
537,2020-06-21,1.04935,479.8982005076352
538,2020-06-22,1.11437,509.6337329772654
539,2020-06-23,1.13231,517.8382154827277
540,2020-06-24,1.11437,509.6337329772654
541,2020-06-25,0.96638,441.95361224240577
542,2020-06-26,0.8184,374.278064797683
543,2020-06-27,0.82513,377.3558890597656
544,2020-06-28,1.00002,457.3381602626819
545,2020-06-29,2.12112,970.0497175020299
546,2020-06-30,1.30271,595.7670794142102
547,2020-07-01,1.0628,486.04927574166356
548,2020-07-02,0.95517,436.826953999026
549,2020-07-03,0.67041,306.59794406282333
550,2020-07-04,0.73544,336.3380498225904
551,2020-07-05,0.861,393.76028078055356
552,2020-07-06,0.84531,386.5847885558766
553,2020-07-07,0.90136,412.2180797727756
554,2020-07-08,0.85652,391.71144679925635
555,2020-07-09,0.78252,357.86909978675817
556,2020-07-10,0.80719,369.15140655430315
557,2020-07-11,0.7332,335.3136328319418
558,2020-07-12,0.8184,374.278064797683
559,2020-07-13,0.84755,387.60920554652523
560,2020-07-14,0.85427,390.682456518471
561,2020-07-15,0.87445,399.91135601458194
562,2020-07-16,0.76683,350.6936075620812
563,2020-07-17,0.7018,320.9535018023142
564,2020-07-18,0.71974,329.1579843077766
565,2020-07-19,0.75113,343.5135420472674
566,2020-07-20,0.83409,381.45355702236
567,2020-07-21,0.87221,398.8869390239334
568,2020-07-22,0.85427,390.682456518471
569,2020-07-23,0.6323,289.1691353513868
570,2020-07-24,0.72423,331.2113915792106
571,2020-07-25,0.62557,286.09131108930416
572,2020-07-26,0.7758,354.7958488148124
573,2020-07-27,0.80495,368.1269895636546
574,2020-07-28,0.8184,374.278064797683
575,2020-07-29,0.77131,352.7424415433784
576,2020-07-30,0.73768,337.362466813239
577,2020-07-31,0.59866,273.7845873311106
578,2020-08-01,0.58073,265.584678115785
579,2020-08-02,0.74889,342.4891250566188
580,2020-08-03,0.74441,340.4402910753216
581,2020-08-04,0.77355,353.76685853402694
582,2020-08-05,0.77804,355.82026580546096
583,2020-08-06,0.77804,355.82026580546096
584,2020-08-07,0.56279,257.3801956103226
585,2020-08-08,0.57176,261.4824368630538
586,2020-08-09,0.73544,336.3380498225904
587,2020-08-10,0.81391,372.22465752624896
588,2020-08-11,0.89239,408.1158385200444
589,2020-08-12,0.74889,342.4891250566188
590,2020-08-13,0.63454,290.1935523420354
591,2020-08-14,1.73546,793.6762100852724
592,2020-08-15,2.06282,943.3874360043455
593,2020-08-16,1.09419,500.4048334811544
594,2020-08-17,1.25114,572.1826221786083
595,2020-08-18,1.14128,521.9404567354591
596,2020-08-19,1.03365,472.7181349928214
597,2020-08-20,0.86997,397.8625220332848
598,2020-08-21,0.71077,325.0557430550454
599,2020-08-22,0.6749,308.6513513342574
600,2020-08-23,0.81616,373.2536478070344
601,2020-08-24,0.73768,337.362466813239
602,2020-08-25,0.89239,408.1158385200444
603,2020-08-26,0.94396,431.7002957556462
604,2020-08-27,0.73768,337.362466813239
605,2020-08-28,0.69059,315.8268435589344
606,2020-08-29,0.71077,325.0557430550454
607,2020-08-30,0.82737,378.3803060504142
608,2020-08-31,0.76459,349.6691905714326
609,2020-09-01,1.64353,751.6339538574485
610,2020-09-02,1.17491,537.3204314655983
611,2020-09-03,1.04486,477.84479323620116
612,2020-09-04,1.06056,485.02485875101496
613,2020-09-05,1.05159,480.9226174982838
614,2020-09-06,1.27132,581.4115216747193
615,2020-09-07,1.35653,620.3805269305974
616,2020-09-08,1.18388,541.4226727183296
617,2020-09-09,1.11885,511.6825669585625
618,2020-09-10,1.05383,481.9470344889324
619,2020-09-11,0.97087,444.0070195138398
620,2020-09-12,0.97984,448.109260766571
621,2020-09-13,1.03365,472.7181349928214
622,2020-09-14,1.15249,527.0671149788388
623,2020-09-15,0.93275,426.5736375122664
624,2020-09-16,0.97311,445.0314365044884
625,2020-09-17,0.89463,409.140255510693
626,2020-09-18,0.88342,404.0135972673132
627,2020-09-19,0.8027,367.0979992828692
628,2020-09-20,1.04486,477.84479323620116
629,2020-09-21,1.03365,472.7181349928214
630,2020-09-22,1.09643,501.429250471803
631,2020-09-23,1.13455,518.8626324733764
632,2020-09-24,1.07401,491.17593398504334
633,2020-09-25,0.82288,376.32689877898014
634,2020-09-26,0.8184,374.278064797683
635,2020-09-27,0.96863,442.9826025231912
636,2020-09-28,0.79373,362.995758030138
637,2020-09-29,0.7332,335.3136328319418
638,2020-09-30,0.71302,326.0847333358308
639,2020-10-01,0.68835,314.8024265682858
640,2020-10-02,0.66369,303.5246930908776
641,2020-10-03,0.76907,351.7180245527298
642,2020-10-04,0.99105,453.2359190099508
643,2020-10-05,1.23321,563.9827129632828
644,2020-10-06,1.15473,528.0915319694874
645,2020-10-07,1.0202,466.567059758793
646,2020-10-08,0.95293,435.8025370083774
647,2020-10-09,0.8184,374.278064797683
648,2020-10-10,0.92378,422.4713962595352
649,2020-10-11,0.94845,433.7537030270802
650,2020-10-12,0.98208,449.1336777572196
651,2020-10-13,1.02917,470.66930101152417
652,2020-10-14,1.00674,460.41141123462774
653,2020-10-15,0.94396,431.7002957556462
654,2020-10-16,0.92154,421.4469792688866
655,2020-10-17,0.84306,385.5557982750912
656,2020-10-18,0.98881,452.2115020193022
657,2020-10-19,0.97311,445.0314365044884
658,2020-10-20,0.79598,364.0247483109234
659,2020-10-21,0.86997,397.8625220332848
660,2020-10-22,0.82288,376.32689877898014
661,2020-10-23,0.74216,339.4113007945362
662,2020-10-24,0.76683,350.6936075620812
663,2020-10-25,0.93051,425.54922052161777
664,2020-10-26,0.98656,451.1825117385168
665,2020-10-27,0.76907,351.7180245527298
666,2020-10-28,0.95293,435.8025370083774
667,2020-10-29,0.85876,392.73586378990495
668,2020-10-30,0.69956,319.9290848116656
669,2020-10-31,0.61436,280.9646528459244
670,2020-11-01,0.861,393.76028078055356
671,2020-11-02,0.94172,430.6758787649976
672,2020-11-03,1.74219,796.754034347355
673,2020-11-04,1.77358,811.1095920868457
674,2020-11-05,1.50227,687.0316573846716
675,2020-11-06,1.12334,513.7359742299966
676,2020-11-07,1.0202,466.567059758793
677,2020-11-08,1.27357,582.4405119555048
678,2020-11-09,1.25787,575.260446440691
679,2020-11-10,1.26684,579.3626876934221
680,2020-11-11,1.11437,509.6337329772654
681,2020-11-12,0.88342,404.0135972673132
682,2020-11-13,0.76683,350.6936075620812
683,2020-11-14,0.73544,336.3380498225904
684,2020-11-15,1.19509,546.5493309617094
685,2020-11-16,1.08074,494.25375824712603
686,2020-11-17,1.0471,478.86921022684976
687,2020-11-18,0.85427,390.682456518471
688,2020-11-19,0.84306,385.5557982750912
689,2020-11-20,0.78925,360.9469240488408
690,2020-11-21,0.92154,421.4469792688866
691,2020-11-22,1.10316,504.50707473388553
692,2020-11-23,0.98656,451.1825117385168
693,2020-11-24,0.93275,426.5736375122664
694,2020-11-25,0.93051,425.54922052161777
695,2020-11-26,1.18836,543.4715066996268
696,2020-11-27,1.1637,532.1937732222186
697,2020-11-28,1.12334,513.7359742299966
698,2020-11-29,1.16146,531.16935623157
699,2020-11-30,1.32065,603.9715619196726
700,2020-12-01,1.39913,639.862742913468
701,2020-12-02,0.90584,414.2669137540728
702,2020-12-03,0.7601,347.61578329999855
703,2020-12-04,1.64129,750.6095368668
704,2020-12-05,2.1996,1005.9408984958255
705,2020-12-06,1.23993,567.0559639352285
706,2020-12-07,1.02244,467.5914767494416
707,2020-12-08,0.861,393.76028078055356
708,2020-12-09,0.83409,381.45355702236
709,2020-12-10,0.99105,453.2359190099508
710,2020-12-11,0.60987,278.9112455744904
711,2020-12-12,0.62781,287.11572807995276
712,2020-12-13,0.76907,351.7180245527298
713,2020-12-14,0.59194,270.7113363591648
714,2020-12-15,0.64126,293.2668033139812
715,2020-12-16,0.64126,293.2668033139812
716,2020-12-17,0.68835,314.8024265682858
717,2020-12-18,0.53588,245.073471852129
718,2020-12-19,0.52019,237.897979627452
719,2020-12-20,0.56951,260.4534465822684
720,2020-12-21,0.62333,285.0668940986556
721,2020-12-22,1.0628,486.04927574166356
722,2020-12-23,1.29375,591.6694114516158
723,2020-12-24,0.74441,340.4402910753216
724,2020-12-25,0.80495,368.1269895636546
725,2020-12-26,0.6166,281.989069836573
726,2020-12-27,0.6323,289.1691353513868
727,2020-12-28,0.54933,251.22454708615737
728,2020-12-29,0.65472,299.4224518381464
729,2020-12-30,0.51346,234.8201553653694
730,2020-12-31,0.41929,191.753482146897
731,2021-01-01,0.5583,255.32678833888858
732,2021-01-02,0.52243,238.92239661810058
733,2021-01-03,0.60987,278.9112455744904
734,2021-01-04,0.49328,225.5912558692584
735,2021-01-05,0.52019,237.897979627452
736,2021-01-06,0.48431,221.4890146165272
737,2021-01-07,0.48431,221.4890146165272
738,2021-01-08,0.38341,175.34451713597218
739,2021-01-09,0.43722,199.95339136222256
740,2021-01-10,0.52243,238.92239661810058
741,2021-01-11,0.53588,245.073471852129
742,2021-01-12,0.50001,228.66908013134096
743,2021-01-13,0.53364,244.04905486148039
744,2021-01-14,0.49776,227.64008985055557
745,2021-01-15,0.40583,185.5978336227318
746,2021-01-16,0.48207,220.46459762587858
747,2021-01-17,0.52467,239.94681360874918
748,2021-01-18,0.46413,212.26011512041617
749,2021-01-19,0.4305,196.88014039027678
750,2021-01-20,0.46862,214.3135223918502
751,2021-01-21,0.41929,191.753482146897
752,2021-01-22,0.5157,235.844572356018
753,2021-01-23,0.52019,237.897979627452
754,2021-01-24,0.62333,285.0668940986556
755,2021-01-25,0.60987,278.9112455744904
756,2021-01-26,0.47758,218.41119035444459
757,2021-01-27,0.58297,266.6090951064336
758,2021-01-28,0.56503,258.4046126009712
759,2021-01-29,0.52243,238.92239661810058
760,2021-01-30,0.47534,217.38677336379598
761,2021-01-31,0.53812,246.0978888427776
762,2021-02-01,0.52691,240.97123059939778
763,2021-02-02,0.59194,270.7113363591648
764,2021-02-03,0.62557,286.09131108930416
765,2021-02-04,0.47983,219.44018063522998
766,2021-02-05,0.60539,276.8624115931932
767,2021-02-06,0.56727,259.4290295916198
768,2021-02-07,0.66369,303.5246930908776
769,2021-02-08,0.67938,310.70018531555456
770,2021-02-09,0.54037,247.12687912356301
771,2021-02-10,0.68162,311.72460230620317
772,2021-02-11,0.63454,290.1935523420354
773,2021-02-12,0.66817,305.5735270721748
774,2021-02-13,0.64575,295.3202105854152
775,2021-02-14,0.85876,392.73586378990495
776,2021-02-15,0.80943,370.17582354495175
777,2021-02-16,0.89239,408.1158385200444
778,2021-02-17,0.80046,366.0735822922206
779,2021-02-18,0.59194,270.7113363591648
780,2021-02-19,0.5314,243.02463787083178
781,2021-02-20,0.91033,416.32032102550676
782,2021-02-21,0.87894,401.964763286016
783,2021-02-22,0.94396,431.7002957556462
784,2021-02-23,0.8027,367.0979992828692
785,2021-02-24,1.42828,653.1938836623102
786,2021-02-25,1.34532,615.2538686872176
787,2021-02-26,0.98208,449.1336777572196
788,2021-02-27,0.87445,399.91135601458194
789,2021-02-28,1.20854,552.7004061957377
790,2021-03-01,1.47761,675.7539239072635
791,2021-03-02,1.23993,567.0559639352285
792,2021-03-03,1.25114,572.1826221786083
793,2021-03-04,1.12334,513.7359742299966
794,2021-03-05,1.0628,486.04927574166356
795,2021-03-06,1.08746,497.32700921907184
796,2021-03-07,1.42604,652.1694666716616
797,2021-03-08,1.24218,568.084954216014
798,2021-03-09,1.23769,566.03154694458
799,2021-03-10,1.26908,580.3871046840708
800,2021-03-11,1.15025,526.0426979881902
801,2021-03-12,1.10764,506.55590871518274
802,2021-03-13,1.07177,490.15151699439474
803,2021-03-14,2.46866,1128.9898429172142
804,2021-03-15,2.22426,1017.2186319732336
805,2021-03-16,1.81169,828.5384007982824
806,2021-03-17,1.64353,751.6339538574485
807,2021-03-18,1.34083,613.2004614157836
808,2021-03-19,1.12782,515.7848082112938
809,2021-03-20,0.95742,437.8559442798114
810,2021-03-21,1.39913,639.862742913468
811,2021-03-22,1.27581,583.4649289461535
812,2021-03-23,1.11661,510.658149967914
813,2021-03-24,1.148,525.0137077074047
814,2021-03-25,1.0471,478.86921022684976
815,2021-03-26,0.97984,448.109260766571
816,2021-03-27,0.98208,449.1336777572196
817,2021-03-28,1.11213,508.6093159866168
818,2021-03-29,1.08074,494.25375824712603
819,2021-03-30,1.08074,494.25375824712603
820,2021-03-31,0.93051,425.54922052161777
821,2021-04-01,0.98208,449.1336777572196
822,2021-04-02,0.85427,390.682456518471
823,2021-04-03,0.82288,376.32689877898014
824,2021-04-04,0.94845,433.7537030270802
825,2021-04-05,0.94845,433.7537030270802
826,2021-04-06,0.88567,405.0425875480986
827,2021-04-07,0.75113,343.5135420472674
828,2021-04-08,0.84979,388.63362253717384
829,2021-04-09,1.12558,514.7603912206451
830,2021-04-10,0.85203,389.6580395278224
831,2021-04-11,0.79149,361.9713410394894
832,2021-04-12,0.89015,407.0914215293958
833,2021-04-13,0.84306,385.5557982750912
834,2021-04-14,1.73322,792.6517930946238
835,2021-04-15,2.23771,1023.369707207262
836,2021-04-16,1.1906,544.4959236902754
837,2021-04-17,1.01796,465.5426427681444
838,2021-04-18,1.21078,553.7248231863864
839,2021-04-19,1.1054,505.53149172453413
840,2021-04-20,0.9619,439.90477826110856
841,2021-04-21,1.0202,466.567059758793
842,2021-04-22,0.64799,296.3446275760638
843,2021-04-23,0.75562,345.56694931870135
844,2021-04-24,0.59642,272.76017034046197
845,2021-04-25,0.8027,367.0979992828692
846,2021-04-26,0.82737,378.3803060504142
847,2021-04-27,0.70405,321.9824920830996
848,2021-04-28,0.7018,320.9535018023142
849,2021-04-29,0.57848,264.55568783499956
850,2021-04-30,0.62781,287.11572807995276
851,2021-05-01,0.6166,281.989069836573
852,2021-05-02,0.69956,319.9290848116656
853,2021-05-03,0.70853,324.0313260643968
854,2021-05-04,1.59196,728.0494966218469
855,2021-05-05,2.11888,969.0253005113814
856,2021-05-06,1.45967,667.549441401801
857,2021-05-07,1.35653,620.3805269305974
858,2021-05-08,1.10316,504.50707473388553
859,2021-05-09,1.25114,572.1826221786083
860,2021-05-10,1.1906,544.4959236902754
861,2021-05-11,1.1906,544.4959236902754
862,2021-05-12,1.06728,488.09810972296077
863,2021-05-13,0.96638,441.95361224240577
864,2021-05-14,0.82288,376.32689877898014
865,2021-05-15,0.96414,440.92919525175716
866,2021-05-16,1.31841,602.947144929024
867,2021-05-17,1.18612,542.4470897089782
868,2021-05-18,1.04262,476.8203762455526
869,2021-05-19,0.92827,424.5248035309692
870,2021-05-20,0.91257,417.34473801615536
871,2021-05-21,0.86324,394.78469777120216
872,2021-05-22,0.82961,379.40472304106277
873,2021-05-23,0.90809,415.29590403485815
874,2021-05-24,0.95517,436.826953999026
875,2021-05-25,0.84755,387.60920554652523
876,2021-05-26,0.87221,398.8869390239334
877,2021-05-27,0.7175,328.133567317128
878,2021-05-28,0.78028,356.84468279610957
879,2021-05-29,0.71974,329.1579843077766
880,2021-05-30,0.94172,430.6758787649976
881,2021-05-31,0.88118,402.98918027666457
882,2021-06-01,0.92378,422.4713962595352
883,2021-06-02,0.9619,439.90477826110856
884,2021-06-03,0.92378,422.4713962595352
885,2021-06-04,0.83858,383.506964293794
886,2021-06-05,0.93948,429.651461774349
887,2021-06-06,1.12782,515.7848082112938
888,2021-06-07,1.08298,495.27817523777463
889,2021-06-08,0.93051,425.54922052161777
890,2021-06-09,0.91033,416.32032102550676
891,2021-06-10,0.95742,437.8559442798114
892,2021-06-11,0.7601,347.61578329999855
893,2021-06-12,0.63678,291.217969332684
894,2021-06-13,0.91481,418.36915500680396
895,2021-06-14,0.90584,414.2669137540728
896,2021-06-15,0.85876,392.73586378990495
897,2021-06-16,0.7758,354.7958488148124
898,2021-06-17,0.66369,303.5246930908776
899,2021-06-18,0.77355,353.76685853402694
900,2021-06-19,0.62333,285.0668940986556
901,2021-06-20,0.77131,352.7424415433784
902,2021-06-21,0.74216,339.4113007945362
903,2021-06-22,0.71526,327.1091503264794
904,2021-06-23,0.66144,302.4957028100922
905,2021-06-24,0.72647,332.23580856985916
906,2021-06-25,0.77131,352.7424415433784
907,2021-06-26,0.60987,278.9112455744904
908,2021-06-27,0.74889,342.4891250566188
909,2021-06-28,0.77355,353.76685853402694
910,2021-06-29,0.63678,291.217969332684
911,2021-06-30,0.75113,343.5135420472674
912,2021-07-01,0.92378,422.4713962595352
913,2021-07-02,0.65248,298.3980348474978
914,2021-07-03,0.60315,275.8379946025446
915,2021-07-04,0.67714,309.67576832490596
916,2021-07-05,0.67041,306.59794406282333
917,2021-07-06,0.84531,386.5847885558766
918,2021-07-07,0.54709,250.20013009550877
919,2021-07-08,0.59642,272.76017034046197
920,2021-07-09,0.50449,230.71791411263817
921,2021-07-10,0.574,262.50685385370235
922,2021-07-11,0.7018,320.9535018023142
923,2021-07-12,0.58073,265.584678115785
924,2021-07-13,0.66593,304.5491100815262
925,2021-07-14,0.60091,274.81357761189605
926,2021-07-15,0.61436,280.9646528459244
927,2021-07-16,0.50673,231.74233110328677
928,2021-07-17,0.49328,225.5912558692584
929,2021-07-18,0.56279,257.3801956103226
930,2021-07-19,0.62557,286.09131108930416
931,2021-07-20,0.52691,240.97123059939778
932,2021-07-21,0.55158,252.25353736694277
933,2021-07-22,0.65472,299.4224518381464
934,2021-07-23,0.67938,310.70018531555456
935,2021-07-24,0.60091,274.81357761189605
936,2021-07-25,0.574,262.50685385370235
937,2021-07-26,0.59642,272.76017034046197
938,2021-07-27,0.53812,246.0978888427776
939,2021-07-28,0.574,262.50685385370235
940,2021-07-29,0.52243,238.92239661810058
941,2021-07-30,0.3879,177.3979244074062
942,2021-07-31,0.37893,173.29568315467498
943,2021-08-01,0.85203,389.6580395278224
944,2021-08-02,0.58969,269.6823460783794
945,2021-08-03,0.60315,275.8379946025446
946,2021-08-04,0.60987,278.9112455744904
947,2021-08-05,0.50449,230.71791411263817
948,2021-08-06,0.49328,225.5912558692584
949,2021-08-07,0.43722,199.95339136222256
950,2021-08-08,0.52691,240.97123059939778
951,2021-08-09,0.48655,222.51343160717576
952,2021-08-10,0.59194,270.7113363591648
953,2021-08-11,0.60763,277.8868285838418
954,2021-08-12,0.50449,230.71791411263817
955,2021-08-13,0.50673,231.74233110328677
956,2021-08-14,0.4305,196.88014039027678
957,2021-08-15,0.49776,227.64008985055557
958,2021-08-16,0.67266,307.6269343436088
959,2021-08-17,0.59418,271.7357533498134
960,2021-08-18,0.61436,280.9646528459244
961,2021-08-19,0.60987,278.9112455744904
962,2021-08-20,0.48655,222.51343160717576
963,2021-08-21,0.54709,250.20013009550877
964,2021-08-22,1.03365,472.7181349928214
965,2021-08-23,0.93275,426.5736375122664
966,2021-08-24,0.86549,395.8136880519876
967,2021-08-25,0.92602,423.49581325018374
968,2021-08-26,1.3072,597.8204866856441
969,2021-08-27,1.41034,644.9894011568477
970,2021-08-28,1.21078,553.7248231863864
971,2021-08-29,1.18164,540.398255727681
972,2021-08-30,1.08074,494.25375824712603
973,2021-08-31,1.00899,461.4404015154132
974,2021-09-01,1.01347,463.4892354967104
975,2021-09-02,2.2691,1037.7252649467528
976,2021-09-03,2.56283,1172.0565161356865
977,2021-09-04,1.7803,814.1828430587916
978,2021-09-05,2.00677,917.7541447874465
979,2021-09-06,1.66595,761.8872703442082
980,2021-09-07,1.75788,803.929526572032
981,2021-09-08,1.48433,678.8271748792091
982,2021-09-09,1.1906,544.4959236902754
983,2021-09-10,1.09419,500.4048334811544
984,2021-09-11,1.05383,481.9470344889324
985,2021-09-12,1.17939,539.3692654468955
986,2021-09-13,1.37222,627.5560191552744
987,2021-09-14,1.19957,548.5981649430066
988,2021-09-15,1.50227,687.0316573846716
989,2021-09-16,0.92827,424.5248035309692
990,2021-09-17,0.99105,453.2359190099508
991,2021-09-18,0.88791,406.0670045387472
992,2021-09-19,0.90584,414.2669137540728
993,2021-09-20,0.91257,417.34473801615536
994,2021-09-21,0.91257,417.34473801615536
995,2021-09-22,1.07401,491.17593398504334
996,2021-09-23,1.13007,516.8137984920792
997,2021-09-24,1.04486,477.84479323620116
998,2021-09-25,0.94396,431.7002957556462
999,2021-09-26,1.08298,495.27817523777463
1000,2021-09-27,3.24222,1482.761274741378
1001,2021-09-28,3.73999,1710.4059378820705
1002,2021-09-29,1.61887,740.3562203800404
1003,2021-09-30,1.32065,603.9715619196726
1004,2021-10-01,1.0628,486.04927574166356
1005,2021-10-02,0.98208,449.1336777572196
1006,2021-10-03,0.9619,439.90477826110856
1007,2021-10-04,1.05607,482.971451479581
1008,2021-10-05,1.02468,468.6158937400902
1009,2021-10-06,1.04262,476.8203762455526
1010,2021-10-07,0.95293,435.8025370083774
1011,2021-10-08,0.88791,406.0670045387472
1012,2021-10-09,0.76234,348.64020029064716
1013,2021-10-10,0.86997,397.8625220332848
1014,2021-10-11,1.17491,537.3204314655983
1015,2021-10-12,1.09419,500.4048334811544
1016,2021-10-13,0.94172,430.6758787649976
1017,2021-10-14,0.97984,448.109260766571
1018,2021-10-15,0.78477,358.8980900675436
1019,2021-10-16,0.80719,369.15140655430315
1020,2021-10-17,1.08746,497.32700921907184
1021,2021-10-18,1.16818,534.2426072035158
1022,2021-10-19,1.00899,461.4404015154132
1023,2021-10-20,1.05607,482.971451479581
1024,2021-10-21,1.05159,480.9226174982838
1025,2021-10-22,0.96414,440.92919525175716
1026,2021-10-23,0.80943,370.17582354495175
1027,2021-10-24,0.90809,415.29590403485815
1028,2021-10-25,1.00002,457.3381602626819
1029,2021-10-26,1.09643,501.429250471803
1030,2021-10-27,1.06953,489.12710000374625
1031,2021-10-28,1.27581,583.4649289461535
1032,2021-10-29,1.33635,611.1516274344864
1033,2021-10-30,0.99778,456.3137432720334
1034,2021-10-31,1.31168,599.8693206669413
1035,2021-11-01,1.43052,654.2183006529588
1036,2021-11-02,1.14352,522.9648737261076
1037,2021-11-03,1.09867,502.4536674624516
1038,2021-11-04,1.05159,480.9226174982838
1039,2021-11-05,0.96863,442.9826025231912
1040,2021-11-06,0.9776,447.0848437759224
1041,2021-11-07,1.13007,516.8137984920792
1042,2021-11-08,1.32514,606.0249691911066
1043,2021-11-09,1.35429,619.3561099399487
1044,2021-11-10,1.44397,660.3693758869872
1045,2021-11-11,1.21527,555.7782304578204
1046,2021-11-12,1.08298,495.27817523777463
1047,2021-11-13,1.01796,465.5426427681444
1048,2021-11-14,1.05607,482.971451479581
1049,2021-11-15,1.16146,531.16935623157
1050,2021-11-16,1.18164,540.398255727681
1051,2021-11-17,1.32289,604.9959789103211
1052,2021-11-18,1.11213,508.6093159866168
1053,2021-11-19,0.90809,415.29590403485815
1054,2021-11-20,0.76459,349.6691905714326
1055,2021-11-21,1.12782,515.7848082112938
1056,2021-11-22,1.19733,547.573747952358
1057,2021-11-23,1.35653,620.3805269305974
1058,2021-11-24,1.13903,520.9114664546736
1059,2021-11-25,1.38792,634.7360846700882
1060,2021-11-26,1.33411,610.1272104438377
1061,2021-11-27,1.13903,520.9114664546736
1062,2021-11-28,1.44397,660.3693758869872
1063,2021-11-29,1.79151,819.3095013021714
1064,2021-11-30,1.87896,859.302923548698
1065,2021-12-01,1.9395,886.989622037031
1066,2021-12-02,1.31841,602.947144929024
1067,2021-12-03,1.07625,492.20035097569195
1068,2021-12-04,0.89015,407.0914215293958
1069,2021-12-05,1.15473,528.0915319694874
1070,2021-12-06,1.16594,533.2181902128672
1071,2021-12-07,1.28926,589.6160041801818
1072,2021-12-08,1.43949,658.32054190569
1073,2021-12-09,1.99556,912.6274865440668
1074,2021-12-10,2.09421,957.7429937438363
1075,2021-12-11,1.38792,634.7360846700882
1076,2021-12-12,1.71752,785.4717275798099
1077,2021-12-13,1.58075,722.9228383784671
1078,2021-12-14,1.53366,701.3872151241624
1079,2021-12-15,1.46864,671.6516826545321
1080,2021-12-16,1.10989,507.5848989959682
1081,2021-12-17,0.87445,399.91135601458194
1082,2021-12-18,0.96638,441.95361224240577
1083,2021-12-19,1.17267,536.2960144749499
1084,2021-12-20,1.2063,551.6759892050892
1085,2021-12-21,1.13231,517.8382154827277
1086,2021-12-22,1.00226,458.3625772533305
1087,2021-12-23,0.91706,419.3981452875894
1088,2021-12-24,0.67938,310.70018531555456
1089,2021-12-25,0.93275,426.5736375122664
1090,2021-12-26,0.97087,444.0070195138398
1091,2021-12-27,1.00002,457.3381602626819
1092,2021-12-28,0.9036,413.2424967634242
1093,2021-12-29,0.81616,373.2536478070344
1094,2021-12-30,0.80719,369.15140655430315
1095,2021-12-31,0.58745,268.6579290877308
1096,2022-01-01,0.70405,321.9824920830996
1097,2022-01-02,0.83634,382.4825473031454
1098,2022-01-03,0.87221,398.8869390239334
1099,2022-01-04,0.94396,431.7002957556462
1100,2022-01-05,0.9193,420.422562278238
1101,2022-01-06,0.98432,450.1580947478682
1102,2022-01-07,0.75562,345.56694931870135
1103,2022-01-08,0.88791,406.0670045387472
1104,2022-01-09,1.00002,457.3381602626819
1105,2022-01-10,0.93051,425.54922052161777
1106,2022-01-11,0.8767,400.9403462953674
1107,2022-01-12,0.90136,412.2180797727756
1108,2022-01-13,0.76683,350.6936075620812
1109,2022-01-14,0.75786,346.59136630934995
1110,2022-01-15,0.70629,323.0069090737482
1111,2022-01-16,0.81616,373.2536478070344
1112,2022-01-17,0.91257,417.34473801615536
1113,2022-01-18,0.88791,406.0670045387472
1114,2022-01-19,1.03365,472.7181349928214
1115,2022-01-20,0.84306,385.5557982750912
1116,2022-01-21,0.90136,412.2180797727756
1117,2022-01-22,1.66371,760.8628533535596
1118,2022-01-23,1.60317,733.1761548652265
1119,2022-01-24,1.41707,648.0672254189304
1120,2022-01-25,1.14576,523.9892907167562
1121,2022-01-26,0.99329,454.2603360005994
1122,2022-01-27,0.93275,426.5736375122664
1123,2022-01-28,0.79598,364.0247483109234
1124,2022-01-29,0.71526,327.1091503264794
1125,2022-01-30,0.73095,334.28464255115637
1126,2022-01-31,0.79149,361.9713410394894
1127,2022-02-01,0.80495,368.1269895636546
1128,2022-02-02,1.01571,464.5136524873589
1129,2022-02-03,1.02692,469.6403107307388
1130,2022-02-04,0.94172,430.6758787649976
1131,2022-02-05,0.97984,448.109260766571
1132,2022-02-06,1.08971,498.3559994998572
1133,2022-02-07,1.03589,473.74255198347
1134,2022-02-08,0.92378,422.4713962595352
1135,2022-02-09,1.00674,460.41141123462774
1136,2022-02-10,0.99329,454.2603360005994
1137,2022-02-11,1.01571,464.5136524873589
1138,2022-02-12,0.84531,386.5847885558766
1139,2022-02-13,1.08522,496.30259222842324
1140,2022-02-14,0.96414,440.92919525175716
1141,2022-02-15,1.12782,515.7848082112938
1142,2022-02-16,0.95966,438.88036127045996
1143,2022-02-17,1.00002,457.3381602626819
1144,2022-02-18,0.84979,388.63362253717384
1145,2022-02-19,0.92827,424.5248035309692
1146,2022-02-20,1.08746,497.32700921907184
1147,2022-02-21,1.2063,551.6759892050892
1148,2022-02-22,2.70185,1235.634395617815
1149,2022-02-23,2.84535,1301.2611090812404
1150,2022-02-24,1.60317,733.1761548652265
1151,2022-02-25,1.24442,569.1093712066627
1152,2022-02-26,1.4507,663.4472001490699
1153,2022-02-27,1.7377,794.700627075921
1154,2022-02-28,1.38792,634.7360846700882
1155,2022-03-01,1.80721,826.4895668169852
1156,2022-03-02,1.63232,746.5072956140688
1157,2022-03-03,1.62111,741.380637370689
1158,2022-03-04,1.3655,624.4827681833285
1159,2022-03-05,1.24442,569.1093712066627
1160,2022-03-06,1.45967,667.549441401801
1161,2022-03-07,1.34083,613.2004614157836
1162,2022-03-08,1.09643,501.429250471803
1163,2022-03-09,1.12558,514.7603912206451
1164,2022-03-10,1.31617,601.9227279383754
1165,2022-03-11,1.17715,538.344848456247
1166,2022-03-12,1.17491,537.3204314655983
1167,2022-03-13,1.27805,584.4893459368019
1168,2022-03-14,1.30271,595.7670794142102
1169,2022-03-15,1.14128,521.9404567354591
1170,2022-03-16,1.08971,498.3559994998572
1171,2022-03-17,7.45532,3409.5341422867327
1172,2022-03-18,7.42169,3394.154167556593
1173,2022-03-19,3.70411,1693.9969728711455
1174,2022-03-20,2.731,1248.965536366657
1175,2022-03-21,3.09872,1417.1345612779523
1176,2022-03-22,3.18617,1457.127983524479
1177,2022-03-23,3.01576,1379.1945463028599
1178,2022-03-24,2.13233,975.1763757454098
1179,2022-03-25,1.56954,717.7961801350872
1180,2022-03-26,1.25787,575.260446440691
1181,2022-03-27,1.51797,694.2117228994854
1182,2022-03-28,1.59869,731.1273208839293
1183,2022-03-29,1.57402,719.8450141163844
1184,2022-03-30,1.61438,738.3028131086063
1185,2022-03-31,1.32962,608.0738031724038
1186,2022-04-01,1.15249,527.0671149788388
1187,2022-04-02,1.06504,487.07369273231217
1188,2022-04-03,1.14352,522.9648737261076
1189,2022-04-04,1.35429,619.3561099399487
1190,2022-04-05,1.20182,549.6271552237921
1191,2022-04-06,1.21975,557.8270644391175
1192,2022-04-07,1.12558,514.7603912206451
1193,2022-04-08,1.01123,462.4648185060618
1194,2022-04-09,0.83858,383.506964293794
1195,2022-04-10,1.05159,480.9226174982838
1196,2022-04-11,1.07849,493.22476796634055
1197,2022-04-12,1.10764,506.55590871518274
1198,2022-04-13,0.86549,395.8136880519876
1199,2022-04-14,0.83185,380.42914003171137
1200,2022-04-15,0.78252,357.86909978675817
1201,2022-04-16,0.81167,371.20024053560036
1202,2022-04-17,0.9462,432.7247127462948
1203,2022-04-18,0.95742,437.8559442798114
1204,2022-04-19,1.11661,510.658149967914
1205,2022-04-20,1.11885,511.6825669585625
1206,2022-04-21,1.01123,462.4648185060618
1207,2022-04-22,0.75113,343.5135420472674
1208,2022-04-23,0.83409,381.45355702236
1209,2022-04-24,1.0045,459.38699424397913
1210,2022-04-25,0.92378,422.4713962595352
1211,2022-04-26,0.87445,399.91135601458194
1212,2022-04-27,0.78701,359.9225070581922
1213,2022-04-28,0.76234,348.64020029064716
1214,2022-04-29,0.64351,294.2957935947666
1215,2022-04-30,0.62109,284.042477108007
1216,2022-05-01,1.00002,457.3381602626819
1217,2022-05-02,1.11885,511.6825669585625
1218,2022-05-03,0.92827,424.5248035309692
1219,2022-05-04,0.81391,372.22465752624896
1220,2022-05-05,0.7175,328.133567317128
1221,2022-05-06,0.81167,371.20024053560036
1222,2022-05-07,0.78477,358.8980900675436
1223,2022-05-08,0.97087,444.0070195138398
1224,2022-05-09,0.85203,389.6580395278224
1225,2022-05-10,1.65474,756.7606121008284
1226,2022-05-11,2.21529,1013.1163907205024
1227,2022-05-12,1.33859,612.1760444251349
1228,2022-05-13,1.09195,499.3804164905058
1229,2022-05-14,1.09419,500.4048334811544
1230,2022-05-15,1.48209,677.8027578885606
1231,2022-05-16,1.40586,642.9405671755507
1232,2022-05-17,1.26236,577.3138537121249
1233,2022-05-18,1.01796,465.5426427681444
1234,2022-05-19,0.93499,427.598054502915
1235,2022-05-20,0.73992,338.3868838038876
1236,2022-05-21,0.78028,356.84468279610957
1237,2022-05-22,0.90584,414.2669137540728
1238,2022-05-23,0.86997,397.8625220332848
1239,2022-05-24,0.9619,439.90477826110856
1240,2022-05-25,0.97984,448.109260766571
1241,2022-05-26,1.00899,461.4404015154132
1242,2022-05-27,0.77804,355.82026580546096
1243,2022-05-28,0.64799,296.3446275760638
1244,2022-05-29,0.98656,451.1825117385168
1245,2022-05-30,0.9462,432.7247127462948
1246,2022-05-31,0.99553,455.284752991248
1247,2022-06-01,1.0045,459.38699424397913
1248,2022-06-02,0.98432,450.1580947478682
1249,2022-06-03,0.80719,369.15140655430315
1250,2022-06-04,0.73095,334.28464255115637
1251,2022-06-05,0.86324,394.78469777120216
1252,2022-06-06,0.84306,385.5557982750912
1253,2022-06-07,0.83858,383.506964293794
1254,2022-06-08,0.79373,362.995758030138
1255,2022-06-09,0.67938,310.70018531555456
1256,2022-06-10,0.64799,296.3446275760638
1257,2022-06-11,0.56279,257.3801956103226
1258,2022-06-12,0.68162,311.72460230620317
1259,2022-06-13,0.79373,362.995758030138
1260,2022-06-14,0.72423,331.2113915792106
1261,2022-06-15,0.57848,264.55568783499956
1262,2022-06-16,0.58297,266.6090951064336
1263,2022-06-17,0.56951,260.4534465822684
1264,2022-06-18,0.51346,234.8201553653694
1265,2022-06-19,0.6592,301.4712858194436
1266,2022-06-20,0.7758,354.7958488148124
1267,2022-06-21,0.73544,336.3380498225904
1268,2022-06-22,0.6592,301.4712858194436
1269,2022-06-23,0.59866,273.7845873311106
1270,2022-06-24,0.58745,268.6579290877308
1271,2022-06-25,0.41032,187.6512408941658
1272,2022-06-26,0.58297,266.6090951064336
1273,2022-06-27,0.64575,295.3202105854152
1274,2022-06-28,0.64575,295.3202105854152
1275,2022-06-29,0.6323,289.1691353513868
1276,2022-06-30,0.67938,310.70018531555456
1277,2022-07-01,0.60539,276.8624115931932
1278,2022-07-02,0.50225,229.69349712198957
1279,2022-07-03,0.73095,334.28464255115637
1280,2022-07-04,0.74665,341.4647080659702
1281,2022-07-05,0.89239,408.1158385200444
1282,2022-07-06,0.82961,379.40472304106277
1283,2022-07-07,0.69956,319.9290848116656
1284,2022-07-08,0.67266,307.6269343436088
1285,2022-07-09,0.79598,364.0247483109234
1286,2022-07-10,2.88123,1317.6700740921654
1287,2022-07-11,2.15924,987.4830995036034
1288,2022-07-12,1.48433,678.8271748792091
1289,2022-07-13,1.16594,533.2181902128672
1290,2022-07-14,0.98432,450.1580947478682
1291,2022-07-15,0.98208,449.1336777572196
1292,2022-07-16,1.13903,520.9114664546736
1293,2022-07-17,1.2063,551.6759892050892
1294,2022-07-18,1.11885,511.6825669585625
1295,2022-07-19,0.98208,449.1336777572196
1296,2022-07-20,0.96863,442.9826025231912
1297,2022-07-21,1.0045,459.38699424397913
1298,2022-07-22,0.81167,371.20024053560036
1299,2022-07-23,0.84306,385.5557982750912
1300,2022-07-24,0.93948,429.651461774349
1301,2022-07-25,1.05607,482.971451479581
1302,2022-07-26,1.01571,464.5136524873589
1303,2022-07-27,0.79149,361.9713410394894
1304,2022-07-28,0.74889,342.4891250566188
1305,2022-07-29,0.69284,316.8558338397198
1306,2022-07-30,0.51122,233.7957383747208
1307,2022-07-31,0.72871,333.26022556050776
1308,2022-08-01,0.82064,375.3024817883316
1309,2022-08-02,0.85427,390.682456518471
1310,2022-08-03,0.80943,370.17582354495175
1311,2022-08-04,0.64799,296.3446275760638
1312,2022-08-05,0.64799,296.3446275760638
1313,2022-08-06,0.5583,255.32678833888858
1314,2022-08-07,0.62557,286.09131108930416
1315,2022-08-08,0.62557,286.09131108930416
1316,2022-08-09,0.7018,320.9535018023142
1317,2022-08-10,0.72871,333.26022556050776
1318,2022-08-11,0.72198,330.18240129842513
1319,2022-08-12,0.5583,255.32678833888858
1320,2022-08-13,0.4888,223.5424218879612
1321,2022-08-14,1.02917,470.66930101152417
1322,2022-08-15,1.03141,471.6937180021728
1323,2022-08-16,0.90809,415.29590403485815
1324,2022-08-17,0.86997,397.8625220332848
1325,2022-08-18,0.79149,361.9713410394894
1326,2022-08-19,0.73095,334.28464255115637
1327,2022-08-20,0.68611,313.7780095776372
1328,2022-08-21,0.72198,330.18240129842513
1329,2022-08-22,0.84306,385.5557982750912
1330,2022-08-23,0.81616,373.2536478070344
1331,2022-08-24,0.74665,341.4647080659702
1332,2022-08-25,0.77804,355.82026580546096
1333,2022-08-26,0.64799,296.3446275760638
1334,2022-08-27,0.73768,337.362466813239
1335,2022-08-28,2.06506,944.4118529949941
1336,2022-08-29,1.80273,824.440732835688
1337,2022-08-30,1.7377,794.700627075921
1338,2022-08-31,1.9238,879.8095565222171
1339,2022-09-01,1.47312,673.7005166358293
1340,2022-09-02,1.28253,586.5381799180991
1341,2022-09-03,1.27581,583.4649289461535
1342,2022-09-04,1.31168,599.8693206669413
1343,2022-09-05,1.45743,666.5250244111523
1344,2022-09-06,1.2489,571.1582051879598
1345,2022-09-07,1.05831,483.9958684702296
1346,2022-09-08,0.89912,411.193662782127
1347,2022-09-09,0.83185,380.42914003171137
1348,2022-09-10,0.93724,428.6270447837004
1349,2022-09-11,1.06504,487.07369273231217
1350,2022-09-12,0.99105,453.2359190099508
1351,2022-09-13,1.12782,515.7848082112938
1352,2022-09-14,1.04935,479.8982005076352
1353,2022-09-15,1.09195,499.3804164905058
1354,2022-09-16,0.91481,418.36915500680396
1355,2022-09-17,0.84755,387.60920554652523
1356,2022-09-18,0.93051,425.54922052161777
1357,2022-09-19,1.04038,475.795959254904
1358,2022-09-20,1.04262,476.8203762455526
1359,2022-09-21,1.08074,494.25375824712603
1360,2022-09-22,1.03589,473.74255198347
1361,2022-09-23,0.85203,389.6580395278224
1362,2022-09-24,0.86549,395.8136880519876
1363,2022-09-25,1.03589,473.74255198347
1364,2022-09-26,1.08298,495.27817523777463
1365,2022-09-27,0.86997,397.8625220332848
1366,2022-09-28,0.91033,416.32032102550676
1367,2022-09-29,0.76459,349.6691905714326
1368,2022-09-30,0.68611,313.7780095776372
1369,2022-10-01,0.87221,398.8869390239334
1370,2022-10-02,0.93724,428.6270447837004
1371,2022-10-03,1.00899,461.4404015154132
1372,2022-10-04,1.01571,464.5136524873589
1373,2022-10-05,0.86997,397.8625220332848
1374,2022-10-06,0.87221,398.8869390239334
1375,2022-10-07,0.8767,400.9403462953674
1376,2022-10-08,0.72871,333.26022556050776
1377,2022-10-09,0.87221,398.8869390239334
1378,2022-10-10,1.07625,492.20035097569195
1379,2022-10-11,1.09867,502.4536674624516
1380,2022-10-12,1.02468,468.6158937400902
1381,2022-10-13,1.08522,496.30259222842324
1382,2022-10-14,1.13903,520.9114664546736
1383,2022-10-15,1.0045,459.38699424397913
1384,2022-10-16,1.42379,651.1404763908761
1385,2022-10-17,1.36325,623.4537779025433
1386,2022-10-18,1.23096,562.9537226824974
1387,2022-10-19,1.45518,665.496034130367
1388,2022-10-20,1.26236,577.3138537121249
1389,2022-10-21,1.00002,457.3381602626819
1390,2022-10-22,0.99778,456.3137432720334
1391,2022-10-23,1.75788,803.929526572032
1392,2022-10-24,1.70183,778.2962353551329
1393,2022-10-25,1.44846,662.4227831584212
1394,2022-10-26,1.35653,620.3805269305974
1395,2022-10-27,1.12782,515.7848082112938
1396,2022-10-28,1.11661,510.658149967914
1397,2022-10-29,0.95069,434.7781200177288
1398,2022-10-30,1.23993,567.0559639352285
1399,2022-10-31,1.18836,543.4715066996268
1400,2022-11-01,1.18388,541.4226727183296
1401,2022-11-02,1.21078,553.7248231863864
1402,2022-11-03,1.13007,516.8137984920792
1403,2022-11-04,1.20406,550.6515722144405
1404,2022-11-05,1.30047,594.7426624235616
1405,2022-11-06,1.49106,681.9049991412918
1406,2022-11-07,1.37671,629.6094264267084
1407,2022-11-08,1.27581,583.4649289461535
1408,2022-11-09,1.13455,518.8626324733764
1409,2022-11-10,1.05383,481.9470344889324
1410,2022-11-11,0.94396,431.7002957556462
1411,2022-11-12,1.02692,469.6403107307388
1412,2022-11-13,1.80721,826.4895668169852
1413,2022-11-14,1.58523,724.9716723597642
1414,2022-11-15,1.39016,635.7605016607368
1415,2022-11-16,1.26011,576.2848634313397
1416,2022-11-17,1.222,558.856054719903
1417,2022-11-18,1.11661,510.658149967914
1418,2022-11-19,1.02917,470.66930101152417
1419,2022-11-20,1.148,525.0137077074047
1420,2022-11-21,1.0045,459.38699424397913
1421,2022-11-22,1.12334,513.7359742299966
1422,2022-11-23,1.14128,521.9404567354591
1423,2022-11-24,0.8767,400.9403462953674
1424,2022-11-25,0.73768,337.362466813239
1425,2022-11-26,0.81391,372.22465752624896
1426,2022-11-27,1.1906,544.4959236902754
1427,2022-11-28,0.93948,429.651461774349
1428,2022-11-29,1.09419,500.4048334811544
1429,2022-11-30,1.08298,495.27817523777463
1430,2022-12-01,0.92827,424.5248035309692
1431,2022-12-02,0.83858,383.506964293794
1432,2022-12-03,0.60987,278.9112455744904
1433,2022-12-04,2.50005,1143.345400656705
1434,2022-12-05,1.84981,845.9717827998558
1435,2022-12-06,1.37895,630.633843417357
1436,2022-12-07,1.23993,567.0559639352285
1437,2022-12-08,1.08522,496.30259222842324
1438,2022-12-09,0.89463,409.140255510693
1439,2022-12-10,0.85427,390.682456518471
1440,2022-12-11,0.98881,452.2115020193022
1441,2022-12-12,0.97984,448.109260766571
1442,2022-12-13,1.02917,470.66930101152417
1443,2022-12-14,0.93275,426.5736375122664
1444,2022-12-15,1.07401,491.17593398504334
1445,2022-12-16,0.98656,451.1825117385168
1446,2022-12-17,0.96863,442.9826025231912
1447,2022-12-18,1.1637,532.1937732222186
1448,2022-12-19,1.0471,478.86921022684976
1449,2022-12-20,1.15473,528.0915319694874
1450,2022-12-21,0.95069,434.7781200177288
1451,2022-12-22,0.86324,394.78469777120216
1452,2022-12-23,0.81616,373.2536478070344
1453,2022-12-24,0.77131,352.7424415433784
1454,2022-12-25,0.88791,406.0670045387472
1455,2022-12-26,0.84531,386.5847885558766
1456,2022-12-27,0.89015,407.0914215293958
1457,2022-12-28,1.42604,652.1694666716616
1458,2022-12-29,1.13007,516.8137984920792
1459,2022-12-30,0.95069,434.7781200177288
1460,2022-12-31,1.14352,522.9648737261076
1461,2023-01-01,1.29599,592.6938284422644
1462,2023-01-02,1.40586,642.9405671755507
1463,2023-01-03,1.28253,586.5381799180991
1464,2023-01-04,0.99553,455.284752991248
1465,2023-01-05,0.79598,364.0247483109234
1466,2023-01-06,0.8184,374.278064797683
1467,2023-01-07,0.76234,348.64020029064716
1468,2023-01-08,0.87221,398.8869390239334
1469,2023-01-09,0.82961,379.40472304106277
1470,2023-01-10,0.72871,333.26022556050776
1471,2023-01-11,0.8027,367.0979992828692
1472,2023-01-12,0.67714,309.67576832490596
1473,2023-01-13,0.70629,323.0069090737482
1474,2023-01-14,0.66144,302.4957028100922
1475,2023-01-15,0.72647,332.23580856985916
1476,2023-01-16,0.6592,301.4712858194436
1477,2023-01-17,0.75562,345.56694931870135
1478,2023-01-18,0.68835,314.8024265682858
1479,2023-01-19,0.68387,312.7535925869886
1480,2023-01-20,0.54485,249.17571310486017
1481,2023-01-21,0.57848,264.55568783499956
1482,2023-01-22,0.56951,260.4534465822684
1483,2023-01-23,0.73992,338.3868838038876
1484,2023-01-24,0.86549,395.8136880519876
1485,2023-01-25,0.70629,323.0069090737482
1486,2023-01-26,0.75786,346.59136630934995
1487,2023-01-27,0.6592,301.4712858194436
1488,2023-01-28,0.82064,375.3024817883316
1489,2023-01-29,1.18836,543.4715066996268
1490,2023-01-30,1.01571,464.5136524873589
1491,2023-01-31,0.83634,382.4825473031454
1492,2023-02-01,0.9036,413.2424967634242
1493,2023-02-02,0.861,393.76028078055356
1494,2023-02-03,0.88567,405.0425875480986
1495,2023-02-04,0.7758,354.7958488148124
1496,2023-02-05,0.99553,455.284752991248
1497,2023-02-06,0.91706,419.3981452875894
1498,2023-02-07,0.99553,455.284752991248
1499,2023-02-08,0.91481,418.36915500680396
1500,2023-02-09,1.16594,533.2181902128672
1501,2023-02-10,1.50451,688.0560743753202
1502,2023-02-11,1.21303,554.7538134671718
1503,2023-02-12,1.37222,627.5560191552744
1504,2023-02-13,1.25563,574.2360294500425
1505,2023-02-14,1.11213,508.6093159866168
1506,2023-02-15,1.04038,475.795959254904
1507,2023-02-16,0.74665,341.4647080659702
1508,2023-02-17,0.89239,408.1158385200444
1509,2023-02-18,0.92378,422.4713962595352
1510,2023-02-19,1.16146,531.16935623157
1511,2023-02-20,1.13679,519.8870494640249
1512,2023-02-21,1.26684,579.3626876934221
1513,2023-02-22,1.00899,461.4404015154132
1514,2023-02-23,1.21527,555.7782304578204
1515,2023-02-24,1.12782,515.7848082112938
1516,2023-02-25,1.21527,555.7782304578204
1517,2023-02-26,1.31841,602.947144929024
1518,2023-02-27,1.22424,559.8804717105515
1519,2023-02-28,1.07849,493.22476796634055
1520,2023-03-01,1.34083,613.2004614157836
1521,2023-03-02,1.10989,507.5848989959682
1522,2023-03-03,0.92827,424.5248035309692
1523,2023-03-04,1.24218,568.084954216014
1524,2023-03-05,1.44622,661.3983661677727
1525,2023-03-06,1.24218,568.084954216014
1526,2023-03-07,1.15921,530.1403659507846
1527,2023-03-08,1.17042,535.2670241941644
1528,2023-03-09,1.0628,486.04927574166356
1529,2023-03-10,0.93724,428.6270447837004
1530,2023-03-11,1.05159,480.9226174982838
1531,2023-03-12,1.38792,634.7360846700882
1532,2023-03-13,1.10316,504.50707473388553
1533,2023-03-14,1.06056,485.02485875101496
1534,2023-03-15,1.1211,512.7115572393479
1535,2023-03-16,1.03589,473.74255198347
1536,2023-03-17,0.93051,425.54922052161777
1537,2023-03-18,1.08522,496.30259222842324
1538,2023-03-19,1.21078,553.7248231863864
1539,2023-03-20,1.08522,496.30259222842324
1540,2023-03-21,1.0628,486.04927574166356
1541,2023-03-22,1.21527,555.7782304578204
1542,2023-03-23,1.00899,461.4404015154132
1543,2023-03-24,0.96414,440.92919525175716
1544,2023-03-25,1.04486,477.84479323620116
1545,2023-03-26,1.24218,568.084954216014
1546,2023-03-27,0.96414,440.92919525175716
1547,2023-03-28,1.01796,465.5426427681444
1548,2023-03-29,0.85876,392.73586378990495
1549,2023-03-30,0.91481,418.36915500680396
1550,2023-03-31,0.91706,419.3981452875894
1551,2023-04-01,1.08971,498.3559994998572
1552,2023-04-02,14.15502,6473.501335254764
1553,2023-04-03,6.45754,2953.220399014699
1554,2023-04-04,2.5718,1176.1587573884178
1555,2023-04-05,2.07403,948.5140942477254
1556,2023-04-06,1.71976,786.4961445704586
1557,2023-04-07,1.57178,718.8205971257357
1558,2023-04-08,1.60317,733.1761548652265
1559,2023-04-09,1.68837,772.1405868309678
1560,2023-04-10,2.52247,1153.5987171434647
1561,2023-04-11,2.13681,977.225209726707
1562,2023-04-12,1.80048,823.4117425549026
1563,2023-04-13,1.43725,657.2961249150413
1564,2023-04-14,1.28253,586.5381799180991
1565,2023-04-15,1.16818,534.2426072035158
1566,2023-04-16,1.23993,567.0559639352285
1567,2023-04-17,1.31617,601.9227279383754
1568,2023-04-18,1.19957,548.5981649430066
1569,2023-04-19,1.19509,546.5493309617094
1570,2023-04-20,1.02692,469.6403107307388
1571,2023-04-21,0.9462,432.7247127462948
1572,2023-04-22,0.91481,418.36915500680396
1573,2023-04-23,0.97984,448.109260766571
1574,2023-04-24,0.96414,440.92919525175716
1575,2023-04-25,0.94845,433.7537030270802
1576,2023-04-26,0.86997,397.8625220332848
1577,2023-04-27,0.79822,365.04916530157203
1578,2023-04-28,0.70629,323.0069090737482
1579,2023-04-29,0.68835,314.8024265682858
1580,2023-04-30,0.85652,391.71144679925635
1581,2023-05-01,0.85876,392.73586378990495
1582,2023-05-02,0.73768,337.362466813239
1583,2023-05-03,0.80495,368.1269895636546
1584,2023-05-04,0.7332,335.3136328319418
1585,2023-05-05,0.83409,381.45355702236
1586,2023-05-06,0.82064,375.3024817883316
1587,2023-05-07,0.90136,412.2180797727756
1588,2023-05-08,0.78701,359.9225070581922
1589,2023-05-09,0.80719,369.15140655430315
1590,2023-05-10,0.89912,411.193662782127
1591,2023-05-11,1.0628,486.04927574166356
1592,2023-05-12,0.84306,385.5557982750912
1593,2023-05-13,0.88567,405.0425875480986
1594,2023-05-14,1.08298,495.27817523777463
1595,2023-05-15,0.99553,455.284752991248
1596,2023-05-16,1.21975,557.8270644391175
1597,2023-05-17,1.06056,485.02485875101496
1598,2023-05-18,1.08746,497.32700921907184
1599,2023-05-19,1.06056,485.02485875101496
1600,2023-05-20,1.06728,488.09810972296077
1601,2023-05-21,1.30271,595.7670794142102
1602,2023-05-22,1.22424,559.8804717105515
1603,2023-05-23,1.08971,498.3559994998572
1604,2023-05-24,1.09867,502.4536674624516
1605,2023-05-25,1.05607,482.971451479581
1606,2023-05-26,0.95293,435.8025370083774
1607,2023-05-27,1.05831,483.9958684702296
1608,2023-05-28,1.24442,569.1093712066627
1609,2023-05-29,1.24442,569.1093712066627
1610,2023-05-30,1.27132,581.4115216747193
1611,2023-05-31,1.10316,504.50707473388553
1612,2023-06-01,1.11213,508.6093159866168
1613,2023-06-02,0.98881,452.2115020193022
1614,2023-06-03,1.04486,477.84479323620116
1615,2023-06-04,1.222,558.856054719903
1616,2023-06-05,1.08298,495.27817523777463
1617,2023-06-06,1.06953,489.12710000374625
1618,2023-06-07,0.95966,438.88036127045996
1619,2023-06-08,1.02244,467.5914767494416
1620,2023-06-09,0.88567,405.0425875480986
1621,2023-06-10,0.9776,447.0848437759224
1622,2023-06-11,1.11661,510.658149967914
1623,2023-06-12,0.99329,454.2603360005994
1624,2023-06-13,0.89463,409.140255510693
1625,2023-06-14,0.88791,406.0670045387472
1626,2023-06-15,0.79373,362.995758030138
1627,2023-06-16,0.71077,325.0557430550454
1628,2023-06-17,0.72647,332.23580856985916
1629,2023-06-18,0.92602,423.49581325018374
1630,2023-06-19,0.90136,412.2180797727756
1631,2023-06-20,0.75562,345.56694931870135
1632,2023-06-21,0.68835,314.8024265682858
1633,2023-06-22,0.82737,378.3803060504142
1634,2023-06-23,0.69059,315.8268435589344
1635,2023-06-24,0.71526,327.1091503264794
1636,2023-06-25,0.92827,424.5248035309692
1637,2023-06-26,0.78252,357.86909978675817
1638,2023-06-27,0.74889,342.4891250566188
1639,2023-06-28,0.74889,342.4891250566188
1640,2023-06-29,0.63005,288.14014507060136
1641,2023-06-30,0.66144,302.4957028100922
1642,2023-07-01,0.7175,328.133567317128
1643,2023-07-02,0.74441,340.4402910753216
1644,2023-07-03,0.74889,342.4891250566188
1645,2023-07-04,0.861,393.76028078055356
1646,2023-07-05,0.97311,445.0314365044884
1647,2023-07-06,1.09643,501.429250471803
1648,2023-07-07,0.82737,378.3803060504142
1649,2023-07-08,0.7175,328.133567317128
1650,2023-07-09,0.88791,406.0670045387472
1651,2023-07-10,0.85427,390.682456518471
1652,2023-07-11,0.84755,387.60920554652523
1653,2023-07-12,0.74889,342.4891250566188
1654,2023-07-13,0.7175,328.133567317128
1655,2023-07-14,0.7332,335.3136328319418
1656,2023-07-15,0.64799,296.3446275760638
1657,2023-07-16,0.74216,339.4113007945362
1658,2023-07-17,0.6592,301.4712858194436
1659,2023-07-18,0.65023,297.3690445667124
1660,2023-07-19,0.63902,292.2423863233326
1661,2023-07-20,0.58297,266.6090951064336
1662,2023-07-21,0.51794,236.86898934666655
1663,2023-07-22,0.61884,283.0134868272215
1664,2023-07-23,0.64351,294.2957935947666
1665,2023-07-24,0.69508,317.8802508303684
1666,2023-07-25,0.60539,276.8624115931932
1667,2023-07-26,0.64799,296.3446275760638
1668,2023-07-27,0.57848,264.55568783499956
1669,2023-07-28,0.49776,227.64008985055557
1670,2023-07-29,0.58297,266.6090951064336
1671,2023-07-30,1.10092,503.4826577432369
1672,2023-07-31,1.6525,755.7361951101798
1673,2023-08-01,1.0628,486.04927574166356
1674,2023-08-02,0.9193,420.422562278238
1675,2023-08-03,0.86324,394.78469777120216
1676,2023-08-04,0.78252,357.86909978675817
1677,2023-08-05,0.74441,340.4402910753216
1678,2023-08-06,0.71302,326.0847333358308
1679,2023-08-07,0.74889,342.4891250566188
1680,2023-08-08,0.73095,334.28464255115637
1681,2023-08-09,0.80943,370.17582354495175
1682,2023-08-10,0.72647,332.23580856985916
1683,2023-08-11,0.71526,327.1091503264794
1684,2023-08-12,0.60987,278.9112455744904
1685,2023-08-13,0.82513,377.3558890597656
1686,2023-08-14,0.77355,353.76685853402694
1687,2023-08-15,0.75562,345.56694931870135
1688,2023-08-16,0.69284,316.8558338397198
1689,2023-08-17,0.63454,290.1935523420354
1690,2023-08-18,0.68387,312.7535925869886
1691,2023-08-19,0.66144,302.4957028100922
1692,2023-08-20,0.78477,358.8980900675436
1693,2023-08-21,0.7018,320.9535018023142
1694,2023-08-22,0.74665,341.4647080659702
1695,2023-08-23,0.68611,313.7780095776372
1696,2023-08-24,0.65696,300.446868828795
1697,2023-08-25,0.62557,286.09131108930416
1698,2023-08-26,0.70405,321.9824920830996
1699,2023-08-27,1.56729,716.7671898543018
1700,2023-08-28,1.63905,749.5851198761513
1701,2023-08-29,1.29375,591.6694114516158
1702,2023-08-30,1.17267,536.2960144749499
1703,2023-08-31,0.96638,441.95361224240577
1704,2023-09-01,1.03813,474.7669689741186
1705,2023-09-02,1.35429,619.3561099399487
1706,2023-09-03,1.59869,731.1273208839293
1707,2023-09-04,1.40361,641.9115768947652
1708,2023-09-05,1.2063,551.6759892050892
1709,2023-09-06,0.92378,422.4713962595352
1710,2023-09-07,1.02468,468.6158937400902
1711,2023-09-08,0.99329,454.2603360005994
1712,2023-09-09,0.98432,450.1580947478682
1713,2023-09-10,1.23993,567.0559639352285
1714,2023-09-11,1.16146,531.16935623157
1715,2023-09-12,1.11213,508.6093159866168
1716,2023-09-13,1.03141,471.6937180021728
1717,2023-09-14,0.99553,455.284752991248
1718,2023-09-15,0.97984,448.109260766571
1719,2023-09-16,1.04262,476.8203762455526
1720,2023-09-17,1.29823,593.718245432913
1721,2023-09-18,1.24218,568.084954216014
1722,2023-09-19,1.01571,464.5136524873589
1723,2023-09-20,1.08746,497.32700921907184
1724,2023-09-21,1.148,525.0137077074047
1725,2023-09-22,1.09195,499.3804164905058
1726,2023-09-23,1.222,558.856054719903
1727,2023-09-24,1.45518,665.496034130367
1728,2023-09-25,1.3072,597.8204866856441
1729,2023-09-26,1.09643,501.429250471803
1730,2023-09-27,0.94845,433.7537030270802
1731,2023-09-28,0.89015,407.0914215293958
1732,2023-09-29,0.82961,379.40472304106277
1733,2023-09-30,1.38568,633.7116676794396
1734,2023-10-01,1.5359,702.411632114811
1735,2023-10-02,1.41482,647.038235138145
1736,2023-10-03,1.74891,799.8272853193008
1737,2023-10-04,1.62559,743.4294713519862
1738,2023-10-05,1.42379,651.1404763908761
1739,2023-10-06,1.34532,615.2538686872176
1740,2023-10-07,1.28029,585.5137629274506
1741,2023-10-08,1.57851,721.8984213878184
1742,2023-10-09,1.76012,804.9539435626805
1743,2023-10-10,1.47761,675.7539239072635
1744,2023-10-11,1.37447,628.5850094360599
1745,2023-10-12,1.35429,619.3561099399487
1746,2023-10-13,1.19285,545.5249139710608
1747,2023-10-14,1.17939,539.3692654468955
1748,2023-10-15,1.46415,669.5982753830982
1749,2023-10-16,1.47312,673.7005166358293
1750,2023-10-17,1.42379,651.1404763908761
1751,2023-10-18,1.35429,619.3561099399487
1752,2023-10-19,1.44846,662.4227831584212
1753,2023-10-20,1.32289,604.9959789103211
1754,2023-10-21,1.37671,629.6094264267084
1755,2023-10-22,1.67716,767.013928587588
1756,2023-10-23,1.43725,657.2961249150413
1757,2023-10-24,1.30496,596.7960696949956
1758,2023-10-25,1.20854,552.7004061957377
1759,2023-10-26,1.21078,553.7248231863864
1760,2023-10-27,1.12334,513.7359742299966
1761,2023-10-28,1.26011,576.2848634313397
1762,2023-10-29,1.36774,625.5071851739772
1763,2023-10-30,1.35653,620.3805269305974
1764,2023-10-31,1.26236,577.3138537121249
1765,2023-11-01,1.26011,576.2848634313397
1766,2023-11-02,1.11661,510.658149967914
1767,2023-11-03,1.09195,499.3804164905058
1768,2023-11-04,1.19509,546.5493309617094
1769,2023-11-05,1.54487,706.5138733675421
1770,2023-11-06,1.36998,626.5316021646257
1771,2023-11-07,1.57178,718.8205971257357
1772,2023-11-08,1.44622,661.3983661677727
1773,2023-11-09,1.43276,655.2427176436074
1774,2023-11-10,1.27581,583.4649289461535
1775,2023-11-11,1.41482,647.038235138145
1776,2023-11-12,2.0404,933.134119517586
1777,2023-11-13,1.93726,885.9652050463824
1778,2023-11-14,1.82291,833.669632331799
1779,2023-11-15,1.81394,829.5673910790679
1780,2023-11-16,1.65474,756.7606121008284
1781,2023-11-17,1.52021,695.236139890134
1782,2023-11-18,1.66371,760.8628533535596
1783,2023-11-19,1.9395,886.989622037031
1784,2023-11-20,1.66371,760.8628533535596
1785,2023-11-21,1.61214,737.2783961179578
1786,2023-11-22,1.78479,816.2362503302256
1787,2023-11-23,1.66147,759.838436362911
1788,2023-11-24,1.63008,745.4828786234202
1789,2023-11-25,1.73994,795.7250440665696
1790,2023-11-26,1.97089,901.3451797765218
1791,2023-11-27,1.6525,755.7361951101798
1792,2023-11-28,1.67492,765.9895115969393
1793,2023-11-29,1.62783,744.4538883426349
1794,2023-11-30,1.69958,777.2672450743477
1795,2023-12-01,1.34756,616.2782856778663
1796,2023-12-02,1.31393,600.8983109477268
1797,2023-12-03,1.82291,833.669632331799
1798,2023-12-04,1.57626,720.8694311070329
1799,2023-12-05,1.36998,626.5316021646257
1800,2023-12-06,1.29599,592.6938284422644
1801,2023-12-07,1.3072,597.8204866856441
1802,2023-12-08,1.07401,491.17593398504334
1803,2023-12-09,1.20854,552.7004061957377
1804,2023-12-10,1.3655,624.4827681833285
1805,2023-12-11,1.37222,627.5560191552744
1806,2023-12-12,1.26908,580.3871046840708
1807,2023-12-13,1.27581,583.4649289461535
1808,2023-12-14,1.10092,503.4826577432369
1809,2023-12-15,1.05831,483.9958684702296
1810,2023-12-16,1.08522,496.30259222842324
1811,2023-12-17,4.45525,2037.51508820855
1812,2023-12-18,4.63239,2118.5263496922516
1813,2023-12-19,3.32742,1521.7257067071191
1814,2023-12-20,2.91934,1335.098882803602
1815,2023-12-21,3.13459,1433.5389529987406
1816,2023-12-22,3.14805,1439.6946015229055
1817,2023-12-23,2.95073,1349.454440543093
1818,2023-12-24,2.82517,1292.0322095851295
1819,2023-12-25,2.07179,947.4896772570768
1820,2023-12-26,1.74891,799.8272853193008
1821,2023-12-27,1.4933,682.9294161319405
1822,2023-12-28,1.51797,694.2117228994854
1823,2023-12-29,1.40586,642.9405671755507
1824,2023-12-30,1.29823,593.718245432913
1825,2023-12-31,1.14128,521.9404567354591
1826,2024-01-01,1.21303,554.7538134671718
1827,2024-01-02,1.11437,509.6337329772654
1828,2024-01-03,1.11661,510.658149967914
1829,2024-01-04,1.16146,531.16935623157
1830,2024-01-05,1.09643,501.429250471803
1831,2024-01-06,1.08971,498.3559994998572
1832,2024-01-07,1.23769,566.03154694458
1833,2024-01-08,1.00674,460.41141123462774
1834,2024-01-09,1.01796,465.5426427681444
1835,2024-01-10,1.04262,476.8203762455526
1836,2024-01-11,0.93724,428.6270447837004
1837,2024-01-12,0.96863,442.9826025231912
1838,2024-01-13,0.92154,421.4469792688866
1839,2024-01-14,1.15249,527.0671149788388
1840,2024-01-15,1.03365,472.7181349928214
1841,2024-01-16,0.99329,454.2603360005994
1842,2024-01-17,1.0045,459.38699424397913
1843,2024-01-18,1.00899,461.4404015154132
1844,2024-01-19,0.94396,431.7002957556462
1845,2024-01-20,0.97984,448.109260766571
1846,2024-01-21,1.14352,522.9648737261076
1847,2024-01-22,1.14576,523.9892907167562
1848,2024-01-23,1.06056,485.02485875101496
1849,2024-01-24,1.63905,749.5851198761513
1850,2024-01-25,0.84306,385.5557982750912
1851,2024-01-26,0.84531,386.5847885558766
1852,2024-01-27,0.9193,420.422562278238
1853,2024-01-28,1.10316,504.50707473388553
1854,2024-01-29,0.97087,444.0070195138398
1855,2024-01-30,1.03589,473.74255198347
1856,2024-01-31,0.97984,448.109260766571
1857,2024-02-01,0.90809,415.29590403485815
1858,2024-02-02,0.86773,396.8381050426362
1859,2024-02-03,0.85203,389.6580395278224
1860,2024-02-04,1.30047,594.7426624235616
1861,2024-02-05,1.28029,585.5137629274506
1862,2024-02-06,1.24218,568.084954216014
1863,2024-02-07,1.07849,493.22476796634055
1864,2024-02-08,1.04935,479.8982005076352
1865,2024-02-09,0.96863,442.9826025231912
1866,2024-02-10,0.9619,439.90477826110856
1867,2024-02-11,1.23993,567.0559639352285
1868,2024-02-12,1.54487,706.5138733675421
1869,2024-02-13,1.55833,712.6695218917074
1870,2024-02-14,1.41482,647.038235138145
1871,2024-02-15,1.39465,637.8139089321708
1872,2024-02-16,1.19509,546.5493309617094
1873,2024-02-17,1.54487,706.5138733675421
1874,2024-02-18,1.9395,886.989622037031
1875,2024-02-19,1.62335,742.4050543613376
1876,2024-02-20,1.54039,704.4650393862449
1877,2024-02-21,1.52021,695.236139890134
1878,2024-02-22,1.47536,674.724933626478
1879,2024-02-23,1.14352,522.9648737261076
1880,2024-02-24,1.30047,594.7426624235616
1881,2024-02-25,1.64129,750.6095368668
1882,2024-02-26,1.30496,596.7960696949956
1883,2024-02-27,1.36325,623.4537779025433
1884,2024-02-28,1.18836,543.4715066996268
1885,2024-02-29,1.11661,510.658149967914
1886,2024-03-01,1.4507,663.4472001490699
1887,2024-03-02,1.49779,684.9828234033744
1888,2024-03-03,1.44173,659.3449588963385
1889,2024-03-04,1.41482,647.038235138145
1890,2024-03-05,1.43052,654.2183006529588
1891,2024-03-06,1.49554,683.953833122589
1892,2024-03-07,1.34083,613.2004614157836
1893,2024-03-08,1.12782,515.7848082112938
1894,2024-03-09,1.36998,626.5316021646257
1895,2024-03-10,1.6525,755.7361951101798
1896,2024-03-11,1.47088,672.6760996451808
1897,2024-03-12,1.33635,611.1516274344864
1898,2024-03-13,1.45743,666.5250244111523
1899,2024-03-14,1.25339,573.2116124593938
1900,2024-03-15,1.13455,518.8626324733764
1901,2024-03-16,1.80721,826.4895668169852
1902,2024-03-17,2.02695,926.9830442835575
1903,2024-03-18,1.52021,695.236139890134
1904,2024-03-19,1.55608,711.6405316109219
1905,2024-03-20,1.63456,747.5317126047174
1906,2024-03-21,1.18836,543.4715066996268
1907,2024-03-22,1.33859,612.1760444251349
1908,2024-03-23,2.02022,923.9052200214751
1909,2024-03-24,2.79826,1279.725485826936
1910,2024-03-25,2.55835,1170.0076821543894
1911,2024-03-26,2.21081,1011.0675567392052
1912,2024-03-27,2.33189,1066.4409537158713
1913,2024-03-28,2.04713,936.2119437796687
1914,2024-03-29,1.67044,763.9406776156421
1915,2024-03-30,1.67268,764.9650946062908
1916,2024-03-31,1.8543,848.0251900712898
1917,2024-04-01,1.58523,724.9716723597642
1918,2024-04-02,1.50227,687.0316573846716
1919,2024-04-03,1.37222,627.5560191552744
1920,2024-04-04,1.26011,576.2848634313397
1921,2024-04-05,1.23321,563.9827129632828
1922,2024-04-06,1.1906,544.4959236902754
1923,2024-04-07,1.52469,697.2849738714312
1924,2024-04-08,1.33859,612.1760444251349
1925,2024-04-09,1.15921,530.1403659507846
1926,2024-04-10,1.42155,650.1160594002276
1927,2024-04-11,1.12782,515.7848082112938
1928,2024-04-12,1.14128,521.9404567354591
1929,2024-04-13,1.08971,498.3559994998572
1930,2024-04-14,1.27132,581.4115216747193
1931,2024-04-15,1.17715,538.344848456247
1932,2024-04-16,1.07401,491.17593398504334
1933,2024-04-17,1.07625,492.20035097569195
1934,2024-04-18,1.06953,489.12710000374625
1935,2024-04-19,1.05607,482.971451479581
1936,2024-04-20,1.26684,579.3626876934221
1937,2024-04-21,1.29599,592.6938284422644
1938,2024-04-22,1.11885,511.6825669585625
1939,2024-04-23,1.14576,523.9892907167562
1940,2024-04-24,0.93275,426.5736375122664
1941,2024-04-25,0.91033,416.32032102550676
1942,2024-04-26,1.22648,560.9048887012002
1943,2024-04-27,1.23096,562.9537226824974
1944,2024-04-28,1.41707,648.0672254189304
1945,2024-04-29,1.2915,590.6404211708305
1946,2024-04-30,1.09195,499.3804164905058
1947,2024-05-01,1.41931,649.091642409579
1948,2024-05-02,1.148,525.0137077074047
1949,2024-05-03,1.1637,532.1937732222186
1950,2024-05-04,1.15473,528.0915319694874
1951,2024-05-05,1.53142,700.3627981335138
1952,2024-05-06,1.79151,819.3095013021714
1953,2024-05-07,1.23545,565.0071299539313
1954,2024-05-08,1.11437,509.6337329772654
1955,2024-05-09,0.96863,442.9826025231912
1956,2024-05-10,1.06728,488.09810972296077
1957,2024-05-11,1.14576,523.9892907167562
1958,2024-05-12,1.15921,530.1403659507846
1959,2024-05-13,1.0628,486.04927574166356
1960,2024-05-14,1.01796,465.5426427681444
1961,2024-05-15,1.13455,518.8626324733764
1962,2024-05-16,1.148,525.0137077074047
1963,2024-05-17,0.91706,419.3981452875894
1964,2024-05-18,1.05159,480.9226174982838
1965,2024-05-19,1.15697,529.115948960136
1966,2024-05-20,1.21303,554.7538134671718
1967,2024-05-21,1.00899,461.4404015154132
1968,2024-05-22,0.96863,442.9826025231912
1969,2024-05-23,0.97984,448.109260766571
1970,2024-05-24,0.87445,399.91135601458194
1971,2024-05-25,0.92827,424.5248035309692
1972,2024-05-26,1.23769,566.03154694458
1973,2024-05-27,1.02917,470.66930101152417
1974,2024-05-28,1.02917,470.66930101152417
1975,2024-05-29,1.10316,504.50707473388553
1976,2024-05-30,0.89912,411.193662782127
1977,2024-05-31,0.99329,454.2603360005994
1978,2024-06-01,1.28478,587.5671701988846
1979,2024-06-02,1.39016,635.7605016607368
1980,2024-06-03,1.1211,512.7115572393479
1981,2024-06-04,2.55611,1168.9832651637407
1982,2024-06-05,1.04262,476.8203762455526
1983,2024-06-06,1.15249,527.0671149788388
1984,2024-06-07,1.03365,472.7181349928214
1985,2024-06-08,1.18388,541.4226727183296
1986,2024-06-09,1.25339,573.2116124593938
1987,2024-06-10,1.21078,553.7248231863864
1988,2024-06-11,0.94845,433.7537030270802
1989,2024-06-12,0.90584,414.2669137540728
1990,2024-06-13,0.8767,400.9403462953674
1991,2024-06-14,0.83409,381.45355702236
1992,2024-06-15,0.87894,401.964763286016
1993,2024-06-16,1.07401,491.17593398504334
1994,2024-06-17,0.85427,390.682456518471
1995,2024-06-18,0.93724,428.6270447837004
1996,2024-06-19,0.86997,397.8625220332848
1997,2024-06-20,0.82288,376.32689877898014
1998,2024-06-21,0.70629,323.0069090737482
1999,2024-06-22,0.89463,409.140255510693
2000,2024-06-23,2.14578,981.3274509794381
2001,2024-06-24,1.93726,885.9652050463824
2002,2024-06-25,1.1906,544.4959236902754
2003,2024-06-26,0.98208,449.1336777572196
2004,2024-06-27,1.05383,481.9470344889324
2005,2024-06-28,0.9619,439.90477826110856
2006,2024-06-29,1.08298,495.27817523777463
2007,2024-06-30,1.07401,491.17593398504334
2008,2024-07-01,0.89688,410.1692457914784
2009,2024-07-02,0.81391,372.22465752624896
2010,2024-07-03,0.87445,399.91135601458194
2011,2024-07-04,0.80719,369.15140655430315
2012,2024-07-05,0.85203,389.6580395278224
2013,2024-07-06,0.92602,423.49581325018374
2014,2024-07-07,0.97087,444.0070195138398
2015,2024-07-08,0.93499,427.598054502915
2016,2024-07-09,0.77804,355.82026580546096
2017,2024-07-10,0.77131,352.7424415433784
2018,2024-07-11,0.68835,314.8024265682858
2019,2024-07-12,0.59194,270.7113363591648
2020,2024-07-13,0.77131,352.7424415433784
2021,2024-07-14,0.84755,387.60920554652523
2022,2024-07-15,0.76907,351.7180245527298
2023,2024-07-16,0.78252,357.86909978675817
2024,2024-07-17,0.76683,350.6936075620812
2025,2024-07-18,0.65472,299.4224518381464
2026,2024-07-19,0.66593,304.5491100815262
2027,2024-07-20,0.77804,355.82026580546096
2028,2024-07-21,0.93051,425.54922052161777
2029,2024-07-22,0.86773,396.8381050426362
2030,2024-07-23,0.81616,373.2536478070344
2031,2024-07-24,0.77131,352.7424415433784
2032,2024-07-25,0.72423,331.2113915792106
2033,2024-07-26,0.57848,264.55568783499956
2034,2024-07-27,0.6749,308.6513513342574
2035,2024-07-28,0.84082,384.5313812844426
2036,2024-07-29,0.92827,424.5248035309692
2037,2024-07-30,0.9619,439.90477826110856
2038,2024-07-31,0.90809,415.29590403485815
2039,2024-08-01,0.86549,395.8136880519876
2040,2024-08-02,0.82064,375.3024817883316
2041,2024-08-03,0.88118,402.98918027666457
2042,2024-08-04,1.09195,499.3804164905058
2043,2024-08-05,0.861,393.76028078055356
2044,2024-08-06,0.84755,387.60920554652523
2045,2024-08-07,0.84531,386.5847885558766
2046,2024-08-08,0.76683,350.6936075620812
2047,2024-08-09,0.76234,348.64020029064716
2048,2024-08-10,0.77355,353.76685853402694
2049,2024-08-11,0.84979,388.63362253717384
2050,2024-08-12,0.84082,384.5313812844426
2051,2024-08-13,0.75562,345.56694931870135
2052,2024-08-14,0.67041,306.59794406282333
2053,2024-08-15,0.86549,395.8136880519876
2054,2024-08-16,0.82513,377.3558890597656
2055,2024-08-17,0.92602,423.49581325018374
2056,2024-08-18,1.0202,466.567059758793
2057,2024-08-19,0.87221,398.8869390239334
2058,2024-08-20,0.86773,396.8381050426362
2059,2024-08-21,0.84306,385.5557982750912
2060,2024-08-22,0.86324,394.78469777120216
2061,2024-08-23,0.74216,339.4113007945362
2062,2024-08-24,0.94172,430.6758787649976
2063,2024-08-25,1.04935,479.8982005076352
2064,2024-08-26,0.88567,405.0425875480986
2065,2024-08-27,0.9462,432.7247127462948
2066,2024-08-28,0.90136,412.2180797727756
2067,2024-08-29,0.9462,432.7247127462948
2068,2024-08-30,0.94172,430.6758787649976
2069,2024-08-31,1.08522,496.30259222842324
2070,2024-09-01,1.21751,556.802647448469
2071,2024-09-02,1.23321,563.9827129632828
2072,2024-09-03,1.22424,559.8804717105515
2073,2024-09-04,1.14128,521.9404567354591
2074,2024-09-05,1.19957,548.5981649430066
2075,2024-09-06,1.1211,512.7115572393479
2076,2024-09-07,1.222,558.856054719903
2077,2024-09-08,1.54711,707.5382903581908
2078,2024-09-09,1.15025,526.0426979881902
2079,2024-09-10,1.22872,561.9293056918488
2080,2024-09-11,0.97535,446.055853495137
2081,2024-09-12,0.98881,452.2115020193022
2082,2024-09-13,1.05159,480.9226174982838
2083,2024-09-14,1.15473,528.0915319694874
2084,2024-09-15,1.26011,576.2848634313397
2085,2024-09-16,1.22872,561.9293056918488
2086,2024-09-17,1.13231,517.8382154827277
2087,2024-09-18,1.69062,773.1695771117533
2088,2024-09-19,1.40586,642.9405671755507
2089,2024-09-20,1.46191,668.5738583924496
2090,2024-09-21,1.7377,794.700627075921
2091,2024-09-22,1.94623,890.0674462991135
2092,2024-09-23,1.54711,707.5382903581908
2093,2024-09-24,1.2915,590.6404211708305
2094,2024-09-25,1.52021,695.236139890134
2095,2024-09-26,1.40137,640.8871599041166
2096,2024-09-27,1.222,558.856054719903
2097,2024-09-28,1.29599,592.6938284422644
2098,2024-09-29,1.56057,713.693938882356
2099,2024-09-30,1.3924,636.7849186513854
