,date,라코스테,라코스테_absolute
0,2019-01-01,10.13777,8739.282794641515
1,2019-01-02,14.16008,12206.722337826506
2,2019-01-03,11.28088,9724.70281851093
3,2019-01-04,10.22231,8812.160653131004
4,2019-01-05,11.58368,9985.732101106358
5,2019-01-06,12.76085,11000.513609008802
6,2019-01-07,11.21905,9671.402156216098
7,2019-01-08,10.69923,9223.290393736723
8,2019-01-09,10.10749,8713.179866381972
9,2019-01-10,10.38128,8949.201026493603
10,2019-01-11,9.54477,8228.086082028936
11,2019-01-12,10.15039,8750.16188825563
12,2019-01-13,12.01897,10360.974625614164
13,2019-01-14,10.80395,9313.564457387294
14,2019-01-15,10.09614,8703.395578543603
15,2019-01-16,9.88165,8518.49408969323
16,2019-01-17,9.57001,8249.844269257168
17,2019-01-18,9.1915,7923.549045494963
18,2019-01-19,10.60965,9146.067794215922
19,2019-01-20,12.39117,10681.830302569313
20,2019-01-21,11.09162,9561.55089637087
21,2019-01-22,10.89984,9396.226603715151
22,2019-01-23,10.40778,8972.045398979664
23,2019-01-24,10.02674,8643.569184183885
24,2019-01-25,9.43627,8134.553462604881
25,2019-01-26,10.73708,9255.91905406115
26,2019-01-27,12.24986,10560.01376385214
27,2019-01-28,11.42092,9845.424551452357
28,2019-01-29,11.00582,9487.586852623552
29,2019-01-30,10.48096,9035.130349112864
30,2019-01-31,10.24628,8832.82403458349
31,2019-02-01,10.95031,9439.734357653697
32,2019-02-02,12.01266,10355.535078807108
33,2019-02-03,12.40001,10689.450840409945
34,2019-02-04,11.72373,10106.462454565704
35,2019-02-05,12.73309,10976.583051264915
36,2019-02-06,16.61535,14323.29224099056
37,2019-02-07,16.07787,13859.956643865758
38,2019-02-08,14.3077,12333.978423350736
39,2019-02-09,14.85654,12807.106928831829
40,2019-02-10,15.57445,13425.982530773981
41,2019-02-11,13.72858,11834.746989610101
42,2019-02-12,13.51914,11654.198862308958
43,2019-02-13,13.64278,11760.782945862784
44,2019-02-14,12.6473,10902.627628035516
45,2019-02-15,12.51734,10790.595377156713
46,2019-02-16,12.80123,11035.323260366806
47,2019-02-17,14.75813,12722.272411988313
48,2019-02-18,12.8416,11070.124291206888
49,2019-02-19,12.44669,10729.691418057086
50,2019-02-20,11.86757,10230.459984316452
51,2019-02-21,11.24429,9693.16034344433
52,2019-02-22,11.35784,9791.046324417615
53,2019-02-23,12.5716,10837.37030738666
54,2019-02-24,15.34103,13224.762401502432
55,2019-02-25,14.13989,12189.317512147503
56,2019-02-26,13.46488,11607.423932079011
57,2019-02-27,13.02581,11228.92285179772
58,2019-02-28,12.16154,10483.877349589167
59,2019-03-01,14.65845,12636.343089369053
60,2019-03-02,15.45963,13327.001744024948
61,2019-03-03,17.08975,14732.249611080622
62,2019-03-04,12.23094,10543.703743948885
63,2019-03-05,11.29475,9736.659476864956
64,2019-03-06,11.28718,9730.133744800069
65,2019-03-07,11.06008,9534.361782853499
66,2019-03-08,10.6311,9164.55880515275
67,2019-03-09,13.21128,11388.80759764638
68,2019-03-10,15.63627,13479.274572550892
69,2019-03-11,12.13505,10461.041597621026
70,2019-03-12,11.20013,9655.092136312844
71,2019-03-13,10.77115,9285.289158612097
72,2019-03-14,9.94347,8571.78613147014
73,2019-03-15,9.7845,8434.745758107541
74,2019-03-16,11.87766,10239.158086896994
75,2019-03-17,14.2055,12245.87673021582
76,2019-03-18,11.75401,10132.565382825247
77,2019-03-19,12.0972,10428.412937296598
78,2019-03-20,12.28519,10590.470053660913
79,2019-03-21,10.41282,8976.390140010973
80,2019-03-22,9.57632,8255.283816064226
81,2019-03-23,11.22284,9674.669332507501
82,2019-03-24,13.4182,11567.183354431869
83,2019-03-25,11.33387,9770.38294296513
84,2019-03-26,10.89984,9396.226603715151
85,2019-03-27,10.78376,9296.159631708291
86,2019-03-28,10.48853,9041.65608117775
87,2019-03-29,9.69365,8356.428352810994
88,2019-03-30,11.29097,9733.400921091472
89,2019-03-31,12.80753,11040.754186655944
90,2019-04-01,10.88722,9385.347510101035
91,2019-04-02,10.5617,9104.732410793033
92,2019-04-03,10.03936,8654.448277798001
93,2019-04-04,10.03305,8649.008730990941
94,2019-04-05,11.0033,9485.414482107897
95,2019-04-06,11.05503,9530.00842130427
96,2019-04-07,13.48885,11628.087313531494
97,2019-04-08,11.85369,10218.494705444507
98,2019-04-09,10.85442,9357.072211325838
99,2019-04-10,10.11759,8721.886589480431
100,2019-04-11,11.42723,9850.864098259415
101,2019-04-12,9.65076,8319.454951455255
102,2019-04-13,10.5453,9090.594761405433
103,2019-04-14,12.24734,10557.841393336483
104,2019-04-15,10.87965,9378.82177803615
105,2019-04-16,10.66643,9195.015094961524
106,2019-04-17,10.37371,8942.675294428718
107,2019-04-18,10.38002,8948.114841235776
108,2019-04-19,10.5554,9099.301484503894
109,2019-04-20,11.54709,9954.189626039759
110,2019-04-21,13.39927,11550.864714010695
111,2019-04-22,13.74498,11848.8846389977
112,2019-04-23,12.17668,10496.928813718936
113,2019-04-24,10.98438,9469.104462204641
114,2019-04-25,11.52565,9935.707235620848
115,2019-04-26,12.38865,10679.657932053657
116,2019-04-27,11.70733,10092.324805178105
117,2019-04-28,13.16586,11349.653205257066
118,2019-04-29,12.11991,10447.990133491256
119,2019-04-30,10.67778,9204.799382799893
120,2019-05-01,12.27762,10583.944321596027
121,2019-05-02,11.70355,10089.066249404621
122,2019-05-03,11.52817,9937.879606136503
123,2019-05-04,12.44543,10728.605232799258
124,2019-05-05,14.0112,12078.380067044447
125,2019-05-06,15.02687,12953.940210550716
126,2019-05-07,13.36773,11523.675600493325
127,2019-05-08,12.0379,10377.29326603534
128,2019-05-09,11.33387,9770.38294296513
129,2019-05-10,10.8847,9383.17513958538
130,2019-05-11,11.73761,10118.427733437647
131,2019-05-12,14.09826,12153.430296049592
132,2019-05-13,12.74823,10989.634515394686
133,2019-05-14,11.84107,10207.615611830392
134,2019-05-15,12.03285,10372.93990448611
135,2019-05-16,11.80953,10180.426498313022
136,2019-05-17,10.89479,9391.873242165922
137,2019-05-18,11.58747,9988.999277397761
138,2019-05-19,13.47245,11613.949664143896
139,2019-05-20,14.2913,12319.840773963137
140,2019-05-21,13.64909,11766.222492669842
141,2019-05-22,15.54291,13398.79341725661
142,2019-05-23,13.14189,11328.98982380458
143,2019-05-24,12.0543,10391.430915422938
144,2019-05-25,12.93244,11148.433075985518
145,2019-05-26,15.16818,13075.756749267888
146,2019-05-27,12.59178,10854.766512547742
147,2019-05-28,11.86757,10230.459984316452
148,2019-05-29,11.55971,9965.068719653875
149,2019-05-30,10.83297,9338.581200389008
150,2019-05-31,9.67347,8339.032147649912
151,2019-06-01,11.57738,9980.30117481722
152,2019-06-02,13.32357,11485.607393361837
153,2019-06-03,12.64225,10898.274266486287
154,2019-06-04,12.0707,10405.568564810537
155,2019-06-05,11.13199,9596.351927210953
156,2019-06-06,12.82268,11053.814271303634
157,2019-06-07,11.71742,10101.022907758646
158,2019-06-08,12.34323,10640.503539664342
159,2019-06-09,14.03265,12096.871077981277
160,2019-06-10,12.68893,10938.514844133428
161,2019-06-11,11.87892,10240.244272154821
162,2019-06-12,11.82215,10191.305591927137
163,2019-06-13,11.27583,9720.3494569617
164,2019-06-14,10.09614,8703.395578543603
165,2019-06-15,10.97302,9459.311553848354
166,2019-06-16,11.95715,10307.682583837253
167,2019-06-17,11.59252,9993.352638946992
168,2019-06-18,13.28067,11448.62537148818
169,2019-06-19,13.04852,11248.500047992378
170,2019-06-20,12.24986,10560.01376385214
171,2019-06-21,16.40969,14146.002669462901
172,2019-06-22,13.56203,11691.172263664697
173,2019-06-23,15.02687,12953.940210550716
174,2019-06-24,13.65918,11774.920595250382
175,2019-06-25,12.77095,11009.220332107261
176,2019-06-26,12.51482,10788.423006641058
177,2019-06-27,11.01592,9496.293575722013
178,2019-06-28,11.20391,9658.350692086327
179,2019-06-29,11.90668,10264.174829898708
180,2019-06-30,14.1134,12166.481760179364
181,2019-07-01,13.46614,11608.510117336838
182,2019-07-02,13.3589,11516.06368317061
183,2019-07-03,11.86252,10226.106622767222
184,2019-07-04,12.4858,10763.406263639343
185,2019-07-05,12.06061,10396.870462229997
186,2019-07-06,11.95589,10306.596398579424
187,2019-07-07,13.22137,11397.505700226922
188,2019-07-08,12.14514,10469.739700201566
189,2019-07-09,12.45552,10737.3033353798
190,2019-07-10,12.89712,11117.985406694663
191,2019-07-11,11.11685,9583.300463081181
192,2019-07-12,10.40021,8965.519666914777
193,2019-07-13,11.00961,9490.854028914955
194,2019-07-14,13.01445,11219.129943441432
195,2019-07-15,11.92813,10282.665840835536
196,2019-07-16,11.56728,9971.59445171876
197,2019-07-17,15.81543,13633.719771592494
198,2019-07-18,11.78682,10160.849302118366
199,2019-07-19,10.49862,9050.354183758292
200,2019-07-20,10.61091,9147.15397947375
201,2019-07-21,11.6392,10033.593216594134
202,2019-07-22,10.7926,9303.780169548925
203,2019-07-23,10.4961,9048.181813242636
204,2019-07-24,10.50367,9054.707545307521
205,2019-07-25,10.74213,9260.27241561038
206,2019-07-26,9.42996,8129.113915797822
207,2019-07-27,9.47159,8165.001131895735
208,2019-07-28,10.69923,9223.290393736723
209,2019-07-29,11.99752,10342.483614677336
210,2019-07-30,10.00782,8627.25916428063
211,2019-07-31,9.55739,8238.965175643052
212,2019-08-01,9.90562,8539.157471145714
213,2019-08-02,9.6558,8323.799692486566
214,2019-08-03,9.4943,8184.5783280903925
215,2019-08-04,11.00582,9487.586852623552
216,2019-08-05,10.09992,8706.654134317085
217,2019-08-06,10.21852,8808.893476839601
218,2019-08-07,9.99142,8613.12151489303
219,2019-08-08,10.10749,8713.179866381972
220,2019-08-09,9.62678,8298.78294948485
221,2019-08-10,9.89048,8526.106007015942
222,2019-08-11,10.81657,9324.44355100141
223,2019-08-12,10.351,8923.09809823406
224,2019-08-13,10.7661,9280.935797062864
225,2019-08-14,9.22556,7952.91052952799
226,2019-08-15,10.91624,9410.364253102753
227,2019-08-16,10.54404,9089.508576147606
228,2019-08-17,11.03106,9509.345039851783
229,2019-08-18,12.35711,10652.468818536287
230,2019-08-19,11.70355,10089.066249404621
231,2019-08-20,11.76032,10138.004929632305
232,2019-08-21,11.76663,10143.444476439363
233,2019-08-22,13.02329,11226.750481282064
234,2019-08-23,11.37298,9804.097788547388
235,2019-08-24,11.92308,10278.312479286307
236,2019-08-25,14.63196,12613.507337400912
237,2019-08-26,13.45984,11603.0791910477
238,2019-08-27,13.19362,11373.583763000952
239,2019-08-28,12.76968,11008.125526331514
240,2019-08-29,12.75707,10997.25505323532
241,2019-08-30,12.46561,10746.00143796034
242,2019-08-31,13.5532,11683.560346341983
243,2019-09-01,16.73143,14423.35921299742
244,2019-09-02,14.8149,12771.211092215997
245,2019-09-03,15.16061,13069.231017203003
246,2019-09-04,13.9254,12004.41602329713
247,2019-09-05,14.04905,12111.008727368875
248,2019-09-06,14.9171,12859.312785350914
249,2019-09-07,16.011,13802.311240539613
250,2019-09-08,16.86265,14536.477649134053
251,2019-09-09,14.76948,12732.056699826682
252,2019-09-10,13.29834,11463.857826651525
253,2019-09-11,11.68336,10071.66142372562
254,2019-09-12,12.37729,10669.865023697368
255,2019-09-13,12.50346,10778.63009828477
256,2019-09-14,15.4672,13333.527476089834
257,2019-09-15,17.50864,15093.354486200831
258,2019-09-16,15.86969,13680.494701822441
259,2019-09-17,13.96452,12038.139489397305
260,2019-09-18,13.98344,12054.449509300559
261,2019-09-19,13.1053,11297.44734873798
262,2019-09-20,14.1462,12194.757058954561
263,2019-09-21,15.30444,13193.219926435831
264,2019-09-22,18.20384,15692.652891948326
265,2019-09-23,15.8659,13677.227525531038
266,2019-09-24,15.45332,13321.562197217889
267,2019-09-25,15.03696,12962.638313131258
268,2019-09-26,14.39728,12411.201022871537
269,2019-09-27,14.00615,12074.026705495216
270,2019-09-28,26.58532,22917.92274494676
271,2019-09-29,16.36932,14111.201638622815
272,2019-09-30,14.08816,12144.723572951132
273,2019-10-01,13.73362,11839.091730641412
274,2019-10-02,12.83151,11061.426188626348
275,2019-10-03,14.09447,12150.163119758188
276,2019-10-04,12.36089,10655.727374309768
277,2019-10-05,12.80375,11037.495630882462
278,2019-10-06,15.15682,13065.9638409116
279,2019-10-07,14.63069,12612.412531625165
280,2019-10-08,13.19488,11374.669948258781
281,2019-10-09,15.60851,13455.344014807006
282,2019-10-10,14.3834,12399.235743999592
283,2019-10-11,12.64856,10903.713813293345
284,2019-10-12,13.73489,11840.186536417159
285,2019-10-13,14.60672,12591.74915017268
286,2019-10-14,13.41189,11561.74380762481
287,2019-10-15,12.77725,11014.651258396401
288,2019-10-16,13.10277,11295.266357704406
289,2019-10-17,12.86683,11091.873857917202
290,2019-10-18,11.83224,10200.003694507679
291,2019-10-19,12.70786,10954.833484554603
292,2019-10-20,14.28246,12312.220236122505
293,2019-10-21,12.84412,11072.296661722545
294,2019-10-22,12.35206,10648.115456987056
295,2019-10-23,11.19003,9646.385413214384
296,2019-10-24,10.81405,9322.271180485754
297,2019-10-25,9.81352,8459.762501109257
298,2019-10-26,11.02475,9503.905493044726
299,2019-10-27,14.08185,12139.284026144072
300,2019-10-28,12.86305,11088.615302143719
301,2019-10-29,11.96724,10316.380686417793
302,2019-10-30,11.64803,10041.205133916848
303,2019-10-31,10.65381,9184.136001347408
304,2019-11-01,11.47896,9895.458037455788
305,2019-11-02,12.3243,10624.184899243168
306,2019-11-03,14.32915,12352.469434287566
307,2019-11-04,12.38108,10673.132199988771
308,2019-11-05,12.07322,10407.740935326192
309,2019-11-06,12.18678,10505.635536817399
310,2019-11-07,11.60261,10002.050741527533
311,2019-11-08,10.86451,9365.77031390638
312,2019-11-09,12.26374,10571.979042724082
313,2019-11-10,13.95821,12032.699942590247
314,2019-11-11,12.34197,10639.417354406514
315,2019-11-12,11.07522,9547.413246983271
316,2019-11-13,11.00204,9484.328296850068
317,2019-11-14,10.9112,9406.01951207144
318,2019-11-15,10.76232,9277.677241289382
319,2019-11-16,11.21905,9671.402156216098
320,2019-11-17,14.02508,12090.345345916392
321,2019-11-18,12.70155,10949.393937747544
322,2019-11-19,12.27636,10582.858136338198
323,2019-11-20,11.69724,10083.626702597565
324,2019-11-21,10.21095,8802.367744774716
325,2019-11-22,10.53773,9084.069029340548
326,2019-11-23,11.1547,9615.92912340561
327,2019-11-24,12.83529,11064.684744399832
328,2019-11-25,14.10456,12158.86122233873
329,2019-11-26,14.31022,12336.15079386639
330,2019-11-27,13.91152,11992.450744425185
331,2019-11-28,13.41946,11568.269539689698
332,2019-11-29,14.66855,12645.049812467512
333,2019-11-30,14.29382,12322.013144478793
334,2019-12-01,16.90302,14571.278679974139
335,2019-12-02,15.04706,12971.345036229717
336,2019-12-03,12.44164,10725.338056507855
337,2019-12-04,11.29223,9734.487106349301
338,2019-12-05,11.30611,9746.452385221244
339,2019-12-06,10.55918,9102.560040277376
340,2019-12-07,11.02601,9504.991678302553
341,2019-12-08,12.45804,10739.475705895456
342,2019-12-09,11.31116,9750.805746770473
343,2019-12-10,10.97807,9463.664915397585
344,2019-12-11,11.02601,9504.991678302553
345,2019-12-12,10.67147,9199.359835992835
346,2019-12-13,9.42996,8129.113915797822
347,2019-12-14,10.28413,8865.452694907917
348,2019-12-15,11.58747,9988.999277397761
349,2019-12-16,11.06008,9534.361782853499
350,2019-12-17,10.76358,9278.76342654721
351,2019-12-18,9.85515,8495.649717207169
352,2019-12-19,11.05503,9530.00842130427
353,2019-12-20,10.59829,9136.274885859633
354,2019-12-21,13.02833,11231.095222313377
355,2019-12-22,20.75878,17895.143497213725
356,2019-12-23,15.22496,13124.70405001349
357,2019-12-24,12.63342,10890.662349163573
358,2019-12-25,14.08185,12139.284026144072
359,2019-12-26,13.73741,11842.358906932815
360,2019-12-27,12.43533,10719.898509700799
361,2019-12-28,12.90595,11125.597324017379
362,2019-12-29,13.82951,11921.753876969271
363,2019-12-30,12.05556,10392.517100680767
364,2019-12-31,10.67147,9199.359835992835
365,2020-01-01,12.05935,10395.784276972168
366,2020-01-02,15.25524,13150.806978273034
367,2020-01-03,11.94075,10293.544934449652
368,2020-01-04,12.13505,10461.041597621026
369,2020-01-05,13.33997,11499.745042749437
370,2020-01-06,11.55593,9961.810163880391
371,2020-01-07,11.25564,9702.944631282699
372,2020-01-08,10.69292,9217.850846929665
373,2020-01-09,10.31063,8888.297067393976
374,2020-01-10,9.83244,8476.072521012511
375,2020-01-11,10.70049,9224.37657899455
376,2020-01-12,12.79996,11034.228454591059
377,2020-01-13,11.67453,10064.049506402907
378,2020-01-14,10.73456,9253.746683545494
379,2020-01-15,10.01034,8629.431534796284
380,2020-01-16,9.39085,8095.399070215567
381,2020-01-17,9.16879,7903.9718493003065
382,2020-01-18,10.63236,9165.64499041058
383,2020-01-19,12.46561,10746.00143796034
384,2020-01-20,10.96419,9451.69963652564
385,2020-01-21,10.47212,9027.509811272232
386,2020-01-22,10.03684,8652.275907282345
387,2020-01-23,9.78576,8435.831943365369
388,2020-01-24,10.47717,9031.86317282146
389,2020-01-25,11.35279,9786.692962868387
390,2020-01-26,13.77526,11874.987567257243
391,2020-01-27,15.9681,13765.329218665955
392,2020-01-28,13.22263,11398.59188548475
393,2020-01-29,12.62711,10885.222802356515
394,2020-01-30,12.55519,10823.22403748114
395,2020-01-31,11.30359,9744.280014705588
396,2020-02-01,12.8681,11092.96866369295
397,2020-02-02,15.15682,13065.9638409116
398,2020-02-03,12.74571,10987.462144879031
399,2020-02-04,11.84233,10208.70179708822
400,2020-02-05,11.60387,10003.13692678536
401,2020-02-06,13.37152,11526.942776784726
402,2020-02-07,12.2751,10581.77195108037
403,2020-02-08,14.11466,12167.567945437191
404,2020-02-09,15.79398,13615.228760655664
405,2020-02-10,14.40737,12419.899125452079
406,2020-02-11,15.66655,13505.377500810437
407,2020-02-12,15.28173,13173.642730241174
408,2020-02-13,14.26985,12301.349763026308
409,2020-02-14,13.22516,11400.772876518324
410,2020-02-15,14.53228,12527.578014781651
411,2020-02-16,15.49118,13354.199478060236
412,2020-02-17,13.33745,11497.572672233782
413,2020-02-18,12.96903,11179.975551052119
414,2020-02-19,13.53554,11668.336511696556
415,2020-02-20,12.26248,10570.892857466255
416,2020-02-21,11.24807,9696.418899217813
417,2020-02-22,11.75275,10131.47919756742
418,2020-02-23,12.09593,10427.31813152085
419,2020-02-24,10.74339,9261.358600868209
420,2020-02-25,11.77799,10153.237384795651
421,2020-02-26,11.05629,9531.094606562097
422,2020-02-27,10.67021,9198.273650735007
423,2020-02-28,9.95861,8584.837595599913
424,2020-02-29,11.51808,9929.181503555963
425,2020-03-01,15.51641,13375.94904477055
426,2020-03-02,12.41262,10700.321313506141
427,2020-03-03,12.43786,10722.079500734373
428,2020-03-04,12.67506,10926.558185779404
429,2020-03-05,14.39349,12407.933846580134
430,2020-03-06,11.89532,10254.38192154242
431,2020-03-07,13.20371,11382.281865581494
432,2020-03-08,14.98397,12916.958188677056
433,2020-03-09,14.01246,12079.466252302276
434,2020-03-10,13.98344,12054.449509300559
435,2020-03-11,12.56024,10827.577399030371
436,2020-03-12,13.23021,11405.126238067554
437,2020-03-13,11.99374,10339.225058903854
438,2020-03-14,18.86497,16262.581193144875
439,2020-03-15,17.27522,14892.134356929284
440,2020-03-16,13.63521,11754.257213797899
441,2020-03-17,13.34628,11505.184589556495
442,2020-03-18,13.80176,11897.831939743302
443,2020-03-19,12.56781,10834.103131095257
444,2020-03-20,12.56024,10827.577399030371
445,2020-03-21,13.66675,11781.446327315269
446,2020-03-22,15.31832,13205.185205307775
447,2020-03-23,13.53301,11666.155520662982
448,2020-03-24,13.43965,11585.674365368699
449,2020-03-25,14.91836,12860.398970608741
450,2020-03-26,14.89565,12840.821774414084
451,2020-03-27,13.30086,11466.030197167182
452,2020-03-28,14.35438,12374.219000997879
453,2020-03-29,15.52524,13383.560962093263
454,2020-03-30,14.57644,12565.646221913137
455,2020-03-31,13.29455,11460.590650360122
456,2020-04-01,14.09952,12154.51648130742
457,2020-04-02,12.97786,11187.587468374832
458,2020-04-03,12.68263,10933.08391784429
459,2020-04-04,13.60745,11730.32665605401
460,2020-04-05,15.45206,13320.476011960061
461,2020-04-06,13.83456,11926.107238518502
462,2020-04-07,13.15198,11337.687926385122
463,2020-04-08,14.367,12385.098094611994
464,2020-04-09,12.86557,11090.787672659375
465,2020-04-10,13.90395,11985.9250123603
466,2020-04-11,13.29581,11461.676835617951
467,2020-04-12,14.81869,12774.478268507399
468,2020-04-13,12.79239,11027.702722526172
469,2020-04-14,12.26879,10576.332404273313
470,2020-04-15,13.40684,11557.39044607558
471,2020-04-16,12.17795,10498.023619494683
472,2020-04-17,11.24807,9696.418899217813
473,2020-04-18,12.92361,11140.821158662804
474,2020-04-19,14.42251,12432.95058958185
475,2020-04-20,12.20318,10519.773186204997
476,2020-04-21,12.84791,11075.563838013948
477,2020-04-22,11.54836,9955.284431815506
478,2020-04-23,11.00582,9487.586852623552
479,2020-04-24,10.5453,9090.594761405433
480,2020-04-25,12.5716,10837.37030738666
481,2020-04-26,13.72101,11828.221257545216
482,2020-04-27,13.02959,11232.181407571205
483,2020-04-28,12.72805,10972.238310233604
484,2020-04-29,12.06818,10403.396194294883
485,2020-04-30,15.05589,12978.95695355243
486,2020-05-01,15.19468,13098.601121753947
487,2020-05-02,15.45963,13327.001744024948
488,2020-05-03,16.51568,14237.37153888922
489,2020-05-04,17.197,14824.70466576477
490,2020-05-05,18.45365,15908.002050089553
491,2020-05-06,16.65573,14358.101892348563
492,2020-05-07,14.93855,12877.803796287742
493,2020-05-08,16.01478,13805.569796313095
494,2020-05-09,14.92719,12868.010887931454
495,2020-05-10,15.30318,13192.133741178002
496,2020-05-11,13.52923,11662.896964889498
497,2020-05-12,12.79996,11034.228454591059
498,2020-05-13,18.00196,15518.621876194149
499,2020-05-14,23.85626,20565.331681671072
500,2020-05-15,18.6202,16051.576776034959
501,2020-05-16,18.16725,15661.110416881724
502,2020-05-17,19.69264,16976.075599768912
503,2020-05-18,17.02288,14674.60420775448
504,2020-05-19,15.29183,13182.349453339633
505,2020-05-20,14.3506,12370.960445224395
506,2020-05-21,15.09122,13009.413243361203
507,2020-05-22,16.49423,14218.880527952391
508,2020-05-23,15.87852,13688.106619145155
509,2020-05-24,17.91743,15445.752638222577
510,2020-05-25,15.67286,13510.817047617495
511,2020-05-26,14.92719,12868.010887931454
512,2020-05-27,14.45532,12461.234508874968
513,2020-05-28,12.99048,11198.466561988947
514,2020-05-29,12.17416,10494.756443203283
515,2020-05-30,14.00489,12072.94052023739
516,2020-05-31,15.73468,13564.109089394407
517,2020-06-01,14.57013,12560.206675106081
518,2020-06-02,14.25723,12290.470669412192
519,2020-06-03,15.26028,13155.151719304344
520,2020-06-04,18.93688,16324.57133750233
521,2020-06-05,15.51389,13373.776674254894
522,2020-06-06,16.96737,14626.751712784624
523,2020-06-07,17.90103,15431.614988834977
524,2020-06-08,16.31128,14061.168152619386
525,2020-06-09,15.81039,13629.375030561183
526,2020-06-10,16.17502,13943.704975451445
527,2020-06-11,14.825,12779.917815314457
528,2020-06-12,13.61629,11737.947193894643
529,2020-06-13,15.2136,13114.911141657203
530,2020-06-14,16.67465,14374.411912251819
531,2020-06-15,15.04201,12966.991674680487
532,2020-06-16,17.69915,15257.5839730808
533,2020-06-17,17.87327,15407.684431091093
534,2020-06-18,17.25882,14877.996707541684
535,2020-06-19,20.9064,18022.399582737955
536,2020-06-20,18.00196,15518.621876194149
537,2020-06-21,18.96338,16347.41570998839
538,2020-06-22,17.01784,14670.25946672317
539,2020-06-23,15.26281,13157.33271033792
540,2020-06-24,17.13896,14774.67117976134
541,2020-06-25,13.83961,11930.460600067732
542,2020-06-26,13.5204,11655.285047566786
543,2020-06-27,14.02003,12085.991984367161
544,2020-06-28,16.17502,13943.704975451445
545,2020-06-29,14.09447,12150.163119758188
546,2020-06-30,14.13485,12184.972771116192
547,2020-07-01,15.06977,12990.922232424375
548,2020-07-02,15.36627,13246.520588730664
549,2020-07-03,14.65088,12629.817357304168
550,2020-07-04,15.64006,13482.541748842295
551,2020-07-05,16.90681,14574.54585626554
552,2020-07-06,16.89419,14563.666762651423
553,2020-07-07,16.68222,14380.937644316706
554,2020-07-08,15.18963,13094.247760204717
555,2020-07-09,13.82194,11915.228144904386
556,2020-07-10,12.82394,11054.900456561463
557,2020-07-11,13.90269,11984.838827102472
558,2020-07-12,16.09553,13875.180478511185
559,2020-07-13,14.51462,12512.354180136224
560,2020-07-14,14.14746,12195.84324421239
561,2020-07-15,13.42577,11573.709086496754
562,2020-07-16,12.58169,10846.068409967202
563,2020-07-17,12.14388,10468.653514943739
564,2020-07-18,13.13684,11324.63646225535
565,2020-07-19,13.97839,12050.096147751328
566,2020-07-20,12.58548,10849.335586258603
567,2020-07-21,12.46688,10747.096243736089
568,2020-07-22,12.51734,10790.595377156713
569,2020-07-23,12.23598,10548.048484980194
570,2020-07-24,12.17416,10494.756443203283
571,2020-07-25,12.09972,10430.585307812253
572,2020-07-26,13.45605,11599.812014756297
573,2020-07-27,15.23379,13132.315967336204
574,2020-07-28,11.94201,10294.631119707481
575,2020-07-29,11.83729,10204.357056056908
576,2020-07-30,11.26321,9709.470363347586
577,2020-07-31,10.76862,9283.10816757852
578,2020-08-01,12.01645,10358.802255098512
579,2020-08-02,12.68767,10937.428658875602
580,2020-08-03,11.77042,10146.711652730764
581,2020-08-04,11.79313,10166.288848925422
582,2020-08-05,11.57359,9977.033998525818
583,2020-08-06,10.59577,9134.102515343977
584,2020-08-07,11.21905,9671.402156216098
585,2020-08-08,11.34018,9775.822489772188
586,2020-08-09,13.24661,11419.263887455154
587,2020-08-10,12.14388,10468.653514943739
588,2020-08-11,11.3919,9820.407808450642
589,2020-08-12,11.25816,9705.117001798355
590,2020-08-13,10.89101,9388.614686392439
591,2020-08-14,10.13903,8740.368979899342
592,2020-08-15,11.05377,9528.922236046441
593,2020-08-16,11.80953,10180.426498313022
594,2020-08-17,12.55393,10822.137852223314
595,2020-08-18,12.00888,10352.276523033624
596,2020-08-19,14.37078,12388.356650385476
597,2020-08-20,17.58308,15157.52562159186
598,2020-08-21,14.47046,12474.285973004737
599,2020-08-22,14.76822,12730.970514568855
600,2020-08-23,14.9335,12873.450434738514
601,2020-08-24,13.69956,11809.730246608386
602,2020-08-25,13.4775,11618.303025693125
603,2020-08-26,12.89459,11115.80441566109
604,2020-08-27,12.35332,10649.201642244883
605,2020-08-28,11.58116,9983.559730590705
606,2020-08-29,12.3672,10661.166921116826
607,2020-08-30,13.12927,11318.110730190465
608,2020-08-31,12.15145,10475.179247008626
609,2020-09-01,14.36826,12386.184279869822
610,2020-09-02,13.46993,11611.77729362824
611,2020-09-03,12.86053,11086.442931628064
612,2020-09-04,12.49716,10773.19917199563
613,2020-09-05,14.75686,12721.177606212566
614,2020-09-06,17.32821,14937.814481383482
615,2020-09-07,17.68654,15246.713499984606
616,2020-09-08,14.71523,12685.290390114655
617,2020-09-09,14.99533,12926.751097033344
618,2020-09-10,13.55194,11682.474161084156
619,2020-09-11,13.82321,11916.322950680133
620,2020-09-12,15.1379,13049.653821008345
621,2020-09-13,16.49675,14221.052898468044
622,2020-09-14,14.21938,12257.842009087763
623,2020-09-15,14.09321,12149.076934500361
624,2020-09-16,14.44144,12449.269230003023
625,2020-09-17,13.87746,11963.089260392158
626,2020-09-18,13.9847,12055.535694558388
627,2020-09-19,14.63322,12614.59352265874
628,2020-09-20,17.80135,15345.685666215717
629,2020-09-21,16.23179,13992.643655679127
630,2020-09-22,15.07355,12994.180788197857
631,2020-09-23,14.56509,12555.861934074768
632,2020-09-24,13.87115,11957.649713585102
633,2020-09-25,13.43334,11580.23481856164
634,2020-09-26,16.69989,14396.17009948005
635,2020-09-27,18.51926,15964.56126815787
636,2020-09-28,14.53228,12527.578014781651
637,2020-09-29,13.00058,11207.173285087409
638,2020-09-30,13.38035,11534.55469410744
639,2020-10-01,13.4611,11604.165376305527
640,2020-10-02,15.92646,13729.433382050125
641,2020-10-03,17.97673,15496.872309483835
642,2020-10-04,20.48121,17655.863781328608
643,2020-10-05,18.23159,15716.574829174295
644,2020-10-06,17.52504,15107.49213558843
645,2020-10-07,15.76118,13586.953461880466
646,2020-10-08,13.75129,11854.324185804759
647,2020-10-09,15.53912,13395.526240965208
648,2020-10-10,15.73595,13565.203895170154
649,2020-10-11,17.39508,14995.459884709626
650,2020-10-12,15.71954,13551.057625264637
651,2020-10-13,16.35544,14099.236359750874
652,2020-10-14,14.80481,12762.512989635456
653,2020-10-15,15.50127,13362.897580640778
654,2020-10-16,15.98702,13781.639238569209
655,2020-10-17,15.83562,13651.124597271497
656,2020-10-18,19.03277,16407.233483830187
657,2020-10-19,15.63122,13474.921211001663
658,2020-10-20,13.92919,12007.683199588531
659,2020-10-21,14.47298,12476.458343520393
660,2020-10-22,14.12854,12179.533224309134
661,2020-10-23,13.046,11246.327677476722
662,2020-10-24,15.05084,12974.6035920032
663,2020-10-25,16.35166,14095.977803977388
664,2020-10-26,13.42955,11576.967642270238
665,2020-10-27,12.65361,10908.067174842576
666,2020-10-28,11.85243,10217.40852018668
667,2020-10-29,10.88596,9384.26132484321
668,2020-10-30,9.74791,8403.20328304094
669,2020-10-31,11.40326,9830.20071680693
670,2020-11-01,14.80607,12763.599174893283
671,2020-11-02,12.2915,10595.909600467969
672,2020-11-03,13.16207,11346.386028965664
673,2020-11-04,12.4101,10698.148942990485
674,2020-11-05,11.69471,10081.445711563989
675,2020-11-06,10.44058,9000.320697754862
676,2020-11-07,12.2158,10530.652279819113
677,2020-11-08,15.03192,12958.293572099945
678,2020-11-09,12.26374,10571.979042724082
679,2020-11-10,11.69219,10079.273341048334
680,2020-11-11,11.21274,9665.962609409042
681,2020-11-12,10.86199,9363.597943390725
682,2020-11-13,10.82792,9334.227838839779
683,2020-11-14,11.47013,9887.846120133074
684,2020-11-15,12.55646,10824.318843256888
685,2020-11-16,10.75979,9275.496250255808
686,2020-11-17,10.14282,8743.636156190745
687,2020-11-18,10.17815,8774.092445999519
688,2020-11-19,10.06333,8675.111659250486
689,2020-11-20,12.87567,11099.494395757834
690,2020-11-21,12.70408,10951.57492878112
691,2020-11-22,14.41494,12426.424857516964
692,2020-11-23,12.77978,11016.832249429977
693,2020-11-24,12.30664,10608.961064597741
694,2020-11-25,12.21706,10531.73846507694
695,2020-11-26,14.69252,12665.713193919999
696,2020-11-27,14.96,12896.294807224573
697,2020-11-28,14.25597,12289.384484154363
698,2020-11-29,14.69883,12671.152740727055
699,2020-11-30,12.34701,10643.762095437825
700,2020-12-01,16.06147,13845.818994478159
701,2020-12-02,13.43965,11585.674365368699
702,2020-12-03,11.62784,10023.800308237845
703,2020-12-04,10.61217,9148.240164731578
704,2020-12-05,11.33891,9774.727683996442
705,2020-12-06,12.31547,10616.572981920453
706,2020-12-07,10.67147,9199.359835992835
707,2020-12-08,10.24754,8833.910219841317
708,2020-12-09,9.84632,8488.037799884456
709,2020-12-10,9.65833,8325.98068352014
710,2020-12-11,8.95556,7720.15654570776
711,2020-12-12,10.08352,8692.516484929487
712,2020-12-13,10.86073,9362.511758132896
713,2020-12-14,10.39642,8962.252490623376
714,2020-12-15,9.97501,8598.975244987512
715,2020-12-16,10.09992,8706.654134317085
716,2020-12-17,10.59199,9130.843959570493
717,2020-12-18,9.46655,8160.656390864423
718,2020-12-19,10.20843,8800.19537425906
719,2020-12-20,11.26573,9711.64273386324
720,2020-12-21,10.3245,8900.253725748002
721,2020-12-22,9.62805,8299.877755260597
722,2020-12-23,9.06028,7810.430609358333
723,2020-12-24,8.37896,7223.09748248278
724,2020-12-25,9.48547,8176.966410767677
725,2020-12-26,9.60029,8275.94719751671
726,2020-12-27,10.1302,8732.75706257663
727,2020-12-28,10.18572,8780.618178064404
728,2020-12-29,9.72393,8382.531281070536
729,2020-12-30,9.79964,8447.797222237314
730,2020-12-31,8.78523,7573.323263988873
731,2021-01-01,10.50998,9060.14709211458
732,2021-01-02,11.47518,9892.199481682304
733,2021-01-03,11.41335,9838.89881938747
734,2021-01-04,12.16281,10484.972155364914
735,2021-01-05,9.81099,8457.581510075683
736,2021-01-06,9.37444,8081.252800310048
737,2021-01-07,8.7663,7557.004623567698
738,2021-01-08,9.87155,8509.787366594766
739,2021-01-09,10.23745,8825.212117260777
740,2021-01-10,11.38812,9817.14925267716
741,2021-01-11,9.31388,8029.046943790961
742,2021-01-12,8.84705,7626.615305765785
743,2021-01-13,8.48116,7311.199175617697
744,2021-01-14,8.28307,7140.435336154923
745,2021-01-15,7.75316,6683.625471095004
746,2021-01-16,9.13472,7874.601744749361
747,2021-01-17,10.2753,8857.840777585203
748,2021-01-18,8.28307,7140.435336154923
749,2021-01-19,8.1897,7059.94556034272
750,2021-01-20,8.17456,7046.894096212947
751,2021-01-21,8.04966,6939.2238274012925
752,2021-01-22,7.80867,6731.47796606486
753,2021-01-23,9.20664,7936.600509624735
754,2021-01-24,10.72699,9247.220951480609
755,2021-01-25,8.78018,7568.969902439641
756,2021-01-26,8.66158,7466.730559917127
757,2021-01-27,8.22251,7088.2294796358365
758,2021-01-28,8.25027,7112.160037379725
759,2021-01-29,7.79605,6720.598872450744
760,2021-01-30,9.32776,8041.0122226629055
761,2021-01-31,10.70932,9231.988496317263
762,2021-02-01,9.19654,7927.893786526275
763,2021-02-02,9.21295,7942.040056431792
764,2021-02-03,8.9278,7696.225987963872
765,2021-02-04,9.08425,7831.093990810818
766,2021-02-05,8.73476,7529.815510050327
767,2021-02-06,10.61596,9151.507341022978
768,2021-02-07,12.21832,10532.82465033477
769,2021-02-08,10.34343,8916.572366169175
770,2021-02-09,9.2243,7951.824344270161
771,2021-02-10,9.53846,8222.646535221878
772,2021-02-11,10.33334,8907.874263588634
773,2021-02-12,11.1055,9573.516175242812
774,2021-02-13,13.77021,11870.634205708013
775,2021-02-14,14.63069,12612.412531625165
776,2021-02-15,11.88523,10245.68381896188
777,2021-02-16,10.92508,9417.984790943385
778,2021-02-17,9.91824,8550.03656475983
779,2021-02-18,9.48169,8173.707854994195
780,2021-02-19,9.37318,8080.16661505222
781,2021-02-20,11.65182,10044.47231020825
782,2021-02-21,13.71722,11824.954081253813
783,2021-02-22,12.91604,11134.295426597919
784,2021-02-23,10.21095,8802.367744774716
785,2021-02-24,10.47969,9034.035543337117
786,2021-02-25,9.9031,8536.985100630058
787,2021-02-26,9.64192,8311.834413614622
788,2021-02-27,11.80701,10178.254127797367
789,2021-02-28,13.95064,12026.174210525362
790,2021-03-01,14.0541,12115.362088918106
791,2021-03-02,10.12516,8728.412321545316
792,2021-03-03,9.91445,8546.769388468427
793,2021-03-04,9.9094,8542.416026919196
794,2021-03-05,9.63057,8302.050125776253
795,2021-03-06,12.48706,10764.49244889717
796,2021-03-07,13.95695,12031.61375733242
797,2021-03-08,11.40705,9833.467893098332
798,2021-03-09,11.12316,9588.74000988824
799,2021-03-10,11.26069,9707.29799283193
800,2021-03-11,10.81531,9323.357365743583
801,2021-03-12,10.38128,8949.201026493603
802,2021-03-13,12.70786,10954.833484554603
803,2021-03-14,15.25145,13147.539801981631
804,2021-03-15,13.046,11246.327677476722
805,2021-03-16,12.31295,10614.4006114048
806,2021-03-17,13.46236,11605.251561563355
807,2021-03-18,12.02402,10365.327987163397
808,2021-03-19,11.31368,9752.97811728613
809,2021-03-20,13.78535,11883.685669837783
810,2021-03-21,14.63322,12614.59352265874
811,2021-03-22,12.14262,10467.567329685911
812,2021-03-23,11.70228,10087.971443628874
813,2021-03-24,11.0462,9522.396503981556
814,2021-03-25,10.7068,9229.816125801608
815,2021-03-26,10.67147,9199.359835992835
816,2021-03-27,12.92613,11142.99352917846
817,2021-03-28,14.71397,12684.204204856827
818,2021-03-29,11.58747,9988.999277397761
819,2021-03-30,11.2077,9661.61786837773
820,2021-03-31,11.13326,9597.4467329867
821,2021-04-01,10.78124,9293.987261192637
822,2021-04-02,10.56801,9110.17195760009
823,2021-04-03,12.96399,11175.630810020808
824,2021-04-04,14.32915,12352.469434287566
825,2021-04-05,11.84233,10208.70179708822
826,2021-04-06,11.44994,9870.441294454073
827,2021-04-07,11.08026,9551.757988014582
828,2021-04-08,10.81783,9325.529736259237
829,2021-04-09,10.67273,9200.446021250662
830,2021-04-10,12.16785,10489.316896396223
831,2021-04-11,14.01246,12079.466252302276
832,2021-04-12,11.38812,9817.14925267716
833,2021-04-13,10.74591,9263.530971383863
834,2021-04-14,10.14282,8743.636156190745
835,2021-04-15,10.02422,8641.396813668229
836,2021-04-16,9.58136,8259.628557095537
837,2021-04-17,11.60513,10004.22311204319
838,2021-04-18,12.63342,10890.662349163573
839,2021-04-19,10.53773,9084.069029340548
840,2021-04-20,10.82792,9334.227838839779
841,2021-04-21,10.87965,9378.82177803615
842,2021-04-22,11.15092,9612.670567632127
843,2021-04-23,9.83875,8481.512067819569
844,2021-04-24,11.70481,10090.15243466245
845,2021-04-25,13.85222,11941.331073163929
846,2021-04-26,11.29223,9734.487106349301
847,2021-04-27,11.03358,9511.51741036744
848,2021-04-28,10.63615,9168.91216670198
849,2021-04-29,10.75979,9275.496250255808
850,2021-04-30,10.809,9317.917818936523
851,2021-05-01,12.59809,10860.2060593548
852,2021-05-02,14.23074,12267.634917444053
853,2021-05-03,12.50094,10776.457727769113
854,2021-05-04,11.24302,9692.065537668583
855,2021-05-05,13.01067,11215.871387667949
856,2021-05-06,11.83224,10200.003694507679
857,2021-05-07,11.25943,9706.211807574102
858,2021-05-08,13.59862,11722.714738731298
859,2021-05-09,14.03012,12094.690086947701
860,2021-05-10,11.96346,10313.12213064431
861,2021-05-11,12.26753,10575.246219015486
862,2021-05-12,12.25365,10563.280940143542
863,2021-05-13,11.99248,10338.138873646025
864,2021-05-14,11.65055,10043.377504432503
865,2021-05-15,13.62764,11747.731481733012
866,2021-05-16,14.74299,12709.220947858543
867,2021-05-17,12.69398,10942.868205682658
868,2021-05-18,10.69671,9221.118023221066
869,2021-05-19,13.29455,11460.590650360122
870,2021-05-20,11.74013,10120.600103953304
871,2021-05-21,10.16932,8766.480528676804
872,2021-05-22,12.34197,10639.417354406514
873,2021-05-23,13.70587,11815.169793415445
874,2021-05-24,11.1547,9615.92912340561
875,2021-05-25,11.00456,9486.500667365724
876,2021-05-26,11.21653,9669.229785700443
877,2021-05-27,11.20265,9657.2645068285
878,2021-05-28,9.9031,8536.985100630058
879,2021-05-29,11.33008,9767.115766673729
880,2021-05-30,13.44974,11594.372467949239
881,2021-05-31,12.34071,10638.331169148687
882,2021-06-01,11.71742,10101.022907758646
883,2021-06-02,15.41169,13285.674981119977
884,2021-06-03,17.44429,15037.881453390342
885,2021-06-04,15.03949,12964.819304164832
886,2021-06-05,15.66908,13507.55849184401
887,2021-06-06,16.29993,14051.383864781017
888,2021-06-07,14.00111,12069.681964463907
889,2021-06-08,12.65992,10913.506721649632
890,2021-06-09,13.3753,11530.20133255821
891,2021-06-10,11.84233,10208.70179708822
892,2021-06-11,11.28971,9732.314735833645
893,2021-06-12,12.88576,11108.192498338376
894,2021-06-13,14.66098,12638.524080402627
895,2021-06-14,13.05988,11258.292956348667
896,2021-06-15,15.36501,13245.434403472836
897,2021-06-16,16.67087,14371.153356478337
898,2021-06-17,15.26533,13159.505080853576
899,2021-06-18,19.59171,16889.06871240974
900,2021-06-19,17.4077,15006.338978323742
901,2021-06-20,18.61515,16047.223414485728
902,2021-06-21,16.24315,14002.436564035415
903,2021-06-22,14.72532,12693.988492695196
904,2021-06-23,14.50074,12500.388901264281
905,2021-06-24,13.774,11873.901381999414
906,2021-06-25,12.64604,10901.541442777689
907,2021-06-26,13.51283,11648.759315501899
908,2021-06-27,15.823,13640.245503657381
909,2021-06-28,14.96505,12900.648168773801
910,2021-06-29,12.76968,11008.125526331514
911,2021-06-30,12.85422,11081.003384821006
912,2021-07-01,13.29708,11462.771641393698
913,2021-07-02,11.90163,10259.821468349479
914,2021-07-03,13.75129,11854.324185804759
915,2021-07-04,15.35239,13234.555309858719
916,2021-07-05,13.81942,11913.05577438873
917,2021-07-06,13.28824,11455.151103553066
918,2021-07-07,13.38918,11542.166611430153
919,2021-07-08,12.2322,10544.789929206712
920,2021-07-09,10.84306,9347.27930296955
921,2021-07-10,13.24787,11420.350072712981
922,2021-07-11,14.2812,12311.134050864677
923,2021-07-12,12.858,11084.26194059449
924,2021-07-13,11.9521,10303.32922228802
925,2021-07-14,11.53826,9946.577708717045
926,2021-07-15,10.85442,9357.072211325838
927,2021-07-16,10.17562,8771.911454965943
928,2021-07-17,11.57738,9980.30117481722
929,2021-07-18,12.58295,10847.154595225029
930,2021-07-19,10.92634,9419.070976201212
931,2021-07-20,10.67652,9203.713197542065
932,2021-07-21,10.46077,9017.725523433863
933,2021-07-22,12.59431,10856.947503581318
934,2021-07-23,11.45878,9878.061832294705
935,2021-07-24,11.07774,9549.585617498926
936,2021-07-25,12.96146,11173.449818987234
937,2021-07-26,10.75979,9275.496250255808
938,2021-07-27,10.28287,8864.36650965009
939,2021-07-28,10.27151,8854.573601293801
940,2021-07-29,9.93969,8568.527575696658
941,2021-07-30,9.3757,8082.338985567876
942,2021-07-31,9.97501,8598.975244987512
943,2021-08-01,10.92255,9415.803799909809
944,2021-08-02,9.89931,8533.717924338654
945,2021-08-03,9.73024,8387.970827877596
946,2021-08-04,9.89679,8531.545553823
947,2021-08-05,10.25637,8841.522137164031
948,2021-08-06,9.60281,8278.119568032365
949,2021-08-07,10.18319,8778.437187030828
950,2021-08-08,11.31116,9750.805746770473
951,2021-08-09,10.06838,8679.465020799715
952,2021-08-10,9.87786,8515.226913401826
953,2021-08-11,10.18824,8782.790548580058
954,2021-08-12,9.21547,7944.212426947448
955,2021-08-13,9.23187,7958.3500763350485
956,2021-08-14,10.53773,9084.069029340548
957,2021-08-15,11.05125,9526.749865530785
958,2021-08-16,11.1383,9601.791474018011
959,2021-08-17,10.37497,8943.761479686545
960,2021-08-18,10.11885,8722.97277473826
961,2021-08-19,10.55666,9100.387669761722
962,2021-08-20,9.758,8411.901385621482
963,2021-08-21,11.16858,9627.894402277554
964,2021-08-22,12.06944,10404.48237955271
965,2021-08-23,11.18372,9640.945866407325
966,2021-08-24,11.1648,9624.63584650407
967,2021-08-25,10.35479,8926.365274525462
968,2021-08-26,10.5024,9053.612739531774
969,2021-08-27,10.93517,9426.682893523925
970,2021-08-28,11.26952,9714.909910154644
971,2021-08-29,13.27058,11439.927268907639
972,2021-08-30,11.04368,9520.2241334659
973,2021-08-31,12.35458,10650.28782750271
974,2021-09-01,13.08132,11276.775346767576
975,2021-09-02,12.79492,11029.883713559748
976,2021-09-03,12.35837,10653.555003794114
977,2021-09-04,13.80933,11904.357671808188
978,2021-09-05,16.05768,13842.551818186757
979,2021-09-06,14.06419,12124.060191498647
980,2021-09-07,14.16386,12209.980893599988
981,2021-09-08,12.99427,11201.73373828035
982,2021-09-09,14.33924,12361.167536868106
983,2021-09-10,12.588,10851.507956774258
984,2021-09-11,14.98397,12916.958188677056
985,2021-09-12,17.50359,15089.0011246516
986,2021-09-13,14.31905,12343.762711189105
987,2021-09-14,13.04473,11245.232871700975
988,2021-09-15,14.71271,12683.118019599
989,2021-09-16,13.14315,11330.07600906241
990,2021-09-17,12.13252,10458.86060658745
991,2021-09-18,13.78914,11886.952846129187
992,2021-09-19,14.35312,12373.132815740051
993,2021-09-20,12.1565,10479.532608557854
994,2021-09-21,12.01014,10353.362708291452
995,2021-09-22,15.2565,13151.893163530862
996,2021-09-23,13.77148,11871.72901148376
997,2021-09-24,12.06944,10404.48237955271
998,2021-09-25,14.16386,12209.980893599988
999,2021-09-26,15.42809,13299.812630507577
1000,2021-09-27,13.75381,11856.496556320413
1001,2021-09-28,12.45426,10736.217150121971
1002,2021-09-29,11.93696,10290.27775815825
1003,2021-09-30,12.41767,10704.67467505537
1004,2021-10-01,11.49789,9911.77667787696
1005,2021-10-02,12.64982,10904.799998551172
1006,2021-10-03,14.06167,12121.88782098299
1007,2021-10-04,14.18153,12225.213348763335
1008,2021-10-05,11.17489,9633.333949084612
1009,2021-10-06,10.80648,9315.745448420868
1010,2021-10-07,10.6639,9192.83410392795
1011,2021-10-08,9.88039,8517.4079044354
1012,2021-10-09,11.0626,9536.534153369154
1013,2021-10-10,12.78356,11020.09080520346
1014,2021-10-11,13.95695,12031.61375733242
1015,2021-10-12,11.90289,10260.907653607304
1016,2021-10-13,11.0033,9485.414482107897
1017,2021-10-14,11.74518,10124.953465502533
1018,2021-10-15,10.12263,8726.231330511742
1019,2021-10-16,13.54311,11674.862243761443
1020,2021-10-17,15.90501,13710.942371113295
1021,2021-10-18,13.25922,11430.134360551348
1022,2021-10-19,12.79239,11027.702722526172
1023,2021-10-20,11.90794,10265.261015156535
1024,2021-10-21,11.22788,9679.014073538812
1025,2021-10-22,11.10298,9571.343804727157
1026,2021-10-23,12.97029,11181.061736309946
1027,2021-10-24,14.92846,12869.1056937072
1028,2021-10-25,11.55971,9965.068719653875
1029,2021-10-26,10.63236,9165.64499041058
1030,2021-10-27,10.75096,9267.884332933094
1031,2021-10-28,9.79207,8441.271490172428
1032,2021-10-29,9.1814,7914.842322396503
1033,2021-10-30,10.84937,9352.71884977661
1034,2021-10-31,12.1565,10479.532608557854
1035,2021-11-01,10.64498,9176.524084024695
1036,2021-11-02,10.48726,9040.561275402002
1037,2021-11-03,9.89553,8530.459368565173
1038,2021-11-04,10.01665,8634.871081603344
1039,2021-11-05,9.22809,7955.091520561565
1040,2021-11-06,11.22536,9676.841703023158
1041,2021-11-07,12.60062,10862.387050388374
1042,2021-11-08,11.37298,9804.097788547388
1043,2021-11-09,11.9685,10317.466871675622
1044,2021-11-10,15.16187,13070.31720246083
1045,2021-11-11,15.21234,13113.824956399374
1046,2021-11-12,11.31116,9750.805746770473
1047,2021-11-13,12.86557,11090.787672659375
1048,2021-11-14,14.02003,12085.991984367161
1049,2021-11-15,10.72951,9249.393321996264
1050,2021-11-16,10.09992,8706.654134317085
1051,2021-11-17,10.02548,8642.482998926056
1052,2021-11-18,9.81982,8465.193427398395
1053,2021-11-19,9.86146,8501.089264014227
1054,2021-11-20,9.73907,8395.582745200309
1055,2021-11-21,11.7742,10149.970208504248
1056,2021-11-22,11.0626,9536.534153369154
1057,2021-11-23,13.48381,11623.742572500185
1058,2021-11-24,13.31979,11482.348837588353
1059,2021-11-25,13.0952,11288.74062563952
1060,2021-11-26,12.19435,10512.161268882284
1061,2021-11-27,12.83277,11062.512373884176
1062,2021-11-28,14.70261,12674.411296500539
1063,2021-11-29,11.91046,10267.433385672191
1064,2021-11-30,10.66643,9195.015094961524
1065,2021-12-01,10.2917,8871.978426972802
1066,2021-12-02,9.3101,8025.7883880174795
1067,2021-12-03,9.40977,8111.709090118821
1068,2021-12-04,9.96366,8589.190957149143
1069,2021-12-05,11.10928,9576.774731016296
1070,2021-12-06,9.03,7784.327681098789
1071,2021-12-07,8.39915,7240.502308161783
1072,2021-12-08,8.61868,7429.748538043467
1073,2021-12-09,8.30578,7160.0125323495795
1074,2021-12-10,7.6068,6557.455570828602
1075,2021-12-11,8.52406,7348.181197491356
1076,2021-12-12,10.028,8644.655369441713
1077,2021-12-13,8.94168,7708.191266835816
1078,2021-12-14,9.02747,7782.146690065214
1079,2021-12-15,8.70448,7503.712581790785
1080,2021-12-16,9.78071,8431.478581816138
1081,2021-12-17,8.6149,7426.4899822699845
1082,2021-12-18,10.32577,8901.348531523749
1083,2021-12-19,11.16228,9622.463475988416
1084,2021-12-20,9.65833,8325.98068352014
1085,2021-12-21,9.45772,8153.04447354171
1086,2021-12-22,8.95177,7716.889369416357
1087,2021-12-23,8.57957,7396.033692461212
1088,2021-12-24,8.53289,7355.79311481407
1089,2021-12-25,9.79711,8445.616231203738
1090,2021-12-26,10.98438,9469.104462204641
1091,2021-12-27,10.89732,9394.054233199497
1092,2021-12-28,11.01087,9491.940214172782
1093,2021-12-29,10.70554,9228.729940543779
1094,2021-12-30,10.10623,8712.093681124144
1095,2021-12-31,9.57253,8252.016639772824
1096,2022-01-01,10.46329,9019.89789394952
1097,2022-01-02,18.95833,16343.06234843916
1098,2022-01-03,11.7149,10098.85053724299
1099,2022-01-04,10.7989,9309.211095838064
1100,2022-01-05,10.00656,8626.172979022802
1101,2022-01-06,9.02874,7783.241495840963
1102,2022-01-07,8.74612,7539.608418406616
1103,2022-01-08,10.46455,9020.984079207345
1104,2022-01-09,11.39569,9823.674984742045
1105,2022-01-10,8.87986,7654.8992250589035
1106,2022-01-11,8.70953,7508.065943340016
1107,2022-01-12,8.95934,7723.415101481242
1108,2022-01-13,8.47106,7302.492452519236
1109,2022-01-14,8.40924,7249.2004107423245
1110,2022-01-15,9.42239,8122.588183732937
1111,2022-01-16,10.73203,9251.56569251192
1112,2022-01-17,9.15995,7896.351311459674
1113,2022-01-18,9.37949,8085.6061618592785
1114,2022-01-19,8.73476,7529.815510050327
1115,2022-01-20,8.66789,7472.170106724184
1116,2022-01-21,8.2919,7148.047253477635
1117,2022-01-22,9.8766,8514.140728143997
1118,2022-01-23,11.72752,10109.729630857108
1119,2022-01-24,10.56423,9106.913401826607
1120,2022-01-25,9.74034,8396.677550976055
1121,2022-01-26,9.14103,7880.04129155642
1122,2022-01-27,8.77387,7563.530355632584
1123,2022-01-28,8.89373,7666.855883412927
1124,2022-01-29,10.06081,8672.93928873483
1125,2022-01-30,10.86704,9367.951304939954
1126,2022-01-31,9.5801,8258.542371837708
1127,2022-02-01,10.39642,8962.252490623376
1128,2022-02-02,12.58926,10852.594142032087
1129,2022-02-03,11.10928,9576.774731016296
1130,2022-02-04,10.6147,9150.42115576515
1131,2022-02-05,11.82467,10193.477962442792
1132,2022-02-06,13.12548,11314.843553899062
1133,2022-02-07,10.04062,8655.534463055828
1134,2022-02-08,9.55991,8241.137546158707
1135,2022-02-09,9.49178,8182.405957574736
1136,2022-02-10,9.37949,8085.6061618592785
1137,2022-02-11,10.00782,8627.25916428063
1138,2022-02-12,11.21527,9668.143600442616
1139,2022-02-13,12.61071,10871.085152968915
1140,2022-02-14,10.37497,8943.761479686545
1141,2022-02-15,9.41608,8117.148636925878
1142,2022-02-16,8.9707,7733.208009837532
1143,2022-02-17,8.91392,7684.260709091928
1144,2022-02-18,8.74612,7539.608418406616
1145,2022-02-19,10.59199,9130.843959570493
1146,2022-02-20,12.86179,11087.529116885891
1147,2022-02-21,9.85137,8492.391161433685
1148,2022-02-22,9.46402,8158.475399830849
1149,2022-02-23,9.71384,8373.833178489995
1150,2022-02-24,9.23818,7963.7896231421055
1151,2022-02-25,9.15491,7892.0065704283625
1152,2022-02-26,11.79817,10170.633589956735
1153,2022-02-27,13.72227,11829.307442803043
1154,2022-02-28,11.66822,10058.60995959585
1155,2022-03-01,14.26985,12301.349763026308
1156,2022-03-02,10.42292,8985.096863109435
1157,2022-03-03,9.87155,8509.787366594766
1158,2022-03-04,10.61596,9151.507341022978
1159,2022-03-05,12.77347,11011.392702622918
1160,2022-03-06,13.93676,12014.208931653417
1161,2022-03-07,10.67526,9202.627012284236
1162,2022-03-08,10.11632,8720.791783704684
1163,2022-03-09,11.11433,9581.128092565526
1164,2022-03-10,9.85641,8496.735902464996
1165,2022-03-11,10.6904,9215.678476414008
1166,2022-03-12,15.28173,13173.642730241174
1167,2022-03-13,16.41727,14152.537022045704
1168,2022-03-14,11.75528,10133.660188600994
1169,2022-03-15,11.13956,9602.877659275839
1170,2022-03-16,15.38393,13261.74442337609
1171,2022-03-17,11.95589,10306.596398579424
1172,2022-03-18,11.17868,9636.601125376015
1173,2022-03-19,13.2138,11390.979968162037
1174,2022-03-20,14.13611,12186.058956374021
1175,2022-03-21,11.05251,9527.836050788614
1176,2022-03-22,11.16228,9622.463475988416
1177,2022-03-23,10.89353,9390.787056908095
1178,2022-03-24,11.22788,9679.014073538812
1179,2022-03-25,10.33334,8907.874263588634
1180,2022-03-26,13.02329,11226.750481282064
1181,2022-03-27,14.15756,12204.54996731085
1182,2022-03-28,11.537,9945.491523459217
1183,2022-03-29,11.27961,9723.608012735183
1184,2022-03-30,11.40705,9833.467893098332
1185,2022-03-31,11.49915,9912.86286313479
1186,2022-04-01,12.35332,10649.201642244883
1187,2022-04-02,13.61502,11736.852388118896
1188,2022-04-03,14.89818,12843.002765447658
1189,2022-04-04,12.80375,11037.495630882462
1190,2022-04-05,12.00257,10346.836976226567
1191,2022-04-06,12.24986,10560.01376385214
1192,2022-04-07,11.31368,9752.97811728613
1193,2022-04-08,11.19634,9651.82496002144
1194,2022-04-09,13.01445,11219.129943441432
1195,2022-04-10,15.63249,13476.01601677741
1196,2022-04-11,14.22695,12264.36774115265
1197,2022-04-12,14.39476,12409.02865235588
1198,2022-04-13,12.62459,10883.05043184086
1199,2022-04-14,11.94832,10300.070666514539
1200,2022-04-15,11.6392,10033.593216594134
1201,2022-04-16,13.65414,11770.575854219072
1202,2022-04-17,15.90375,13709.856185855468
1203,2022-04-18,13.24787,11420.350072712981
1204,2022-04-19,12.45678,10738.389520637627
1205,2022-04-20,12.61828,10877.610885033802
1206,2022-04-21,11.62784,10023.800308237845
1207,2022-04-22,12.05304,10390.34473016511
1208,2022-04-23,14.56887,12559.120489848252
1209,2022-04-24,17.04055,14689.836662917825
1210,2022-04-25,14.3241,12348.116072738336
1211,2022-04-26,13.58979,11715.102821408585
1212,2022-04-27,13.76643,11867.375649934529
1213,2022-04-28,13.55194,11682.474161084156
1214,2022-04-29,12.91226,11131.036870824435
1215,2022-04-30,14.86411,12813.632660896714
1216,2022-05-01,19.16147,16518.179549451164
1217,2022-05-02,14.90196,12846.261321221144
1218,2022-05-03,13.31726,11480.16784655478
1219,2022-05-04,12.18299,10502.368360525996
1220,2022-05-05,14.56635,12556.948119332597
1221,2022-05-06,13.68946,11801.023523509926
1222,2022-05-07,14.85402,12804.934558316172
1223,2022-05-08,15.77632,13600.004926010239
1224,2022-05-09,12.77599,11013.565073138574
1225,2022-05-10,12.44164,10725.338056507855
1226,2022-05-11,13.52292,11657.45741808244
1227,2022-05-12,12.02276,10364.241801905568
1228,2022-05-13,14.60294,12588.490594399198
1229,2022-05-14,15.01551,12944.147302194428
1230,2022-05-15,15.74352,13571.72962723504
1231,2022-05-16,13.7904,11888.039031387014
1232,2022-05-17,12.78609,11022.271796237033
1233,2022-05-18,12.54132,10811.267379127117
1234,2022-05-19,11.8171,10186.952230377907
1235,2022-05-20,11.22284,9674.669332507501
1236,2022-05-21,12.36342,10657.908365343343
1237,2022-05-22,15.69936,13533.661420103554
1238,2022-05-23,14.32662,12350.28844325399
1239,2022-05-24,13.36268,11519.322238944093
1240,2022-05-25,13.42955,11576.967642270238
1241,2022-05-26,12.72048,10965.71257816872
1242,2022-05-27,13.45479,11598.72582949847
1243,2022-05-28,14.35691,12376.399992031453
1244,2022-05-29,15.42557,13297.640259991922
1245,2022-05-30,14.05788,12118.62064469159
1246,2022-05-31,12.43912,10723.1656859922
1247,2022-06-01,14.55752,12549.336202009883
1248,2022-06-02,12.10981,10439.283410392794
1249,2022-06-03,11.14083,9603.972465051585
1250,2022-06-04,12.25491,10564.36712540137
1251,2022-06-05,12.89459,11115.80441566109
1252,2022-06-06,13.15829,11343.12747319218
1253,2022-06-07,10.89984,9396.226603715151
1254,2022-06-08,12.21832,10532.82465033477
1255,2022-06-09,12.07953,10413.180482133252
1256,2022-06-10,11.90416,10262.002459383051
1257,2022-06-11,12.35332,10649.201642244883
1258,2022-06-12,14.31527,12340.504155415621
1259,2022-06-13,14.34303,12364.43471315951
1260,2022-06-14,14.61051,12595.016326464083
1261,2022-06-15,13.83708,11928.279609034156
1262,2022-06-16,13.21885,11395.333329711266
1263,2022-06-17,17.99565,15513.182329387091
1264,2022-06-18,16.16114,13931.7396965795
1265,2022-06-19,16.8311,14509.279915098763
1266,2022-06-20,14.79976,12758.159628086225
1267,2022-06-21,13.88251,11967.44262194139
1268,2022-06-22,14.06671,12126.232562014302
1269,2022-06-23,12.52365,10796.03492396377
1270,2022-06-24,12.16407,10486.058340622742
1271,2022-06-25,13.1381,11325.72264751318
1272,2022-06-26,14.86916,12817.986022445944
1273,2022-06-27,13.19866,11377.928504032265
1274,2022-06-28,12.63973,10896.10189597063
1275,2022-06-29,12.63216,10889.576163905745
1276,2022-06-30,11.79943,10171.71977521456
1277,2022-07-01,11.1484,9610.498197116473
1278,2022-07-02,13.21254,11389.893782904208
1279,2022-07-03,14.14494,12193.670873696734
1280,2022-07-04,12.87693,11100.580581015662
1281,2022-07-05,12.18552,10504.54935155957
1282,2022-07-06,11.93444,10288.105387642596
1283,2022-07-07,11.92813,10282.665840835536
1284,2022-07-08,11.26826,9713.823724896814
1285,2022-07-09,12.53501,10805.82783232006
1286,2022-07-10,14.20424,12244.790544957992
1287,2022-07-11,12.77852,11015.746064172148
1288,2022-07-12,11.6291,10024.886493495673
1289,2022-07-13,10.83297,9338.581200389008
1290,2022-07-14,10.01413,8632.698711087687
1291,2022-07-15,9.4287,8128.027730539994
1292,2022-07-16,10.61722,9152.593526280807
1293,2022-07-17,12.21327,10528.471288785538
1294,2022-07-18,11.04494,9521.310318723728
1295,2022-07-19,10.35226,8924.184283491888
1296,2022-07-20,9.97375,8597.889059729685
1297,2022-07-21,9.11832,7860.464095361763
1298,2022-07-22,9.06406,7813.689165131815
1299,2022-07-23,10.13777,8739.282794641515
1300,2022-07-24,11.05503,9530.00842130427
1301,2022-07-25,10.51376,9063.405647888063
1302,2022-07-26,9.42239,8122.588183732937
1303,2022-07-27,9.5801,8258.542371837708
1304,2022-07-28,9.53973,8223.741340997625
1305,2022-07-29,8.86976,7646.192501960442
1306,2022-07-30,9.9624,8588.104771891316
1307,2022-07-31,10.96293,9450.613451267813
1308,2022-08-01,10.47717,9031.86317282146
1309,2022-08-02,10.11254,8717.5332279312
1310,2022-08-03,9.51197,8199.810783253737
1311,2022-08-04,9.51828,8205.250330060797
1312,2022-08-05,8.68429,7486.307756111784
1313,2022-08-06,9.62552,8297.696764227023
1314,2022-08-07,10.68661,9212.411300122605
1315,2022-08-08,9.87155,8509.787366594766
1316,2022-08-09,9.31388,8029.046943790961
1317,2022-08-10,9.50187,8191.104060155278
1318,2022-08-11,9.38454,8089.959523408508
1319,2022-08-12,8.85588,7634.2272230885
1320,2022-08-13,9.24575,7970.315355206991
1321,2022-08-14,10.61217,9148.240164731578
1322,2022-08-15,11.05377,9528.922236046441
1323,2022-08-16,10.11254,8717.5332279312
1324,2022-08-17,9.78071,8431.478581816138
1325,2022-08-18,9.22809,7955.091520561565
1326,2022-08-19,9.58136,8259.628557095537
1327,2022-08-20,9.62426,8296.610578969196
1328,2022-08-21,10.93517,9426.682893523925
1329,2022-08-22,9.97123,8595.716689214029
1330,2022-08-23,11.62784,10023.800308237845
1331,2022-08-24,10.47591,9030.776987563635
1332,2022-08-25,10.32198,8898.081355232345
1333,2022-08-26,10.2652,8849.134054486743
1334,2022-08-27,11.64298,10036.851772367616
1335,2022-08-28,13.17595,11358.351307837607
1336,2022-08-29,11.98238,10329.432150547564
1337,2022-08-30,12.41515,10702.502304539716
1338,2022-08-31,11.89785,10256.562912575995
1339,2022-09-01,11.38307,9812.79589112793
1340,2022-09-02,10.67147,9199.359835992835
1341,2022-09-03,12.18552,10504.54935155957
1342,2022-09-04,14.18153,12225.213348763335
1343,2022-09-05,11.58621,9987.913092139934
1344,2022-09-06,11.22536,9676.841703023158
1345,2022-09-07,10.62858,9162.386434637096
1346,2022-09-08,11.61523,10012.92983514165
1347,2022-09-09,10.45446,9012.285976626805
1348,2022-09-10,9.86272,8502.175449272054
1349,2022-09-11,13.19109,11371.40277196738
1350,2022-09-12,14.7657,12728.7981440532
1351,2022-09-13,12.28519,10590.470053660913
1352,2022-09-14,11.36793,9799.744426998157
1353,2022-09-15,10.3775,8945.94247072012
1354,2022-09-16,9.62931,8300.963940518426
1355,2022-09-17,11.14335,9606.144835567242
1356,2022-09-18,12.15397,10477.35161752428
1357,2022-09-19,10.48096,9035.130349112864
1358,2022-09-20,11.36162,9794.304880191099
1359,2022-09-21,10.91498,9409.278067844923
1360,2022-09-22,10.80017,9310.30590161381
1361,2022-09-23,11.05251,9527.836050788614
1362,2022-09-24,13.28572,11452.97873303741
1363,2022-09-25,14.20676,12246.962915473647
1364,2022-09-26,12.39117,10681.830302569313
1365,2022-09-27,11.00204,9484.328296850068
1366,2022-09-28,10.82414,9330.969283066295
1367,2022-09-29,10.91877,9412.545244136327
1368,2022-09-30,10.01917,8637.043452119
1369,2022-10-01,11.46761,9885.67374961742
1370,2022-10-02,13.39927,11550.864714010695
1371,2022-10-03,14.08438,12141.465017177648
1372,2022-10-04,11.64172,10035.765587109789
1373,2022-10-05,11.22158,9673.583147249674
1374,2022-10-06,10.97554,9461.483924364009
1375,2022-10-07,10.47212,9027.509811272232
1376,2022-10-08,11.81458,10184.779859862252
1377,2022-10-09,14.79976,12758.159628086225
1378,2022-10-10,16.36301,14105.762091815757
1379,2022-10-11,13.44596,11591.113912175755
1380,2022-10-12,11.83224,10200.003694507679
1381,2022-10-13,10.72699,9247.220951480609
1382,2022-10-14,11.00456,9486.500667365724
1383,2022-10-15,13.13936,11326.808832771007
1384,2022-10-16,13.42451,11572.622901238927
1385,2022-10-17,11.57359,9977.033998525818
1386,2022-10-18,12.89838,11119.071591952492
1387,2022-10-19,11.52312,9933.526244587274
1388,2022-10-20,10.38254,8950.28721175143
1389,2022-10-21,10.22105,8811.074467873175
1390,2022-10-22,11.47896,9895.458037455788
1391,2022-10-23,12.67632,10927.644371037233
1392,2022-10-24,10.87461,9374.47703700484
1393,2022-10-25,10.73203,9251.56569251192
1394,2022-10-26,10.11128,8716.447042673375
1395,2022-10-27,9.85894,8498.916893498572
1396,2022-10-28,8.94168,7708.191266835816
1397,2022-10-29,10.07595,8685.990752864602
1398,2022-10-30,10.20843,8800.19537425906
1399,2022-10-31,9.45772,8153.04447354171
1400,2022-11-01,9.25206,7975.75490201405
1401,2022-11-02,9.41229,8113.881460634477
1402,2022-11-03,9.64823,8317.27396042168
1403,2022-11-04,9.57505,8254.189010288477
1404,2022-11-05,10.78503,9297.25443748404
1405,2022-11-06,11.53574,9944.40533820139
1406,2022-11-07,9.85641,8496.735902464996
1407,2022-11-08,8.73602,7530.9016953081555
1408,2022-11-09,8.9543,7719.070360449932
1409,2022-11-10,8.3083,7162.184902865234
1410,2022-11-11,9.15112,7888.739394136961
1411,2022-11-12,9.63183,8303.13631103408
1412,2022-11-13,11.22158,9673.583147249674
1413,2022-11-14,9.79207,8441.271490172428
1414,2022-11-15,9.02495,7779.974319549559
1415,2022-11-16,8.57705,7393.861321945556
1416,2022-11-17,8.39915,7240.502308161783
1417,2022-11-18,8.12788,7006.653518565805
1418,2022-11-19,8.74359,7537.427427373041
1419,2022-11-20,9.93716,8566.346584663084
1420,2022-11-21,11.93948,10292.450128673905
1421,2022-11-22,12.36846,10662.253106374656
1422,2022-11-23,11.03484,9512.603595625267
1423,2022-11-24,9.72015,8379.272725297054
1424,2022-11-25,9.38454,8089.959523408508
1425,2022-11-26,9.84884,8490.21017040011
1426,2022-11-27,11.08153,9552.852793790329
1427,2022-11-28,10.09109,8699.042216994372
1428,2022-11-29,9.17509,7909.402775589446
1429,2022-11-30,10.06207,8674.025473992657
1430,2022-12-01,8.93789,7704.924090544413
1431,2022-12-02,7.88059,6793.476730940233
1432,2022-12-03,7.70016,6637.936726122885
1433,2022-12-04,9.50692,8195.457421704506
1434,2022-12-05,8.88112,7655.98541031673
1435,2022-12-06,7.65727,6600.963324767145
1436,2022-12-07,8.02947,6921.819001722291
1437,2022-12-08,8.05218,6941.396197916949
1438,2022-12-09,7.25857,6257.2632753259395
1439,2022-12-10,8.39284,7235.062761354724
1440,2022-12-11,9.56117,8242.223731416536
1441,2022-12-12,8.19854,7067.566098183352
1442,2022-12-13,8.24522,7107.806675830494
1443,2022-12-14,8.437,7273.130968486211
1444,2022-12-15,8.00676,6902.241805527635
1445,2022-12-16,7.72918,6662.953469124601
1446,2022-12-17,8.93789,7704.924090544413
1447,2022-12-18,9.60281,8278.119568032365
1448,2022-12-19,8.39662,7238.321317128208
1449,2022-12-20,8.45466,7288.354803131639
1450,2022-12-21,7.82003,6741.270874421148
1451,2022-12-22,9.51197,8199.810783253737
1452,2022-12-23,8.55181,7372.103134717324
1453,2022-12-24,8.75999,7551.56507676064
1454,2022-12-25,9.38958,8094.30426443982
1455,2022-12-26,8.37139,7216.571750417895
1456,2022-12-27,7.92475,6831.54493807172
1457,2022-12-28,11.23545,9685.539805603697
1458,2022-12-29,10.00656,8626.172979022802
1459,2022-12-30,9.28612,8005.116386047075
1460,2022-12-31,9.69365,8356.428352810994
1461,2023-01-01,9.94095,8569.613760954488
1462,2023-01-02,14.07302,12131.67210882136
1463,2023-01-03,10.61091,9147.15397947375
1464,2023-01-04,10.19455,8788.230095387116
1465,2023-01-05,9.39085,8095.399070215567
1466,2023-01-06,8.89878,7671.209244962158
1467,2023-01-07,10.0545,8667.499741927772
1468,2023-01-08,11.51429,9925.914327264562
1469,2023-01-09,9.68735,8350.997426521855
1470,2023-01-10,9.1814,7914.842322396503
1471,2023-01-11,8.91014,7681.002153318446
1472,2023-01-12,8.65653,7462.377198367896
1473,2023-01-13,8.8849,7659.243966090214
1474,2023-01-14,9.79711,8445.616231203738
1475,2023-01-15,11.13704,9600.705288760184
1476,2023-01-16,9.33533,8047.537954727793
1477,2023-01-17,8.75999,7551.56507676064
1478,2023-01-18,8.302,7156.753976576096
1479,2023-01-19,7.97648,6876.138877268091
1480,2023-01-20,7.56642,6522.645919470598
1481,2023-01-21,7.99919,6895.716073462749
1482,2023-01-22,7.83769,6756.494709066575
1483,2023-01-23,10.09992,8706.654134317085
1484,2023-01-24,10.82288,9329.883097808468
1485,2023-01-25,8.94799,7713.630813642875
1486,2023-01-26,8.28433,7141.52152141275
1487,2023-01-27,8.99846,7757.138567581418
1488,2023-01-28,9.3164,8031.219314306618
1489,2023-01-29,11.36919,9800.830612255984
1490,2023-01-30,9.0035,7761.48330861273
1491,2023-01-31,8.53036,7353.612123780495
1492,2023-02-01,9.25963,7982.280634078935
1493,2023-02-02,8.40924,7249.2004107423245
1494,2023-02-03,8.09129,6975.111043499206
1495,2023-02-04,9.21799,7946.384797463104
1496,2023-02-05,10.63615,9168.91216670198
1497,2023-02-06,9.1915,7923.549045494963
1498,2023-02-07,9.24701,7971.401540464819
1499,2023-02-08,8.99467,7753.871391290016
1500,2023-02-09,8.73224,7527.643139534672
1501,2023-02-10,8.52784,7351.439753264839
1502,2023-02-11,10.0873,8695.77504070297
1503,2023-02-12,11.94453,10296.803490223137
1504,2023-02-13,10.35352,8925.270468749715
1505,2023-02-14,9.76936,8421.694293977771
1506,2023-02-15,9.20664,7936.600509624735
1507,2023-02-16,8.87229,7648.373492994017
1508,2023-02-17,8.93789,7704.924090544413
1509,2023-02-18,10.8847,9383.17513958538
1510,2023-02-19,12.16533,10487.144525880569
1511,2023-02-20,10.30432,8882.857520586918
1512,2023-02-21,10.04062,8655.534463055828
1513,2023-02-22,10.27782,8860.01314810086
1514,2023-02-23,9.89048,8526.106007015942
1515,2023-02-24,9.71006,8370.574622716513
1516,2023-02-25,11.61018,10008.576473592419
1517,2023-02-26,13.4346,11581.321003819468
1518,2023-02-27,10.9011,9397.31278897298
1519,2023-02-28,10.80269,9312.478272129467
1520,2023-03-01,14.09195,12147.990749242535
1521,2023-03-02,10.46834,9024.251255498748
1522,2023-03-03,11.2998,9741.012838414186
1523,2023-03-04,13.44974,11594.372467949239
1524,2023-03-05,16.19268,13958.92881009687
1525,2023-03-06,13.41063,11560.657622366982
1526,2023-03-07,13.45353,11597.639644240642
1527,2023-03-08,12.78356,11020.09080520346
1528,2023-03-09,10.99825,9481.061120558667
1529,2023-03-10,11.57864,9981.387360075048
1530,2023-03-11,12.46435,10744.915252702513
1531,2023-03-12,13.73615,11841.272721674988
1532,2023-03-13,10.38254,8950.28721175143
1533,2023-03-14,11.16101,9621.368670212669
1534,2023-03-15,10.57685,9117.792495440723
1535,2023-03-16,11.71616,10099.936722500819
1536,2023-03-17,9.64949,8318.360145679508
1537,2023-03-18,11.76663,10143.444476439363
1538,2023-03-19,13.8497,11939.158702648272
1539,2023-03-20,10.95283,9441.906728169353
1540,2023-03-21,10.77872,9291.814890676982
1541,2023-03-22,10.90741,9402.752335780038
1542,2023-03-23,10.68535,9211.325114864778
1543,2023-03-24,10.40021,8965.519666914777
1544,2023-03-25,11.75401,10132.565382825247
1545,2023-03-26,13.88124,11966.347816165644
1546,2023-03-27,10.54783,9092.775752439007
1547,2023-03-28,9.90057,8534.804109596484
1548,2023-03-29,9.9523,8579.398048792855
1549,2023-03-30,9.37066,8077.994244536566
1550,2023-03-31,9.33659,8048.624139985619
1551,2023-04-01,10.92255,9415.803799909809
1552,2023-04-02,12.82898,11059.245197592772
1553,2023-04-03,10.80774,9316.831633678697
1554,2023-04-04,10.47717,9031.86317282146
1555,2023-04-05,9.92202,8553.295120533312
1556,2023-04-06,9.60407,8279.205753290194
1557,2023-04-07,8.93411,7701.665534770931
1558,2023-04-08,10.36109,8931.796200814602
1559,2023-04-09,12.0707,10405.568564810537
1560,2023-04-10,9.73024,8387.970827877596
1561,2023-04-11,9.52585,8211.776062125682
1562,2023-04-12,11.49789,9911.77667787696
1563,2023-04-13,10.02548,8642.482998926056
1564,2023-04-14,9.88291,8519.580274951057
1565,2023-04-15,11.03232,9510.431225109613
1566,2023-04-16,12.55393,10822.137852223314
1567,2023-04-17,10.53899,9085.155214598375
1568,2023-04-18,10.30684,8885.029891102573
1569,2023-04-19,10.59072,9129.749153794746
1570,2023-04-20,10.25259,8838.263581390547
1571,2023-04-21,9.82739,8471.71915946328
1572,2023-04-22,11.22284,9674.669332507501
1573,2023-04-23,12.59683,10859.119874096972
1574,2023-04-24,10.86451,9365.77031390638
1575,2023-04-25,10.06964,8680.551206057542
1576,2023-04-26,9.54225,8225.91371151328
1577,2023-04-27,9.27351,7994.245912950879
1578,2023-04-28,9.32397,8037.745046371503
1579,2023-04-29,10.33838,8912.219004619945
1580,2023-04-30,11.50924,9921.56096571533
1581,2023-05-01,12.76338,11002.694600042378
1582,2023-05-02,11.0197,9499.552131495497
1583,2023-05-03,10.77619,9289.633899643406
1584,2023-05-04,11.00709,9488.681658399299
1585,2023-05-05,12.27383,10580.677145304624
1586,2023-05-06,12.32304,10623.09871398534
1587,2023-05-07,13.1974,11376.842318774436
1588,2023-05-08,12.02654,10367.500357679051
1589,2023-05-09,10.38254,8950.28721175143
1590,2023-05-10,10.91498,9409.278067844923
1591,2023-05-11,11.14461,9607.23102082507
1592,2023-05-12,14.1626,12208.89470834216
1593,2023-05-13,12.6309,10888.489978647918
1594,2023-05-14,13.34628,11505.184589556495
1595,2023-05-15,13.17595,11358.351307837607
1596,2023-05-16,12.94001,11154.958808050404
1597,2023-05-17,14.00615,12074.026705495216
1598,2023-05-18,11.6821,10070.575238467793
1599,2023-05-19,10.63993,9172.170722475465
1600,2023-05-20,11.96219,10312.027324868563
1601,2023-05-21,13.4346,11581.321003819468
1602,2023-05-22,11.50041,9913.949048392617
1603,2023-05-23,11.02349,9502.819307786898
1604,2023-05-24,10.84811,9351.63266451878
1605,2023-05-25,10.31189,8889.383252651804
1606,2023-05-26,9.55613,8237.878990385223
1607,2023-05-27,10.40273,8967.692037430434
1608,2023-05-28,11.59378,9994.43882420482
1609,2023-05-29,11.88397,10244.59763370405
1610,2023-05-30,10.97933,9464.75110065541
1611,2023-05-31,11.34648,9781.253416061327
1612,2023-06-01,11.19886,9653.997330537097
1613,2023-06-02,10.10118,8707.740319574912
1614,2023-06-03,11.07522,9547.413246983271
1615,2023-06-04,12.4101,10698.148942990485
1616,2023-06-05,10.45572,9013.372161884632
1617,2023-06-06,11.85369,10218.494705444507
1618,2023-06-07,10.3674,8937.23574762166
1619,2023-06-08,10.10623,8712.093681124144
1620,2023-06-09,11.36793,9799.744426998157
1621,2023-06-10,11.14966,9611.5843823743
1622,2023-06-11,12.64099,10897.18808122846
1623,2023-06-12,15.94791,13747.924392986954
1624,2023-06-13,15.53281,13390.086694158148
1625,2023-06-14,14.80102,12759.245813344052
1626,2023-06-15,13.39801,11549.778528752866
1627,2023-06-16,18.4158,15875.373389765125
1628,2023-06-17,14.71523,12685.290390114655
1629,2023-06-18,15.21486,13115.99732691503
1630,2023-06-19,12.99553,11202.819923538178
1631,2023-06-20,12.83655,11065.77092965766
1632,2023-06-21,12.17542,10495.84262846111
1633,2023-06-22,12.36846,10662.253106374656
1634,2023-06-23,11.38938,9818.235437934985
1635,2023-06-24,11.48906,9904.164760554248
1636,2023-06-25,12.04547,10383.818998100225
1637,2023-06-26,10.4103,8974.217769495319
1638,2023-06-27,10.46329,9019.89789394952
1639,2023-06-28,10.10118,8707.740319574912
1640,2023-06-29,9.89553,8530.459368565173
1641,2023-06-30,9.2836,8002.94401553142
1642,2023-07-01,11.44742,9868.268923938416
1643,2023-07-02,12.03916,10378.379451293167
1644,2023-07-03,10.47969,9034.035543337117
1645,2023-07-04,10.12263,8726.231330511742
1646,2023-07-05,9.6394,8309.662043098966
1647,2023-07-06,9.44131,8138.898203636191
1648,2023-07-07,9.17131,7906.144219815962
1649,2023-07-08,10.10875,8714.2660516398
1650,2023-07-09,10.61596,9151.507341022978
1651,2023-07-10,9.0792,7826.740629261587
1652,2023-07-11,8.73981,7534.168871599559
1653,2023-07-12,9.01738,7773.448587484672
1654,2023-07-13,8.58966,7404.731795041753
1655,2023-07-14,8.47359,7304.6734435528115
1656,2023-07-15,9.23692,7962.703437884277
1657,2023-07-16,10.02674,8643.569184183885
1658,2023-07-17,8.99719,7756.043761805671
1659,2023-07-18,8.4206,7258.993319098612
1660,2023-07-19,8.42943,7266.605236421326
1661,2023-07-20,7.97269,6872.87170097669
1662,2023-07-21,7.88563,6797.821471971544
1663,2023-07-22,7.77334,6701.021676256087
1664,2023-07-23,8.81677,7600.512377506243
1665,2023-07-24,8.28938,7145.87488296198
1666,2023-07-25,8.11779,6997.955415985264
1667,2023-07-26,8.1733,7045.80791095512
1668,2023-07-27,8.33732,7187.20164586695
1669,2023-07-28,7.89194,6803.261018778602
1670,2023-07-29,7.78344,6709.728399354547
1671,2023-07-30,8.51775,7342.741650684297
1672,2023-07-31,8.47485,7305.75962881064
1673,2023-08-01,8.40798,7248.114225484496
1674,2023-08-02,8.22251,7088.2294796358365
1675,2023-08-03,7.60427,6555.2745797950265
1676,2023-08-04,7.07941,6102.818076284339
1677,2023-08-05,7.45161,6423.6737532394845
1678,2023-08-06,8.2162,7082.7899328287795
1679,2023-08-07,7.88942,6801.088648262947
1680,2023-08-08,7.5803,6534.611198342542
1681,2023-08-09,8.03704,6928.344733787177
1682,2023-08-10,7.65348,6597.696148475743
1683,2023-08-11,7.02894,6059.310322345795
1684,2023-08-12,7.26488,6262.702822132997
1685,2023-08-13,8.17835,7050.161272504351
1686,2023-08-14,7.74685,6678.185924287946
1687,2023-08-15,8.26667,7126.297686767322
1688,2023-08-16,7.40745,6385.605546107999
1689,2023-08-17,7.36203,6346.4511537186845
1690,2023-08-18,6.79426,5857.004007816419
1691,2023-08-19,7.33932,6326.873957524027
1692,2023-08-20,8.1304,7008.825889081461
1693,2023-08-21,7.31787,6308.382946587198
1694,2023-08-22,7.61942,6568.334664442717
1695,2023-08-23,7.75316,6683.625471095004
1696,2023-08-24,7.16394,6175.68731425591
1697,2023-08-25,7.16773,6178.954490547311
1698,2023-08-26,8.61742,7428.662352785639
1699,2023-08-27,10.16932,8766.480528676804
1700,2023-08-28,8.59219,7406.912786075328
1701,2023-08-29,8.53793,7360.13785584538
1702,2023-08-30,8.10643,6988.1625076289765
1703,2023-08-31,8.29064,7146.961068219808
1704,2023-09-01,8.97953,7740.819927160245
1705,2023-09-02,10.3346,8908.960448846461
1706,2023-09-03,11.55593,9961.810163880391
1707,2023-09-04,11.01213,9493.026399430611
1708,2023-09-05,10.73708,9255.91905406115
1709,2023-09-06,10.11632,8720.791783704684
1710,2023-09-07,9.82361,8468.460603689799
1711,2023-09-08,10.081,8690.34411441383
1712,2023-09-09,11.26573,9711.64273386324
1713,2023-09-10,12.58421,10848.240780482856
1714,2023-09-11,10.88722,9385.347510101035
1715,2023-09-12,9.75043,8405.375653556597
1716,2023-09-13,10.88092,9379.916583811897
1717,2023-09-14,12.49842,10774.285357253459
1718,2023-09-15,10.51881,9067.759009437294
1719,2023-09-16,11.21527,9668.143600442616
1720,2023-09-17,12.1464,10470.825885459395
1721,2023-09-18,9.99646,8617.466255924342
1722,2023-09-19,9.68608,8349.902620746108
1723,2023-09-20,9.98511,8607.681968085973
1724,2023-09-21,10.03558,8651.189722024517
1725,2023-09-22,10.50114,9052.526554273947
1726,2023-09-23,11.20643,9660.523062601982
1727,2023-09-24,13.19362,11373.583763000952
1728,2023-09-25,10.45446,9012.285976626805
1729,2023-09-26,9.92202,8553.295120533312
1730,2023-09-27,8.56695,7385.154598847096
1731,2023-09-28,8.17078,7043.635540439465
1732,2023-09-29,8.00297,6898.9746292362315
1733,2023-09-30,10.51881,9067.759009437294
1734,2023-10-01,11.93444,10288.105387642596
1735,2023-10-02,12.34449,10641.58972492217
1736,2023-10-03,13.15703,11342.041287934353
1737,2023-10-04,11.00078,9483.242111592243
1738,2023-10-05,12.04421,10382.732812842398
1739,2023-10-06,11.06512,9538.70652388481
1740,2023-10-07,11.06134,9535.447968111326
1741,2023-10-08,11.78808,10161.935487376193
1742,2023-10-09,12.3937,10684.011293602887
1743,2023-10-10,10.75853,9274.410064997981
1744,2023-10-11,10.50871,9059.052286338832
1745,2023-10-12,10.75601,9272.237694482325
1746,2023-10-13,10.32198,8898.081355232345
1747,2023-10-14,11.99248,10338.138873646025
1748,2023-10-15,11.85495,10219.580890702337
1749,2023-10-16,10.70932,9231.988496317263
1750,2023-10-17,10.58568,9125.404412763437
1751,2023-10-18,10.62858,9162.386434637096
1752,2023-10-19,9.56244,8243.318537192283
1753,2023-10-20,9.93212,8562.001843631771
1754,2023-10-21,10.66516,9193.920289185777
1755,2023-10-22,12.3079,10610.047249855568
1756,2023-10-23,9.97627,8600.06143024534
1757,2023-10-24,9.62174,8294.438208453541
1758,2023-10-25,9.24701,7971.401540464819
1759,2023-10-26,8.43574,7272.044783228383
1760,2023-10-27,8.31587,7168.710634930121
1761,2023-10-28,8.9606,7724.501286739071
1762,2023-10-29,11.10676,9574.602360500641
1763,2023-10-30,10.18572,8780.618178064404
1764,2023-10-31,8.68051,7483.049200338301
1765,2023-11-01,8.8256,7608.1242948289555
1766,2023-11-02,8.44078,7276.389524259695
1767,2023-11-03,8.22503,7090.401850151492
1768,2023-11-04,9.22935,7956.177705819392
1769,2023-11-05,10.73708,9255.91905406115
1770,2023-11-06,9.67599,8341.204518165569
1771,2023-11-07,10.20086,8793.669642194174
1772,2023-11-08,9.50061,8190.0178748974495
1773,2023-11-09,8.75495,7547.220335729328
1774,2023-11-10,8.70574,7504.798767048614
1775,2023-11-11,9.31136,8026.874573275308
1776,2023-11-12,10.85694,9359.244581841494
1777,2023-11-13,9.98258,8605.500977052398
1778,2023-11-14,9.23061,7957.26389107722
1779,2023-11-15,9.63183,8303.13631103408
1780,2023-11-16,9.17509,7909.402775589446
1781,2023-11-17,9.17636,7910.497581365193
1782,2023-11-18,9.63814,8308.575857841139
1783,2023-11-19,9.88669,8522.838830724539
1784,2023-11-20,8.60354,7416.697073913697
1785,2023-11-21,14.57392,12563.473851397483
1786,2023-11-22,12.65865,10912.411915873885
1787,2023-11-23,10.71689,9238.514228382148
1788,2023-11-24,10.50493,9055.793730565349
1789,2023-11-25,10.46834,9024.251255498748
1790,2023-11-26,10.99573,9478.888750043012
1791,2023-11-27,9.33281,8045.365584212137
1792,2023-11-28,9.24575,7970.315355206991
1793,2023-11-29,9.64571,8315.101589906024
1794,2023-11-30,9.14481,7883.299847329902
1795,2023-12-01,7.81498,6736.917512871918
1796,2023-12-02,8.20863,7076.264200763892
1797,2023-12-03,8.42564,7263.338060129922
1798,2023-12-04,8.01054,6905.500361301119
1799,2023-12-05,7.0895,6111.51617886488
1800,2023-12-06,6.86366,5916.830402176137
1801,2023-12-07,7.10716,6126.740013510307
1802,2023-12-08,6.25173,5389.315049142385
1803,2023-12-09,7.10212,6122.395272478996
1804,2023-12-10,8.23891,7102.367129023436
1805,2023-12-11,7.26109,6259.435645841596
1806,2023-12-12,7.01254,6045.172672958196
1807,2023-12-13,6.98226,6019.069744698652
1808,2023-12-14,7.00244,6036.465949859735
1809,2023-12-15,7.19044,6198.531686741969
1810,2023-12-16,7.4617,6432.371855820026
1811,2023-12-17,8.64644,7453.679095787355
1812,2023-12-18,8.29316,7149.133438735464
1813,2023-12-19,7.94115,6845.68258745932
1814,2023-12-20,7.63456,6581.386128572488
1815,2023-12-21,8.29947,7154.572985542521
1816,2023-12-22,7.34689,6333.399689588913
1817,2023-12-23,7.82003,6741.270874421148
1818,2023-12-24,8.05596,6944.654753690433
1819,2023-12-25,8.53793,7360.13785584538
1820,2023-12-26,7.55633,6513.947816890057
1821,2023-12-27,10.05955,8671.853103477002
1822,2023-12-28,9.12463,7865.90364216882
1823,2023-12-29,9.26594,7987.720180885994
1824,2023-12-30,9.78828,8438.004313881025
1825,2023-12-31,9.78323,8433.650952331795
1826,2024-01-01,9.435,8133.458656829134
1827,2024-01-02,11.18372,9640.945866407325
1828,2024-01-03,8.88364,7658.157780832386
1829,2024-01-04,8.61868,7429.748538043467
1830,2024-01-05,7.93358,6839.1568553944335
1831,2024-01-06,9.00981,7766.922855419787
1832,2024-01-07,9.68987,8353.169797037512
1833,2024-01-08,7.31787,6308.382946587198
1834,2024-01-09,7.72792,6661.867283866773
1835,2024-01-10,7.24343,6244.211811196169
1836,2024-01-11,7.15385,6166.989211675368
1837,2024-01-12,7.17782,6187.652593127853
1838,2024-01-13,8.05975,6947.921929981834
1839,2024-01-14,9.01486,7771.276216969019
1840,2024-01-15,7.20558,6211.58315087174
1841,2024-01-16,7.10212,6122.395272478996
1842,2024-01-17,7.23207,6234.4189028398805
1843,2024-01-18,7.01758,6049.517413989506
1844,2024-01-19,6.87375,5925.528504756679
1845,2024-01-20,7.95755,6859.820236846918
1846,2024-01-21,8.34363,7192.6411926740075
1847,2024-01-22,7.26362,6261.616636875171
1848,2024-01-23,6.78417,5848.305905235877
1849,2024-01-24,6.76903,5835.254441106106
1850,2024-01-25,6.47127,5578.569899541989
1851,2024-01-26,6.90908,5955.984794565451
1852,2024-01-27,7.82255,6743.443244936803
1853,2024-01-28,8.44205,7277.484330035441
1854,2024-01-29,7.26488,6262.702822132997
1855,2024-01-30,7.18287,6192.0059546770835
1856,2024-01-31,7.18665,6195.264510450566
1857,2024-02-01,7.52353,6485.672518114859
1858,2024-02-02,6.85735,5911.390855369079
1859,2024-02-03,7.64843,6593.342786926513
1860,2024-02-04,9.50566,8194.371236446681
1861,2024-02-05,8.00928,6904.41417604329
1862,2024-02-06,7.28128,6276.840471520597
1863,2024-02-07,6.2265,5367.565482432072
1864,2024-02-08,6.43972,5551.372165506699
1865,2024-02-09,7.00497,6038.64694089331
1866,2024-02-10,6.77786,5842.86635842882
1867,2024-02-11,9.06406,7813.689165131815
1868,2024-02-12,10.29296,8873.064612230632
1869,2024-02-13,9.44005,8137.812018378363
1870,2024-02-14,9.21799,7946.384797463104
1871,2024-02-15,8.61111,7423.222805978582
1872,2024-02-16,7.66988,6611.833797863343
1873,2024-02-17,9.12463,7865.90364216882
1874,2024-02-18,9.86525,8504.356440305628
1875,2024-02-19,8.56191,7380.809857815784
1876,2024-02-20,8.15312,7028.4117057940375
1877,2024-02-21,7.39862,6377.993628785285
1878,2024-02-22,7.01506,6047.345043473851
1879,2024-02-23,6.9974,6032.121208828424
1880,2024-02-24,8.28686,7143.702512446325
1881,2024-02-25,10.27404,8856.754592327376
1882,2024-02-26,8.87607,7651.632048767501
1883,2024-02-27,8.02064,6914.207084399579
1884,2024-02-28,7.45035,6422.587567981657
1885,2024-02-29,7.15006,6163.722035383966
1886,2024-03-01,9.46024,8155.216844057366
1887,2024-03-02,12.08206,10415.361473166826
1888,2024-03-03,11.96598,10315.294501159966
1889,2024-03-04,8.60102,7414.524703398041
1890,2024-03-05,8.23008,7094.755211700722
1891,2024-03-06,8.66915,7473.256291982012
1892,2024-03-07,8.83191,7613.563841636014
1893,2024-03-08,8.35499,7202.434101030297
1894,2024-03-09,10.80774,9316.831633678697
1895,2024-03-10,11.29349,9735.573291607128
1896,2024-03-11,8.60733,7419.964250205098
1897,2024-03-12,8.54677,7367.758393686014
1898,2024-03-13,8.53415,7356.879300071898
1899,2024-03-14,8.98584,7746.259473967302
1900,2024-03-15,8.59976,7413.438518140213
1901,2024-03-16,10.5617,9104.732410793033
1902,2024-03-17,12.35458,10650.28782750271
1903,2024-03-18,9.07668,7824.5682587459305
1904,2024-03-19,8.9442,7710.363637351472
1905,2024-03-20,9.07037,7819.1287119388735
1906,2024-03-21,8.42943,7266.605236421326
1907,2024-03-22,8.39032,7232.8903908390685
1908,2024-03-23,10.21978,8809.979662097428
1909,2024-03-24,11.54331,9950.931070266275
1910,2024-03-25,9.45267,8148.691111992479
1911,2024-03-26,8.54046,7362.318846878955
1912,2024-03-27,8.62373,7434.101899592698
1913,2024-03-28,8.39284,7235.062761354724
1914,2024-03-29,7.92727,6833.717308587376
1915,2024-03-30,9.50061,8190.0178748974495
1916,2024-03-31,10.8254,9332.055468324123
1917,2024-04-01,9.24449,7969.229169949164
1918,2024-04-02,9.09308,7838.705908133531
1919,2024-04-03,8.71331,7511.324499113498
1920,2024-04-04,8.51775,7342.741650684297
1921,2024-04-05,8.64266,7450.420540013871
1922,2024-04-06,9.94726,8575.053307761544
1923,2024-04-07,10.93769,9428.855264039581
1924,2024-04-08,9.38201,8087.778532374933
1925,2024-04-09,8.59219,7406.912786075328
1926,2024-04-10,10.36362,8933.977191848177
1927,2024-04-11,8.54803,7368.844578943842
1928,2024-04-12,9.07037,7819.1287119388735
1929,2024-04-13,10.04945,8663.146380378541
1930,2024-04-14,11.13326,9597.4467329867
1931,2024-04-15,8.55181,7372.103134717324
1932,2024-04-16,8.46223,7294.880535196524
1933,2024-04-17,8.48747,7316.6387224247555
1934,2024-04-18,8.60859,7421.050435462926
1935,2024-04-19,8.33354,7183.943090093466
1936,2024-04-20,9.24449,7969.229169949164
1937,2024-04-21,9.81225,8458.66769533351
1938,2024-04-22,8.56317,7381.8960430736115
1939,2024-04-23,8.78397,7572.237078731045
1940,2024-04-24,8.60985,7422.136620720754
1941,2024-04-25,8.47737,7307.931999326295
1942,2024-04-26,9.76809,8420.599488202024
1943,2024-04-27,12.59052,10853.680327289914
1944,2024-04-28,12.16533,10487.144525880569
1945,2024-04-29,10.37371,8942.675294428718
1946,2024-04-30,9.42617,8125.846739506421
1947,2024-05-01,11.24429,9693.16034344433
1948,2024-05-02,9.6394,8309.662043098966
1949,2024-05-03,9.71006,8370.574622716513
1950,2024-05-04,11.10802,9575.688545758469
1951,2024-05-05,11.38686,9816.06306741933
1952,2024-05-06,11.1547,9615.92912340561
1953,2024-05-07,9.47538,8168.268308187136
1954,2024-05-08,9.53089,8216.120803156991
1955,2024-05-09,9.1221,7863.722651135245
1956,2024-05-10,11.03106,9509.345039851783
1957,2024-05-11,9.07416,7822.395888230275
1958,2024-05-12,10.30432,8882.857520586918
1959,2024-05-13,9.69618,8358.60934384457
1960,2024-05-14,10.15418,8753.429064547032
1961,2024-05-15,13.8661,11953.296352035872
1962,2024-05-16,11.57738,9980.30117481722
1963,2024-05-17,12.02528,10366.414172421224
1964,2024-05-18,11.48275,9898.72521374719
1965,2024-05-19,11.2569,9704.030816540528
1966,2024-05-20,10.47717,9031.86317282146
1967,2024-05-21,10.11506,8719.705598446857
1968,2024-05-22,10.03558,8651.189722024517
1969,2024-05-23,10.47969,9034.035543337117
1970,2024-05-24,9.77693,8428.220026042656
1971,2024-05-25,10.05829,8670.766918219173
1972,2024-05-26,10.68283,9209.152744349121
1973,2024-05-27,9.43248,8131.286286313478
1974,2024-05-28,9.27225,7993.159727693051
1975,2024-05-29,9.22304,7950.738159012333
1976,2024-05-30,9.23439,7960.522446850702
1977,2024-05-31,10.22231,8812.160653131004
1978,2024-06-01,9.51828,8205.250330060797
1979,2024-06-02,10.4103,8974.217769495319
1980,2024-06-03,8.86219,7639.666769895557
1981,2024-06-04,8.72719,7523.289777985442
1982,2024-06-05,8.88364,7658.157780832386
1983,2024-06-06,10.44058,9000.320697754862
1984,2024-06-07,9.00098,7759.3109380970745
1985,2024-06-08,9.27603,7996.418283466534
1986,2024-06-09,10.0545,8667.499741927772
1987,2024-06-10,11.51303,9924.828142006732
1988,2024-06-11,11.41462,9839.993625163217
1989,2024-06-12,11.75401,10132.565382825247
1990,2024-06-13,11.16228,9622.463475988416
1991,2024-06-14,16.83994,14516.900452939395
1992,2024-06-15,13.08637,11281.128708316806
1993,2024-06-16,13.57086,11698.78418098741
1994,2024-06-17,11.38055,9810.623520612273
1995,2024-06-18,10.85316,9355.98602606801
1996,2024-06-19,10.32072,8896.995169974518
1997,2024-06-20,9.76557,8418.427117686368
1998,2024-06-21,9.37444,8081.252800310048
1999,2024-06-22,9.98006,8603.328606536743
2000,2024-06-23,10.69797,9222.204208478894
2001,2024-06-24,9.45645,8151.949667765964
2002,2024-06-25,8.93032,7698.398358479528
2003,2024-06-26,8.87733,7652.7182340253285
2004,2024-06-27,8.41681,7255.726142807209
2005,2024-06-28,7.76199,6691.237388417718
2006,2024-06-29,9.04388,7796.292959970732
2007,2024-06-30,9.42113,8121.501998475109
2008,2024-07-01,8.12283,7002.300157016576
2009,2024-07-02,7.69007,6629.238623542345
2010,2024-07-03,7.82129,6742.357059678976
2011,2024-07-04,7.75316,6683.625471095004
2012,2024-07-05,7.27245,6269.228554197884
2013,2024-07-06,8.5556,7375.370311008726
2014,2024-07-07,9.71889,8378.186540039225
2015,2024-07-08,8.16826,7041.463169923809
2016,2024-07-09,7.82129,6742.357059678976
2017,2024-07-10,7.41123,6388.8641018814815
2018,2024-07-11,7.19296,6200.704057257624
2019,2024-07-12,6.83842,5895.072214947905
2020,2024-07-13,7.70773,6644.462458187771
2021,2024-07-14,8.77513,7564.616540890413
2022,2024-07-15,7.45413,6425.846123755141
2023,2024-07-16,6.9444,5986.432463856305
2024,2024-07-17,7.02515,6056.043146054392
2025,2024-07-18,6.43846,5550.285980248872
2026,2024-07-19,6.54697,5643.827220190846
2027,2024-07-20,9.39085,8095.399070215567
2028,2024-07-21,8.40546,7245.94185496884
2029,2024-07-22,7.49451,6460.655775113144
2030,2024-07-23,7.38852,6369.286905686824
2031,2024-07-24,7.31787,6308.382946587198
2032,2024-07-25,7.43142,6406.2689275604835
2033,2024-07-26,7.05039,6077.801333282624
2034,2024-07-27,7.69638,6634.6781703494025
2035,2024-07-28,8.30578,7160.0125323495795
2036,2024-07-29,8.59597,7410.17134184881
2037,2024-07-30,7.06427,6089.766612154567
2038,2024-07-31,7.1753,6185.480222612197
2039,2024-08-01,6.42458,5538.320701376928
2040,2024-08-02,6.30472,5434.995173596584
2041,2024-08-03,7.00497,6038.64694089331
2042,2024-08-04,7.4125,6389.958907657228
2043,2024-08-05,6.95828,5998.397742728249
2044,2024-08-06,6.65674,5738.454645390649
2045,2024-08-07,6.84221,5898.339391239308
2046,2024-08-08,6.49271,5597.052289960899
2047,2024-08-09,6.03724,5204.4135602920105
2048,2024-08-10,6.66557,5746.066562713361
2049,2024-08-11,7.22955,6232.246532324225
2050,2024-08-12,6.59491,5685.153983095815
2051,2024-08-13,6.65169,5734.101283841418
2052,2024-08-14,5.97542,5151.121518515097
2053,2024-08-15,6.51795,5618.810477189131
2054,2024-08-16,6.1142,5270.757066198696
2055,2024-08-17,6.37159,5492.6405769227285
2056,2024-08-18,6.82833,5886.374112367364
2057,2024-08-19,6.10411,5262.058963618154
2058,2024-08-20,6.5722,5665.576786901158
2059,2024-08-21,6.39935,5516.571134666616
2060,2024-08-22,6.4801,5586.181816864702
2061,2024-08-23,6.57094,5664.4906016433315
2062,2024-08-24,6.89141,5940.752339402105
2063,2024-08-25,7.33553,6323.606781232625
2064,2024-08-26,6.42458,5538.320701376928
2065,2024-08-27,6.69206,5768.902314681502
2066,2024-08-28,6.13061,5284.903336104214
2067,2024-08-29,6.29337,5425.210885758216
2068,2024-08-30,7.63203,6579.205137538914
2069,2024-08-31,7.49703,6462.828145628799
2070,2024-09-01,7.99666,6893.5350824291745
2071,2024-09-02,7.15889,6171.333952706679
2072,2024-09-03,6.87501,5926.614690014506
2073,2024-09-04,6.52426,5624.250023996189
2074,2024-09-05,6.658,5739.540830648476
2075,2024-09-06,6.28958,5421.943709466813
2076,2024-09-07,7.1324,6148.498200738539
2077,2024-09-08,8.30957,7163.279708640983
2078,2024-09-09,7.03525,6064.749869152852
2079,2024-09-10,6.8258,5884.193121333789
2080,2024-09-11,6.75389,5822.202976976335
2081,2024-09-12,6.24794,5386.0478728509825
2082,2024-09-13,5.83789,5032.563535571408
2083,2024-09-14,6.47757,5584.000825831128
2084,2024-09-15,7.08445,6107.1628173156505
2085,2024-09-16,6.36907,5490.468206407072
2086,2024-09-17,6.08519,5245.748943714899
2087,2024-09-18,7.89194,6803.261018778602
2088,2024-09-19,6.96081,6000.578733761823
2089,2024-09-20,7.92349,6830.458752813892
2090,2024-09-21,8.28938,7145.87488296198
2091,2024-09-22,9.44762,8144.33775044325
2092,2024-09-23,8.52027,7344.914021199954
2093,2024-09-24,7.96512,6866.3459689118035
2094,2024-09-25,7.53236,6493.284435437572
2095,2024-09-26,7.65348,6597.696148475743
2096,2024-09-27,7.35193,6337.744430620224
2097,2024-09-28,8.13545,7013.179250630692
2098,2024-09-29,8.9707,7733.208009837532
2099,2024-09-30,8.56443,7382.98222833144
