,date,마르디 메크르디,마르디 메크르디_absolute
0,2019-01-01,0.03541,12.853080616832905
1,2019-01-02,0.04131,14.99465575491012
2,2019-01-03,0.05312,19.281435819434172
3,2019-01-04,0.05902,21.423010957511387
4,2019-01-05,0.04722,17.139860681356957
5,2019-01-06,0.03836,13.923868185871513
6,2019-01-07,0.02361,8.569930340678479
7,2019-01-08,0.06197,22.49379852654999
8,2019-01-09,0.03836,13.923868185871513
9,2019-01-10,0.03541,12.853080616832905
10,2019-01-11,0.02951,10.711505478755694
11,2019-01-12,0.0177,6.424725414231642
12,2019-01-13,0.0,0.0
13,2019-01-14,0.03246,11.7822930477943
14,2019-01-15,0.05607,20.35222338847278
15,2019-01-16,0.03541,12.853080616832905
16,2019-01-17,0.01475,5.353937845193035
17,2019-01-18,0.02065,7.49551298327025
18,2019-01-19,0.0,0.0
19,2019-01-20,0.03246,11.7822930477943
20,2019-01-21,0.04131,14.99465575491012
21,2019-01-22,0.02951,10.711505478755694
22,2019-01-23,0.02065,7.49551298327025
23,2019-01-24,0.0177,6.424725414231642
24,2019-01-25,0.0,0.0
25,2019-01-26,0.01475,5.353937845193035
26,2019-01-27,0.02065,7.49551298327025
27,2019-01-28,0.02065,7.49551298327025
28,2019-01-29,0.03836,13.923868185871513
29,2019-01-30,0.02361,8.569930340678479
30,2019-01-31,0.04131,14.99465575491012
31,2019-02-01,0.0,0.0
32,2019-02-02,0.0,0.0
33,2019-02-03,0.0,0.0
34,2019-02-04,0.02361,8.569930340678479
35,2019-02-05,0.0177,6.424725414231642
36,2019-02-06,0.02361,8.569930340678479
37,2019-02-07,0.02065,7.49551298327025
38,2019-02-08,0.0177,6.424725414231642
39,2019-02-09,0.01475,5.353937845193035
40,2019-02-10,0.03246,11.7822930477943
41,2019-02-11,0.02361,8.569930340678479
42,2019-02-12,0.0,0.0
43,2019-02-13,0.02361,8.569930340678479
44,2019-02-14,0.02951,10.711505478755694
45,2019-02-15,0.0,0.0
46,2019-02-16,0.0,0.0
47,2019-02-17,0.03836,13.923868185871513
48,2019-02-18,0.0,0.0
49,2019-02-19,0.0177,6.424725414231642
50,2019-02-20,0.01475,5.353937845193035
51,2019-02-21,0.0,0.0
52,2019-02-22,0.0,0.0
53,2019-02-23,0.02065,7.49551298327025
54,2019-02-24,0.02065,7.49551298327025
55,2019-02-25,0.0177,6.424725414231642
56,2019-02-26,0.0,0.0
57,2019-02-27,0.0,0.0
58,2019-02-28,0.0,0.0
59,2019-03-01,0.02361,8.569930340678479
60,2019-03-02,0.0,0.0
61,2019-03-03,0.0,0.0
62,2019-03-04,0.02951,10.711505478755694
63,2019-03-05,0.02656,9.640717909717086
64,2019-03-06,0.04131,14.99465575491012
65,2019-03-07,0.04131,14.99465575491012
66,2019-03-08,0.01475,5.353937845193035
67,2019-03-09,0.03246,11.7822930477943
68,2019-03-10,0.03836,13.923868185871513
69,2019-03-11,0.03541,12.853080616832905
70,2019-03-12,0.02065,7.49551298327025
71,2019-03-13,0.02065,7.49551298327025
72,2019-03-14,0.0,0.0
73,2019-03-15,0.0177,6.424725414231642
74,2019-03-16,0.0,0.0
75,2019-03-17,0.02065,7.49551298327025
76,2019-03-18,0.02656,9.640717909717086
77,2019-03-19,0.07378,26.78057859107404
78,2019-03-20,0.05017,18.210648250395565
79,2019-03-21,0.02951,10.711505478755694
80,2019-03-22,0.02361,8.569930340678479
81,2019-03-23,0.02656,9.640717909717086
82,2019-03-24,0.04722,17.139860681356957
83,2019-03-25,0.04722,17.139860681356957
84,2019-03-26,0.01475,5.353937845193035
85,2019-03-27,0.0,0.0
86,2019-03-28,0.0177,6.424725414231642
87,2019-03-29,0.02065,7.49551298327025
88,2019-03-30,0.0,0.0
89,2019-03-31,0.0,0.0
90,2019-04-01,0.01475,5.353937845193035
91,2019-04-02,0.02361,8.569930340678479
92,2019-04-03,0.03246,11.7822930477943
93,2019-04-04,0.0177,6.424725414231642
94,2019-04-05,0.02065,7.49551298327025
95,2019-04-06,0.02065,7.49551298327025
96,2019-04-07,0.01475,5.353937845193035
97,2019-04-08,0.01475,5.353937845193035
98,2019-04-09,0.0,0.0
99,2019-04-10,0.0,0.0
100,2019-04-11,0.02951,10.711505478755694
101,2019-04-12,0.0,0.0
102,2019-04-13,0.02065,7.49551298327025
103,2019-04-14,0.01475,5.353937845193035
104,2019-04-15,0.0,0.0
105,2019-04-16,0.03246,11.7822930477943
106,2019-04-17,0.03541,12.853080616832905
107,2019-04-18,0.02656,9.640717909717086
108,2019-04-19,0.0,0.0
109,2019-04-20,0.0177,6.424725414231642
110,2019-04-21,0.0177,6.424725414231642
111,2019-04-22,0.06492,23.5645860955886
112,2019-04-23,0.0,0.0
113,2019-04-24,0.0,0.0
114,2019-04-25,0.0,0.0
115,2019-04-26,0.02361,8.569930340678479
116,2019-04-27,0.0,0.0
117,2019-04-28,0.0177,6.424725414231642
118,2019-04-29,0.0,0.0
119,2019-04-30,0.0,0.0
120,2019-05-01,0.0177,6.424725414231642
121,2019-05-02,0.02361,8.569930340678479
122,2019-05-03,0.0,0.0
123,2019-05-04,0.02065,7.49551298327025
124,2019-05-05,0.0,0.0
125,2019-05-06,0.02361,8.569930340678479
126,2019-05-07,0.0,0.0
127,2019-05-08,0.0,0.0
128,2019-05-09,0.0177,6.424725414231642
129,2019-05-10,0.0,0.0
130,2019-05-11,0.0177,6.424725414231642
131,2019-05-12,0.02065,7.49551298327025
132,2019-05-13,0.0,0.0
133,2019-05-14,0.02361,8.569930340678479
134,2019-05-15,0.01475,5.353937845193035
135,2019-05-16,0.0177,6.424725414231642
136,2019-05-17,0.0177,6.424725414231642
137,2019-05-18,0.0,0.0
138,2019-05-19,0.0,0.0
139,2019-05-20,0.02361,8.569930340678479
140,2019-05-21,0.02951,10.711505478755694
141,2019-05-22,0.0,0.0
142,2019-05-23,0.0,0.0
143,2019-05-24,0.0177,6.424725414231642
144,2019-05-25,0.0,0.0
145,2019-05-26,0.0177,6.424725414231642
146,2019-05-27,0.0,0.0
147,2019-05-28,0.03246,11.7822930477943
148,2019-05-29,0.02951,10.711505478755694
149,2019-05-30,0.02361,8.569930340678479
150,2019-05-31,0.0,0.0
151,2019-06-01,0.0,0.0
152,2019-06-02,0.0,0.0
153,2019-06-03,0.01475,5.353937845193035
154,2019-06-04,0.02361,8.569930340678479
155,2019-06-05,0.02656,9.640717909717086
156,2019-06-06,0.02361,8.569930340678479
157,2019-06-07,0.02065,7.49551298327025
158,2019-06-08,0.02951,10.711505478755694
159,2019-06-09,0.0,0.0
160,2019-06-10,0.02951,10.711505478755694
161,2019-06-11,0.02065,7.49551298327025
162,2019-06-12,0.0,0.0
163,2019-06-13,0.02656,9.640717909717086
164,2019-06-14,0.0177,6.424725414231642
165,2019-06-15,0.0177,6.424725414231642
166,2019-06-16,0.02065,7.49551298327025
167,2019-06-17,0.0177,6.424725414231642
168,2019-06-18,0.04426,16.065443323948728
169,2019-06-19,0.0,0.0
170,2019-06-20,0.02951,10.711505478755694
171,2019-06-21,0.01475,5.353937845193035
172,2019-06-22,0.02361,8.569930340678479
173,2019-06-23,0.0,0.0
174,2019-06-24,0.0177,6.424725414231642
175,2019-06-25,0.04131,14.99465575491012
176,2019-06-26,0.02951,10.711505478755694
177,2019-06-27,0.02065,7.49551298327025
178,2019-06-28,0.02951,10.711505478755694
179,2019-06-29,0.02065,7.49551298327025
180,2019-06-30,0.02951,10.711505478755694
181,2019-07-01,0.05902,21.423010957511387
182,2019-07-02,0.03836,13.923868185871513
183,2019-07-03,0.04131,14.99465575491012
184,2019-07-04,0.04426,16.065443323948728
185,2019-07-05,0.06197,22.49379852654999
186,2019-07-06,0.02951,10.711505478755694
187,2019-07-07,0.03246,11.7822930477943
188,2019-07-08,0.03541,12.853080616832905
189,2019-07-09,0.06197,22.49379852654999
190,2019-07-10,0.05312,19.281435819434172
191,2019-07-11,0.05607,20.35222338847278
192,2019-07-12,0.04131,14.99465575491012
193,2019-07-13,0.02951,10.711505478755694
194,2019-07-14,0.04426,16.065443323948728
195,2019-07-15,0.05607,20.35222338847278
196,2019-07-16,0.14461,52.49036961310947
197,2019-07-17,0.05902,21.423010957511387
198,2019-07-18,0.06492,23.5645860955886
199,2019-07-19,0.05017,18.210648250395565
200,2019-07-20,0.04131,14.99465575491012
201,2019-07-21,0.03836,13.923868185871513
202,2019-07-22,0.03836,13.923868185871513
203,2019-07-23,0.07968,28.922153729151255
204,2019-07-24,0.03246,11.7822930477943
205,2019-07-25,0.03541,12.853080616832905
206,2019-07-26,0.03246,11.7822930477943
207,2019-07-27,0.04722,17.139860681356957
208,2019-07-28,0.02951,10.711505478755694
209,2019-07-29,0.03246,11.7822930477943
210,2019-07-30,0.04722,17.139860681356957
211,2019-07-31,0.02951,10.711505478755694
212,2019-08-01,0.05312,19.281435819434172
213,2019-08-02,0.03836,13.923868185871513
214,2019-08-03,0.03246,11.7822930477943
215,2019-08-04,0.04131,14.99465575491012
216,2019-08-05,0.03541,12.853080616832905
217,2019-08-06,0.02361,8.569930340678479
218,2019-08-07,0.04722,17.139860681356957
219,2019-08-08,0.03836,13.923868185871513
220,2019-08-09,0.02656,9.640717909717086
221,2019-08-10,0.03246,11.7822930477943
222,2019-08-11,0.02361,8.569930340678479
223,2019-08-12,0.03246,11.7822930477943
224,2019-08-13,0.02361,8.569930340678479
225,2019-08-14,0.02951,10.711505478755694
226,2019-08-15,0.02065,7.49551298327025
227,2019-08-16,0.0177,6.424725414231642
228,2019-08-17,0.0,0.0
229,2019-08-18,0.03541,12.853080616832905
230,2019-08-19,0.0,0.0
231,2019-08-20,0.02065,7.49551298327025
232,2019-08-21,0.02656,9.640717909717086
233,2019-08-22,0.0,0.0
234,2019-08-23,0.03246,11.7822930477943
235,2019-08-24,0.04426,16.065443323948728
236,2019-08-25,0.07968,28.922153729151255
237,2019-08-26,0.03541,12.853080616832905
238,2019-08-27,0.07083,25.709791022035436
239,2019-08-28,0.11805,42.84965170339239
240,2019-08-29,0.08263,29.992941298189862
241,2019-08-30,0.06197,22.49379852654999
242,2019-08-31,0.06492,23.5645860955886
243,2019-09-01,0.04722,17.139860681356957
244,2019-09-02,0.10329,37.49208406982974
245,2019-09-03,0.08853,32.13451643626708
246,2019-09-04,0.09444,34.279721362713914
247,2019-09-05,0.06492,23.5645860955886
248,2019-09-06,0.09444,34.279721362713914
249,2019-09-07,0.06197,22.49379852654999
250,2019-09-08,0.09149,33.20893379367531
251,2019-09-09,0.07968,28.922153729151255
252,2019-09-10,0.10329,37.49208406982974
253,2019-09-11,0.06788,24.639003452996825
254,2019-09-12,0.06788,24.639003452996825
255,2019-09-13,0.03836,13.923868185871513
256,2019-09-14,0.06788,24.639003452996825
257,2019-09-15,0.11215,40.708076565315174
258,2019-09-16,0.10624,38.562871638868344
259,2019-09-17,0.09444,34.279721362713914
260,2019-09-18,0.09149,33.20893379367531
261,2019-09-19,0.11215,40.708076565315174
262,2019-09-20,0.06788,24.639003452996825
263,2019-09-21,0.10329,37.49208406982974
264,2019-09-22,0.10919,39.633659207906945
265,2019-09-23,0.08558,31.06372886722847
266,2019-09-24,0.10919,39.633659207906945
267,2019-09-25,0.19773,71.77180543254364
268,2019-09-26,0.15642,56.77714967763353
269,2019-09-27,0.1151,41.77886413435378
270,2019-09-28,0.14461,52.49036961310947
271,2019-09-29,0.13576,49.27800690599365
272,2019-09-30,0.64929,235.6785290512126
273,2019-10-01,0.26266,95.34002131650188
274,2019-10-02,0.2302,83.55772826870756
275,2019-10-03,0.18593,67.48865515638923
276,2019-10-04,0.16527,59.98951238474935
277,2019-10-05,0.08853,32.13451643626708
278,2019-10-06,0.16232,58.91872481571074
279,2019-10-07,0.1269,46.06201441050822
280,2019-10-08,0.17117,62.131087522826554
281,2019-10-09,0.08853,32.13451643626708
282,2019-10-10,0.14756,53.56115718214808
283,2019-10-11,0.121,43.920439272431
284,2019-10-12,0.1151,41.77886413435378
285,2019-10-13,0.18593,67.48865515638923
286,2019-10-14,0.23315,84.62851583774618
287,2019-10-15,0.1328,48.20358954858543
288,2019-10-16,0.28037,101.76837651910313
289,2019-10-17,0.19478,70.70101786350504
290,2019-10-18,0.10919,39.633659207906945
291,2019-10-19,0.15051,54.631944751186694
292,2019-10-20,0.14166,51.41958204407087
293,2019-10-21,0.11805,42.84965170339239
294,2019-10-22,0.1151,41.77886413435378
295,2019-10-23,0.13871,50.348794475032264
296,2019-10-24,0.11215,40.708076565315174
297,2019-10-25,0.13576,49.27800690599365
298,2019-10-26,0.15346,55.7027323202253
299,2019-10-27,0.15937,57.84793724667214
300,2019-10-28,0.21544,78.20016063514491
301,2019-10-29,0.17412,63.20187509186517
302,2019-10-30,0.10919,39.633659207906945
303,2019-10-31,0.09149,33.20893379367531
304,2019-11-01,0.09444,34.279721362713914
305,2019-11-02,0.17117,62.131087522826554
306,2019-11-03,0.11215,40.708076565315174
307,2019-11-04,0.5696,206.7527455336917
308,2019-11-05,0.33054,119.9790247694987
309,2019-11-06,0.20659,74.98779792802908
310,2019-11-07,0.10919,39.633659207906945
311,2019-11-08,0.121,43.920439272431
312,2019-11-09,0.121,43.920439272431
313,2019-11-10,0.18003,65.347080018312
314,2019-11-11,0.1328,48.20358954858543
315,2019-11-12,0.121,43.920439272431
316,2019-11-13,0.15051,54.631944751186694
317,2019-11-14,0.10329,37.49208406982974
318,2019-11-15,0.12985,47.13280197954682
319,2019-11-16,0.121,43.920439272431
320,2019-11-17,0.14461,52.49036961310947
321,2019-11-18,0.15937,57.84793724667214
322,2019-11-19,0.16822,61.06029995378796
323,2019-11-20,0.28332,102.83916408814174
324,2019-11-21,0.3335,121.05344212690693
325,2019-11-22,0.26561,96.41080888554048
326,2019-11-23,0.25676,93.19844617842465
327,2019-11-24,0.25676,93.19844617842465
328,2019-11-25,0.2361,85.69930340678478
329,2019-11-26,0.1328,48.20358954858543
330,2019-11-27,0.16232,58.91872481571074
331,2019-11-28,0.15051,54.631944751186694
332,2019-11-29,0.121,43.920439272431
333,2019-11-30,0.13871,50.348794475032264
334,2019-12-01,0.09739,35.35050893175252
335,2019-12-02,0.15346,55.7027323202253
336,2019-12-03,0.46631,169.26066146386196
337,2019-12-04,0.13576,49.27800690599365
338,2019-12-05,0.1151,41.77886413435378
339,2019-12-06,0.11215,40.708076565315174
340,2019-12-07,0.07673,27.85136616011265
341,2019-12-08,0.10034,36.42129650079113
342,2019-12-09,0.07673,27.85136616011265
343,2019-12-10,0.13576,49.27800690599365
344,2019-12-11,0.24791,89.98608347130883
345,2019-12-12,0.121,43.920439272431
346,2019-12-13,0.05312,19.281435819434172
347,2019-12-14,0.07378,26.78057859107404
348,2019-12-15,0.07083,25.709791022035436
349,2019-12-16,0.30693,111.40909442882021
350,2019-12-17,0.20364,73.91701035899048
351,2019-12-18,0.10329,37.49208406982974
352,2019-12-19,0.08853,32.13451643626708
353,2019-12-20,0.1151,41.77886413435378
354,2019-12-21,0.09444,34.279721362713914
355,2019-12-22,0.07673,27.85136616011265
356,2019-12-23,0.09739,35.35050893175252
357,2019-12-24,0.05017,18.210648250395565
358,2019-12-25,0.121,43.920439272431
359,2019-12-26,0.06492,23.5645860955886
360,2019-12-27,0.07083,25.709791022035436
361,2019-12-28,0.07083,25.709791022035436
362,2019-12-29,0.06197,22.49379852654999
363,2019-12-30,0.04131,14.99465575491012
364,2019-12-31,0.02361,8.569930340678479
365,2020-01-01,0.11215,40.708076565315174
366,2020-01-02,0.06492,23.5645860955886
367,2020-01-03,0.08263,29.992941298189862
368,2020-01-04,0.08263,29.992941298189862
369,2020-01-05,0.16822,61.06029995378796
370,2020-01-06,0.07083,25.709791022035436
371,2020-01-07,0.06492,23.5645860955886
372,2020-01-08,0.09444,34.279721362713914
373,2020-01-09,0.04131,14.99465575491012
374,2020-01-10,0.08558,31.06372886722847
375,2020-01-11,0.06492,23.5645860955886
376,2020-01-12,0.24791,89.98608347130883
377,2020-01-13,0.2302,83.55772826870756
378,2020-01-14,0.07378,26.78057859107404
379,2020-01-15,0.08558,31.06372886722847
380,2020-01-16,0.07083,25.709791022035436
381,2020-01-17,0.08263,29.992941298189862
382,2020-01-18,0.05017,18.210648250395565
383,2020-01-19,0.12985,47.13280197954682
384,2020-01-20,0.07083,25.709791022035436
385,2020-01-21,0.04722,17.139860681356957
386,2020-01-22,0.05017,18.210648250395565
387,2020-01-23,0.0177,6.424725414231642
388,2020-01-24,0.04426,16.065443323948728
389,2020-01-25,0.02065,7.49551298327025
390,2020-01-26,0.03836,13.923868185871513
391,2020-01-27,0.09149,33.20893379367531
392,2020-01-28,0.06197,22.49379852654999
393,2020-01-29,0.02656,9.640717909717086
394,2020-01-30,0.06492,23.5645860955886
395,2020-01-31,0.04131,14.99465575491012
396,2020-02-01,0.11215,40.708076565315174
397,2020-02-02,0.07083,25.709791022035436
398,2020-02-03,0.04722,17.139860681356957
399,2020-02-04,0.12985,47.13280197954682
400,2020-02-05,0.09149,33.20893379367531
401,2020-02-06,0.08558,31.06372886722847
402,2020-02-07,0.13871,50.348794475032264
403,2020-02-08,0.16232,58.91872481571074
404,2020-02-09,0.14461,52.49036961310947
405,2020-02-10,0.19183,69.63023029446643
406,2020-02-11,0.1269,46.06201441050822
407,2020-02-12,0.08558,31.06372886722847
408,2020-02-13,0.14756,53.56115718214808
409,2020-02-14,0.15051,54.631944751186694
410,2020-02-15,0.17117,62.131087522826554
411,2020-02-16,0.12985,47.13280197954682
412,2020-02-17,0.11215,40.708076565315174
413,2020-02-18,0.10329,37.49208406982974
414,2020-02-19,0.13576,49.27800690599365
415,2020-02-20,0.12395,44.991226841469604
416,2020-02-21,0.07968,28.922153729151255
417,2020-02-22,0.10919,39.633659207906945
418,2020-02-23,0.12395,44.991226841469604
419,2020-02-24,0.10034,36.42129650079113
420,2020-02-25,0.12985,47.13280197954682
421,2020-02-26,0.3453,125.33659240306135
422,2020-02-27,0.38662,140.3348779463411
423,2020-02-28,0.37186,134.97731031277846
424,2020-02-29,0.27447,99.62680138102591
425,2020-03-01,0.3453,125.33659240306135
426,2020-03-02,0.41613,151.0463834250968
427,2020-03-03,0.50762,184.2553172187721
428,2020-03-04,0.36891,133.90652274373983
429,2020-03-05,0.3335,121.05344212690693
430,2020-03-06,0.51943,188.54209728329613
431,2020-03-07,0.52828,191.75445999041196
432,2020-03-08,0.5578,202.46959525753726
433,2020-03-09,0.64339,233.5369539131354
434,2020-03-10,0.58141,211.03952559821576
435,2020-03-11,0.4545,164.97388139933793
436,2020-03-12,0.37186,134.97731031277846
437,2020-03-13,0.36301,131.76494760566263
438,2020-03-14,0.3335,121.05344212690693
439,2020-03-15,0.35711,129.6233724675854
440,2020-03-16,0.51648,187.47130971425756
441,2020-03-17,0.35711,129.6233724675854
442,2020-03-18,0.25676,93.19844617842465
443,2020-03-19,0.3335,121.05344212690693
444,2020-03-20,0.32759,118.90823720046009
445,2020-03-21,0.24791,89.98608347130883
446,2020-03-22,0.53419,193.89966491685882
447,2020-03-23,0.7821,283.88574838816766
448,2020-03-24,0.54894,199.25360276205183
449,2020-03-25,0.4486,162.8323062612607
450,2020-03-26,0.72012,261.388320073248
451,2020-03-27,0.4486,162.8323062612607
452,2020-03-28,0.42499,154.26237592058223
453,2020-03-29,0.47811,173.5438117400164
454,2020-03-30,0.40728,147.83402071798096
455,2020-03-31,0.51943,188.54209728329613
456,2020-04-01,0.39252,142.4764530844183
457,2020-04-02,0.41023,148.90480828701956
458,2020-04-03,0.32759,118.90823720046009
459,2020-04-04,0.41318,149.97559585605816
460,2020-04-05,0.43089,156.40395105865943
461,2020-04-06,0.47516,172.4730241709778
462,2020-04-07,0.43679,158.54552619673666
463,2020-04-08,0.51943,188.54209728329613
464,2020-04-09,0.5637,204.6111703956145
465,2020-04-10,0.4545,164.97388139933793
466,2020-04-11,0.43679,158.54552619673666
467,2020-04-12,0.51648,187.47130971425756
468,2020-04-13,0.54894,199.25360276205183
469,2020-04-14,0.4486,162.8323062612607
470,2020-04-15,0.54304,197.1120276239746
471,2020-04-16,0.40138,145.69244557990376
472,2020-04-17,0.35711,129.6233724675854
473,2020-04-18,0.32169,116.76666206238286
474,2020-04-19,0.54894,199.25360276205183
475,2020-04-20,0.38367,139.2640903773025
476,2020-04-21,0.43974,159.61631376577526
477,2020-04-22,0.41023,148.90480828701956
478,2020-04-23,0.43679,158.54552619673666
479,2020-04-24,0.30693,111.40909442882021
480,2020-04-25,0.39252,142.4764530844183
481,2020-04-26,0.90605,328.87697522963725
482,2020-04-27,0.53419,193.89966491685882
483,2020-04-28,0.54894,199.25360276205183
484,2020-04-29,0.41613,151.0463834250968
485,2020-04-30,0.47811,173.5438117400164
486,2020-05-01,0.42794,155.33316348962083
487,2020-05-02,0.49287,178.90137937357906
488,2020-05-03,0.69946,253.88917730160813
489,2020-05-04,0.96508,350.30361597551826
490,2020-05-05,0.72897,264.60068278036385
491,2020-05-06,0.5755,208.89432067176892
492,2020-05-07,0.43974,159.61631376577526
493,2020-05-08,0.40728,147.83402071798096
494,2020-05-09,0.48401,175.68538687809362
495,2020-05-10,0.31874,115.69587449334428
496,2020-05-11,0.41613,151.0463834250968
497,2020-05-12,0.51058,185.32973457618033
498,2020-05-13,0.42794,155.33316348962083
499,2020-05-14,0.32759,118.90823720046009
500,2020-05-15,0.41318,149.97559585605816
501,2020-05-16,0.25381,92.12765860938605
502,2020-05-17,0.31579,114.62508692430566
503,2020-05-18,0.38957,141.40566551537972
504,2020-05-19,0.40433,146.76323314894236
505,2020-05-20,0.43974,159.61631376577526
506,2020-05-21,0.42204,153.19158835154363
507,2020-05-22,0.38072,138.1933028082639
508,2020-05-23,0.28332,102.83916408814174
509,2020-05-24,0.40138,145.69244557990376
510,2020-05-25,0.55485,201.39880768849866
511,2020-05-26,0.87064,316.0238946128043
512,2020-05-27,1.03296,374.9426194285151
513,2020-05-28,1.09494,397.4400477434347
514,2020-05-29,0.71422,259.2467449351708
515,2020-05-30,0.92081,334.2345428631999
516,2020-05-31,0.98279,356.7319711781195
517,2020-06-01,0.72602,263.52989521132525
518,2020-06-02,0.7762,281.7441732500904
519,2020-06-03,0.80866,293.5264662978847
520,2020-06-04,0.48401,175.68538687809362
521,2020-06-05,0.54599,198.18281519301323
522,2020-06-06,1.0005,363.16032638072073
523,2020-06-07,0.66995,243.17767182285246
524,2020-06-08,0.71717,260.3175325042094
525,2020-06-09,0.73783,267.81667527584926
526,2020-06-10,0.61682,223.8926062150487
527,2020-06-11,0.58731,213.18110073629296
528,2020-06-12,0.62273,226.0378111414955
529,2020-06-13,0.48106,174.614599309055
530,2020-06-14,0.52238,189.61288485233473
531,2020-06-15,0.5637,204.6111703956145
532,2020-06-16,0.51353,186.40052214521896
533,2020-06-17,0.50172,182.1137420806949
534,2020-06-18,0.4545,164.97388139933793
535,2020-06-19,0.35711,129.6233724675854
536,2020-06-20,0.37186,134.97731031277846
537,2020-06-21,0.53714,194.9704524858974
538,2020-06-22,0.44269,160.68710133481386
539,2020-06-23,0.45745,166.04466896837653
540,2020-06-24,0.37186,134.97731031277846
541,2020-06-25,0.38072,138.1933028082639
542,2020-06-26,0.32464,117.83744963142148
543,2020-06-27,0.28923,104.98436901458857
544,2020-06-28,0.33054,119.9790247694987
545,2020-06-29,0.42499,154.26237592058223
546,2020-06-30,0.36596,132.83573517470123
547,2020-07-01,0.55485,201.39880768849866
548,2020-07-02,0.38957,141.40566551537972
549,2020-07-03,0.71422,259.2467449351708
550,2020-07-04,0.6847,248.5316096680455
551,2020-07-05,0.71717,260.3175325042094
552,2020-07-06,0.53419,193.89966491685882
553,2020-07-07,0.51943,188.54209728329613
554,2020-07-08,0.48401,175.68538687809362
555,2020-07-09,0.47811,173.5438117400164
556,2020-07-10,0.43679,158.54552619673666
557,2020-07-11,0.6847,248.5316096680455
558,2020-07-12,1.12445,408.1515532221904
559,2020-07-13,0.77915,282.81496081912906
560,2020-07-14,0.56665,205.6819579646531
561,2020-07-15,0.54599,198.18281519301323
562,2020-07-16,0.4486,162.8323062612607
563,2020-07-17,0.47811,173.5438117400164
564,2020-07-18,0.51353,186.40052214521896
565,2020-07-19,0.63158,229.25017384861133
566,2020-07-20,0.53714,194.9704524858974
567,2020-07-21,0.38662,140.3348779463411
568,2020-07-22,0.39842,144.61802822249552
569,2020-07-23,0.39547,143.54724065345692
570,2020-07-24,0.36891,133.90652274373983
571,2020-07-25,0.4545,164.97388139933793
572,2020-07-26,0.46631,169.26066146386196
573,2020-07-27,0.4545,164.97388139933793
574,2020-07-28,0.54894,199.25360276205183
575,2020-07-29,0.50467,183.18452964973346
576,2020-07-30,0.34235,124.26580483402275
577,2020-07-31,0.38367,139.2640903773025
578,2020-08-01,0.3335,121.05344212690693
579,2020-08-02,0.49287,178.90137937357906
580,2020-08-03,0.50762,184.2553172187721
581,2020-08-04,0.48106,174.614599309055
582,2020-08-05,0.41613,151.0463834250968
583,2020-08-06,0.42499,154.26237592058223
584,2020-08-07,0.42499,154.26237592058223
585,2020-08-08,0.5578,202.46959525753726
586,2020-08-09,0.53123,192.82524755945056
587,2020-08-10,0.41023,148.90480828701956
588,2020-08-11,0.68175,247.46082209900686
589,2020-08-12,0.89425,324.5938249534828
590,2020-08-13,0.82047,297.8132463624088
591,2020-08-14,0.45155,163.90309383029933
592,2020-08-15,0.56665,205.6819579646531
593,2020-08-16,0.59321,215.3226758743702
594,2020-08-17,0.55485,201.39880768849866
595,2020-08-18,0.72602,263.52989521132525
596,2020-08-19,0.77915,282.81496081912906
597,2020-08-20,0.70536,256.03075243968533
598,2020-08-21,0.53714,194.9704524858974
599,2020-08-22,0.71127,258.1759573661322
600,2020-08-23,0.75554,274.24503047845053
601,2020-08-24,0.73783,267.81667527584926
602,2020-08-25,0.95032,344.9460483419556
603,2020-08-26,0.84112,305.308759345679
604,2020-08-27,0.62568,227.10859871053412
605,2020-08-28,0.69061,250.6768145944923
606,2020-08-29,0.66995,243.17767182285246
607,2020-08-30,0.80866,293.5264662978847
608,2020-08-31,0.77915,282.81496081912906
609,2020-09-01,0.87949,319.2362573199201
610,2020-09-02,0.73193,265.67510013777206
611,2020-09-03,0.69356,251.74760216353093
612,2020-09-04,0.62568,227.10859871053412
613,2020-09-05,1.07133,388.8701174027562
614,2020-09-06,0.85293,309.59553941020306
615,2020-09-07,0.91196,331.02218015608406
616,2020-09-08,0.88835,322.4522498154056
617,2020-09-09,0.94442,342.8044732038784
618,2020-09-10,0.95032,344.9460483419556
619,2020-09-11,0.74373,269.9582504139265
620,2020-09-12,0.73193,265.67510013777206
621,2020-09-13,1.11855,406.00997808411313
622,2020-09-14,1.05362,382.4417622001549
623,2020-09-15,0.98574,357.8027587471581
624,2020-09-16,0.78505,284.95653595720626
625,2020-09-17,0.74373,269.9582504139265
626,2020-09-18,0.61092,221.75103107697146
627,2020-09-19,0.70536,256.03075243968533
628,2020-09-20,0.82932,301.0256090695246
629,2020-09-21,1.00345,364.2311139497594
630,2020-09-22,1.25136,454.21719742106825
631,2020-09-23,0.83522,303.1671842076018
632,2020-09-24,0.75554,274.24503047845053
633,2020-09-25,0.61682,223.8926062150487
634,2020-09-26,0.66404,241.0324668964056
635,2020-09-27,0.81751,296.7388290050005
636,2020-09-28,0.87654,318.1654697508815
637,2020-09-29,0.59616,216.3934634434088
638,2020-09-30,0.71717,260.3175325042094
639,2020-10-01,0.82932,301.0256090695246
640,2020-10-02,0.79095,287.09811109528346
641,2020-10-03,0.77915,282.81496081912906
642,2020-10-04,0.99755,362.0895388116822
643,2020-10-05,1.334,484.2137685076277
644,2020-10-06,0.97689,354.5903960400423
645,2020-10-07,1.05952,384.5833373382322
646,2020-10-08,0.73193,265.67510013777206
647,2020-10-09,0.72307,262.4591076422866
648,2020-10-10,1.15692,419.93747605835426
649,2020-10-11,1.10674,401.7231980195891
650,2020-10-12,1.08313,393.1532676789106
651,2020-10-13,0.80571,292.4556787288461
652,2020-10-14,0.74373,269.9582504139265
653,2020-10-15,0.61092,221.75103107697146
654,2020-10-16,0.5696,206.7527455336917
655,2020-10-17,0.54009,196.041240054936
656,2020-10-18,0.85588,310.66632697924166
657,2020-10-19,0.95328,346.0204656993638
658,2020-10-20,0.73488,266.74588770681066
659,2020-10-21,0.72897,264.60068278036385
660,2020-10-22,0.70831,257.101540008724
661,2020-10-23,0.73488,266.74588770681066
662,2020-10-24,0.74373,269.9582504139265
663,2020-10-25,0.80866,293.5264662978847
664,2020-10-26,0.75554,274.24503047845053
665,2020-10-27,0.66109,239.961679327367
666,2020-10-28,0.65224,236.74931662025122
667,2020-10-29,0.47221,171.4022366019392
668,2020-10-30,0.44565,161.7615186922221
669,2020-10-31,0.4486,162.8323062612607
670,2020-11-01,0.69061,250.6768145944923
671,2020-11-02,0.5755,208.89432067176892
672,2020-11-03,0.62863,228.17938627957273
673,2020-11-04,0.5637,204.6111703956145
674,2020-11-05,0.54009,196.041240054936
675,2020-11-06,0.42499,154.26237592058223
676,2020-11-07,0.36596,132.83573517470123
677,2020-11-08,0.52533,190.68367242137333
678,2020-11-09,0.62863,228.17938627957273
679,2020-11-10,0.58436,212.11031316725436
680,2020-11-11,0.54009,196.041240054936
681,2020-11-12,0.52533,190.68367242137333
682,2020-11-13,0.43679,158.54552619673666
683,2020-11-14,0.44269,160.68710133481386
684,2020-11-15,0.4604,167.11545653741513
685,2020-11-16,0.39842,144.61802822249552
686,2020-11-17,0.46926,170.3314490329006
687,2020-11-18,0.46926,170.3314490329006
688,2020-11-19,0.41613,151.0463834250968
689,2020-11-20,0.50762,184.2553172187721
690,2020-11-21,0.42204,153.19158835154363
691,2020-11-22,0.48696,176.75617444713222
692,2020-11-23,0.55485,201.39880768849866
693,2020-11-24,0.57846,209.96873802917713
694,2020-11-25,0.51648,187.47130971425756
695,2020-11-26,0.53123,192.82524755945056
696,2020-11-27,0.57255,207.82353310273032
697,2020-11-28,0.51648,187.47130971425756
698,2020-11-29,0.59616,216.3934634434088
699,2020-11-30,0.80571,292.4556787288461
700,2020-12-01,0.69356,251.74760216353093
701,2020-12-02,0.80866,293.5264662978847
702,2020-12-03,0.82047,297.8132463624088
703,2020-12-04,0.52828,191.75445999041196
704,2020-12-05,0.70536,256.03075243968533
705,2020-12-06,0.93557,339.5921104967626
706,2020-12-07,0.52238,189.61288485233473
707,2020-12-08,0.51353,186.40052214521896
708,2020-12-09,0.65814,238.8908917583284
709,2020-12-10,0.58141,211.03952559821576
710,2020-12-11,0.47221,171.4022366019392
711,2020-12-12,0.4486,162.8323062612607
712,2020-12-13,0.53123,192.82524755945056
713,2020-12-14,0.43974,159.61631376577526
714,2020-12-15,0.46926,170.3314490329006
715,2020-12-16,0.59321,215.3226758743702
716,2020-12-17,0.44269,160.68710133481386
717,2020-12-18,0.31579,114.62508692430566
718,2020-12-19,0.42499,154.26237592058223
719,2020-12-20,0.47811,173.5438117400164
720,2020-12-21,0.45745,166.04466896837653
721,2020-12-22,0.46631,169.26066146386196
722,2020-12-23,0.46926,170.3314490329006
723,2020-12-24,0.41908,152.1171709941354
724,2020-12-25,0.44565,161.7615186922221
725,2020-12-26,0.39547,143.54724065345692
726,2020-12-27,0.36301,131.76494760566263
727,2020-12-28,0.60207,218.53866836985563
728,2020-12-29,0.51648,187.47130971425756
729,2020-12-30,0.45745,166.04466896837653
730,2020-12-31,0.28332,102.83916408814174
731,2021-01-01,0.30398,110.3383068597816
732,2021-01-02,0.46631,169.26066146386196
733,2021-01-03,0.39547,143.54724065345692
734,2021-01-04,0.51353,186.40052214521896
735,2021-01-05,0.58141,211.03952559821576
736,2021-01-06,0.44269,160.68710133481386
737,2021-01-07,0.44565,161.7615186922221
738,2021-01-08,0.32464,117.83744963142148
739,2021-01-09,0.38072,138.1933028082639
740,2021-01-10,0.49287,178.90137937357906
741,2021-01-11,0.49287,178.90137937357906
742,2021-01-12,0.52533,190.68367242137333
743,2021-01-13,0.52533,190.68367242137333
744,2021-01-14,0.667,242.10688425381386
745,2021-01-15,0.58141,211.03952559821576
746,2021-01-16,0.40728,147.83402071798096
747,2021-01-17,0.49287,178.90137937357906
748,2021-01-18,0.5578,202.46959525753726
749,2021-01-19,0.63158,229.25017384861133
750,2021-01-20,0.51648,187.47130971425756
751,2021-01-21,0.42204,153.19158835154363
752,2021-01-22,0.47811,173.5438117400164
753,2021-01-23,0.49287,178.90137937357906
754,2021-01-24,0.64339,233.5369539131354
755,2021-01-25,0.58436,212.11031316725436
756,2021-01-26,0.59912,217.46788080081703
757,2021-01-27,0.59912,217.46788080081703
758,2021-01-28,0.63748,231.39174898668855
759,2021-01-29,1.06247,385.6541249072708
760,2021-01-30,1.14216,414.57990842479165
761,2021-01-31,1.39007,504.56599189610046
762,2021-02-01,1.15101,417.7922711319075
763,2021-02-02,0.8972,325.6646125225214
764,2021-02-03,0.90605,328.87697522963725
765,2021-02-04,0.78505,284.95653595720626
766,2021-02-05,0.87949,319.2362573199201
767,2021-02-06,0.72602,263.52989521132525
768,2021-02-07,1.30153,472.4278456714638
769,2021-02-08,1.02411,371.73025672139926
770,2021-02-09,1.0005,363.16032638072073
771,2021-02-10,0.72307,262.4591076422866
772,2021-02-11,0.87654,318.1654697508815
773,2021-02-12,0.92671,336.3761180012771
774,2021-02-13,1.32809,482.06856358118085
775,2021-02-14,0.98574,357.8027587471581
776,2021-02-15,1.1097,402.7976153769973
777,2021-02-16,1.0182,369.5850517949524
778,2021-02-17,0.88539,321.3778324579974
779,2021-02-18,1.33695,485.2845560766663
780,2021-02-19,1.08609,394.22768503631886
781,2021-02-20,1.32219,479.92698844310365
782,2021-02-21,1.49632,543.1324933233385
783,2021-02-22,1.17463,426.3658312609556
784,2021-02-23,1.31334,476.7146257359878
785,2021-02-24,1.15987,421.00826362739286
786,2021-02-25,1.18053,428.5074063990328
787,2021-02-26,1.04182,378.1586119240005
788,2021-02-27,1.13626,412.43833328671445
789,2021-02-28,1.08018,392.082480109872
790,2021-03-01,1.24546,452.075622282991
791,2021-03-02,0.91786,333.1637552941613
792,2021-03-03,1.03886,377.08419456659226
793,2021-03-04,0.98574,357.8027587471581
794,2021-03-05,1.18643,430.64898153711005
795,2021-03-06,1.25136,454.21719742106825
796,2021-03-07,1.85343,672.7558657909238
797,2021-03-08,1.81211,657.7575802476441
798,2021-03-09,2.2253,807.7368058920719
799,2021-03-10,1.87999,682.3965837006409
800,2021-03-11,1.58191,574.1998519789365
801,2021-03-12,1.59371,578.4830022550909
802,2021-03-13,1.9036,690.9665140413194
803,2021-03-14,2.16332,785.2393775771524
804,2021-03-15,1.96853,714.5347299252776
805,2021-03-16,1.87704,681.3257961316024
806,2021-03-17,2.56175,929.8610355880174
807,2021-03-18,2.21645,804.5244431849561
808,2021-03-19,1.82097,660.9735727431296
809,2021-03-20,2.26072,820.5935162972745
810,2021-03-21,2.96608,1076.6242687369597
811,2021-03-22,2.23711,812.023585956596
812,2021-03-23,2.27547,825.9474541424674
813,2021-03-24,2.08364,756.317223848001
814,2021-03-25,2.0128,730.603803037596
815,2021-03-26,3.08709,1120.5483377977603
816,2021-03-27,2.75359,999.4948956708535
817,2021-03-28,3.14021,1139.8297736171946
818,2021-03-29,2.668,968.4275370152554
819,2021-03-30,2.39057,867.7263182768212
820,2021-03-31,2.8982,1051.985265283963
821,2021-04-01,2.62963,954.5000390410144
822,2021-04-02,2.68276,973.7851046488181
823,2021-04-03,4.76935,1731.1731160658578
824,2021-04-04,4.19974,1524.4167407437965
825,2021-04-05,3.93707,1429.0730896389248
826,2021-04-06,3.41764,1240.5309923556288
827,2021-04-07,3.28188,1191.2529854496352
828,2021-04-08,3.04282,1104.479264685442
829,2021-04-09,2.91886,1059.484408055603
830,2021-04-10,2.92772,1062.7004005510883
831,2021-04-11,3.80426,1380.8658703019698
832,2021-04-12,3.27597,1189.1077805231882
833,2021-04-13,3.32024,1205.1768536355066
834,2021-04-14,3.47666,1261.95400331314
835,2021-04-15,2.96608,1076.6242687369597
836,2021-04-16,2.44075,885.9405963155864
837,2021-04-17,2.58831,939.5017534977345
838,2021-04-18,3.14907,1143.04576611268
839,2021-04-19,2.64439,959.8576066745769
840,2021-04-20,3.30844,1200.8937033593522
841,2021-04-21,3.78655,1374.4375150993685
842,2021-04-22,3.35566,1218.033564040709
843,2021-04-23,2.59717,942.7177459932201
844,2021-04-24,2.87754,1044.4861225123232
845,2021-04-25,3.31139,1201.9644909283907
846,2021-04-26,2.58536,938.430965928696
847,2021-04-27,2.5647,930.9318231570561
848,2021-04-28,2.70342,981.2842474204579
849,2021-04-29,2.45845,892.3653217298181
850,2021-04-30,2.02461,734.89058310212
851,2021-05-01,2.43484,883.7953913891396
852,2021-05-02,2.79786,1015.5639687831718
853,2021-05-03,2.53224,919.1495301092617
854,2021-05-04,2.27547,825.9474541424674
855,2021-05-05,2.67685,971.6398997223712
856,2021-05-06,2.78015,1009.1356135805705
857,2021-05-07,2.47321,897.7228893633807
858,2021-05-08,2.37877,863.4431680006668
859,2021-05-09,2.62668,953.4292514719756
860,2021-05-10,3.06643,1113.0491950261205
861,2021-05-11,3.24351,1177.325487475394
862,2021-05-12,4.24401,1540.4858138561149
863,2021-05-13,4.42995,1607.9780988008736
864,2021-05-14,4.41814,1603.6913187363496
865,2021-05-15,3.82197,1387.294225504571
866,2021-05-16,4.1053,1490.1370193810824
867,2021-05-17,4.0079,1454.7828806609605
868,2021-05-18,3.94593,1432.2890821344104
869,2021-05-19,3.98134,1445.1421627512432
870,2021-05-20,3.52684,1280.1682813519053
871,2021-05-21,3.01035,1092.693341849278
872,2021-05-22,3.16677,1149.4704915269117
873,2021-05-23,3.67145,1332.6586509650149
874,2021-05-24,4.07874,1480.4963014713653
875,2021-05-25,3.9961,1450.499730384806
876,2021-05-26,4.03447,1464.427228359047
877,2021-05-27,3.90461,1417.2907965911306
878,2021-05-28,3.40288,1235.173424722066
879,2021-05-29,3.42649,1243.7433550627445
880,2021-05-30,4.7782,1734.3854787729736
881,2021-05-31,4.12596,1497.6361621527224
882,2021-06-01,4.13776,1501.9193124288768
883,2021-06-02,4.31189,1565.1248173091114
884,2021-06-03,3.7718,1369.0835772541755
885,2021-06-04,3.77475,1370.154364823214
886,2021-06-05,4.05217,1470.8519537732789
887,2021-06-06,4.51258,1637.9710400990634
888,2021-06-07,4.01381,1456.9280855874072
889,2021-06-08,4.19384,1522.2751656057192
890,2021-06-09,3.74524,1359.4428593444584
891,2021-06-10,3.73933,1357.2976544180115
892,2021-06-11,3.68621,1338.0162185985773
893,2021-06-12,3.59177,1303.7364972358635
894,2021-06-13,4.29714,1559.7708794639184
895,2021-06-14,4.67491,1696.8933947031437
896,2021-06-15,4.32075,1568.340809804597
897,2021-06-16,4.03742,1465.4980159280856
898,2021-06-17,3.45896,1255.5292778989085
899,2021-06-18,3.49437,1268.3823585157413
900,2021-06-19,4.43585,1610.1196739389509
901,2021-06-20,4.53324,1645.4701828707034
902,2021-06-21,3.67145,1332.6586509650149
903,2021-06-22,3.86034,1401.2217234788122
904,2021-06-23,4.13186,1499.7777372907995
905,2021-06-24,3.34681,1214.8212013335933
906,2021-06-25,3.39993,1234.1026371530274
907,2021-06-26,3.70097,1343.37378623214
908,2021-06-27,4.39158,1594.0506008266325
909,2021-06-28,3.90756,1418.3615841601693
910,2021-06-29,4.09644,1486.921026885597
911,2021-06-30,3.59177,1303.7364972358635
912,2021-07-01,3.83673,1392.6517931381338
913,2021-07-02,3.25236,1180.5378501825098
914,2021-07-03,3.31729,1204.106066066468
915,2021-07-04,3.53569,1283.3806440590213
916,2021-07-05,3.32024,1205.1768536355066
917,2021-07-06,3.68916,1339.0870061676162
918,2021-07-07,3.32024,1205.1768536355066
919,2021-07-08,3.12546,1134.4758357720016
920,2021-07-09,3.02806,1099.1216970518794
921,2021-07-10,3.64489,1323.0179330552978
922,2021-07-11,5.40684,1962.5684948409157
923,2021-07-12,5.67246,2058.982933514826
924,2021-07-13,5.63704,2046.1262231096234
925,2021-07-14,5.35076,1942.2126416640735
926,2021-07-15,5.24746,1904.716927805874
927,2021-07-16,4.55095,1651.8985380733047
928,2021-07-17,4.34731,1577.981527714314
929,2021-07-18,4.56571,1657.2561057068672
930,2021-07-19,4.4447,1613.3320366460666
931,2021-07-20,4.27648,1552.2717366922786
932,2021-07-21,4.37387,1587.6222456240312
933,2021-07-22,4.20564,1526.5583158818736
934,2021-07-23,4.74279,1721.5323981561407
935,2021-07-24,4.45651,1617.6188167105906
936,2021-07-25,4.31189,1565.1248173091114
937,2021-07-26,3.93707,1429.0730896389248
938,2021-07-27,3.76885,1368.012789685137
939,2021-07-28,3.12546,1134.4758357720016
940,2021-07-29,3.35861,1219.1043516097477
941,2021-07-30,3.9961,1450.499730384806
942,2021-07-31,4.3237,1569.4115973736355
943,2021-08-01,4.66015,1691.535827069581
944,2021-08-02,4.71622,1711.8880504580538
945,2021-08-03,4.03447,1464.427228359047
946,2021-08-04,3.78655,1374.4375150993685
947,2021-08-05,3.96068,1437.6430199796034
948,2021-08-06,3.57701,1298.3789296023008
949,2021-08-07,4.14367,1504.0645173553237
950,2021-08-08,3.70982,1346.586148939256
951,2021-08-09,4.002,1452.641305522883
952,2021-08-10,4.09644,1486.921026885597
953,2021-08-11,4.64244,1685.1074718669797
954,2021-08-12,3.81902,1386.2234379355325
955,2021-08-13,3.28778,1193.3945605877122
956,2021-08-14,3.49142,1267.311570946703
957,2021-08-15,3.40878,1237.3149998601434
958,2021-08-16,4.05217,1470.8519537732789
959,2021-08-17,4.8933,1776.1643429073272
960,2021-08-18,4.99365,1812.589269196488
961,2021-08-19,5.37437,1950.782572004752
962,2021-08-20,5.23271,1899.362989960681
963,2021-08-21,5.14712,1868.2956313050831
964,2021-08-22,5.51604,2002.2057838371925
965,2021-08-23,5.80822,2108.2609404208197
966,2021-08-24,6.51654,2365.366110217913
967,2021-08-25,7.41079,2689.959935171396
968,2021-08-26,6.39848,2322.5128287261514
969,2021-08-27,5.42159,1967.922432686109
970,2021-08-28,5.54555,2012.9172893159482
971,2021-08-29,6.8766,2496.060270254537
972,2021-08-30,7.68231,2788.515948983383
973,2021-08-31,8.13682,2953.493460171091
974,2021-09-01,5.82888,2115.760083192459
975,2021-09-02,6.2037,2251.8118108626463
976,2021-09-03,5.80527,2107.190152851781
977,2021-09-04,5.97054,2167.17966523653
978,2021-09-05,7.05073,2559.265775134772
979,2021-09-06,7.02712,2550.6958447940933
980,2021-09-07,7.08319,2571.048068182566
981,2021-09-08,7.55541,2742.4539345728754
982,2021-09-09,6.93858,2518.557698569457
983,2021-09-10,7.61443,2763.8769455303864
984,2021-09-11,7.1068,2579.6179985232448
985,2021-09-12,8.28143,3005.9838297842
986,2021-09-13,8.29324,3010.2706098487247
987,2021-09-14,7.89776,2866.7197394068976
988,2021-09-15,8.8776,3222.3809230159786
989,2021-09-16,8.61493,3127.037271911107
990,2021-09-17,13.10391,4756.4420114578625
991,2021-09-18,11.74925,4264.729100178594
992,2021-09-19,12.61694,4579.6822072223595
993,2021-09-20,11.4246,4146.888020758803
994,2021-09-21,12.4074,4503.623621725293
995,2021-09-22,13.80633,5011.4056061168785
996,2021-09-23,13.70598,4974.980679827718
997,2021-09-24,12.78812,4641.816924533556
998,2021-09-25,17.09411,6204.800166704591
999,2021-09-26,19.90378,7224.650915552287
1000,2021-09-27,18.45468,6698.6582829103045
1001,2021-09-28,15.25248,5536.327451189821
1002,2021-09-29,13.34297,4843.215732222055
1003,2021-09-30,12.76746,4634.317781761916
1004,2021-10-01,10.57167,3837.2924813485997
1005,2021-10-02,12.2982,4463.986332729016
1006,2021-10-03,12.81173,4650.386854874235
1007,2021-10-04,14.85405,5391.705793178956
1008,2021-10-05,12.83829,4660.027572783952
1009,2021-10-06,12.12407,4400.780827848781
1010,2021-10-07,11.93223,4331.146967765945
1011,2021-10-08,10.66611,3871.572202711314
1012,2021-10-09,11.33311,4113.679086965128
1013,2021-10-10,12.01192,4360.072751283466
1014,2021-10-11,13.36953,4852.856450131771
1015,2021-10-12,12.38379,4495.053691384614
1016,2021-10-13,10.82253,3928.349352388948
1017,2021-10-14,10.97895,3985.126502066581
1018,2021-10-15,10.58642,3842.6464191937935
1019,2021-10-16,9.97845,3621.9661756858604
1020,2021-10-17,15.50925,5629.529527156616
1021,2021-10-18,17.74045,6439.407908186764
1022,2021-10-19,14.31691,5196.735340693059
1023,2021-10-20,12.51069,4541.115705795122
1024,2021-10-21,10.64545,3864.0730599396743
1025,2021-10-22,8.93958,3244.878351330898
1026,2021-10-23,9.21996,3346.650357638371
1027,2021-10-24,10.44476,3791.2268371497225
1028,2021-10-25,9.33801,3389.500009341764
1029,2021-10-26,9.3203,3383.071654139162
1030,2021-10-27,8.90712,3233.0960582831044
1031,2021-10-28,7.84464,2847.438303587464
1032,2021-10-29,7.54655,2739.2379420773896
1033,2021-10-30,7.39899,2685.676784895242
1034,2021-10-31,9.6361,3497.7003708518378
1035,2021-11-01,9.12552,3312.370636275657
1036,2021-11-02,8.08369,2934.208394563287
1037,2021-11-03,7.8712,2857.0790214971807
1038,2021-11-04,7.43145,2697.459077943036
1039,2021-11-05,6.53425,2371.7944654205144
1040,2021-11-06,8.51459,3090.615975410316
1041,2021-11-07,9.5328,3460.2046569936383
1042,2021-11-08,8.14567,2956.705822878207
1043,2021-11-09,7.01236,2545.338277160531
1044,2021-11-10,6.34831,2304.3021804757554
1045,2021-11-11,5.92037,2148.9690169861346
1046,2021-11-12,5.41274,1964.7100699789933
1047,2021-11-13,4.9966,1813.6600567655266
1048,2021-11-14,5.91447,2146.8274418480573
1049,2021-11-15,6.31585,2292.5198874279613
1050,2021-11-16,5.80231,2106.115735494373
1051,2021-11-17,5.47177,1986.136710724874
1052,2021-11-18,5.28288,1917.5736382110765
1053,2021-11-19,4.96414,1801.8777637177325
1054,2021-11-20,5.38618,1955.0693520692762
1055,2021-11-21,6.38373,2317.158890880958
1056,2021-11-22,5.89971,2141.4698742144947
1057,2021-11-23,5.6577,2053.6253658812634
1058,2021-11-24,5.27993,1916.502850642038
1059,2021-11-25,5.31534,1929.355931258871
1060,2021-11-26,5.16483,1874.7239865076842
1061,2021-11-27,5.15007,1869.3664188741218
1062,2021-11-28,5.55735,2017.2004395921024
1063,2021-11-29,5.83183,2116.8308707614983
1064,2021-11-30,8.78906,3190.242776791342
1065,2021-12-01,6.29224,2283.9499570872827
1066,2021-12-02,5.94398,2157.5389473268133
1067,2021-12-03,4.79296,1739.7430464065362
1068,2021-12-04,4.56276,1656.1853181378285
1069,2021-12-05,5.39208,1957.2109272073533
1070,2021-12-06,5.73148,2080.4059444723375
1071,2021-12-07,5.80527,2107.190152851781
1072,2021-12-08,5.5485,2013.9880768849866
1073,2021-12-09,5.1058,1853.2973457618034
1074,2021-12-10,4.5598,1655.1109007804205
1075,2021-12-11,5.215,1892.9346347580797
1076,2021-12-12,5.6695,2057.9085161574176
1077,2021-12-13,4.89035,1775.0935553382885
1078,2021-12-14,4.8815,1771.8811926311728
1079,2021-12-15,5.08809,1846.868990559202
1080,2021-12-16,4.73393,1718.3164056606552
1081,2021-12-17,5.0025,1815.801631903604
1082,2021-12-18,4.7723,1732.2439036348965
1083,2021-12-19,4.89626,1777.2387602647354
1084,2021-12-20,5.02907,1825.4459796016906
1085,2021-12-21,4.79591,1740.8138339755749
1086,2021-12-22,4.15842,1509.4184552005165
1087,2021-12-23,3.98429,1446.2129503202818
1088,2021-12-24,3.72163,1350.87292900378
1089,2021-12-25,3.66555,1330.5170758269376
1090,2021-12-26,4.49487,1631.542684896462
1091,2021-12-27,5.16188,1873.6531989386456
1092,2021-12-28,5.75804,2090.0466623820544
1093,2021-12-29,5.17958,1880.077924352877
1094,2021-12-30,5.12646,1860.796488533443
1095,2021-12-31,4.32075,1568.340809804597
1096,2022-01-01,4.3355,1573.6947476497899
1097,2022-01-02,4.95233,1797.5909836532082
1098,2022-01-03,5.48357,1990.4198610010285
1099,2022-01-04,5.7728,2095.404230015617
1100,2022-01-05,5.35076,1942.2126416640735
1101,2022-01-06,4.96118,1800.803346360324
1102,2022-01-07,4.93462,1791.162628450607
1103,2022-01-08,4.9966,1813.6600567655266
1104,2022-01-09,5.40684,1962.5684948409157
1105,2022-01-10,5.01136,1819.0176243990893
1106,2022-01-11,5.15007,1869.3664188741218
1107,2022-01-12,4.60998,1673.3251788191856
1108,2022-01-13,4.40633,1599.4045386718253
1109,2022-01-14,4.05513,1471.926371130687
1110,2022-01-15,4.52439,1642.2578201635877
1111,2022-01-16,5.51899,2003.276571406231
1112,2022-01-17,5.06743,1839.369847787562
1113,2022-01-18,4.40043,1597.2629635337482
1114,2022-01-19,4.96414,1801.8777637177325
1115,2022-01-20,4.32665,1570.4823849426741
1116,2022-01-21,4.78411,1736.5306836994205
1117,2022-01-22,4.69261,1703.3181201173754
1118,2022-01-23,4.46831,1621.901966986745
1119,2022-01-24,6.38373,2317.158890880958
1120,2022-01-25,6.71723,2438.212333007865
1121,2022-01-26,5.02907,1825.4459796016906
1122,2022-01-27,4.95528,1798.661771222247
1123,2022-01-28,7.06253,2563.548925410926
1124,2022-01-29,4.33255,1572.6239600807514
1125,2022-01-30,4.82247,1750.454551885292
1126,2022-01-31,4.46536,1620.8311794177066
1127,2022-02-01,4.56866,1658.326893275906
1128,2022-02-02,5.08809,1846.868990559202
1129,2022-02-03,5.25632,1907.9329203013594
1130,2022-02-04,5.49833,1995.7774286345912
1131,2022-02-05,5.18253,1881.1487119219157
1132,2022-02-06,6.49293,2356.796179877235
1133,2022-02-07,5.71082,2072.9068017006975
1134,2022-02-08,5.13236,1862.9380636715205
1135,2022-02-09,4.87855,1770.8104050621341
1136,2022-02-10,5.03497,1827.587554739768
1137,2022-02-11,4.97299,1805.0901264248482
1138,2022-02-12,4.74574,1722.6031857251792
1139,2022-02-13,5.27698,1915.4320630729994
1140,2022-02-14,5.61638,2038.6270803379837
1141,2022-02-15,6.11811,2220.7444522070477
1142,2022-02-16,5.92037,2148.9690169861346
1143,2022-02-17,5.51604,2002.2057838371925
1144,2022-02-18,5.79641,2103.9741603562957
1145,2022-02-19,7.95384,2887.07559258374
1146,2022-02-20,9.93418,3605.897102573542
1147,2022-02-21,9.00746,3269.5173547838954
1148,2022-02-22,8.71823,3164.532985769307
1149,2022-02-23,7.89186,2864.5781642688207
1150,2022-02-24,7.11566,2582.83399101873
1151,2022-02-25,6.93268,2516.4161234313797
1152,2022-02-26,8.31095,3016.6989650513256
1153,2022-02-27,10.10536,3668.0318198847376
1154,2022-02-28,8.85104,3212.7402051062613
1155,2022-03-01,10.8609,3942.276850363189
1156,2022-03-02,9.48558,3443.0647963122815
1157,2022-03-03,8.49393,3083.1168326386764
1158,2022-03-04,8.48212,3078.8300525741524
1159,2022-03-05,10.72219,3891.928055888156
1160,2022-03-06,13.46397,4887.136171494486
1161,2022-03-07,12.05619,4376.141824395784
1162,2022-03-08,10.90517,3958.345923475507
1163,2022-03-09,10.36507,3762.3010536322013
1164,2022-03-10,11.73449,4259.371532545031
1165,2022-03-11,12.5284,4547.544060997723
1166,2022-03-12,19.69424,7148.592330055219
1167,2022-03-13,28.82271,10462.033753899916
1168,2022-03-14,22.70755,8242.360089261905
1169,2022-03-15,23.23584,8434.118179040686
1170,2022-03-16,21.06661,7646.733596537088
1171,2022-03-17,19.20727,6971.832525819717
1172,2022-03-18,17.54567,6368.70689032326
1173,2022-03-19,20.34943,7386.412434244509
1174,2022-03-20,21.50636,7806.353540091232
1175,2022-03-21,18.25989,6627.95363525843
1176,2022-03-22,15.86636,5759.1528996242005
1177,2022-03-23,15.87816,5763.436049900355
1178,2022-03-24,16.48614,5984.1199231966575
1179,2022-03-25,17.26234,6265.864096446748
1180,2022-03-26,19.74146,7165.732190736576
1181,2022-03-27,22.42127,8138.446507816355
1182,2022-03-28,19.20432,6970.761738250678
1183,2022-03-29,17.30366,6280.862381990028
1184,2022-03-30,20.54127,7456.046294327345
1185,2022-03-31,19.86837,7211.7978349354535
1186,2022-04-01,22.58064,8196.294445063028
1187,2022-04-02,20.64752,7494.612795754582
1188,2022-04-03,22.89053,8308.777956849255
1189,2022-04-04,21.28205,7724.933757172233
1190,2022-04-05,19.05675,6917.196951280161
1191,2022-04-06,19.53486,7090.740763020176
1192,2022-04-07,18.98592,6891.487160258125
1193,2022-04-08,17.26234,6265.864096446748
1194,2022-04-09,19.54667,7095.0275430847005
1195,2022-04-10,23.62246,8574.453056987028
1196,2022-04-11,24.42817,8866.908735715875
1197,2022-04-12,24.21273,8788.70857508073
1198,2022-04-13,23.82905,8649.440854915056
1199,2022-04-14,18.45468,6698.6582829103045
1200,2022-04-15,15.89587,5769.864405102957
1201,2022-04-16,18.8413,6838.993160856646
1202,2022-04-17,21.82805,7923.1202021536155
1203,2022-04-18,19.06855,6921.480101556314
1204,2022-04-19,19.31056,7009.324609889546
1205,2022-04-20,19.62931,7125.02411417126
1206,2022-04-21,21.80739,7915.621059381976
1207,2022-04-22,19.91559,7228.937695616811
1208,2022-04-23,20.58259,7471.044579870624
1209,2022-04-24,23.99728,8710.504784657214
1210,2022-04-25,25.62051,9299.702922179431
1211,2022-04-26,24.90039,9038.314602106184
1212,2022-04-27,22.78723,8271.282242991058
1213,2022-04-28,23.81135,8643.016129500826
1214,2022-04-29,22.52752,8177.013009243593
1215,2022-04-30,22.07596,8013.106285624924
1216,2022-05-01,24.78233,8995.46132061442
1217,2022-05-02,23.2624,8443.758896950403
1218,2022-05-03,20.03069,7270.716559751164
1219,2022-05-04,17.98837,6529.397621446443
1220,2022-05-05,19.75917,7172.160545939178
1221,2022-05-06,19.73556,7163.5906155984985
1222,2022-05-07,19.56438,7101.455898287302
1223,2022-05-08,20.54717,7458.187869465422
1224,2022-05-09,18.3986,6678.302429733462
1225,2022-05-10,18.46353,6701.87064561742
1226,2022-05-11,17.76407,6447.981468315813
1227,2022-05-12,16.98491,6165.162877708313
1228,2022-05-13,15.96375,5794.503408555953
1229,2022-05-14,18.03559,6546.537482127799
1230,2022-05-15,21.44143,7782.785324207274
1231,2022-05-16,18.4045,6680.44400487154
1232,2022-05-17,17.46893,6340.851894374778
1233,2022-05-18,15.8457,5751.653756852561
1234,2022-05-19,14.89242,5405.633291153197
1235,2022-05-20,13.98341,5075.681898566151
1236,2022-05-21,15.21411,5522.399953215579
1237,2022-05-22,18.7321,6799.355871860369
1238,2022-05-23,16.32972,5927.3427735190235
1239,2022-05-24,18.59929,6751.148652523414
1240,2022-05-25,16.83144,6109.456515599719
1241,2022-05-26,14.44677,5243.871772460975
1242,2022-05-27,13.64401,4952.486881301167
1243,2022-05-28,14.11032,5121.74754276503
1244,2022-05-29,15.73355,5710.9456802872455
1245,2022-05-30,12.6317,4585.039774855923
1246,2022-05-31,12.37788,4492.908486458166
1247,2022-06-01,14.5176,5269.5815634830105
1248,2022-06-02,12.74975,4627.889426559315
1249,2022-06-03,14.78027,5364.925214587882
1250,2022-06-04,13.10981,4758.583586595939
1251,2022-06-05,13.27214,4817.505941200019
1252,2022-06-06,14.78912,5368.137577294998
1253,2022-06-07,11.77286,4273.2990305192725
1254,2022-06-08,11.17374,4055.831149718456
1255,2022-06-09,10.34737,3755.87632821797
1256,2022-06-10,10.17324,3692.670823337735
1257,2022-06-11,11.67842,4239.019309156559
1258,2022-06-12,14.65926,5321.0011455270815
1259,2022-06-13,12.16244,4414.708325823022
1260,2022-06-14,11.00847,3995.841637333707
1261,2022-06-15,9.40294,3413.0682252257216
1262,2022-06-16,9.28784,3371.2893610913675
1263,2022-06-17,8.89826,3229.8800657876186
1264,2022-06-18,9.50624,3450.563939083921
1265,2022-06-19,11.05274,4011.9107104460245
1266,2022-06-20,11.46887,4162.957093871122
1267,2022-06-21,10.46837,3799.7967674904007
1268,2022-06-22,27.23194,9884.617909425493
1269,2022-06-23,19.03609,6909.697808508521
1270,2022-06-24,10.46542,3798.725979921362
1271,2022-06-25,9.72759,3530.9093046455127
1272,2022-06-26,10.7458,3900.4979862288346
1273,2022-06-27,9.23767,3353.0787128409725
1274,2022-06-28,9.5269,3458.063081855561
1275,2022-06-29,9.21996,3346.650357638371
1276,2022-06-30,8.70347,3159.1754181357437
1277,2022-07-01,8.66511,3145.2515499498727
1278,2022-07-02,8.80972,3197.7419195629823
1279,2022-07-03,10.23226,3714.0938342952463
1280,2022-07-04,9.34391,3391.6415844798403
1281,2022-07-05,10.38869,3770.8746137612497
1282,2022-07-06,9.45902,3433.424078402564
1283,2022-07-07,7.91252,2872.0773070404603
1284,2022-07-08,7.5377,2736.025579370274
1285,2022-07-09,7.48457,2716.74051376247
1286,2022-07-10,8.83038,3205.241062334622
1287,2022-07-11,7.50523,2724.23965653411
1288,2022-07-12,7.99515,2902.0702483386503
1289,2022-07-13,8.16633,2964.2049656498466
1290,2022-07-14,7.34291,2665.320931718399
1291,2022-07-15,6.9917,2537.839134388891
1292,2022-07-16,7.74134,2809.9425897292645
1293,2022-07-17,8.40539,3050.9786864140397
1294,2022-07-18,7.03302,2552.8374199321706
1295,2022-07-19,7.02122,2548.554269656016
1296,2022-07-20,9.13142,3314.5122114137343
1297,2022-07-21,10.44771,3792.297624718761
1298,2022-07-22,7.5318,2733.8840042321963
1299,2022-07-23,7.43145,2697.459077943036
1300,2022-07-24,9.11371,3308.083856211133
1301,2022-07-25,8.40834,3052.0494739830783
1302,2022-07-26,7.39603,2684.6023675378333
1303,2022-07-27,7.216,2619.2552875195215
1304,2022-07-28,6.34241,2302.1606053376786
1305,2022-07-29,5.85249,2124.3300135331383
1306,2022-07-30,6.07384,2204.6753790947296
1307,2022-07-31,6.50768,2362.1501177224277
1308,2022-08-01,6.79396,2466.063699167978
1309,2022-08-02,7.36947,2674.961649628116
1310,2022-08-03,6.45161,2341.797894333955
1311,2022-08-04,6.549,2377.1484032657077
1312,2022-08-05,6.42209,2331.0827590668296
1313,2022-08-06,6.66706,2420.00168475747
1314,2022-08-07,7.61738,2764.947733099425
1315,2022-08-08,7.04187,2556.0497826392866
1316,2022-08-09,6.428,2333.2279639932763
1317,2022-08-10,6.76445,2455.352193689222
1318,2022-08-11,6.27453,2277.521601884682
1319,2022-08-12,5.95283,2160.751310033929
1320,2022-08-13,6.6582,2416.785692261984
1321,2022-08-14,6.97399,2531.41077918629
1322,2022-08-15,7.56131,2744.5955097109522
1323,2022-08-16,7.07729,2568.906493044489
1324,2022-08-17,7.36947,2674.961649628116
1325,2022-08-18,6.72903,2442.4954832840194
1326,2022-08-19,5.98825,2173.6080204391315
1327,2022-08-20,6.19779,2249.6666059361996
1328,2022-08-21,6.64049,2410.3573370593826
1329,2022-08-22,6.56966,2384.647546037347
1330,2022-08-23,6.78511,2462.851336460862
1331,2022-08-24,6.59622,2394.2882639470645
1332,2022-08-25,7.7679,2819.5833076389813
1333,2022-08-26,7.32815,2659.9633640848365
1334,2022-08-27,8.34046,3027.4104705300815
1335,2022-08-28,9.58887,3480.556880382111
1336,2022-08-29,15.35873,5574.893952617059
1337,2022-08-30,16.50975,5992.689853537337
1338,2022-08-31,14.70648,5338.141006208439
1339,2022-09-01,12.49594,4535.761767949929
1340,2022-09-02,10.6366,3860.8606972325583
1341,2022-09-03,10.58052,3840.5048440557157
1342,2022-09-04,12.80878,4649.316067305196
1343,2022-09-05,12.92388,4691.09493143955
1344,2022-09-06,12.11522,4397.568465141665
1345,2022-09-07,10.13487,3678.7433253634936
1346,2022-09-08,11.93814,4333.292172692392
1347,2022-09-09,10.63069,3858.715492306111
1348,2022-09-10,10.42705,3784.7984819471208
1349,2022-09-11,12.28934,4460.77034023353
1350,2022-09-12,15.87816,5763.436049900355
1351,2022-09-13,14.07785,5109.961619928866
1352,2022-09-14,12.17129,4417.920688530138
1353,2022-09-15,10.87861,3948.70520556579
1354,2022-09-16,9.50033,3448.4187341574743
1355,2022-09-17,9.92828,3603.755527435465
1356,2022-09-18,15.25543,5537.39823875886
1357,2022-09-19,13.59383,4934.272603262402
1358,2022-09-20,11.41575,4143.675658051687
1359,2022-09-21,11.97355,4346.145253309224
1360,2022-09-22,10.97305,3982.984926928504
1361,2022-09-23,9.74825,3538.4084474171527
1362,2022-09-24,10.26473,3725.8797571314103
1363,2022-09-25,12.67302,4600.038060399203
1364,2022-09-26,14.3051,5192.448560628534
1365,2022-09-27,11.66661,4234.732529092035
1366,2022-09-28,10.91402,3961.5582861826233
1367,2022-09-29,10.21161,3706.598321311976
1368,2022-09-30,8.80087,3194.529556855866
1369,2022-10-01,8.65035,3139.8939823163096
1370,2022-10-02,9.91057,3597.3271722328636
1371,2022-10-03,11.08225,4022.6222159247804
1372,2022-10-04,11.02912,4003.337150316977
1373,2022-10-05,11.02322,4001.1955751788996
1374,2022-10-06,10.14963,3684.1008929970567
1375,2022-10-07,9.12847,3313.4414238446957
1376,2022-10-08,8.82153,3202.028699627506
1377,2022-10-09,10.71923,3890.853638530748
1378,2022-10-10,11.95879,4340.787685675662
1379,2022-10-11,9.60658,3486.985235584712
1380,2022-10-12,12.34542,4481.126193410373
1381,2022-10-13,10.66021,3869.4306275732365
1382,2022-10-14,8.7684,3182.7436340197023
1383,2022-10-15,9.29374,3373.4309362294453
1384,2022-10-16,10.00501,3631.6068935955777
1385,2022-10-17,9.39114,3408.7850749495674
1386,2022-10-18,8.95729,3251.3067065335
1387,2022-10-19,7.8653,2854.937446359104
1388,2022-10-20,8.50869,3088.4744002722387
1389,2022-10-21,7.68822,2790.6611539098303
1390,2022-10-22,7.4403,2700.6714406501515
1391,2022-10-23,8.28143,3005.9838297842
1392,2022-10-24,7.59082,2755.307015189708
1393,2022-10-25,6.98875,2536.768346819852
1394,2022-10-26,6.90611,2506.771775733293
1395,2022-10-27,6.47227,2349.297037105595
1396,2022-10-28,9.8722,3583.3996742586223
1397,2022-10-29,10.36212,3761.230266063163
1398,2022-10-30,10.38278,3768.7294088348026
1399,2022-10-31,8.82153,3202.028699627506
1400,2022-11-01,9.3144,3380.930079001085
1401,2022-11-02,9.43541,3424.8541480618856
1402,2022-11-03,7.77085,2820.65409520802
1403,2022-11-04,6.58737,2391.0759012399485
1404,2022-11-05,7.31045,2653.538638670605
1405,2022-11-06,24.60525,8931.185028165148
1406,2022-11-07,17.44827,6333.352751603137
1407,2022-11-08,12.79107,4642.887712102594
1408,2022-11-09,9.84859,3574.8297439179437
1409,2022-11-10,8.83038,3205.241062334622
1410,2022-11-11,8.41129,3053.1202615521165
1411,2022-11-12,7.94203,2882.788812519216
1412,2022-11-13,9.65971,3506.2703011925164
1413,2022-11-14,8.37588,3040.267180935284
1414,2022-11-15,7.13041,2588.1879288639234
1415,2022-11-16,8.39063,3045.621118780477
1416,2022-11-17,7.67346,2785.3035862762677
1417,2022-11-18,8.07189,2929.9252442871325
1418,2022-11-19,7.55836,2743.524722141914
1419,2022-11-20,8.04828,2921.3553139464543
1420,2022-11-21,12.22737,4438.27654170698
1421,2022-11-22,9.58297,3478.415305244034
1422,2022-11-23,8.44671,3065.976971957319
1423,2022-11-24,6.81757,2474.633629508656
1424,2022-11-25,6.69067,2428.571615098148
1425,2022-11-26,6.62279,2403.932611645151
1426,2022-11-27,7.33406,2662.108569011283
1427,2022-11-28,6.83823,2482.132772280296
1428,2022-11-29,6.29519,2285.0207446563213
1429,2022-11-30,6.50473,2361.0793301533895
1430,2022-12-01,5.73148,2080.4059444723375
1431,2022-12-02,5.61343,2037.556292768945
1432,2022-12-03,4.47717,1625.1179594822306
1433,2022-12-04,5.70492,2070.7652265626202
1434,2022-12-05,5.4393,1974.3507878887103
1435,2022-12-06,5.80527,2107.190152851781
1436,2022-12-07,5.28878,1919.7152133491538
1437,2022-12-08,5.81707,2111.4733031279357
1438,2022-12-09,5.79936,2105.0449479253343
1439,2022-12-10,5.87905,2133.970731442855
1440,2022-12-11,6.44866,2340.7271067649167
1441,2022-12-12,6.61098,2399.645831580627
1442,2022-12-13,6.48702,2354.650974950788
1443,2022-12-14,6.07384,2204.6753790947296
1444,2022-12-15,6.23321,2262.523316341402
1445,2022-12-16,5.67541,2060.0537210838647
1446,2022-12-17,5.79641,2103.9741603562957
1447,2022-12-18,7.45211,2704.958220714676
1448,2022-12-19,6.61098,2399.645831580627
1449,2022-12-20,6.53129,2370.7200480631063
1450,2022-12-21,6.29224,2283.9499570872827
1451,2022-12-22,5.63704,2046.1262231096234
1452,2022-12-23,5.54555,2012.9172893159482
1453,2022-12-24,4.92282,1786.8794781744525
1454,2022-12-25,6.71133,2436.070757869788
1455,2022-12-26,6.33651,2300.0190301996013
1456,2022-12-27,6.3306,2297.873825273154
1457,2022-12-28,6.7615,2454.2814061201834
1458,2022-12-29,5.73148,2080.4059444723375
1459,2022-12-30,5.64589,2049.338585816739
1460,2022-12-31,5.0025,1815.801631903604
1461,2023-01-01,6.79987,2468.2089040944247
1462,2023-01-02,6.22436,2259.310953634286
1463,2023-01-03,6.38668,2318.2296784499968
1464,2023-01-04,6.30404,2288.2331073634373
1465,2023-01-05,5.65475,2052.5545783122247
1466,2023-01-06,5.02021,1822.229987106205
1467,2023-01-07,4.89921,1778.309547833774
1468,2023-01-08,7.72658,2804.585022095702
1469,2023-01-09,6.5549,2379.2899784037845
1470,2023-01-10,6.05613,2198.2470238921283
1471,2023-01-11,5.72263,2077.1935817652216
1472,2023-01-12,5.89381,2139.328299076418
1473,2023-01-13,5.07629,1842.5858402830477
1474,2023-01-14,5.40093,1960.423289914469
1475,2023-01-15,6.69362,2429.6424026671866
1476,2023-01-16,5.67836,2061.124508652903
1477,2023-01-17,6.01186,2182.17795077981
1478,2023-01-18,5.56621,2020.416432087588
1479,2023-01-19,4.61588,1675.4667539572627
1480,2023-01-20,4.30599,1562.9832421710346
1481,2023-01-21,3.73933,1357.2976544180115
1482,2023-01-22,4.37977,1589.7638207621083
1483,2023-01-23,5.25337,1906.862132732321
1484,2023-01-24,6.40144,2323.5872460835594
1485,2023-01-25,5.67541,2060.0537210838647
1486,2023-01-26,5.12941,1861.8672761024818
1487,2023-01-27,4.94643,1795.4494085151312
1488,2023-01-28,5.10285,1852.2265581927647
1489,2023-01-29,5.87905,2133.970731442855
1490,2023-01-30,5.84068,2120.043233468614
1491,2023-01-31,6.28043,2279.6631770227586
1492,2023-02-01,5.94398,2157.5389473268133
1493,2023-02-02,5.52489,2005.4181465443082
1494,2023-02-03,5.04972,1832.9414925849608
1495,2023-02-04,6.00005,2177.891170715286
1496,2023-02-05,7.08319,2571.048068182566
1497,2023-02-06,5.74034,2083.621936967823
1498,2023-02-07,5.52489,2005.4181465443082
1499,2023-02-08,5.30354,1925.0727809827165
1500,2023-02-09,4.95233,1797.5909836532082
1501,2023-02-10,5.09695,1850.0849830546872
1502,2023-02-11,5.48062,1989.3490734319898
1503,2023-02-12,6.70247,2432.8547653743026
1504,2023-02-13,9.21996,3346.650357638371
1505,2023-02-14,9.28489,3370.2185735223297
1506,2023-02-15,6.98285,2534.626771681775
1507,2023-02-16,7.06549,2564.6233427683346
1508,2023-02-17,6.70837,2434.99634051238
1509,2023-02-18,6.92677,2514.270918504933
1510,2023-02-19,7.31635,2655.680213808682
1511,2023-02-20,7.29864,2649.2518586060805
1512,2023-02-21,7.69412,2792.802729047907
1513,2023-02-22,7.30749,2652.4642213131965
1514,2023-02-23,7.39308,2683.531579968795
1515,2023-02-24,6.17713,2242.1674631645596
1516,2023-02-25,6.96809,2529.2692040482125
1517,2023-02-26,7.97745,2895.645522924419
1518,2023-02-27,6.97695,2532.4851965436983
1519,2023-02-28,6.40144,2323.5872460835594
1520,2023-03-01,8.13682,2953.493460171091
1521,2023-03-02,6.49588,2357.866967446273
1522,2023-03-03,6.21845,2257.165748707839
1523,2023-03-04,8.17519,2967.4209581453324
1524,2023-03-05,10.32376,3747.306397877291
1525,2023-03-06,8.58837,3117.39655400139
1526,2023-03-07,8.72118,3165.6037733383455
1527,2023-03-08,8.62379,3130.2532644065927
1528,2023-03-09,8.2165,2982.415613900242
1529,2023-03-10,7.12156,2584.9755661568074
1530,2023-03-11,8.22241,2984.560818826689
1531,2023-03-12,9.16093,3325.2237168924903
1532,2023-03-13,7.59082,2755.307015189708
1533,2023-03-14,7.71773,2801.372659388586
1534,2023-03-15,7.00941,2544.2674895914924
1535,2023-03-16,6.64935,2413.5733295548685
1536,2023-03-17,7.16583,2601.0446392691256
1537,2023-03-18,8.3139,3017.769752620364
1538,2023-03-19,9.73644,3534.1216673526287
1539,2023-03-20,8.88055,3223.4517105850173
1540,2023-03-21,9.55346,3467.703799765278
1541,2023-03-22,8.47327,3075.617689867036
1542,2023-03-23,9.55936,3469.845374903355
1543,2023-03-24,9.05173,3285.586427896213
1544,2023-03-25,9.1993,3339.151214866731
1545,2023-03-26,11.57217,4200.452807729321
1546,2023-03-27,10.24702,3719.4514019288085
1547,2023-03-28,9.97255,3619.824600547783
1548,2023-03-29,9.72759,3530.9093046455127
1549,2023-03-30,8.45261,3068.1185470953965
1550,2023-03-31,8.44376,3064.9061843882805
1551,2023-04-01,8.57952,3114.1841912942746
1552,2023-04-02,10.3149,3744.090405381806
1553,2023-04-03,9.83679,3570.5465936417895
1554,2023-04-04,10.32966,3749.4479730153685
1555,2023-04-05,9.68922,3516.981806671272
1556,2023-04-06,9.61544,3490.2012280801973
1557,2023-04-07,8.53525,3098.115118181956
1558,2023-04-08,8.4349,3061.6901918927956
1559,2023-04-09,9.4295,3422.7089431354393
1560,2023-04-10,8.61789,3128.111689268515
1561,2023-04-11,8.44376,3064.9061843882805
1562,2023-04-12,8.12206,2948.135892537528
1563,2023-04-13,7.71773,2801.372659388586
1564,2023-04-14,7.43735,2699.6006530811133
1565,2023-04-15,7.88596,2862.4365891307434
1566,2023-04-16,9.1019,3303.7970761466095
1567,2023-04-17,8.03057,2914.926958743853
1568,2023-04-18,7.59377,2756.377802758747
1569,2023-04-19,8.10731,2942.781954692335
1570,2023-04-20,8.67986,3150.6054877950655
1571,2023-04-21,9.89286,3590.8988170302623
1572,2023-04-22,10.6366,3860.8606972325583
1573,2023-04-23,10.83434,3932.6361324534714
1574,2023-04-24,9.39999,3411.9974376566834
1575,2023-04-25,8.14272,2955.6350353091684
1576,2023-04-26,7.41374,2691.0307227404346
1577,2023-04-27,7.75905,2816.370944931866
1578,2023-04-28,7.34291,2665.320931718399
1579,2023-04-29,7.35176,2668.5332944255147
1580,2023-04-30,8.39654,3047.7663237069237
1581,2023-05-01,8.31685,3018.840540189403
1582,2023-05-02,7.97745,2895.645522924419
1583,2023-05-03,7.29864,2649.2518586060805
1584,2023-05-04,7.12746,2587.1171412948847
1585,2023-05-05,7.61443,2763.8769455303864
1586,2023-05-06,7.25732,2634.253573062801
1587,2023-05-07,7.82398,2839.939160815824
1588,2023-05-08,7.12451,2586.046353725846
1589,2023-05-09,7.01236,2545.338277160531
1590,2023-05-10,7.13337,2589.2623462213314
1591,2023-05-11,7.12451,2586.046353725846
1592,2023-05-12,6.17418,2241.0966755955205
1593,2023-05-13,7.09205,2574.264060678052
1594,2023-05-14,8.0955,2938.495174627811
1595,2023-05-15,8.02467,2912.7853836057757
1596,2023-05-16,8.6415,3136.681619609194
1597,2023-05-17,9.78956,3553.403103172063
1598,2023-05-18,9.83974,3571.617381210828
1599,2023-05-19,8.50278,3086.329195345792
1600,2023-05-20,8.53525,3098.115118181956
1601,2023-05-21,10.61299,3852.2907668918797
1602,2023-05-22,9.14617,3319.866149258927
1603,2023-05-23,8.40539,3050.9786864140397
1604,2023-05-24,8.46737,3073.4761147289596
1605,2023-05-25,8.46442,3072.405327159921
1606,2023-05-26,6.85299,2487.490339913859
1607,2023-05-27,7.12451,2586.046353725846
1608,2023-05-28,9.63314,3496.625953494429
1609,2023-05-29,9.14913,3320.9405666163357
1610,2023-05-30,7.57311,2748.878659987107
1611,2023-05-31,7.72363,2803.514234526663
1612,2023-06-01,7.77676,2822.799300134467
1613,2023-06-02,6.89726,2503.559413026177
1614,2023-06-03,6.6464,2412.50254198583
1615,2023-06-04,7.67051,2784.232798707229
1616,2023-06-05,7.00351,2542.125914453415
1617,2023-06-06,7.34881,2667.4625068564765
1618,2023-06-07,7.23961,2627.8252178601997
1619,2023-06-08,7.095,2575.33484824709
1620,2023-06-09,6.37192,2312.872110816434
1621,2023-06-10,6.2037,2251.8118108626463
1622,2023-06-11,7.02122,2548.554269656016
1623,2023-06-12,6.83823,2482.132772280296
1624,2023-06-13,6.74379,2447.853050917582
1625,2023-06-14,6.33651,2300.0190301996013
1626,2023-06-15,5.90266,2142.5406617835333
1627,2023-06-16,5.46291,1982.9207182293885
1628,2023-06-17,5.57801,2024.6995823637424
1629,2023-06-18,6.13877,2228.2435949786877
1630,2023-06-19,6.36012,2308.58896054028
1631,2023-06-20,6.13286,2226.098390052241
1632,2023-06-21,6.07089,2203.6045915256914
1633,2023-06-22,6.40144,2323.5872460835594
1634,2023-06-23,5.43045,1971.1384251815946
1635,2023-06-24,5.21795,1894.0054223271184
1636,2023-06-25,6.44571,2339.6563191958776
1637,2023-06-26,6.72018,2439.283120576904
1638,2023-06-27,6.67296,2422.1432598955466
1639,2023-06-28,5.95874,2162.896514960376
1640,2023-06-29,7.39308,2683.531579968795
1641,2023-06-30,8.33456,3025.268895392004
1642,2023-07-01,8.05123,2922.426101515493
1643,2023-07-02,7.98335,2897.7870980624957
1644,2023-07-03,6.68771,2427.49719774074
1645,2023-07-04,5.90856,2144.6822369216106
1646,2023-07-05,5.72853,2079.335156903299
1647,2023-07-06,5.35371,1943.2834292331122
1648,2023-07-07,5.16188,1873.6531989386456
1649,2023-07-08,4.68966,1702.2473325483368
1650,2023-07-09,5.51308,2001.1313664797844
1651,2023-07-10,5.36257,1946.4994217285976
1652,2023-07-11,6.69067,2428.571615098148
1653,2023-07-12,6.09155,2211.103734297331
1654,2023-07-13,5.49242,1993.6322237081445
1655,2023-07-14,5.06153,1837.228272649485
1656,2023-07-15,4.72213,1714.0332553845008
1657,2023-07-16,5.68131,2062.1952962219416
1658,2023-07-17,5.14122,1866.1540561670056
1659,2023-07-18,5.67836,2061.124508652903
1660,2023-07-19,5.42454,1968.9932202551477
1661,2023-07-20,4.99955,1814.7308443345653
1662,2023-07-21,4.35321,1580.1231028523912
1663,2023-07-22,4.50078,1633.6878898229088
1664,2023-07-23,5.14417,1867.2248437360442
1665,2023-07-24,4.68081,1699.034969841221
1666,2023-07-25,4.73393,1718.3164056606552
1667,2023-07-26,4.64834,1687.249047005057
1668,2023-07-27,4.669,1694.7481897766968
1669,2023-07-28,4.61883,1676.5375415263013
1670,2023-07-29,4.6572,1690.4650395005424
1671,2023-07-30,4.51258,1637.9710400990634
1672,2023-07-31,4.10825,1491.207806950121
1673,2023-08-01,4.71622,1711.8880504580538
1674,2023-08-02,4.42404,1605.8328938744266
1675,2023-08-03,4.20269,1525.487528312835
1676,2023-08-04,3.6567,1327.3047131198216
1677,2023-08-05,3.63604,1319.8055703481818
1678,2023-08-06,3.96954,1440.8590124750888
1679,2023-08-07,4.09054,1484.7794517475197
1680,2023-08-08,4.00495,1453.7120930919218
1681,2023-08-09,3.97249,1441.9298000441274
1682,2023-08-10,4.13776,1501.9193124288768
1683,2023-08-11,4.11415,1493.3493820881984
1684,2023-08-12,3.97839,1444.0713751822047
1685,2023-08-13,4.25287,1543.7018063516
1686,2023-08-14,4.04627,1468.7103786352013
1687,2023-08-15,4.18498,1519.0591731102338
1688,2023-08-16,5.34781,1941.141854095035
1689,2023-08-17,5.02021,1822.229987106205
1690,2023-08-18,6.87365,2494.9894826854984
1691,2023-08-19,4.73393,1718.3164056606552
1692,2023-08-20,4.92282,1786.8794781744525
1693,2023-08-21,4.73098,1717.2456180916165
1694,2023-08-22,4.42109,1604.7621063053882
1695,2023-08-23,4.67786,1697.9641822721824
1696,2023-08-24,4.73393,1718.3164056606552
1697,2023-08-25,4.68671,1701.1765449792981
1698,2023-08-26,4.64539,1686.1782594360184
1699,2023-08-27,5.15892,1872.5787815812375
1700,2023-08-28,5.03202,1826.5167671707293
1701,2023-08-29,5.38913,1956.1401396383144
1702,2023-08-30,4.90216,1779.3803354028128
1703,2023-08-31,5.28288,1917.5736382110765
1704,2023-09-01,5.0999,1851.1557706237259
1705,2023-09-02,5.05858,1836.1574850804463
1706,2023-09-03,5.54555,2012.9172893159482
1707,2023-09-04,5.24156,1902.5753526677968
1708,2023-09-05,5.12941,1861.8672761024818
1709,2023-09-06,4.74869,1723.6739732942178
1710,2023-09-07,4.7664,1730.1023284968192
1711,2023-09-08,5.06153,1837.228272649485
1712,2023-09-09,5.2268,1897.217785034234
1713,2023-09-10,5.90266,2142.5406617835333
1714,2023-09-11,5.36257,1946.4994217285976
1715,2023-09-12,5.46586,1983.9915057984274
1716,2023-09-13,5.71968,2076.122794196183
1717,2023-09-14,5.63999,2047.197010678662
1718,2023-09-15,7.31635,2655.680213808682
1719,2023-09-16,7.92727,2877.4312448856535
1720,2023-09-17,9.27898,3368.0733685958826
1721,2023-09-18,7.85349,2850.6506662945794
1722,2023-09-19,6.94448,2520.6992737075343
1723,2023-09-20,7.1068,2579.6179985232448
1724,2023-09-21,7.82103,2838.8683732467853
1725,2023-09-22,7.70002,2794.9443041859845
1726,2023-09-23,7.84759,2848.5090911565026
1727,2023-09-24,8.975,3257.7350617361008
1728,2023-09-25,7.37537,2677.1032247661938
1729,2023-09-26,6.83233,2479.991197142219
1730,2023-09-27,5.98825,2173.6080204391315
1731,2023-09-28,6.12106,2221.815239776087
1732,2023-09-29,6.77625,2459.6353439653767
1733,2023-09-30,7.62329,2767.0929380258717
1734,2023-10-01,8.52344,3093.8283381174324
1735,2023-10-02,8.99861,3266.304992076779
1736,2023-10-03,9.93418,3605.897102573542
1737,2023-10-04,9.39409,3409.855862518606
1738,2023-10-05,9.45016,3430.208085907079
1739,2023-10-06,8.93663,3243.8075637618595
1740,2023-10-07,9.07829,3295.227145805931
1741,2023-10-08,8.93368,3242.7367761928213
1742,2023-10-09,9.34982,3393.7867894062874
1743,2023-10-10,8.94548,3247.0199264689754
1744,2023-10-11,8.50869,3088.4744002722387
1745,2023-10-12,8.15158,2958.8510278046533
1746,2023-10-13,7.50228,2723.1688689650714
1747,2023-10-14,7.39899,2685.676784895242
1748,2023-10-15,7.69707,2793.873516616946
1749,2023-10-16,7.89776,2866.7197394068976
1750,2023-10-17,7.93613,2880.647237381139
1751,2023-10-18,7.70888,2798.16029668147
1752,2023-10-19,7.18059,2606.4022069026882
1753,2023-10-20,5.94398,2157.5389473268133
1754,2023-10-21,6.18599,2245.383455660045
1755,2023-10-22,6.97695,2532.4851965436983
1756,2023-10-23,7.13337,2589.2623462213314
1757,2023-10-24,6.44571,2339.6563191958776
1758,2023-10-25,6.34241,2302.1606053376786
1759,2023-10-26,6.07679,2205.7461666637682
1760,2023-10-27,5.83773,2118.972445899575
1761,2023-10-28,5.41569,1965.7808575480315
1762,2023-10-29,6.00891,2181.1071632107714
1763,2023-10-30,5.76985,2094.3334424465784
1764,2023-10-31,5.91742,2147.898229417096
1765,2023-11-01,6.30994,2290.3746825015146
1766,2023-11-02,6.01481,2183.2487383488487
1767,2023-11-03,5.44225,1975.4215754577485
1768,2023-11-04,5.28583,1918.6444257801152
1769,2023-11-05,6.37782,2315.0136859545114
1770,2023-11-06,6.51654,2365.366110217913
1771,2023-11-07,6.26863,2275.3800267466045
1772,2023-11-08,7.4344,2698.5298655120746
1773,2023-11-09,6.82643,2477.8496220041416
1774,2023-11-10,6.07384,2204.6753790947296
1775,2023-11-11,5.94693,2158.609734895852
1776,2023-11-12,6.73789,2445.711475779505
1777,2023-11-13,7.24847,2631.0412103556855
1778,2023-11-14,7.11271,2581.7632034496914
1779,2023-11-15,7.17468,2604.2570019762416
1780,2023-11-16,8.10731,2942.781954692335
1781,2023-11-17,7.34291,2665.320931718399
1782,2023-11-18,6.19484,2248.595818367161
1783,2023-11-19,7.35176,2668.5332944255147
1784,2023-11-20,7.7561,2815.300157362827
1785,2023-11-21,6.81167,2472.492054370579
1786,2023-11-22,7.95679,2888.146380152779
1787,2023-11-23,6.70247,2432.8547653743026
1788,2023-11-24,6.35717,2307.5181729712413
1789,2023-11-25,6.03547,2190.7478811204887
1790,2023-11-26,6.54015,2373.9360405585917
1791,2023-11-27,6.05023,2196.1054487540514
1792,2023-11-28,5.48947,1992.5614361391056
1793,2023-11-29,5.78166,2098.6202225111024
1794,2023-11-30,5.50718,1998.989791341707
1795,2023-12-01,5.17663,1879.0071367838389
1796,2023-12-02,4.7782,1734.3854787729736
1797,2023-12-03,7.39308,2683.531579968795
1798,2023-12-04,5.48062,1989.3490734319898
1799,2023-12-05,5.18549,1882.223129279324
1800,2023-12-06,5.36257,1946.4994217285976
1801,2023-12-07,4.94938,1796.5201960841696
1802,2023-12-08,4.57751,1661.5392559830218
1803,2023-12-09,4.34436,1576.9107401452754
1804,2023-12-10,5.14417,1867.2248437360442
1805,2023-12-11,5.21795,1894.0054223271184
1806,2023-12-12,5.18844,1883.2939168483626
1807,2023-12-13,4.55685,1654.0401132113818
1808,2023-12-14,4.13481,1500.848524859838
1809,2023-12-15,3.92232,1423.719151793732
1810,2023-12-16,4.48897,1629.401109758385
1811,2023-12-17,5.00545,1816.8724194726424
1812,2023-12-18,7.36062,2671.7492869210005
1813,2023-12-19,5.61343,2037.556292768945
1814,2023-12-20,5.79936,2105.0449479253343
1815,2023-12-21,5.4452,1976.4923630267872
1816,2023-12-22,4.5598,1655.1109007804205
1817,2023-12-23,4.21745,1530.8450959463978
1818,2023-12-24,4.14957,1506.2060924934008
1819,2023-12-25,4.96414,1801.8777637177325
1820,2023-12-26,6.07089,2203.6045915256914
1821,2023-12-27,4.68966,1702.2473325483368
1822,2023-12-28,4.58046,1662.6100435520605
1823,2023-12-29,4.65425,1689.394251931504
1824,2023-12-30,4.76345,1729.0315409277805
1825,2023-12-31,4.2145,1529.7743083773591
1826,2024-01-01,4.06398,1475.1387338378026
1827,2024-01-02,3.87509,1406.5756613240053
1828,2024-01-03,3.94298,1431.2182945653717
1829,2024-01-04,4.13481,1500.848524859838
1830,2024-01-05,3.70982,1346.586148939256
1831,2024-01-06,3.87214,1405.5048737549666
1832,2024-01-07,4.85789,1763.3112622904946
1833,2024-01-08,3.85444,1399.080148340735
1834,2024-01-09,4.1171,1494.4201696572368
1835,2024-01-10,4.69852,1705.4633250438224
1836,2024-01-11,4.12891,1498.706949721761
1837,2024-01-12,4.07579,1479.4255139023267
1838,2024-01-13,3.87805,1407.6500786814136
1839,2024-01-14,4.34731,1577.981527714314
1840,2024-01-15,3.96068,1437.6430199796034
1841,2024-01-16,4.04037,1466.5688034971242
1842,2024-01-17,3.98429,1446.2129503202818
1843,2024-01-18,3.95183,1434.4306572724877
1844,2024-01-19,3.47371,1260.8832157441016
1845,2024-01-20,3.9902,1448.3581552467288
1846,2024-01-21,5.8879,2137.183094149971
1847,2024-01-22,6.83233,2479.991197142219
1848,2024-01-23,5.86429,2128.613163809292
1849,2024-01-24,5.53669,2009.7012968204626
1850,2024-01-25,5.08514,1845.7982029901634
1851,2024-01-26,5.01431,1820.088411968128
1852,2024-01-27,5.11761,1857.5841258263272
1853,2024-01-28,5.52784,2006.4889341133469
1854,2024-01-29,5.19139,1884.3647044174013
1855,2024-01-30,5.46291,1982.9207182293885
1856,2024-01-31,5.20024,1887.577067124517
1857,2024-02-01,5.882,2135.0415190118933
1858,2024-02-02,5.2268,1897.217785034234
1859,2024-02-03,5.17368,1877.9363492148
1860,2024-02-04,5.70197,2069.6944389935816
1861,2024-02-05,5.59277,2030.057149997305
1862,2024-02-06,5.49242,1993.6322237081445
1863,2024-02-07,5.57506,2023.6287947947037
1864,2024-02-08,5.42454,1968.9932202551477
1865,2024-02-09,5.45701,1980.7791430913117
1866,2024-02-10,6.12991,2225.0276024832024
1867,2024-02-11,6.18599,2245.383455660045
1868,2024-02-12,7.66165,2781.016806211743
1869,2024-02-13,7.25437,2633.1827854937624
1870,2024-02-14,7.03302,2552.8374199321706
1871,2024-02-15,6.23616,2263.5941039104405
1872,2024-02-16,6.14762,2231.4559576858037
1873,2024-02-17,8.16338,2963.134178080808
1874,2024-02-18,9.81022,3560.9022459437024
1875,2024-02-19,8.29029,3009.199822279686
1876,2024-02-20,8.2047,2978.132463624088
1877,2024-02-21,7.71478,2800.301871819547
1878,2024-02-22,7.06253,2563.548925410926
1879,2024-02-23,6.04137,2192.8894562585656
1880,2024-02-24,6.53425,2371.7944654205144
1881,2024-02-25,7.8712,2857.0790214971807
1882,2024-02-26,8.64445,3137.7524071782327
1883,2024-02-27,9.83088,3568.401388715343
1884,2024-02-28,8.73889,3172.0321285409464
1885,2024-02-29,9.00156,3267.3757796458176
1886,2024-03-01,7.6587,2779.9460186427045
1887,2024-03-02,7.50228,2723.1688689650714
1888,2024-03-03,8.08665,2935.2828119206956
1889,2024-03-04,10.28244,3732.308112334011
1890,2024-03-05,8.58542,3116.3257664323514
1891,2024-03-06,8.5441,3101.327480889072
1892,2024-03-07,8.84809,3211.6694175372227
1893,2024-03-08,7.71478,2800.301871819547
1894,2024-03-09,7.96269,2890.287955290856
1895,2024-03-10,9.93123,3604.826315004503
1896,2024-03-11,9.11371,3308.083856211133
1897,2024-03-12,8.71823,3164.532985769307
1898,2024-03-13,8.90712,3233.0960582831044
1899,2024-03-14,9.06354,3289.8732079607375
1900,2024-03-15,9.43541,3424.8541480618856
1901,2024-03-16,10.5274,3821.2234082362816
1902,2024-03-17,10.22636,3711.952259157169
1903,2024-03-18,10.56872,3836.221693779562
1904,2024-03-19,10.309,3741.9488302437285
1905,2024-03-20,9.36457,3399.1407272514807
1906,2024-03-21,8.52935,3095.973543043879
1907,2024-03-22,8.01877,2910.6438084676984
1908,2024-03-23,8.79792,3193.458769286827
1909,2024-03-24,10.73989,3898.3527813023884
1910,2024-03-25,9.42655,3421.6381555664007
1911,2024-03-26,9.46492,3435.565653540641
1912,2024-03-27,8.88646,3225.596915511464
1913,2024-03-28,8.00696,2906.3570284031744
1914,2024-03-29,8.07484,2930.996031856171
1915,2024-03-30,12.65531,4593.609705196601
1916,2024-03-31,12.60218,4574.324639588797
1917,2024-04-01,14.55302,5282.438273888213
1918,2024-04-02,13.02423,4727.51985772871
1919,2024-04-03,12.03848,4369.713469193182
1920,2024-04-04,10.47723,3803.0127599858865
1921,2024-04-05,9.29079,3372.360148660406
1922,2024-04-06,8.87465,3221.3101354469404
1923,2024-04-07,10.17324,3692.670823337735
1924,2024-04-08,12.67892,4602.17963553728
1925,2024-04-09,10.42705,3784.7984819471208
1926,2024-04-10,11.84664,4300.079609110347
1927,2024-04-11,10.6425,3863.0022723706356
1928,2024-04-12,10.50379,3812.6534778956034
1929,2024-04-13,11.46002,4159.744731164005
1930,2024-04-14,12.10341,4393.281685077141
1931,2024-04-15,11.78762,4278.656598152836
1932,2024-04-16,10.73694,3897.2819937333497
1933,2024-04-17,10.88156,3949.7759931348287
1934,2024-04-18,10.32376,3747.306397877291
1935,2024-04-19,9.04288,3282.374065189098
1936,2024-04-20,8.57952,3114.1841912942746
1937,2024-04-21,8.7566,3178.460483743548
1938,2024-04-22,9.46197,3434.494865971603
1939,2024-04-23,9.71873,3527.693312150028
1940,2024-04-24,10.03157,3641.2476115052946
1941,2024-04-25,9.49443,3446.277159019397
1942,2024-04-26,8.8776,3222.3809230159786
1943,2024-04-27,8.9868,3262.0182120122554
1944,2024-04-28,10.88156,3949.7759931348287
1945,2024-04-29,13.15113,4773.581872139219
1946,2024-04-30,13.42561,4873.2123033086145
1947,2024-05-01,14.91898,5415.274009062914
1948,2024-05-02,11.82598,4292.580466338707
1949,2024-05-03,11.21506,4070.8294352617354
1950,2024-05-04,11.50724,4176.884591845363
1951,2024-05-05,11.65776,4231.520166384918
1952,2024-05-06,12.33066,4475.76862577681
1953,2024-05-07,9.63905,3498.771158420876
1954,2024-05-08,11.55741,4195.0952400957585
1955,2024-05-09,9.92828,3603.755527435465
1956,2024-05-10,9.06059,3288.802420391699
1957,2024-05-11,9.79547,3555.5483080985096
1958,2024-05-12,9.97255,3619.824600547783
1959,2024-05-13,9.38818,3407.7106575921594
1960,2024-05-14,8.41129,3053.1202615521165
1961,2024-05-15,9.22291,3347.72114520741
1962,2024-05-16,8.43195,3060.619404323757
1963,2024-05-17,7.31045,2653.538638670605
1964,2024-05-18,7.96564,2891.3587428598944
1965,2024-05-19,8.70052,3158.104630566705
1966,2024-05-20,8.81267,3198.812707132021
1967,2024-05-21,8.99271,3264.1634169387025
1968,2024-05-22,11.04683,4009.765505519578
1969,2024-05-23,9.56822,3473.061367398841
1970,2024-05-24,7.92727,2877.4312448856535
1971,2024-05-25,7.35176,2668.5332944255147
1972,2024-05-26,8.30209,3013.48297255584
1973,2024-05-27,8.18994,2972.7748959905252
1974,2024-05-28,8.00991,2907.427815972213
1975,2024-05-29,9.24357,3355.2202879790498
1976,2024-05-30,7.62034,2766.022150456833
1977,2024-05-31,7.59968,2758.5230076851935
1978,2024-06-01,7.32225,2657.8217889467596
1979,2024-06-02,8.04238,2919.213738808377
1980,2024-06-03,8.06008,2925.6384642226085
1981,2024-06-04,7.93023,2878.5056622430616
1982,2024-06-05,7.13337,2589.2623462213314
1983,2024-06-06,7.64395,2774.5920807975117
1984,2024-06-07,9.17274,3329.510496957014
1985,2024-06-08,8.17814,2968.491745714371
1986,2024-06-09,9.49443,3446.277159019397
1987,2024-06-10,8.98385,3260.9474244432167
1988,2024-06-11,9.16388,3326.294504461529
1989,2024-06-12,9.11666,3309.1546437801717
1990,2024-06-13,8.77431,3184.888838946149
1991,2024-06-14,7.74724,2812.0841648673413
1992,2024-06-15,8.51754,3091.686762979355
1993,2024-06-16,9.32621,3385.216859065609
1994,2024-06-17,9.58002,3477.3445176749947
1995,2024-06-18,9.2052,3341.2927900048085
1996,2024-06-19,8.56181,3107.755836091673
1997,2024-06-20,8.55001,3103.4726858155186
1998,2024-06-21,8.28734,3008.1290347106474
1999,2024-06-22,7.44621,2702.8166455765986
2000,2024-06-23,8.78611,3189.1719892223036
2001,2024-06-24,8.38178,3042.4087560733606
2002,2024-06-25,11.51609,4180.096954552479
2003,2024-06-26,14.0808,5111.032407497904
2004,2024-06-27,10.02567,3639.1060363672173
2005,2024-06-28,8.13092,2951.3518850330133
2006,2024-06-29,9.3085,3378.788503863008
2007,2024-06-30,8.93958,3244.878351330898
2008,2024-07-01,9.27308,3365.9317934578053
2009,2024-07-02,10.62774,3857.6447047370725
2010,2024-07-03,9.80137,3557.689883236587
2011,2024-07-04,9.68627,3515.9110191022332
2012,2024-07-05,8.49393,3083.1168326386764
2013,2024-07-06,7.9863,2898.8578856315344
2014,2024-07-07,8.22241,2984.560818826689
2015,2024-07-08,9.49148,3445.2063714503583
2016,2024-07-09,9.34982,3393.7867894062874
2017,2024-07-10,8.59723,3120.6125464968754
2018,2024-07-11,7.82398,2839.939160815824
2019,2024-07-12,6.92972,2515.341706073971
2020,2024-07-13,6.6464,2412.50254198583
2021,2024-07-14,7.20715,2616.0429248124055
2022,2024-07-15,6.71133,2436.070757869788
2023,2024-07-16,7.01826,2547.479852298608
2024,2024-07-17,7.46096,2708.1705834217914
2025,2024-07-18,7.44916,2703.8874331456373
2026,2024-07-19,7.24552,2629.970422786647
2027,2024-07-20,6.96809,2529.2692040482125
2028,2024-07-21,6.96219,2527.127628910135
2029,2024-07-22,6.85299,2487.490339913859
2030,2024-07-23,7.02712,2550.6958447940933
2031,2024-07-24,6.30699,2289.303894932476
2032,2024-07-25,6.26863,2275.3800267466045
2033,2024-07-26,5.92332,2150.0398045551733
2034,2024-07-27,5.65475,2052.5545783122247
2035,2024-07-28,6.31585,2292.5198874279613
2036,2024-07-29,6.03842,2191.8186686895274
2037,2024-07-30,5.64294,2048.2677982477007
2038,2024-07-31,6.12106,2221.815239776087
2039,2024-08-01,7.04187,2556.0497826392866
2040,2024-08-02,5.73148,2080.4059444723375
2041,2024-08-03,5.68721,2064.336871360019
2042,2024-08-04,6.12106,2221.815239776087
2043,2024-08-05,5.91151,2145.7530244906493
2044,2024-08-06,6.09155,2211.103734297331
2045,2024-08-07,6.07679,2205.7461666637682
2046,2024-08-08,6.02366,2186.4611010559643
2047,2024-08-09,5.21205,1891.863847189041
2048,2024-08-10,6.06203,2200.3885990302056
2049,2024-08-11,5.91447,2146.8274418480573
2050,2024-08-12,5.8702,2130.758368735739
2051,2024-08-13,5.93808,2155.397372188736
2052,2024-08-14,5.47767,1988.2782858629512
2053,2024-08-15,5.56326,2019.3456445185493
2054,2024-08-16,6.07679,2205.7461666637682
2055,2024-08-17,5.09104,1847.9397781282405
2056,2024-08-18,5.7728,2095.404230015617
2057,2024-08-19,6.36897,2311.8013232473954
2058,2024-08-20,6.58442,2390.00511367091
2059,2024-08-21,6.86479,2491.773490190013
2060,2024-08-22,6.80282,2469.279691663463
2061,2024-08-23,6.85004,2486.41955234482
2062,2024-08-24,6.72313,2440.3539081459426
2063,2024-08-25,6.75264,2451.065413624698
2064,2024-08-26,7.07729,2568.906493044489
2065,2024-08-27,6.48112,2352.5093998127104
2066,2024-08-28,10.23817,3716.239039221693
2067,2024-08-29,7.80037,2831.3692304751453
2068,2024-08-30,6.74674,2448.9238384866208
2069,2024-08-31,6.71428,2437.141545438826
2070,2024-09-01,6.84709,2485.3487647757815
2071,2024-09-02,6.9917,2537.839134388891
2072,2024-09-03,7.16288,2599.9738517000874
2073,2024-09-04,6.86184,2490.7027026209744
2074,2024-09-05,6.59917,2395.359051516103
2075,2024-09-06,6.82052,2475.704417077695
2076,2024-09-07,7.1068,2579.6179985232448
2077,2024-09-08,8.03647,2917.06853388193
2078,2024-09-09,8.50278,3086.329195345792
2079,2024-09-10,7.51704,2728.526436598634
2080,2024-09-11,6.71723,2438.212333007865
2081,2024-09-12,6.60803,2398.5750440115885
2082,2024-09-13,5.48652,1991.490648570067
2083,2024-09-14,6.14762,2231.4559576858037
2084,2024-09-15,5.97644,2169.3212403746074
2085,2024-09-16,6.0945,2212.1745218663696
2086,2024-09-17,5.9853,2172.537232870093
2087,2024-09-18,7.55245,2741.379517215467
2088,2024-09-19,8.05713,2924.5676766535703
2089,2024-09-20,7.30749,2652.4642213131965
2090,2024-09-21,9.42655,3421.6381555664007
2091,2024-09-22,9.14617,3319.866149258927
2092,2024-09-23,9.07534,3294.156358236892
2093,2024-09-24,8.39949,3048.8371112759623
2094,2024-09-25,9.44426,3428.0665107690015
2095,2024-09-26,9.24062,3354.149500410011
2096,2024-09-27,7.15403,2596.7614889929714
2097,2024-09-28,6.95333,2523.91163641465
2098,2024-09-29,8.03352,2915.997746312891
2099,2024-09-30,9.08125,3296.3015631633393
