,date,마뗑킴,마뗑킴_absolute
0,2019-01-01,0.23315,84.62851583774618
1,2019-01-02,0.28923,104.98436901458857
2,2019-01-03,0.29808,108.1967317217044
3,2019-01-04,0.39842,144.61802822249552
4,2019-01-05,0.29218,106.05515658362718
5,2019-01-06,0.27742,100.69758895006453
6,2019-01-07,0.44565,161.7615186922221
7,2019-01-08,0.37481,136.04809788181703
8,2019-01-09,0.48992,177.83059180454046
9,2019-01-10,0.31579,114.62508692430566
10,2019-01-11,0.30398,110.3383068597816
11,2019-01-12,0.21839,79.27094820418351
12,2019-01-13,0.24496,88.91529590227023
13,2019-01-14,0.32169,116.76666206238286
14,2019-01-15,0.38662,140.3348779463411
15,2019-01-16,0.42794,155.33316348962083
16,2019-01-17,0.31284,113.55429935526706
17,2019-01-18,0.36006,130.694160036624
18,2019-01-19,0.23905,86.7700909758234
19,2019-01-20,0.24496,88.91529590227023
20,2019-01-21,0.788,286.02732352624486
21,2019-01-22,0.42794,155.33316348962083
22,2019-01-23,0.56075,203.54038282657586
23,2019-01-24,0.51058,185.32973457618033
24,2019-01-25,0.64929,235.6785290512126
25,2019-01-26,0.39252,142.4764530844183
26,2019-01-27,0.66404,241.0324668964056
27,2019-01-28,0.60207,218.53866836985563
28,2019-01-29,0.36891,133.90652274373983
29,2019-01-30,0.45745,166.04466896837653
30,2019-01-31,0.51648,187.47130971425756
31,2019-02-01,0.61387,222.82181864601006
32,2019-02-02,0.33645,122.12422969594554
33,2019-02-03,0.39547,143.54724065345692
34,2019-02-04,0.28037,101.76837651910313
35,2019-02-05,0.25971,94.26923374746326
36,2019-02-06,0.37481,136.04809788181703
37,2019-02-07,0.53123,192.82524755945056
38,2019-02-08,0.6729,244.2484593918911
39,2019-02-09,0.39252,142.4764530844183
40,2019-02-10,0.62568,227.10859871053412
41,2019-02-11,0.61977,224.9633937840873
42,2019-02-12,0.46335,168.18624410645373
43,2019-02-13,0.38662,140.3348779463411
44,2019-02-14,0.54894,199.25360276205183
45,2019-02-15,0.35415,128.5489551101772
46,2019-02-16,0.26266,95.34002131650188
47,2019-02-17,1.33105,483.1429809385891
48,2019-02-18,1.47566,535.6333505516985
49,2019-02-19,1.13331,411.36754571767585
50,2019-02-20,0.83227,302.0963966385632
51,2019-02-21,0.69946,253.88917730160813
52,2019-02-22,0.5578,202.46959525753726
53,2019-02-23,0.50172,182.1137420806949
54,2019-02-24,0.60797,220.68024350793286
55,2019-02-25,0.66109,239.961679327367
56,2019-02-26,0.76439,277.4573931855664
57,2019-02-27,1.21299,440.28969944682706
58,2019-02-28,0.5578,202.46959525753726
59,2019-03-01,0.48401,175.68538687809362
60,2019-03-02,0.54894,199.25360276205183
61,2019-03-03,0.71717,260.3175325042094
62,2019-03-04,1.05362,382.4417622001549
63,2019-03-05,0.71717,260.3175325042094
64,2019-03-06,0.7762,281.7441732500904
65,2019-03-07,0.88539,321.3778324579974
66,2019-03-08,0.61387,222.82181864601006
67,2019-03-09,0.41023,148.90480828701956
68,2019-03-10,0.48696,176.75617444713222
69,2019-03-11,0.62863,228.17938627957273
70,2019-03-12,0.74078,268.88746284488786
71,2019-03-13,0.91491,332.09296772512266
72,2019-03-14,0.86178,312.80790211731886
73,2019-03-15,0.52533,190.68367242137333
74,2019-03-16,0.37777,137.12251523922527
75,2019-03-17,0.5637,204.6111703956145
76,2019-03-18,0.7762,281.7441732500904
77,2019-03-19,0.72307,262.4591076422866
78,2019-03-20,1.07428,389.9409049717948
79,2019-03-21,0.52533,190.68367242137333
80,2019-03-22,0.82342,298.8840339314474
81,2019-03-23,0.46335,168.18624410645373
82,2019-03-24,0.6729,244.2484593918911
83,2019-03-25,0.98279,356.7319711781195
84,2019-03-26,1.03591,376.0134069975537
85,2019-03-27,0.81161,294.5972538669233
86,2019-03-28,0.58141,211.03952559821576
87,2019-03-29,0.5755,208.89432067176892
88,2019-03-30,0.30398,110.3383068597816
89,2019-03-31,0.46926,170.3314490329006
90,2019-04-01,0.6729,244.2484593918911
91,2019-04-02,1.37236,498.13763669349925
92,2019-04-03,0.81456,295.6680414359619
93,2019-04-04,0.70241,254.95996487064676
94,2019-04-05,0.60207,218.53866836985563
95,2019-04-06,0.3335,121.05344212690693
96,2019-04-07,0.50467,183.18452964973346
97,2019-04-08,0.59026,214.2518883053316
98,2019-04-09,1.04182,378.1586119240005
99,2019-04-10,0.61092,221.75103107697146
100,2019-04-11,0.84703,307.45396427212586
101,2019-04-12,0.71127,258.1759573661322
102,2019-04-13,0.37481,136.04809788181703
103,2019-04-14,0.46926,170.3314490329006
104,2019-04-15,0.6729,244.2484593918911
105,2019-04-16,0.57846,209.96873802917713
106,2019-04-17,0.63748,231.39174898668855
107,2019-04-18,0.75849,275.31581804748913
108,2019-04-19,0.5755,208.89432067176892
109,2019-04-20,0.37186,134.97731031277846
110,2019-04-21,0.45155,163.90309383029933
111,2019-04-22,0.59912,217.46788080081703
112,2019-04-23,0.90901,329.95139258704546
113,2019-04-24,0.62568,227.10859871053412
114,2019-04-25,0.92081,334.2345428631999
115,2019-04-26,0.69061,250.6768145944923
116,2019-04-27,0.37777,137.12251523922527
117,2019-04-28,0.47221,171.4022366019392
118,2019-04-29,0.80866,293.5264662978847
119,2019-04-30,0.83227,302.0963966385632
120,2019-05-01,0.62273,226.0378111414955
121,2019-05-02,0.60207,218.53866836985563
122,2019-05-03,0.53123,192.82524755945056
123,2019-05-04,0.36596,132.83573517470123
124,2019-05-05,0.41908,152.1171709941354
125,2019-05-06,0.46926,170.3314490329006
126,2019-05-07,0.93557,339.5921104967626
127,2019-05-08,0.63158,229.25017384861133
128,2019-05-09,0.78505,284.95653595720626
129,2019-05-10,0.67585,245.31924696092966
130,2019-05-11,0.34235,124.26580483402275
131,2019-05-12,0.38367,139.2640903773025
132,2019-05-13,0.68175,247.46082209900686
133,2019-05-14,0.62863,228.17938627957273
134,2019-05-15,0.82637,299.954821500486
135,2019-05-16,0.5696,206.7527455336917
136,2019-05-17,0.84703,307.45396427212586
137,2019-05-18,0.43089,156.40395105865943
138,2019-05-19,0.44269,160.68710133481386
139,2019-05-20,0.76144,276.3866056165278
140,2019-05-21,0.64043,232.46253655572716
141,2019-05-22,0.8913,323.5230373844442
142,2019-05-23,0.58436,212.11031316725436
143,2019-05-24,0.47516,172.4730241709778
144,2019-05-25,0.32169,116.76666206238286
145,2019-05-26,0.37777,137.12251523922527
146,2019-05-27,0.48401,175.68538687809362
147,2019-05-28,0.37481,136.04809788181703
148,2019-05-29,1.07723,391.0116925408334
149,2019-05-30,0.66995,243.17767182285246
150,2019-05-31,0.87064,316.0238946128043
151,2019-06-01,0.54009,196.041240054936
152,2019-06-02,0.88539,321.3778324579974
153,2019-06-03,0.8972,325.6646125225214
154,2019-06-04,1.13921,413.50912085575305
155,2019-06-05,0.95918,348.16204083744105
156,2019-06-06,0.66404,241.0324668964056
157,2019-06-07,0.65519,237.82010418928982
158,2019-06-08,0.54009,196.041240054936
159,2019-06-09,0.49877,181.04295451165626
160,2019-06-10,0.69946,253.88917730160813
161,2019-06-11,0.85883,311.73711454828026
162,2019-06-12,0.76734,278.528180754605
163,2019-06-13,0.77029,279.5989683236436
164,2019-06-14,0.64634,234.607741482174
165,2019-06-15,0.60502,219.60945593889423
166,2019-06-16,0.69356,251.74760216353093
167,2019-06-17,0.73488,266.74588770681066
168,2019-06-18,1.18643,430.64898153711005
169,2019-06-19,0.87064,316.0238946128043
170,2019-06-20,1.18053,428.5074063990328
171,2019-06-21,0.8972,325.6646125225214
172,2019-06-22,0.54009,196.041240054936
173,2019-06-23,0.4545,164.97388139933793
174,2019-06-24,0.84112,305.308759345679
175,2019-06-25,0.70536,256.03075243968533
176,2019-06-26,0.61092,221.75103107697146
177,2019-06-27,0.51058,185.32973457618033
178,2019-06-28,0.48106,174.614599309055
179,2019-06-29,0.43679,158.54552619673666
180,2019-06-30,0.43679,158.54552619673666
181,2019-07-01,0.49877,181.04295451165626
182,2019-07-02,0.44269,160.68710133481386
183,2019-07-03,0.54009,196.041240054936
184,2019-07-04,1.0064,365.301901518798
185,2019-07-05,0.55485,201.39880768849866
186,2019-07-06,0.46631,169.26066146386196
187,2019-07-07,0.73193,265.67510013777206
188,2019-07-08,0.79685,289.23968623336066
189,2019-07-09,0.87949,319.2362573199201
190,2019-07-10,0.81161,294.5972538669233
191,2019-07-11,0.84112,305.308759345679
192,2019-07-12,0.58436,212.11031316725436
193,2019-07-13,0.38662,140.3348779463411
194,2019-07-14,0.47811,173.5438117400164
195,2019-07-15,0.66404,241.0324668964056
196,2019-07-16,0.73193,265.67510013777206
197,2019-07-17,0.83817,304.2379717766404
198,2019-07-18,0.65814,238.8908917583284
199,2019-07-19,0.7939,288.16889866432206
200,2019-07-20,0.43974,159.61631376577526
201,2019-07-21,0.39547,143.54724065345692
202,2019-07-22,0.61977,224.9633937840873
203,2019-07-23,0.52533,190.68367242137333
204,2019-07-24,0.81751,296.7388290050005
205,2019-07-25,0.52828,191.75445999041196
206,2019-07-26,0.72012,261.388320073248
207,2019-07-27,0.47516,172.4730241709778
208,2019-07-28,0.35415,128.5489551101772
209,2019-07-29,0.9031,327.80618766059865
210,2019-07-30,0.64929,235.6785290512126
211,2019-07-31,0.68766,249.60602702545373
212,2019-08-01,0.667,242.10688425381386
213,2019-08-02,0.48992,177.83059180454046
214,2019-08-03,0.37186,134.97731031277846
215,2019-08-04,0.38367,139.2640903773025
216,2019-08-05,0.52828,191.75445999041196
217,2019-08-06,0.49582,179.97216694261766
218,2019-08-07,0.46631,169.26066146386196
219,2019-08-08,0.42204,153.19158835154363
220,2019-08-09,0.40433,146.76323314894236
221,2019-08-10,0.27152,98.5560138119873
222,2019-08-11,0.39842,144.61802822249552
223,2019-08-12,0.65519,237.82010418928982
224,2019-08-13,1.04772,380.3001870620777
225,2019-08-14,1.37532,499.21205405090745
226,2019-08-15,0.83817,304.2379717766404
227,2019-08-16,1.02411,371.73025672139926
228,2019-08-17,0.55189,200.32439033109043
229,2019-08-18,0.5696,206.7527455336917
230,2019-08-19,1.08609,394.22768503631886
231,2019-08-20,1.31039,475.6438381669492
232,2019-08-21,1.35466,491.7129112792676
233,2019-08-22,0.84408,306.38317670308726
234,2019-08-23,0.81161,294.5972538669233
235,2019-08-24,0.59616,216.3934634434088
236,2019-08-25,0.80866,293.5264662978847
237,2019-08-26,0.83522,303.1671842076018
238,2019-08-27,0.92376,335.3053304322385
239,2019-08-28,1.09494,397.4400477434347
240,2019-08-29,0.79095,287.09811109528346
241,2019-08-30,1.13626,412.43833328671445
242,2019-08-31,0.73193,265.67510013777206
243,2019-09-01,0.8913,323.5230373844442
244,2019-09-02,1.58486,575.2706395479751
245,2019-09-03,2.50568,909.5088121995446
246,2019-09-04,1.44615,524.9218450729429
247,2019-09-05,1.64094,595.6264927248176
248,2019-09-06,1.74718,634.1893643636859
249,2019-09-07,1.2189,442.4349043732739
250,2019-09-08,1.27497,462.78712776174666
251,2019-09-09,2.3463,851.6572451645028
252,2019-09-10,1.69406,614.9079285442517
253,2019-09-11,1.27202,461.71634019270806
254,2019-09-12,1.11855,406.00997808411313
255,2019-09-13,1.0005,363.16032638072073
256,2019-09-14,1.0064,365.301901518798
257,2019-09-15,1.07133,388.8701174027562
258,2019-09-16,1.52583,553.8439988020941
259,2019-09-17,1.43729,521.7058525774574
260,2019-09-18,1.25136,454.21719742106825
261,2019-09-19,1.20119,436.00654917067266
262,2019-09-20,1.45795,529.2049953490973
263,2019-09-21,0.7762,281.7441732500904
264,2019-09-22,1.18053,428.5074063990328
265,2019-09-23,1.84753,670.6142906528465
266,2019-09-24,1.59667,579.5574196124992
267,2019-09-25,1.43139,519.5642774393802
268,2019-09-26,1.27202,461.71634019270806
269,2019-09-27,1.29858,471.3570581024252
270,2019-09-28,0.92081,334.2345428631999
271,2019-09-29,0.7762,281.7441732500904
272,2019-09-30,1.26021,457.42956012818405
273,2019-10-01,1.26907,460.64555262366946
274,2019-10-02,1.05657,383.5125497691936
275,2019-10-03,1.16577,423.1498387654701
276,2019-10-04,1.13036,410.29675814863725
277,2019-10-05,1.1215,407.08076565315173
278,2019-10-06,1.7826,647.0460747688884
279,2019-10-07,1.62028,588.1273499531776
280,2019-10-08,1.91246,694.1825065368049
281,2019-10-09,1.52583,553.8439988020941
282,2019-10-10,1.56715,568.8422843453739
283,2019-10-11,1.60552,582.769782319615
284,2019-10-12,1.08018,392.082480109872
285,2019-10-13,1.13331,411.36754571767585
286,2019-10-14,1.20709,438.14812430874986
287,2019-10-15,1.54649,561.343141573734
288,2019-10-16,1.63798,594.5520753674093
289,2019-10-17,3.11955,1132.3306308455547
290,2019-10-18,1.67635,608.4795733416504
291,2019-10-19,0.96508,350.30361597551826
292,2019-10-20,0.99459,361.0151214542739
293,2019-10-21,1.74423,633.1185767946472
294,2019-10-22,2.79786,1015.5639687831718
295,2019-10-23,1.53174,555.989203728541
296,2019-10-24,1.56125,566.7007092072967
297,2019-10-25,1.21004,439.21891187778846
298,2019-10-26,1.46681,532.4209878445828
299,2019-10-27,1.39893,507.7819843915859
300,2019-10-28,2.21054,802.3792382585092
301,2019-10-29,1.71767,623.4778588849302
302,2019-10-30,1.57601,572.0582768408593
303,2019-10-31,2.24891,816.3067362327504
304,2019-11-01,1.24546,452.075622282991
305,2019-11-02,1.09789,398.5108353124733
306,2019-11-03,1.2366,448.8596297875055
307,2019-11-04,2.47026,896.6521017943422
308,2019-11-05,1.82392,662.0443603121681
309,2019-11-06,1.45795,529.2049953490973
310,2019-11-07,1.76784,641.6885071353258
311,2019-11-08,1.40188,508.8527719606245
312,2019-11-09,1.70587,619.1947086087757
313,2019-11-10,1.65864,602.0512181390492
314,2019-11-11,1.89475,687.7541513342036
315,2019-11-12,2.15152,780.9562273009979
316,2019-11-13,1.52288,552.7732112330556
317,2019-11-14,1.73538,629.9062140875315
318,2019-11-15,1.33695,485.2845560766663
319,2019-11-16,1.14511,415.65069599383025
320,2019-11-17,1.19233,432.7905566751872
321,2019-11-18,1.43729,521.7058525774574
322,2019-11-19,1.79736,652.403642402451
323,2019-11-20,1.46681,532.4209878445828
324,2019-11-21,1.2189,442.4349043732739
325,2019-11-22,1.13626,412.43833328671445
326,2019-11-23,1.0064,365.301901518798
327,2019-11-24,1.13036,410.29675814863725
328,2019-11-25,3.26712,1185.8954178160723
329,2019-11-26,1.69406,614.9079285442517
330,2019-11-27,2.64734,960.9283942436155
331,2019-11-28,1.9951,724.1790776233644
332,2019-11-29,1.96853,714.5347299252776
333,2019-11-30,1.14216,414.57990842479165
334,2019-12-01,1.38712,503.49520432706186
335,2019-12-02,1.5524,563.4883465001808
336,2019-12-03,1.39007,504.56599189610046
337,2019-12-04,1.17463,426.3658312609556
338,2019-12-05,1.10379,400.6524104505505
339,2019-12-06,1.24841,453.1464098520296
340,2019-12-07,0.9031,327.80618766059865
341,2019-12-08,0.92966,337.4469055703157
342,2019-12-09,1.70587,619.1947086087757
343,2019-12-10,1.18348,429.57819396807145
344,2019-12-11,1.0182,369.5850517949524
345,2019-12-12,1.17758,427.4366188299942
346,2019-12-13,1.51993,551.7024236640169
347,2019-12-14,0.87064,316.0238946128043
348,2019-12-15,0.88835,322.4522498154056
349,2019-12-16,1.35761,492.7836988483062
350,2019-12-17,2.4378,884.8698087465478
351,2019-12-18,6.00891,2181.1071632107714
352,2019-12-19,2.03641,739.1737333782745
353,2019-12-20,1.60257,581.6989947505764
354,2019-12-21,0.95032,344.9460483419556
355,2019-12-22,1.05362,382.4417622001549
356,2019-12-23,1.38122,501.3536291889846
357,2019-12-24,1.05067,381.3709746311163
358,2019-12-25,1.09789,398.5108353124733
359,2019-12-26,1.52583,553.8439988020941
360,2019-12-27,1.48747,539.9201306162227
361,2019-12-28,1.10674,401.7231980195891
362,2019-12-29,0.97689,354.5903960400423
363,2019-12-30,1.26907,460.64555262366946
364,2019-12-31,0.87359,317.0946821818429
365,2020-01-01,0.90605,328.87697522963725
366,2020-01-02,1.09199,396.36926017439606
367,2020-01-03,1.21004,439.21891187778846
368,2020-01-04,1.13626,412.43833328671445
369,2020-01-05,0.91196,331.02218015608406
370,2020-01-06,1.36351,494.9252739863834
371,2020-01-07,1.54649,561.343141573734
372,2020-01-08,1.33105,483.1429809385891
373,2020-01-09,1.66455,604.196423065496
374,2020-01-10,1.2189,442.4349043732739
375,2020-01-11,0.98869,358.8735463161967
376,2020-01-12,1.12445,408.1515532221904
377,2020-01-13,1.34875,489.5677063528207
378,2020-01-14,1.12445,408.1515532221904
379,2020-01-15,1.28973,468.1446953953094
380,2020-01-16,1.29563,470.2862705333866
381,2020-01-17,1.18053,428.5074063990328
382,2020-01-18,0.83817,304.2379717766404
383,2020-01-19,0.94147,341.7336856348398
384,2020-01-20,1.08904,395.29847260535746
385,2020-01-21,1.13921,413.50912085575305
386,2020-01-22,1.70882,620.2654961778144
387,2020-01-23,1.10084,399.5816228815119
388,2020-01-24,1.0182,369.5850517949524
389,2020-01-25,0.96803,351.37440354455686
390,2020-01-26,1.18053,428.5074063990328
391,2020-01-27,1.6616,603.1256354964574
392,2020-01-28,1.59962,580.6282071815378
393,2020-01-29,1.56715,568.8422843453739
394,2020-01-30,1.29268,469.215482964348
395,2020-01-31,1.32514,480.99777601214225
396,2020-02-01,1.31924,478.85620087406505
397,2020-02-02,1.34285,487.4261312147436
398,2020-02-03,1.90951,693.1117189677663
399,2020-02-04,1.52583,553.8439988020941
400,2020-02-05,1.52879,554.9184161595024
401,2020-02-06,1.62323,589.1981375222163
402,2020-02-07,2.36401,858.0856003671041
403,2020-02-08,2.53224,919.1495301092617
404,2020-02-09,22.37995,8123.448222273076
405,2020-02-10,11.0793,4021.551428355742
406,2020-02-11,4.30894,1564.0540297400728
407,2020-02-12,2.85984,1038.0613970980914
408,2020-02-13,2.49977,907.3636072730977
409,2020-02-14,6.86479,2491.773490190013
410,2020-02-15,2.24596,815.2359486637118
411,2020-02-16,2.38762,866.6555307077826
412,2020-02-17,1.6793,609.550360910689
413,2020-02-18,1.54649,561.343141573734
414,2020-02-19,2.01871,732.7490079640428
415,2020-02-20,2.31974,842.0165272547857
416,2020-02-21,1.90065,689.8957264722808
417,2020-02-22,1.22775,445.6472670803897
418,2020-02-23,1.18938,431.71976910614865
419,2020-02-24,1.49042,540.9909181852613
420,2020-02-25,1.36646,495.996061555422
421,2020-02-26,1.2248,444.5764795113512
422,2020-02-27,1.26612,459.57476505463086
423,2020-02-28,1.11265,403.8684029460359
424,2020-02-29,1.02116,370.65946915236066
425,2020-03-01,1.35466,491.7129112792676
426,2020-03-02,1.35761,492.7836988483062
427,2020-03-03,1.08018,392.082480109872
428,2020-03-04,1.39302,505.63677946513906
429,2020-03-05,1.36646,495.996061555422
430,2020-03-06,1.46976,533.4917754136213
431,2020-03-07,1.07428,389.9409049717948
432,2020-03-08,1.18643,430.64898153711005
433,2020-03-09,1.59667,579.5574196124992
434,2020-03-10,1.46681,532.4209878445828
435,2020-03-11,1.32809,482.06856358118085
436,2020-03-12,1.36646,495.996061555422
437,2020-03-13,1.36941,497.0668491244606
438,2020-03-14,0.99459,361.0151214542739
439,2020-03-15,1.42254,516.3519147322644
440,2020-03-16,2.10725,764.8871541886796
441,2020-03-17,1.56715,568.8422843453739
442,2020-03-18,1.60552,582.769782319615
443,2020-03-19,1.73243,628.8354265184928
444,2020-03-20,2.0128,730.603803037596
445,2020-03-21,1.72652,626.690221592046
446,2020-03-22,1.42844,518.4934898703416
447,2020-03-23,1.69701,615.9787161132903
448,2020-03-24,1.25136,454.21719742106825
449,2020-03-25,1.07133,388.8701174027562
450,2020-03-26,1.1156,404.93919051507453
451,2020-03-27,0.95032,344.9460483419556
452,2020-03-28,0.87654,318.1654697508815
453,2020-03-29,0.88539,321.3778324579974
454,2020-03-30,1.31629,477.7854133050264
455,2020-03-31,1.28087,464.92870289982386
456,2020-04-01,1.30744,474.5730505979106
457,2020-04-02,1.16872,424.2206263345087
458,2020-04-03,1.24546,452.075622282991
459,2020-04-04,0.87064,316.0238946128043
460,2020-04-05,0.93852,340.6628980658012
461,2020-04-06,1.08313,393.1532676789106
462,2020-04-07,1.58486,575.2706395479751
463,2020-04-08,1.74718,634.1893643636859
464,2020-04-09,1.47566,535.6333505516985
465,2020-04-10,1.27792,463.85791533078526
466,2020-04-11,0.96508,350.30361597551826
467,2020-04-12,1.18938,431.71976910614865
468,2020-04-13,1.39893,507.7819843915859
469,2020-04-14,1.33105,483.1429809385891
470,2020-04-15,1.11265,403.8684029460359
471,2020-04-16,1.32809,482.06856358118085
472,2020-04-17,1.34875,489.5677063528207
473,2020-04-18,0.79095,287.09811109528346
474,2020-04-19,1.29268,469.215482964348
475,2020-04-20,1.67635,608.4795733416504
476,2020-04-21,1.61437,585.9821450267309
477,2020-04-22,1.51698,550.6316360949783
478,2020-04-23,1.13036,410.29675814863725
479,2020-04-24,1.59371,578.4830022550909
480,2020-04-25,0.93262,338.52132292772393
481,2020-04-26,0.92081,334.2345428631999
482,2020-04-27,1.42844,518.4934898703416
483,2020-04-28,1.6793,609.550360910689
484,2020-04-29,2.36992,860.230805293551
485,2020-04-30,1.23955,449.9304173565441
486,2020-05-01,1.15397,418.86668848931566
487,2020-05-02,0.91786,333.1637552941613
488,2020-05-03,1.06247,385.6541249072708
489,2020-05-04,1.69701,615.9787161132903
490,2020-05-05,0.97689,354.5903960400423
491,2020-05-06,1.37532,499.21205405090745
492,2020-05-07,1.10379,400.6524104505505
493,2020-05-08,1.36351,494.9252739863834
494,2020-05-09,0.95328,346.0204656993638
495,2020-05-10,0.82342,298.8840339314474
496,2020-05-11,1.27792,463.85791533078526
497,2020-05-12,1.40778,510.9943470987018
498,2020-05-13,1.26021,457.42956012818405
499,2020-05-14,1.30153,472.4278456714638
500,2020-05-15,1.35171,490.64212371022893
501,2020-05-16,0.83227,302.0963966385632
502,2020-05-17,0.98279,356.7319711781195
503,2020-05-18,1.30153,472.4278456714638
504,2020-05-19,1.53469,557.0599912975796
505,2020-05-20,1.75014,635.2637817210941
506,2020-05-21,1.34285,487.4261312147436
507,2020-05-22,1.30153,472.4278456714638
508,2020-05-23,0.97984,355.6611836090809
509,2020-05-24,1.1274,409.222340791229
510,2020-05-25,1.58191,574.1998519789365
511,2020-05-26,1.52879,554.9184161595024
512,2020-05-27,1.51403,549.5608485259397
513,2020-05-28,1.36646,495.996061555422
514,2020-05-29,1.31039,475.6438381669492
515,2020-05-30,1.05362,382.4417622001549
516,2020-05-31,1.18938,431.71976910614865
517,2020-06-01,1.70587,619.1947086087757
518,2020-06-02,3.24941,1179.4670626134712
519,2020-06-03,1.75014,635.2637817210941
520,2020-06-04,1.37532,499.21205405090745
521,2020-06-05,1.75309,636.3345692901328
522,2020-06-06,1.21299,440.28969944682706
523,2020-06-07,1.31629,477.7854133050264
524,2020-06-08,2.05117,744.5313010118371
525,2020-06-09,1.69996,617.0495036823289
526,2020-06-10,1.54944,562.4139291427725
527,2020-06-11,1.39598,506.7111968225473
528,2020-06-12,1.57896,573.1290644098979
529,2020-06-13,0.98574,357.8027587471581
530,2020-06-14,1.29563,470.2862705333866
531,2020-06-15,1.30153,472.4278456714638
532,2020-06-16,1.25431,455.28798499010685
533,2020-06-17,1.15987,421.00826362739286
534,2020-06-18,1.0182,369.5850517949524
535,2020-06-19,0.90901,329.95139258704546
536,2020-06-20,0.86474,313.8823194747271
537,2020-06-21,0.87949,319.2362573199201
538,2020-06-22,1.25726,456.35877255914545
539,2020-06-23,1.31039,475.6438381669492
540,2020-06-24,1.27497,462.78712776174666
541,2020-06-25,1.63503,593.4812877983707
542,2020-06-26,1.4432,523.8510575039043
543,2020-06-27,0.92081,334.2345428631999
544,2020-06-28,0.97984,355.6611836090809
545,2020-06-29,1.23365,447.7888422184669
546,2020-06-30,1.19528,433.8613442442258
547,2020-07-01,1.16282,422.0790511964315
548,2020-07-02,1.21004,439.21891187778846
549,2020-07-03,1.16872,424.2206263345087
550,2020-07-04,0.83817,304.2379717766404
551,2020-07-05,0.93557,339.5921104967626
552,2020-07-06,1.20119,436.00654917067266
553,2020-07-07,1.72062,624.5486464539688
554,2020-07-08,1.28678,467.0739078262708
555,2020-07-09,1.42549,517.4227023013029
556,2020-07-10,1.14216,414.57990842479165
557,2020-07-11,0.84112,305.308759345679
558,2020-07-12,0.95623,347.09125326840245
559,2020-07-13,1.15987,421.00826362739286
560,2020-07-14,1.1097,402.7976153769973
561,2020-07-15,1.32219,479.92698844310365
562,2020-07-16,1.28678,467.0739078262708
563,2020-07-17,1.03591,376.0134069975537
564,2020-07-18,0.75554,274.24503047845053
565,2020-07-19,0.85293,309.59553941020306
566,2020-07-20,1.04182,378.1586119240005
567,2020-07-21,1.20709,438.14812430874986
568,2020-07-22,1.0064,365.301901518798
569,2020-07-23,0.97689,354.5903960400423
570,2020-07-24,1.05657,383.5125497691936
571,2020-07-25,1.03591,376.0134069975537
572,2020-07-26,1.21594,441.3604870158657
573,2020-07-27,1.41959,515.2811271632257
574,2020-07-28,2.07478,753.1012313525156
575,2020-07-29,3.14021,1139.8297736171946
576,2020-07-30,5.45111,1978.637567953234
577,2020-07-31,1.95968,711.3223672181618
578,2020-08-01,1.6616,603.1256354964574
579,2020-08-02,1.39893,507.7819843915859
580,2020-08-03,1.3458,488.4969187837822
581,2020-08-04,1.38712,503.49520432706186
582,2020-08-05,1.13331,411.36754571767585
583,2020-08-06,1.07133,388.8701174027562
584,2020-08-07,1.6793,609.550360910689
585,2020-08-08,1.19233,432.7905566751872
586,2020-08-09,1.02411,371.73025672139926
587,2020-08-10,1.53469,557.0599912975796
588,2020-08-11,3.0015,1089.4809791421624
589,2020-08-12,3.14316,1140.900561186233
590,2020-08-13,3.1048,1126.9766930003616
591,2020-08-14,2.76539,1003.778045947008
592,2020-08-15,2.17513,789.5261576416763
593,2020-08-16,2.27842,827.0182417115061
594,2020-08-17,2.47026,896.6521017943422
595,2020-08-18,2.27842,827.0182417115061
596,2020-08-19,2.26072,820.5935162972745
597,2020-08-20,1.96263,712.3931547872005
598,2020-08-21,2.04232,741.3189383047213
599,2020-08-22,1.54944,562.4139291427725
600,2020-08-23,1.52288,552.7732112330556
601,2020-08-24,2.06003,747.7472935073225
602,2020-08-25,2.26072,820.5935162972745
603,2020-08-26,2.18398,792.7385203487921
604,2020-08-27,1.68816,612.7663534061745
605,2020-08-28,1.64979,598.8388554319334
606,2020-08-29,1.38712,503.49520432706186
607,2020-08-30,1.41959,515.2811271632257
608,2020-08-31,2.47616,898.7936769324194
609,2020-09-01,1.82687,663.1151478812068
610,2020-09-02,2.34926,852.7316625219112
611,2020-09-03,1.96263,712.3931547872005
612,2020-09-04,2.05707,746.6728761499143
613,2020-09-05,1.58191,574.1998519789365
614,2020-09-06,1.64979,598.8388554319334
615,2020-09-07,1.77965,645.9752871998497
616,2020-09-08,2.06593,749.8888686453997
617,2020-09-09,1.70882,620.2654961778144
618,2020-09-10,1.83277,665.256723019284
619,2020-09-11,1.69111,613.8371409752131
620,2020-09-12,1.68816,612.7663534061745
621,2020-09-13,1.69406,614.9079285442517
622,2020-09-14,1.76489,640.6177195662872
623,2020-09-15,1.46976,533.4917754136213
624,2020-09-16,1.60847,583.8405698886536
625,2020-09-17,1.55535,564.5591340692195
626,2020-09-18,1.24841,453.1464098520296
627,2020-09-19,3.98134,1445.1421627512432
628,2020-09-20,4.57751,1661.5392559830218
629,2020-09-21,2.789,1012.3479762876865
630,2020-09-22,2.40828,874.1546734794225
631,2020-09-23,2.64439,959.8576066745769
632,2020-09-24,2.96018,1074.4826935988824
633,2020-09-25,2.31974,842.0165272547857
634,2020-09-26,1.85048,671.6850782218852
635,2020-09-27,1.91246,694.1825065368049
636,2020-09-28,1.83868,667.4019279457308
637,2020-09-29,1.455,528.1342077800588
638,2020-09-30,1.37532,499.21205405090745
639,2020-10-01,1.69701,615.9787161132903
640,2020-10-02,1.48747,539.9201306162227
641,2020-10-03,1.42549,517.4227023013029
642,2020-10-04,1.95673,710.2515796491232
643,2020-10-05,3.19924,1161.2564143630757
644,2020-10-06,2.27252,824.8766665734289
645,2020-10-07,2.1102,765.9579417577181
646,2020-10-08,1.37827,500.2828416199461
647,2020-10-09,1.25431,455.28798499010685
648,2020-10-10,1.27497,462.78712776174666
649,2020-10-11,1.50517,546.3448560304543
650,2020-10-12,1.91541,695.2532941058435
651,2020-10-13,1.58191,574.1998519789365
652,2020-10-14,1.7826,647.0460747688884
653,2020-10-15,1.77079,642.7592947043644
654,2020-10-16,1.72062,624.5486464539688
655,2020-10-17,1.41663,514.2067098058176
656,2020-10-18,1.74128,632.0477892256087
657,2020-10-19,1.95378,709.1807920800846
658,2020-10-20,1.76194,639.5469319972485
659,2020-10-21,1.64979,598.8388554319334
660,2020-10-22,1.5524,563.4883465001808
661,2020-10-23,1.49337,542.0617057542999
662,2020-10-24,1.51993,551.7024236640169
663,2020-10-25,1.64684,597.7680678628948
664,2020-10-26,1.5642,567.7714967763353
665,2020-10-27,1.5701,569.9130719144125
666,2020-10-28,1.60847,583.8405698886536
667,2020-10-29,2.09544,760.6003741241555
668,2020-10-30,1.95673,710.2515796491232
669,2020-10-31,1.59667,579.5574196124992
670,2020-11-01,1.6675,605.2672106345346
671,2020-11-02,1.75309,636.3345692901328
672,2020-11-03,1.68225,610.6211484797277
673,2020-11-04,2.03937,740.2481507356827
674,2020-11-05,3.09004,1121.6191253667992
675,2020-11-06,1.61437,585.9821450267309
676,2020-11-07,1.42254,516.3519147322644
677,2020-11-08,1.50517,546.3448560304543
678,2020-11-09,1.98919,722.0338726969175
679,2020-11-10,1.7767,644.9044996308112
680,2020-11-11,2.47911,899.864464501458
681,2020-11-12,3.02216,1096.9801219138021
682,2020-11-13,1.91836,696.3240816748821
683,2020-11-14,1.26612,459.57476505463086
684,2020-11-15,1.56125,566.7007092072967
685,2020-11-16,2.12791,772.3862969603193
686,2020-11-17,2.26957,823.8058790043902
687,2020-11-18,1.98919,722.0338726969175
688,2020-11-19,1.69996,617.0495036823289
689,2020-11-20,1.39893,507.7819843915859
690,2020-11-21,1.36941,497.0668491244606
691,2020-11-22,1.64979,598.8388554319334
692,2020-11-23,2.13971,776.6694472364738
693,2020-11-24,2.05412,745.6020885808758
694,2020-11-25,1.49632,543.1324933233385
695,2020-11-26,2.48207,900.9388818588662
696,2020-11-27,1.52879,554.9184161595024
697,2020-11-28,1.34875,489.5677063528207
698,2020-11-29,1.56715,568.8422843453739
699,2020-11-30,1.58191,574.1998519789365
700,2020-12-01,1.74718,634.1893643636859
701,2020-12-02,2.3286,845.2325197502712
702,2020-12-03,1.54944,562.4139291427725
703,2020-12-04,1.84163,668.4727155147694
704,2020-12-05,1.30448,473.49863324050244
705,2020-12-06,1.27792,463.85791533078526
706,2020-12-07,1.61142,584.9113574576922
707,2020-12-08,1.4432,523.8510575039043
708,2020-12-09,1.56715,568.8422843453739
709,2020-12-10,2.06888,750.9596562144384
710,2020-12-11,2.13381,774.5278720983966
711,2020-12-12,1.56125,566.7007092072967
712,2020-12-13,1.80916,656.6867926786056
713,2020-12-14,2.02461,734.89058310212
714,2020-12-15,1.92131,697.3948692439207
715,2020-12-16,2.32565,844.1617321812327
716,2020-12-17,2.15447,782.0270148700364
717,2020-12-18,1.95968,711.3223672181618
718,2020-12-19,1.72357,625.6194340230074
719,2020-12-20,1.72948,627.7646389494543
720,2020-12-21,1.49042,540.9909181852613
721,2020-12-22,1.69406,614.9079285442517
722,2020-12-23,1.85343,672.7558657909238
723,2020-12-24,1.88885,685.6125761961264
724,2020-12-25,1.72948,627.7646389494543
725,2020-12-26,1.67635,608.4795733416504
726,2020-12-27,1.48156,537.7749256897757
727,2020-12-28,2.49977,907.3636072730977
728,2020-12-29,3.03101,1100.192484620918
729,2020-12-30,1.57896,573.1290644098979
730,2020-12-31,1.38712,503.49520432706186
731,2021-01-01,1.26612,459.57476505463086
732,2021-01-02,1.29858,471.3570581024252
733,2021-01-03,1.24546,452.075622282991
734,2021-01-04,1.34875,489.5677063528207
735,2021-01-05,1.455,528.1342077800588
736,2021-01-06,1.24546,452.075622282991
737,2021-01-07,1.21299,440.28969944682706
738,2021-01-08,1.29563,470.2862705333866
739,2021-01-09,1.20414,437.07733673971126
740,2021-01-10,1.19528,433.8613442442258
741,2021-01-11,1.8977,688.8249389032421
742,2021-01-12,1.92131,697.3948692439207
743,2021-01-13,1.28678,467.0739078262708
744,2021-01-14,1.26317,458.5039774855922
745,2021-01-15,1.32514,480.99777601214225
746,2021-01-16,1.19233,432.7905566751872
747,2021-01-17,1.15987,421.00826362739286
748,2021-01-18,2.46731,895.5813142253035
749,2021-01-19,3.54159,1285.5222191970984
750,2021-01-20,1.91836,696.3240816748821
751,2021-01-21,1.6616,603.1256354964574
752,2021-01-22,1.46976,533.4917754136213
753,2021-01-23,1.6616,603.1256354964574
754,2021-01-24,1.5524,563.4883465001808
755,2021-01-25,1.70291,618.1202912513675
756,2021-01-26,2.52929,918.0787425402232
757,2021-01-27,1.7885,649.1876499069656
758,2021-01-28,1.72062,624.5486464539688
759,2021-01-29,1.60552,582.769782319615
760,2021-01-30,1.5524,563.4883465001808
761,2021-01-31,1.39007,504.56599189610046
762,2021-02-01,1.6675,605.2672106345346
763,2021-02-02,1.38417,502.4244167580232
764,2021-02-03,1.42844,518.4934898703416
765,2021-02-04,1.5701,569.9130719144125
766,2021-02-05,1.37236,498.13763669349925
767,2021-02-06,1.27497,462.78712776174666
768,2021-02-07,1.51403,549.5608485259397
769,2021-02-08,1.57306,570.9874892718207
770,2021-02-09,2.1102,765.9579417577181
771,2021-02-10,1.65274,599.909643000972
772,2021-02-11,1.4609,530.275782918136
773,2021-02-12,1.51108,548.4900609569011
774,2021-02-13,2.74769,997.3533205327763
775,2021-02-14,1.95378,709.1807920800846
776,2021-02-15,2.08659,757.3880114170397
777,2021-02-16,1.96558,713.463942356239
778,2021-02-17,1.86819,678.1134334244865
779,2021-02-18,1.84163,668.4727155147694
780,2021-02-19,1.6675,605.2672106345346
781,2021-02-20,1.5524,563.4883465001808
782,2021-02-21,1.85343,672.7558657909238
783,2021-02-22,1.81506,658.8283678166827
784,2021-02-23,1.72357,625.6194340230074
785,2021-02-24,1.81506,658.8283678166827
786,2021-02-25,1.64389,596.6972802938561
787,2021-02-26,1.87409,680.2550085625637
788,2021-02-27,1.37827,500.2828416199461
789,2021-02-28,1.54354,560.2723540046953
790,2021-03-01,1.7826,647.0460747688884
791,2021-03-02,1.77965,645.9752871998497
792,2021-03-03,1.93607,702.7524368774833
793,2021-03-04,2.17513,789.5261576416763
794,2021-03-05,1.51698,550.6316360949783
795,2021-03-06,1.69701,615.9787161132903
796,2021-03-07,1.58781,576.3414271170137
797,2021-03-08,1.96558,713.463942356239
798,2021-03-09,2.60602,945.9301087003358
799,2021-03-10,2.85688,1036.9869797406832
800,2021-03-11,2.79786,1015.5639687831718
801,2021-03-12,2.36106,857.0148127980656
802,2021-03-13,1.95673,710.2515796491232
803,2021-03-14,2.23415,810.9491685991877
804,2021-03-15,2.38467,865.584743138744
805,2021-03-16,2.48502,902.0096694279048
806,2021-03-17,2.08659,757.3880114170397
807,2021-03-18,3.24056,1176.2546999063552
808,2021-03-19,2.78605,1011.2771887186477
809,2021-03-20,1.7767,644.9044996308112
810,2021-03-21,1.7885,649.1876499069656
811,2021-03-22,1.98034,718.8215099898017
812,2021-03-23,1.86819,678.1134334244865
813,2021-03-24,1.79736,652.403642402451
814,2021-03-25,1.6616,603.1256354964574
815,2021-03-26,1.73833,630.97700165657
816,2021-03-27,1.27497,462.78712776174666
817,2021-03-28,1.62913,591.3397126602935
818,2021-03-29,1.77079,642.7592947043644
819,2021-03-30,1.62323,589.1981375222163
820,2021-03-31,1.53469,557.0599912975796
821,2021-04-01,1.64979,598.8388554319334
822,2021-04-02,1.5583,565.6299216382581
823,2021-04-03,2.60897,947.0008962693743
824,2021-04-04,2.4496,889.1529590227024
825,2021-04-05,2.44665,888.0821714536636
826,2021-04-06,2.58536,938.430965928696
827,2021-04-07,2.95723,1073.411906029844
828,2021-04-08,2.79786,1015.5639687831718
829,2021-04-09,2.57356,934.1478156525416
830,2021-04-10,2.001,726.3206527614415
831,2021-04-11,1.95083,708.110004511046
832,2021-04-12,2.36696,859.1563879361429
833,2021-04-13,3.20809,1164.4687770701914
834,2021-04-14,2.71522,985.5673976966124
835,2021-04-15,2.79491,1014.4931812141332
836,2021-04-16,3.43239,1245.8849302008216
837,2021-04-17,2.24006,813.0943735256346
838,2021-04-18,2.16332,785.2393775771524
839,2021-04-19,2.58831,939.5017534977345
840,2021-04-20,2.52043,914.8627500447377
841,2021-04-21,2.58831,939.5017534977345
842,2021-04-22,2.3404,849.5156700264256
843,2021-04-23,2.27547,825.9474541424674
844,2021-04-24,2.03937,740.2481507356827
845,2021-04-25,2.1161,768.0995168957953
846,2021-04-26,2.41714,877.3706659749079
847,2021-04-27,2.20169,799.1668755513934
848,2021-04-28,2.1043,763.8163666196408
849,2021-04-29,2.49977,907.3636072730977
850,2021-04-30,2.2253,807.7368058920719
851,2021-05-01,2.0069,728.4622278995188
852,2021-05-02,1.75899,638.47614442821
853,2021-05-03,1.98624,720.9630851278789
854,2021-05-04,2.10725,764.8871541886796
855,2021-05-05,1.86524,677.0426458554479
856,2021-05-06,2.54404,923.4326803854161
857,2021-05-07,2.7772,1008.064826011532
858,2021-05-08,2.08659,757.3880114170397
859,2021-05-09,1.81211,657.7575802476441
860,2021-05-10,2.50272,908.4343948421365
861,2021-05-11,2.31089,838.80416454767
862,2021-05-12,2.91296,1057.3428329175256
863,2021-05-13,2.52929,918.0787425402232
864,2021-05-14,3.35271,1216.9627764716706
865,2021-05-15,2.77425,1006.9940384424933
866,2021-05-16,2.73588,993.0665404682521
867,2021-05-17,2.90706,1055.2012577794485
868,2021-05-18,2.37287,861.3015928625896
869,2021-05-19,2.52338,915.9335376137763
870,2021-05-20,2.65915,965.2151743081396
871,2021-05-21,2.70046,980.2098300630497
872,2021-05-22,2.49682,906.2928197040592
873,2021-05-23,2.22235,806.6660183230333
874,2021-05-24,2.40238,872.0130983413453
875,2021-05-25,2.56175,929.8610355880174
876,2021-05-26,2.65915,965.2151743081396
877,2021-05-27,2.63553,956.6416141790916
878,2021-05-28,4.23221,1536.2026635799605
879,2021-05-29,2.44075,885.9405963155864
880,2021-05-30,2.56765,932.0026107260946
881,2021-05-31,5.53965,2010.775714177871
882,2021-06-01,3.22285,1169.826344703754
883,2021-06-02,3.08119,1118.4067626596832
884,2021-06-03,3.96363,1438.713807548642
885,2021-06-04,2.80671,1018.7763314902876
886,2021-06-05,2.58831,939.5017534977345
887,2021-06-06,2.48207,900.9388818588662
888,2021-06-07,2.72703,989.8541777611364
889,2021-06-08,2.5588,928.7902480189789
890,2021-06-09,2.05412,745.6020885808758
891,2021-06-10,2.57061,933.0770280835028
892,2021-06-11,2.24596,815.2359486637118
893,2021-06-12,1.82392,662.0443603121681
894,2021-06-13,2.04232,741.3189383047213
895,2021-06-14,2.32565,844.1617321812327
896,2021-06-15,2.4437,887.0113838846252
897,2021-06-16,2.5647,930.9318231570561
898,2021-06-17,2.46436,894.5105266562649
899,2021-06-18,5.19729,1886.5062795554784
900,2021-06-19,3.44715,1251.2424978343845
901,2021-06-20,3.03101,1100.192484620918
902,2021-06-21,3.43239,1245.8849302008216
903,2021-06-22,3.28778,1193.3945605877122
904,2021-06-23,3.15202,1144.1165536817186
905,2021-06-24,3.13431,1137.6881984791173
906,2021-06-25,2.36696,859.1563879361429
907,2021-06-26,2.00985,729.5330154685574
908,2021-06-27,2.96608,1076.6242687369597
909,2021-06-28,2.95133,1071.2703308917667
910,2021-06-29,4.53914,1647.6117580087805
911,2021-06-30,4.14957,1506.2060924934008
912,2021-07-01,3.54455,1286.5966365545066
913,2021-07-02,3.79541,1377.653507594854
914,2021-07-03,3.39108,1230.8902744459117
915,2021-07-04,3.2199,1168.7555571347154
916,2021-07-05,3.5475,1287.667424123545
917,2021-07-06,3.63013,1317.660365421735
918,2021-07-07,3.46191,1256.6000654679472
919,2021-07-08,3.08709,1120.5483377977603
920,2021-07-09,2.97789,1080.9110488014837
921,2021-07-10,2.58536,938.430965928696
922,2021-07-11,2.85393,1035.9161921716448
923,2021-07-12,3.45305,1253.3840729724618
924,2021-07-13,3.38812,1229.8158570885034
925,2021-07-14,3.89871,1415.1492214530533
926,2021-07-15,3.84558,1395.8641558452496
927,2021-07-16,3.02216,1096.9801219138021
928,2021-07-17,3.06053,1110.9076198880434
929,2021-07-18,2.8923,1049.8436901458858
930,2021-07-19,3.24646,1178.3962750444325
931,2021-07-20,3.35566,1218.033564040709
932,2021-07-21,3.79246,1376.5827200258154
933,2021-07-22,3.26417,1184.8246302470338
934,2021-07-23,3.06053,1110.9076198880434
935,2021-07-24,2.79491,1014.4931812141332
936,2021-07-25,2.94542,1069.12512596532
937,2021-07-26,3.24941,1179.4670626134712
938,2021-07-27,3.47962,1263.0284206705485
939,2021-07-28,4.50373,1634.7586773919477
940,2021-07-29,3.6567,1327.3047131198216
941,2021-07-30,3.83378,1391.5810055690952
942,2021-07-31,2.97494,1079.8402612324453
943,2021-08-01,3.16973,1150.54490888432
944,2021-08-02,3.30254,1198.752128221275
945,2021-08-03,3.38812,1229.8158570885034
946,2021-08-04,3.19924,1161.2564143630757
947,2021-08-05,3.69506,1341.228581305693
948,2021-08-06,3.20514,1163.3979895011528
949,2021-08-07,2.85688,1036.9869797406832
950,2021-08-08,2.72112,987.7089728346896
951,2021-08-09,3.13726,1138.758986048156
952,2021-08-10,2.99265,1086.2686164350464
953,2021-08-11,3.82492,1388.3650130736098
954,2021-08-12,3.08119,1118.4067626596832
955,2021-08-13,3.335,1210.5344212690693
956,2021-08-14,2.71817,986.638185265651
957,2021-08-15,3.1166,1131.2598432765162
958,2021-08-16,3.29958,1197.6777108638669
959,2021-08-17,3.5652,1294.0921495377768
960,2021-08-18,3.57111,1296.2373544642237
961,2021-08-19,3.36156,1220.1751391787864
962,2021-08-20,3.38222,1227.6742819504261
963,2021-08-21,3.09004,1121.6191253667992
964,2021-08-22,3.19039,1158.0440516559597
965,2021-08-23,3.98429,1446.2129503202818
966,2021-08-24,3.55045,1288.7382116925837
967,2021-08-25,6.3129,2291.4490998589226
968,2021-08-26,3.89871,1415.1492214530533
969,2021-08-27,4.08759,1483.708664178481
970,2021-08-28,4.14957,1506.2060924934008
971,2021-08-29,3.66555,1330.5170758269376
972,2021-08-30,4.59522,1667.9676111856231
973,2021-08-31,4.31484,1566.1956048781503
974,2021-09-01,4.40929,1600.4789560292338
975,2021-09-02,4.16433,1511.5636601269634
976,2021-09-03,4.33845,1574.7655352188285
977,2021-09-04,4.21745,1530.8450959463978
978,2021-09-05,3.37927,1226.6034943813877
979,2021-09-06,5.74919,2086.8342996749384
980,2021-09-07,4.70442,1707.6049001818994
981,2021-09-08,5.98235,2171.4664453010546
982,2021-09-09,4.27057,1550.126531765832
983,2021-09-10,4.37682,1588.6930331930698
984,2021-09-11,3.47962,1263.0284206705485
985,2021-09-12,4.08464,1482.6378766094426
986,2021-09-13,4.57161,1659.3976808449443
987,2021-09-14,4.07874,1480.4963014713653
988,2021-09-15,6.08269,2207.8877418018456
989,2021-09-16,9.47672,3439.8488038167957
990,2021-09-17,5.67836,2061.124508652903
991,2021-09-18,3.72163,1350.87292900378
992,2021-09-19,4.23811,1538.3442387180373
993,2021-09-20,3.47962,1263.0284206705485
994,2021-09-21,3.61538,1312.306427576542
995,2021-09-22,3.65079,1325.159508193375
996,2021-09-23,6.13582,2227.172807409649
997,2021-09-24,4.06693,1476.2095214068413
998,2021-09-25,3.64784,1324.0887206243362
999,2021-09-26,3.92822,1425.860726931809
1000,2021-09-27,4.58637,1664.755248478507
1001,2021-09-28,4.48307,1627.2595346203077
1002,2021-09-29,6.83233,2479.991197142219
1003,2021-09-30,4.50373,1634.7586773919477
1004,2021-10-01,3.91051,1419.4323717292077
1005,2021-10-02,3.85739,1400.1509359097736
1006,2021-10-03,3.85148,1398.0057309833269
1007,2021-10-04,3.86919,1404.4340861859282
1008,2021-10-05,4.15842,1509.4184552005165
1009,2021-10-06,4.96709,1802.948551286771
1010,2021-10-07,3.91051,1419.4323717292077
1011,2021-10-08,3.57406,1297.3081420332621
1012,2021-10-09,3.57701,1298.3789296023008
1013,2021-10-10,3.67736,1334.8038558914616
1014,2021-10-11,3.73933,1357.2976544180115
1015,2021-10-12,4.44765,1614.4028242151053
1016,2021-10-13,3.90756,1418.3615841601693
1017,2021-10-14,4.17908,1516.9175979721565
1018,2021-10-15,3.53864,1284.4514316280597
1019,2021-10-16,3.64489,1323.0179330552978
1020,2021-10-17,3.98725,1447.28736767769
1021,2021-10-18,3.74819,1360.513646913497
1022,2021-10-19,4.03742,1465.4980159280856
1023,2021-10-20,5.19434,1885.4354919864402
1024,2021-10-21,4.48897,1629.401109758385
1025,2021-10-22,4.21155,1528.7035208083205
1026,2021-10-23,3.46781,1258.7416406060242
1027,2021-10-24,3.60947,1310.1612226500952
1028,2021-10-25,4.02561,1461.2112358635618
1029,2021-10-26,3.91346,1420.5031592982464
1030,2021-10-27,4.04332,1467.6395910661627
1031,2021-10-28,5.07334,1841.515052714009
1032,2021-10-29,8.60018,3121.683334065914
1033,2021-10-30,4.16728,1512.634447696002
1034,2021-10-31,3.86034,1401.2217234788122
1035,2021-11-01,4.56866,1658.326893275906
1036,2021-11-02,4.64539,1686.1782594360184
1037,2021-11-03,4.36206,1583.335465559507
1038,2021-11-04,4.45651,1617.6188167105906
1039,2021-11-05,3.62423,1315.5187902836578
1040,2021-11-06,3.48257,1264.099208239587
1041,2021-11-07,3.62128,1314.4480027146192
1042,2021-11-08,3.1166,1131.2598432765162
1043,2021-11-09,3.59177,1303.7364972358635
1044,2021-11-10,4.90511,1780.4511229718512
1045,2021-11-11,3.75704,1363.7260096206128
1046,2021-11-12,3.20514,1163.3979895011528
1047,2021-11-13,2.70046,980.2098300630497
1048,2021-11-14,3.03101,1100.192484620918
1049,2021-11-15,3.54455,1286.5966365545066
1050,2021-11-16,3.69211,1340.1577937366546
1051,2021-11-17,3.46781,1258.7416406060242
1052,2021-11-18,3.79836,1378.7242951638927
1053,2021-11-19,3.54455,1286.5966365545066
1054,2021-11-20,2.96608,1076.6242687369597
1055,2021-11-21,3.02511,1098.0509094828408
1056,2021-11-22,3.61243,1311.2356400075034
1057,2021-11-23,3.51503,1275.8815012873813
1058,2021-11-24,3.18743,1156.9696342985515
1059,2021-11-25,3.50028,1270.5275634421882
1060,2021-11-26,3.53569,1283.3806440590213
1061,2021-11-27,2.76539,1003.778045947008
1062,2021-11-28,2.80671,1018.7763314902876
1063,2021-11-29,3.47076,1259.812428175063
1064,2021-11-30,3.48552,1265.1699958086256
1065,2021-12-01,3.64784,1324.0887206243362
1066,2021-12-02,3.73638,1356.226866848973
1067,2021-12-03,3.48552,1265.1699958086256
1068,2021-12-04,3.1225,1133.4014184145933
1069,2021-12-05,2.94838,1070.199543322728
1070,2021-12-06,3.37632,1225.532706812349
1071,2021-12-07,3.2258,1170.8971322727928
1072,2021-12-08,3.45305,1253.3840729724618
1073,2021-12-09,3.40878,1237.3149998601434
1074,2021-12-10,3.29073,1194.465348156751
1075,2021-12-11,2.93362,1064.8419756891656
1076,2021-12-12,3.4442,1250.1717102653458
1077,2021-12-13,3.76885,1368.012789685137
1078,2021-12-14,3.50913,1273.739926149304
1079,2021-12-15,3.28483,1192.3237730186736
1080,2021-12-16,3.69801,1342.299368874732
1081,2021-12-17,3.61833,1313.3772151455805
1082,2021-12-18,2.80966,1019.8471190593262
1083,2021-12-19,3.3409,1212.6759964071464
1084,2021-12-20,4.61293,1674.3959663882242
1085,2021-12-21,3.67145,1332.6586509650149
1086,2021-12-22,4.16728,1512.634447696002
1087,2021-12-23,3.58586,1301.5912923094165
1088,2021-12-24,3.62718,1316.5895778526965
1089,2021-12-25,3.09594,1123.7607005048762
1090,2021-12-26,2.91591,1058.4136204865642
1091,2021-12-27,3.3232,1206.251270992915
1092,2021-12-28,3.03101,1100.192484620918
1093,2021-12-29,3.32615,1207.3220585619536
1094,2021-12-30,3.14612,1141.9749785436413
1095,2021-12-31,3.04577,1105.5500522544808
1096,2022-01-01,3.07823,1117.332345302275
1097,2022-01-02,3.4501,1252.313285403423
1098,2022-01-03,3.3291,1208.392846130992
1099,2022-01-04,3.03692,1102.3376895473648
1100,2022-01-05,3.38517,1228.7450695194648
1101,2022-01-06,3.46781,1258.7416406060242
1102,2022-01-07,3.21695,1167.684769565677
1103,2022-01-08,3.11955,1132.3306308455547
1104,2022-01-09,2.85393,1035.9161921716448
1105,2022-01-10,3.32024,1205.1768536355066
1106,2022-01-11,3.46191,1256.6000654679472
1107,2022-01-12,3.75704,1363.7260096206128
1108,2022-01-13,4.27057,1550.126531765832
1109,2022-01-14,6.95629,2524.9860537720583
1110,2022-01-15,3.58291,1300.520504740378
1111,2022-01-16,3.87509,1406.5756613240053
1112,2022-01-17,3.75704,1363.7260096206128
1113,2022-01-18,3.29958,1197.6777108638669
1114,2022-01-19,3.96068,1437.6430199796034
1115,2022-01-20,4.08169,1481.567089040404
1116,2022-01-21,3.45601,1254.4584903298698
1117,2022-01-22,3.4501,1252.313285403423
1118,2022-01-23,4.09644,1486.921026885597
1119,2022-01-24,4.07579,1479.4255139023267
1120,2022-01-25,3.91641,1421.573946867285
1121,2022-01-26,3.335,1210.5344212690693
1122,2022-01-27,2.97199,1078.7694736634066
1123,2022-01-28,2.8982,1051.985265283963
1124,2022-01-29,2.80081,1016.6347563522104
1125,2022-01-30,4.15547,1508.347667631478
1126,2022-01-31,3.95183,1434.4306572724877
1127,2022-02-01,3.99315,1449.4289428157672
1128,2022-02-02,5.07629,1842.5858402830477
1129,2022-02-03,11.70498,4248.660027066277
1130,2022-02-04,9.76891,3545.9075901887927
1131,2022-02-05,4.97889,1807.2317015629253
1132,2022-02-06,6.32175,2294.6614625660386
1133,2022-02-07,6.02662,2187.5355184133728
1134,2022-02-08,6.14467,2230.385170116765
1135,2022-02-09,7.82988,2842.0807359539012
1136,2022-02-10,4.67786,1697.9641822721824
1137,2022-02-11,4.50373,1634.7586773919477
1138,2022-02-12,5.16188,1873.6531989386456
1139,2022-02-13,4.26467,1547.9849566277544
1140,2022-02-14,4.4329,1609.0488863699122
1141,2022-02-15,4.82838,1752.5997568117386
1142,2022-02-16,6.93563,2517.4869110004183
1143,2022-02-17,5.16778,1875.7947740767227
1144,2022-02-18,4.73098,1717.2456180916165
1145,2022-02-19,3.81312,1384.0818627974552
1146,2022-02-20,4.72508,1715.1040429535394
1147,2022-02-21,4.11415,1493.3493820881984
1148,2022-02-22,5.15302,1870.43720644316
1149,2022-02-23,6.76445,2455.352193689222
1150,2022-02-24,4.73098,1717.2456180916165
1151,2022-02-25,3.96363,1438.713807548642
1152,2022-02-26,4.21745,1530.8450959463978
1153,2022-02-27,3.92527,1424.7899393627704
1154,2022-02-28,3.84263,1394.7933682762111
1155,2022-03-01,3.76885,1368.012789685137
1156,2022-03-02,3.98134,1445.1421627512432
1157,2022-03-03,4.3355,1573.6947476497899
1158,2022-03-04,4.26762,1549.0557441967933
1159,2022-03-05,3.70392,1344.4445738011786
1160,2022-03-06,3.50618,1272.6691385802656
1161,2022-03-07,3.75409,1362.6552220515744
1162,2022-03-08,3.46191,1256.6000654679472
1163,2022-03-09,3.98134,1445.1421627512432
1164,2022-03-10,6.44866,2340.7271067649167
1165,2022-03-11,4.45651,1617.6188167105906
1166,2022-03-12,4.34436,1576.9107401452754
1167,2022-03-13,4.47126,1622.9727545557837
1168,2022-03-14,5.07629,1842.5858402830477
1169,2022-03-15,5.03792,1828.6583423088064
1170,2022-03-16,4.50373,1634.7586773919477
1171,2022-03-17,4.24991,1542.627388994192
1172,2022-03-18,4.44765,1614.4028242151053
1173,2022-03-19,3.84263,1394.7933682762111
1174,2022-03-20,6.45751,2343.939469472032
1175,2022-03-21,5.36552,1947.5702092976362
1176,2022-03-22,4.14662,1505.1353049243623
1177,2022-03-23,5.39208,1957.2109272073533
1178,2022-03-24,3.8869,1410.8624413885293
1179,2022-03-25,3.14612,1141.9749785436413
1180,2022-03-26,3.81017,1383.0110752284165
1181,2022-03-27,4.29714,1559.7708794639184
1182,2022-03-28,4.08169,1481.567089040404
1183,2022-03-29,3.98134,1445.1421627512432
1184,2022-03-30,5.71673,2075.0520066271442
1185,2022-03-31,4.89626,1777.2387602647354
1186,2022-04-01,3.80426,1380.8658703019698
1187,2022-04-02,3.40878,1237.3149998601434
1188,2022-04-03,3.40878,1237.3149998601434
1189,2022-04-04,3.26122,1183.7538426779952
1190,2022-04-05,3.96954,1440.8590124750888
1191,2022-04-06,6.37782,2315.0136859545114
1192,2022-04-07,5.27403,1914.3612755039608
1193,2022-04-08,3.76885,1368.012789685137
1194,2022-04-09,3.85148,1398.0057309833269
1195,2022-04-10,3.6685,1331.5878633959762
1196,2022-04-11,4.47717,1625.1179594822306
1197,2022-04-12,4.18794,1520.133590467642
1198,2022-04-13,5.4452,1976.4923630267872
1199,2022-04-14,4.70442,1707.6049001818994
1200,2022-04-15,3.64784,1324.0887206243362
1201,2022-04-16,3.57111,1296.2373544642237
1202,2022-04-17,4.39748,1596.1921759647096
1203,2022-04-18,3.4442,1250.1717102653458
1204,2022-04-19,3.50618,1272.6691385802656
1205,2022-04-20,3.42354,1242.6725674937059
1206,2022-04-21,3.08414,1119.4775502287218
1207,2022-04-22,3.8928,1413.0040165266064
1208,2022-04-23,4.10235,1489.066231812044
1209,2022-04-24,3.94593,1432.2890821344104
1210,2022-04-25,5.04087,1829.729129877845
1211,2022-04-26,4.52734,1643.3286077326259
1212,2022-04-27,5.12351,1859.7257009644043
1213,2022-04-28,4.06398,1475.1387338378026
1214,2022-04-29,4.03152,1463.3564407900085
1215,2022-04-30,4.71032,1709.7464753199768
1216,2022-05-01,6.07089,2203.6045915256914
1217,2022-05-02,8.26668,3000.629891939007
1218,2022-05-03,4.38568,1591.9090256885552
1219,2022-05-04,6.05023,2196.1054487540514
1220,2022-05-05,3.36156,1220.1751391787864
1221,2022-05-06,4.19679,1523.3459531747578
1222,2022-05-07,4.89921,1778.309547833774
1223,2022-05-08,5.08514,1845.7982029901634
1224,2022-05-09,4.54505,1649.7569629352272
1225,2022-05-10,4.14662,1505.1353049243623
1226,2022-05-11,4.71327,1710.8172628890152
1227,2022-05-12,4.29418,1558.6964621065101
1228,2022-05-13,3.7777,1371.2251523922528
1229,2022-05-14,3.53569,1283.3806440590213
1230,2022-05-15,4.42404,1605.8328938744266
1231,2022-05-16,5.66065,2054.696153450302
1232,2022-05-17,3.91051,1419.4323717292077
1233,2022-05-18,8.6474,3138.823194747271
1234,2022-05-19,9.34982,3393.7867894062874
1235,2022-05-20,5.42454,1968.9932202551477
1236,2022-05-21,5.25337,1906.862132732321
1237,2022-05-22,5.74919,2086.8342996749384
1238,2022-05-23,4.82542,1751.5253394543306
1239,2022-05-24,4.60112,1670.1091863237
1240,2022-05-25,5.38323,1953.9985645002375
1241,2022-05-26,4.25287,1543.7018063516
1242,2022-05-27,3.96954,1440.8590124750888
1243,2022-05-28,2.86869,1041.2737598052072
1244,2022-05-29,3.87805,1407.6500786814136
1245,2022-05-30,4.5539,1652.969325642343
1246,2022-05-31,3.92527,1424.7899393627704
1247,2022-06-01,3.83968,1393.7225807071723
1248,2022-06-02,4.22925,1535.1282462225522
1249,2022-06-03,4.97594,1806.1609139938867
1250,2022-06-04,3.98134,1445.1421627512432
1251,2022-06-05,7.29274,2647.1102834680037
1252,2022-06-06,5.67541,2060.0537210838647
1253,2022-06-07,3.47666,1261.95400331314
1254,2022-06-08,3.95478,1435.501444841526
1255,2022-06-09,6.35717,2307.5181729712413
1256,2022-06-10,3.63604,1319.8055703481818
1257,2022-06-11,4.05808,1472.9971586997256
1258,2022-06-12,4.43585,1610.1196739389509
1259,2022-06-13,4.30894,1564.0540297400728
1260,2022-06-14,4.23811,1538.3442387180373
1261,2022-06-15,6.43095,2334.2987515623154
1262,2022-06-16,3.53569,1283.3806440590213
1263,2022-06-17,4.22925,1535.1282462225522
1264,2022-06-18,4.49783,1632.6171022538706
1265,2022-06-19,4.49192,1630.4718973274237
1266,2022-06-20,6.17418,2241.0966755955205
1267,2022-06-21,4.67491,1696.8933947031437
1268,2022-06-22,24.91514,9043.668539951375
1269,2022-06-23,13.74435,4988.908177801959
1270,2022-06-24,4.64834,1687.249047005057
1271,2022-06-25,3.19924,1161.2564143630757
1272,2022-06-26,4.46536,1620.8311794177066
1273,2022-06-27,4.74869,1723.6739732942178
1274,2022-06-28,5.35076,1942.2126416640735
1275,2022-06-29,5.57506,2023.6287947947037
1276,2022-06-30,9.4295,3422.7089431354393
1277,2022-07-01,7.75905,2816.370944931866
1278,2022-07-02,6.11516,2219.6736646380095
1279,2022-07-03,5.85544,2125.4008011021765
1280,2022-07-04,5.16188,1873.6531989386456
1281,2022-07-05,4.16137,1510.4892427695552
1282,2022-07-06,4.34731,1577.981527714314
1283,2022-07-07,4.73688,1719.3871932296938
1284,2022-07-08,4.80772,1745.1006140400987
1285,2022-07-09,3.53569,1283.3806440590213
1286,2022-07-10,3.93707,1429.0730896389248
1287,2022-07-11,3.32615,1207.3220585619536
1288,2022-07-12,4.04332,1467.6395910661627
1289,2022-07-13,4.39158,1594.0506008266325
1290,2022-07-14,4.28533,1555.4840993993944
1291,2022-07-15,4.01381,1456.9280855874072
1292,2022-07-16,21.42962,7778.49854414275
1293,2022-07-17,6.61688,2401.7874067187045
1294,2022-07-18,5.56031,2018.2748569495109
1295,2022-07-19,4.76345,1729.0315409277805
1296,2022-07-20,6.30994,2290.3746825015146
1297,2022-07-21,3.74524,1359.4428593444584
1298,2022-07-22,8.73594,3170.9613409719077
1299,2022-07-23,8.46442,3072.405327159921
1300,2022-07-24,8.05418,2923.4968890845316
1301,2022-07-25,7.44326,2701.74585800756
1302,2022-07-26,6.73198,2443.566270853058
1303,2022-07-27,6.54605,2376.077615696669
1304,2022-07-28,6.02366,2186.4611010559643
1305,2022-07-29,4.68966,1702.2473325483368
1306,2022-07-30,3.9961,1450.499730384806
1307,2022-07-31,4.28533,1555.4840993993944
1308,2022-08-01,3.94298,1431.2182945653717
1309,2022-08-02,4.29714,1559.7708794639184
1310,2022-08-03,4.79886,1741.8846215446135
1311,2022-08-04,3.94888,1433.3598697034488
1312,2022-08-05,3.98134,1445.1421627512432
1313,2022-08-06,3.39993,1234.1026371530274
1314,2022-08-07,4.56276,1656.1853181378285
1315,2022-08-08,4.27057,1550.126531765832
1316,2022-08-09,5.83773,2118.972445899575
1317,2022-08-10,10.66316,3870.501415142275
1318,2022-08-11,7.36062,2671.7492869210005
1319,2022-08-12,5.23566,1900.4337775297197
1320,2022-08-13,5.51899,2003.276571406231
1321,2022-08-14,5.53965,2010.775714177871
1322,2022-08-15,5.12941,1861.8672761024818
1323,2022-08-16,5.8761,2132.8999438738165
1324,2022-08-17,5.61343,2037.556292768945
1325,2022-08-18,4.85494,1762.2404747214557
1326,2022-08-19,7.44916,2703.8874331456373
1327,2022-08-20,4.77525,1733.314691203935
1328,2022-08-21,5.8761,2132.8999438738165
1329,2022-08-22,7.64099,2773.5176634401037
1330,2022-08-23,8.62674,3131.3240519756314
1331,2022-08-24,6.6464,2412.50254198583
1332,2022-08-25,6.51949,2366.4368977869517
1333,2022-08-26,10.67496,3874.78456541843
1334,2022-08-27,10.9819,3986.1972896356197
1335,2022-08-28,14.11327,5122.818330334068
1336,2022-08-29,11.62234,4218.663455979717
1337,2022-08-30,10.59233,3844.79162412024
1338,2022-08-31,9.65085,3503.0543086970306
1339,2022-09-01,8.16928,2965.2757532188853
1340,2022-09-02,7.67051,2784.232798707229
1341,2022-09-03,6.57261,2385.718333606386
1342,2022-09-04,8.40539,3050.9786864140397
1343,2022-09-05,8.01286,2908.4986035412517
1344,2022-09-06,8.78021,3187.0304140842263
1345,2022-09-07,9.65085,3503.0543086970306
1346,2022-09-08,9.08715,3298.4431383014157
1347,2022-09-09,7.16583,2601.0446392691256
1348,2022-09-10,8.46442,3072.405327159921
1349,2022-09-11,7.44326,2701.74585800756
1350,2022-09-12,8.80382,3195.6003444249045
1351,2022-09-13,9.12847,3313.4414238446957
1352,2022-09-14,11.10881,4032.2629338344977
1353,2022-09-15,10.09355,3663.745039820214
1354,2022-09-16,8.00696,2906.3570284031744
1355,2022-09-17,7.82988,2842.0807359539012
1356,2022-09-18,8.00991,2907.427815972213
1357,2022-09-19,7.56721,2746.7370848490295
1358,2022-09-20,7.1068,2579.6179985232448
1359,2022-09-21,7.5495,2740.308729646428
1360,2022-09-22,7.56721,2746.7370848490295
1361,2022-09-23,5.50128,1996.8482162036298
1362,2022-09-24,6.57556,2386.7891211754245
1363,2022-09-25,7.62329,2767.0929380258717
1364,2022-09-26,7.77676,2822.799300134467
1365,2022-09-27,6.9976,2539.9807095269684
1366,2022-09-28,7.16583,2601.0446392691256
1367,2022-09-29,5.92332,2150.0398045551733
1368,2022-09-30,6.37782,2315.0136859545114
1369,2022-10-01,5.88495,2136.112306580932
1370,2022-10-02,6.30994,2290.3746825015146
1371,2022-10-03,7.23961,2627.8252178601997
1372,2022-10-04,6.53129,2370.7200480631063
1373,2022-10-05,6.03842,2191.8186686895274
1374,2022-10-06,5.23271,1899.362989960681
1375,2022-10-07,4.84608,1759.0244822259701
1376,2022-10-08,4.41519,1602.620531167311
1377,2022-10-09,4.37977,1589.7638207621083
1378,2022-10-10,6.51654,2365.366110217913
1379,2022-10-11,7.77085,2820.65409520802
1380,2022-10-12,8.95729,3251.3067065335
1381,2022-10-13,8.38473,3043.4795436423997
1382,2022-10-14,5.82297,2113.6148782660125
1383,2022-10-15,6.84118,2483.2035598493344
1384,2022-10-16,5.7787,2097.5458051536943
1385,2022-10-17,6.78806,2463.9221240299003
1386,2022-10-18,6.74969,2449.9946260556594
1387,2022-10-19,9.44131,3426.995723199963
1388,2022-10-20,8.74184,3173.102916109985
1389,2022-10-21,7.68822,2790.6611539098303
1390,2022-10-22,6.52244,2367.5076853559904
1391,2022-10-23,7.48753,2717.814931119878
1392,2022-10-24,7.07139,2566.764917906412
1393,2022-10-25,6.26863,2275.3800267466045
1394,2022-10-26,7.36652,2673.890862059078
1395,2022-10-27,5.45406,1979.7083555222728
1396,2022-10-28,4.51553,1639.041827668102
1397,2022-10-29,3.9961,1450.499730384806
1398,2022-10-30,3.83968,1393.7225807071723
1399,2022-10-31,5.67246,2058.982933514826
1400,2022-11-01,6.16533,2237.884312888405
1401,2022-11-02,7.05073,2559.265775134772
1402,2022-11-03,6.63164,2407.144974352267
1403,2022-11-04,6.61983,2402.858194287743
1404,2022-11-05,5.73443,2081.4767320413757
1405,2022-11-06,6.46932,2348.226249536556
1406,2022-11-07,5.63114,2043.9846479715463
1407,2022-11-08,5.69016,2065.4076589290576
1408,2022-11-09,7.60853,2761.7353703923095
1409,2022-11-10,11.27999,4094.3976511456935
1410,2022-11-11,13.91553,5051.042895113155
1411,2022-11-12,10.95534,3976.5565717259024
1412,2022-11-13,11.7522,4265.799887747633
1413,2022-11-14,8.56476,3108.8266236607114
1414,2022-11-15,7.12451,2586.046353725846
1415,2022-11-16,7.39603,2684.6023675378333
1416,2022-11-17,6.59917,2395.359051516103
1417,2022-11-18,6.68181,2425.3556226026626
1418,2022-11-19,5.57801,2024.6995823637424
1419,2022-11-20,6.3306,2297.873825273154
1420,2022-11-21,6.63754,2409.2865494903444
1421,2022-11-22,6.52244,2367.5076853559904
1422,2022-11-23,6.33651,2300.0190301996013
1423,2022-11-24,6.06203,2200.3885990302056
1424,2022-11-25,7.12451,2586.046353725846
1425,2022-11-26,7.11566,2582.83399101873
1426,2022-11-27,7.27503,2640.6819282654023
1427,2022-11-28,6.70542,2433.9255529433412
1428,2022-11-29,6.12106,2221.815239776087
1429,2022-11-30,5.67541,2060.0537210838647
1430,2022-12-01,7.02122,2548.554269656016
1431,2022-12-02,5.57801,2024.6995823637424
1432,2022-12-03,5.12056,1858.654913395366
1433,2022-12-04,5.68721,2064.336871360019
1434,2022-12-05,5.63704,2046.1262231096234
1435,2022-12-06,6.03842,2191.8186686895274
1436,2022-12-07,6.72018,2439.283120576904
1437,2022-12-08,5.19139,1884.3647044174013
1438,2022-12-09,8.34931,3030.622833237197
1439,2022-12-10,7.0891,2573.1932731090133
1440,2022-12-11,8.62969,3132.39483954467
1441,2022-12-12,6.83528,2481.0619847112575
1442,2022-12-13,10.45361,3794.439199856838
1443,2022-12-14,8.71233,3162.3914106312295
1444,2022-12-15,7.74429,2811.013377298303
1445,2022-12-16,6.91497,2509.9877682287784
1446,2022-12-17,6.88545,2499.272632961653
1447,2022-12-18,8.55886,3106.685048522634
1448,2022-12-19,9.82203,3565.189026008227
1449,2022-12-20,8.24307,2992.0599615983288
1450,2022-12-21,7.05368,2560.3365627038106
1451,2022-12-22,6.61098,2399.645831580627
1452,2022-12-23,6.15647,2234.6683203929197
1453,2022-12-24,6.01481,2183.2487383488487
1454,2022-12-25,5.67836,2061.124508652903
1455,2022-12-26,8.13682,2953.493460171091
1456,2022-12-27,8.03352,2915.997746312891
1457,2022-12-28,9.65085,3503.0543086970306
1458,2022-12-29,8.43785,3062.7609794618334
1459,2022-12-30,7.6469,2775.6628683665504
1460,2022-12-31,6.27453,2277.521601884682
1461,2023-01-01,5.74919,2086.8342996749384
1462,2023-01-02,7.37833,2678.177642123602
1463,2023-01-03,6.82938,2478.92040957318
1464,2023-01-04,8.05418,2923.4968890845316
1465,2023-01-05,7.2042,2614.972137243367
1466,2023-01-06,6.69067,2428.571615098148
1467,2023-01-07,6.60213,2396.433468873511
1468,2023-01-08,6.97399,2531.41077918629
1469,2023-01-09,6.12106,2221.815239776087
1470,2023-01-10,6.87955,2497.1310578235757
1471,2023-01-11,6.81462,2473.5628419396176
1472,2023-01-12,7.67346,2785.3035862762677
1473,2023-01-13,7.27503,2640.6819282654023
1474,2023-01-14,7.51409,2727.4556490295954
1475,2023-01-15,10.23522,3715.1682516526544
1476,2023-01-16,9.06944,3292.014783098815
1477,2023-01-17,7.7738,2821.7248827770586
1478,2023-01-18,7.74724,2812.0841648673413
1479,2023-01-19,6.7674,2456.4229812582607
1480,2023-01-20,7.57016,2747.807872418068
1481,2023-01-21,6.50178,2360.0085425843504
1482,2023-01-22,8.14567,2956.705822878207
1483,2023-01-23,11.40099,4138.3180904181245
1484,2023-01-24,10.72514,3892.998843457195
1485,2023-01-25,8.86875,3219.168560308863
1486,2023-01-26,12.11522,4397.568465141665
1487,2023-01-27,11.89387,4317.223099580073
1488,2023-01-28,12.56382,4560.400771402926
1489,2023-01-29,10.92288,3964.774278678108
1490,2023-01-30,9.50624,3450.563939083921
1491,2023-01-31,8.84809,3211.6694175372227
1492,2023-02-01,8.92187,3238.4499961282972
1493,2023-02-02,7.10976,2580.692415880653
1494,2023-02-03,9.01041,3270.588142352934
1495,2023-02-04,9.32916,3386.2876466346474
1496,2023-02-05,11.3036,4102.967581486372
1497,2023-02-06,9.5269,3458.063081855561
1498,2023-02-07,14.32871,5201.0184909692125
1499,2023-02-08,15.34692,5570.607172552535
1500,2023-02-09,9.18749,3334.864434802207
1501,2023-02-10,10.27949,3731.2373247649725
1502,2023-02-11,9.7512,3539.4792349861914
1503,2023-02-12,10.10831,3669.1026074537767
1504,2023-02-13,10.82843,3930.490927527025
1505,2023-02-14,8.68282,3151.6799051524736
1506,2023-02-15,10.55691,3831.9349137150375
1507,2023-02-16,9.91352,3598.3979598019023
1508,2023-02-17,8.94548,3247.0199264689754
1509,2023-02-18,9.93418,3605.897102573542
1510,2023-02-19,12.89142,4679.312638391755
1511,2023-02-20,12.87961,4675.025858327232
1512,2023-02-21,11.89682,4318.293887149112
1513,2023-02-22,12.07685,4383.640967167424
1514,2023-02-23,17.10887,6210.157734338153
1515,2023-02-24,10.06994,3655.175109479536
1516,2023-02-25,9.65085,3503.0543086970306
1517,2023-02-26,9.62724,3494.4843783563524
1518,2023-02-27,12.26573,4452.200409892852
1519,2023-02-28,13.00061,4718.946297599662
1520,2023-03-01,9.95189,3612.3254577761436
1521,2023-03-02,10.35327,3758.017903356047
1522,2023-03-03,9.6479,3501.983521127992
1523,2023-03-04,10.84319,3935.8484951605874
1524,2023-03-05,11.03503,4005.4823552434236
1525,2023-03-06,10.84614,3936.919282729626
1526,2023-03-07,9.4295,3422.7089431354393
1527,2023-03-08,11.46297,4160.815518733044
1528,2023-03-09,11.31245,4106.179944193488
1529,2023-03-10,11.95289,4338.646110537585
1530,2023-03-11,11.52495,4183.312947047964
1531,2023-03-12,15.92834,5781.650327939121
1532,2023-03-13,19.9451,7239.649201095566
1533,2023-03-14,31.18377,11319.04856669798
1534,2023-03-15,100.0,36297.883696223966
1535,2023-03-16,15.69813,5698.088969882044
1536,2023-03-17,15.89587,5769.864405102957
1537,2023-03-18,17.64896,6406.198974393089
1538,2023-03-19,18.29235,6639.735928306224
1539,2023-03-20,16.54812,6006.617351511578
1540,2023-03-21,17.33907,6293.7154626068605
1541,2023-03-22,12.76156,4632.176206623839
1542,2023-03-23,16.10542,5845.9266203883935
1543,2023-03-24,15.1728,5507.40529746067
1544,2023-03-25,15.36463,5577.035527755136
1545,2023-03-26,16.51565,5994.831428675414
1546,2023-03-27,16.53336,6001.259783878014
1547,2023-03-28,15.82504,5744.1546140809205
1548,2023-03-29,18.09461,6567.960493085311
1549,2023-03-30,16.31791,5923.055993454501
1550,2023-03-31,10.62479,3856.5739171680348
1551,2023-04-01,11.53085,4185.454522186041
1552,2023-04-02,14.19886,5153.885688989666
1553,2023-04-03,14.79502,5370.279152433075
1554,2023-04-04,15.4089,5593.104600867454
1555,2023-04-05,15.52105,5633.81267743277
1556,2023-04-06,12.83534,4658.956785214913
1557,2023-04-07,12.49299,4534.69098038089
1558,2023-04-08,12.84124,4661.09836035299
1559,2023-04-09,14.80978,5375.636720066637
1560,2023-04-10,18.91804,6866.848156805128
1561,2023-04-11,15.44727,5607.032098841695
1562,2023-04-12,17.97361,6524.040053812881
1563,2023-04-13,14.92193,5416.344796631953
1564,2023-04-14,13.8506,5027.474679229196
1565,2023-04-15,13.60564,4938.559383326926
1566,2023-04-16,15.11967,5488.120231852866
1567,2023-04-17,14.54416,5279.222281392727
1568,2023-04-18,14.34642,5207.446846171814
1569,2023-04-19,17.36564,6303.359810304947
1570,2023-04-20,14.80978,5375.636720066637
1571,2023-04-21,13.98341,5075.681898566151
1572,2023-04-22,13.03013,4729.661432866787
1573,2023-04-23,14.78912,5368.137577294998
1574,2023-04-24,13.9598,5067.111968225473
1575,2023-04-25,14.49989,5263.15320828041
1576,2023-04-26,16.32972,5927.3427735190235
1577,2023-04-27,13.14523,4771.4402970011415
1578,2023-04-28,12.55496,4557.18477890744
1579,2023-04-29,11.43641,4151.174800823327
1580,2023-04-30,12.80583,4648.2452797361575
1581,2023-05-01,13.54661,4917.132742581045
1582,2023-05-02,14.31101,5194.5937655549815
1583,2023-05-03,14.68583,5330.645493225168
1584,2023-05-04,12.16834,4416.8499009611
1585,2023-05-05,12.7527,4628.960214128354
1586,2023-05-06,13.29575,4826.075871540698
1587,2023-05-07,13.68237,4966.4107494870395
1588,2023-05-08,13.60859,4939.6301708959645
1589,2023-05-09,13.16884,4780.01022734182
1590,2023-05-10,14.75075,5354.210079320756
1591,2023-05-11,14.70058,5335.999431070361
1592,2023-05-12,14.89242,5405.633291153197
1593,2023-05-13,13.09211,4752.158861181707
1594,2023-05-14,16.29725,5915.5568506828595
1595,2023-05-15,16.22052,5887.705484522748
1596,2023-05-16,15.49154,5623.101171954015
1597,2023-05-17,17.07345,6197.3010239329515
1598,2023-05-18,14.46448,5250.300127663576
1599,2023-05-19,13.82699,5018.904748888518
1600,2023-05-20,13.85355,5028.545466798235
1601,2023-05-21,16.1792,5872.707198979469
1602,2023-05-22,15.37349,5580.251520250622
1603,2023-05-23,15.6273,5672.379178860007
1604,2023-05-24,16.91703,6140.523874255317
1605,2023-05-25,14.32576,5199.947703400175
1606,2023-05-26,12.14768,4409.350758189459
1607,2023-05-27,12.12702,4401.85161541782
1608,2023-05-28,14.09556,5116.3899751314675
1609,2023-05-29,14.70648,5338.141006208439
1610,2023-05-30,14.67697,5327.429500729683
1611,2023-05-31,14.88947,5404.562503584159
1612,2023-06-01,18.44582,6695.44229041482
1613,2023-06-02,13.07145,4744.659718410067
1614,2023-06-03,11.34197,4116.8950794606135
1615,2023-06-04,12.65531,4593.609705196601
1616,2023-06-05,13.10391,4756.4420114578625
1617,2023-06-06,12.62284,4581.823782360437
1618,2023-06-07,13.93324,5057.471250315756
1619,2023-06-08,13.57022,4925.702672921724
1620,2023-06-09,14.13983,5132.459048243785
1621,2023-06-10,11.45412,4157.603156025928
1622,2023-06-11,12.90027,4682.525001098872
1623,2023-06-12,13.85355,5028.545466798235
1624,2023-06-13,14.00407,5083.181041337792
1625,2023-06-14,13.57022,4925.702672921724
1626,2023-06-15,12.72614,4619.319496218636
1627,2023-06-16,15.91358,5776.292760305558
1628,2023-06-17,12.05324,4375.0710368267455
1629,2023-06-18,12.99176,4715.733934892546
1630,2023-06-19,13.20721,4793.937725316061
1631,2023-06-20,13.00357,4720.020714957071
1632,2023-06-21,12.06209,4378.2833995338615
1633,2023-06-22,11.89387,4317.223099580073
1634,2023-06-23,11.59283,4207.95195050096
1635,2023-06-24,10.35327,3758.017903356047
1636,2023-06-25,11.74925,4264.729100178594
1637,2023-06-26,11.17669,4056.9019372874945
1638,2023-06-27,12.71729,4616.107133511521
1639,2023-06-28,15.81028,5738.797046447358
1640,2023-06-29,14.80978,5375.636720066637
1641,2023-06-30,20.93085,7597.455589631094
1642,2023-07-01,14.49694,5262.082420711371
1643,2023-07-02,14.19886,5153.885688989666
1644,2023-07-03,14.86291,5394.921785674441
1645,2023-07-04,15.68042,5691.660614679442
1646,2023-07-05,13.06554,4742.514513483621
1647,2023-07-06,11.93223,4331.146967765945
1648,2023-07-07,11.26818,4090.1108710811695
1649,2023-07-08,11.37148,4127.606584939369
1650,2023-07-09,13.52595,4909.6335998094055
1651,2023-07-10,14.18115,5147.457333787065
1652,2023-07-11,13.85355,5028.545466798235
1653,2023-07-12,13.80338,5010.33481854784
1654,2023-07-13,14.79798,5371.353569790484
1655,2023-07-14,13.30755,4830.359021816853
1656,2023-07-15,12.66711,4597.892855472755
1657,2023-07-16,13.92733,5055.326045389309
1658,2023-07-17,13.68532,4967.481537056078
1659,2023-07-18,12.85305,4665.385140417514
1660,2023-07-19,12.83534,4658.956785214913
1661,2023-07-20,11.66661,4234.732529092035
1662,2023-07-21,10.81073,3924.066202112793
1663,2023-07-22,9.97255,3619.824600547783
1664,2023-07-23,11.30065,4101.8967939173335
1665,2023-07-24,12.96815,4707.164004551868
1666,2023-07-25,11.99716,4354.715183649902
1667,2023-07-26,12.70548,4611.820353446997
1668,2023-07-27,11.44821,4155.457951099482
1669,2023-07-28,12.50184,4537.903343088006
1670,2023-07-29,9.89286,3590.8988170302623
1671,2023-07-30,13.44627,4880.711446080254
1672,2023-07-31,12.91798,4688.953356301473
1673,2023-08-01,11.49544,4172.601441569208
1674,2023-08-02,11.9706,4345.074465740186
1675,2023-08-03,11.03503,4005.4823552434236
1676,2023-08-04,9.66856,3509.4826638996315
1677,2023-08-05,9.13732,3316.653786551812
1678,2023-08-06,10.54511,3827.651763438883
1679,2023-08-07,11.2977,4100.826006348295
1680,2023-08-08,11.48953,4170.456236642762
1681,2023-08-09,10.9819,3986.1972896356197
1682,2023-08-10,11.44821,4155.457951099482
1683,2023-08-11,10.66906,3872.6429902803525
1684,2023-08-12,9.9696,3618.7538129787445
1685,2023-08-13,11.32721,4111.53751182705
1686,2023-08-14,10.39754,3774.0869764683653
1687,2023-08-15,10.51559,3816.9366281717575
1688,2023-08-16,11.6371,4224.021023613279
1689,2023-08-17,10.84909,3937.9900702986647
1690,2023-08-18,10.77826,3912.280279276629
1691,2023-08-19,9.76595,3544.833172831384
1692,2023-08-20,10.60413,3849.0747743963943
1693,2023-08-21,10.976,3984.055714497543
1694,2023-08-22,11.32131,4109.395936688974
1695,2023-08-23,12.48413,4531.474987885405
1696,2023-08-24,11.73449,4259.371532545031
1697,2023-08-25,11.65186,4229.378591246841
1698,2023-08-26,11.14718,4046.190431808739
1699,2023-08-27,12.43691,4514.335127204048
1700,2023-08-28,12.32771,4474.697838207771
1701,2023-08-29,13.30165,4828.217446678776
1702,2023-08-30,13.57612,4927.8442480598005
1703,2023-08-31,12.48118,4530.404200316367
1704,2023-09-01,12.73795,4623.606276283161
1705,2023-09-02,11.61349,4215.451093272601
1706,2023-09-03,13.63515,4949.270888805682
1707,2023-09-04,14.00407,5083.181041337792
1708,2023-09-05,13.46102,4886.065383925447
1709,2023-09-06,12.977,4710.376367258984
1710,2023-09-07,12.69958,4609.678778308919
1711,2023-09-08,11.66071,4232.590953953958
1712,2023-09-09,12.45757,4521.834269975688
1713,2023-09-10,14.30215,5191.377773059496
1714,2023-09-11,13.80338,5010.33481854784
1715,2023-09-12,12.95634,4702.877224487344
1716,2023-09-13,13.72959,4983.550610168396
1717,2023-09-14,12.74385,4625.747851421238
1718,2023-09-15,12.21261,4432.918974073417
1719,2023-09-16,11.71088,4250.801602204353
1720,2023-09-17,13.402,4864.642372967935
1721,2023-09-18,13.02423,4727.51985772871
1722,2023-09-19,12.6258,4582.898199717845
1723,2023-09-20,13.99521,5079.965048842306
1724,2023-09-21,12.94454,4698.59407421119
1725,2023-09-22,11.09996,4029.0505711273813
1726,2023-09-23,10.40639,3777.2993391754812
1727,2023-09-24,12.03553,4368.642681624144
1728,2023-09-25,11.90862,4322.577037425267
1729,2023-09-26,11.01732,3999.0540000408223
1730,2023-09-27,12.40445,4502.552834156254
1731,2023-09-28,10.13782,3679.814112932532
1732,2023-09-29,10.57757,3839.434056486677
1733,2023-09-30,12.32181,4472.556263069694
1734,2023-10-01,13.28689,4822.859879045212
1735,2023-10-02,16.14969,5861.995693500712
1736,2023-10-03,15.1905,5513.830022874901
1737,2023-10-04,18.71144,6791.8567290887295
1738,2023-10-05,16.28545,5911.273700406706
1739,2023-10-06,14.94259,5423.843939403592
1740,2023-10-07,12.23917,4442.559691983134
1741,2023-10-08,11.99716,4354.715183649902
1742,2023-10-09,14.04539,5098.179326881071
1743,2023-10-10,15.6332,5674.520753998085
1744,2023-10-11,14.57663,5291.008204228891
1745,2023-10-12,14.42611,5236.372629689335
1746,2023-10-13,12.55201,4556.113991338401
1747,2023-10-14,11.56332,4197.240445022205
1748,2023-10-15,12.8678,4670.739078262708
1749,2023-10-16,13.3105,4831.429809385891
1750,2023-10-17,13.32231,4835.716589450415
1751,2023-10-18,12.856,4666.4559279865525
1752,2023-10-19,11.70793,4249.730814635314
1753,2023-10-20,11.61054,4214.380305703562
1754,2023-10-21,10.63069,3858.715492306111
1755,2023-10-22,11.08225,4022.6222159247804
1756,2023-10-23,19.30171,7006.112247182431
1757,2023-10-24,19.99527,7257.859849345962
1758,2023-10-25,19.33713,7018.968957587633
1759,2023-10-26,13.4079,4866.783948106013
1760,2023-10-27,12.06209,4378.2833995338615
1761,2023-10-28,11.43641,4151.174800823327
1762,2023-10-29,12.9711,4708.234792120907
1763,2023-10-30,13.30165,4828.217446678776
1764,2023-10-31,12.24802,4445.772054690251
1765,2023-11-01,17.01443,6175.87801297544
1766,2023-11-02,15.70404,5700.23417480849
1767,2023-11-03,12.38674,4496.124478953652
1768,2023-11-04,10.48903,3807.2959102620403
1769,2023-11-05,12.7527,4628.960214128354
1770,2023-11-06,13.25738,4812.148373566457
1771,2023-11-07,13.04784,4736.089788069389
1772,2023-11-08,12.83534,4658.956785214913
1773,2023-11-09,18.4045,6680.44400487154
1774,2023-11-10,14.81273,5376.707507635676
1775,2023-11-11,10.79892,3919.779422048269
1776,2023-11-12,13.2928,4825.00508397166
1777,2023-11-13,14.76256,5358.496859385281
1778,2023-11-14,14.06309,5104.6040522953035
1779,2023-11-15,24.35144,8839.057369555761
1780,2023-11-16,19.89788,7222.50934041421
1781,2023-11-17,20.77442,7540.67481016509
1782,2023-11-18,24.53737,8906.54602471215
1783,2023-11-19,27.90484,10128.866368817384
1784,2023-11-20,22.42422,8139.5172953853935
1785,2023-11-21,19.45518,7061.8186092910255
1786,2023-11-22,20.88658,7581.386516518775
1787,2023-11-23,21.12563,7668.1566074945995
1788,2023-11-24,18.23333,6618.312917348712
1789,2023-11-25,17.00557,6172.662020479954
1790,2023-11-26,21.60965,7843.845624161062
1791,2023-11-27,18.33072,6653.6634262804655
1792,2023-11-28,16.02573,5817.000836870872
1793,2023-11-29,16.91113,6138.38229911724
1794,2023-11-30,15.42071,5597.391380931978
1795,2023-12-01,15.25838,5538.469026327899
1796,2023-12-02,14.10146,5118.531550269544
1797,2023-12-03,18.65242,6770.433718131218
1798,2023-12-04,16.99672,6169.449657772838
1799,2023-12-05,15.32922,5564.182447138303
1800,2023-12-06,14.75666,5356.355284247204
1801,2023-12-07,14.49989,5263.15320828041
1802,2023-12-08,13.62039,4943.913321172119
1803,2023-12-09,13.23967,4805.720018363855
1804,2023-12-10,16.82259,6106.244152892604
1805,2023-12-11,14.2933,5188.165410352381
1806,2023-12-12,13.77091,4998.548895711676
1807,2023-12-13,13.20131,4791.796150177984
1808,2023-12-14,13.14818,4772.51108457018
1809,2023-12-15,14.37298,5217.087564081531
1810,2023-12-16,15.19641,5515.975227801348
1811,2023-12-17,17.34498,6295.860667533308
1812,2023-12-18,14.93669,5421.702364265516
1813,2023-12-19,13.92733,5055.326045389309
1814,2023-12-20,13.77386,4999.6196832807145
1815,2023-12-21,13.1895,4787.50937011346
1816,2023-12-22,16.49204,5986.261498334735
1817,2023-12-23,13.43446,4876.42466601573
1818,2023-12-24,14.21952,5161.384831761306
1819,2023-12-25,15.05474,5464.552015968908
1820,2023-12-26,15.7365,5712.016467856284
1821,2023-12-27,11.87321,4309.723956808433
1822,2023-12-28,12.04438,4371.855044331261
1823,2023-12-29,12.5166,4543.260910721569
1824,2023-12-30,12.96225,4705.022429413791
1825,2023-12-31,11.58693,4205.810375362884
1826,2024-01-01,10.89336,3954.059143410983
1827,2024-01-02,12.11817,4398.639252710704
1828,2024-01-03,12.91798,4688.953356301473
1829,2024-01-04,17.24168,6258.364953675108
1830,2024-01-05,13.69123,4969.626741982524
1831,2024-01-06,12.68482,4604.321210675357
1832,2024-01-07,13.98341,5075.681898566151
1833,2024-01-08,12.78517,4640.746136964518
1834,2024-01-09,13.58498,4931.060240555286
1835,2024-01-10,13.03013,4729.661432866787
1836,2024-01-11,14.21361,5159.239626834858
1837,2024-01-12,12.5225,4545.402485859647
1838,2024-01-13,12.12997,4402.922402986858
1839,2024-01-14,12.83534,4658.956785214913
1840,2024-01-15,12.38083,4493.979274027205
1841,2024-01-16,11.78762,4278.656598152836
1842,2024-01-17,13.04488,4735.015370711981
1843,2024-01-18,12.73499,4622.531858925752
1844,2024-01-19,11.31836,4108.325149119935
1845,2024-01-20,11.26523,4089.0400835121313
1846,2024-01-21,13.0744,4745.730505979106
1847,2024-01-22,13.39904,4863.567955610527
1848,2024-01-23,12.58153,4566.829126605528
1849,2024-01-24,12.59923,4573.253852019759
1850,2024-01-25,11.73449,4259.371532545031
1851,2024-01-26,10.99076,3989.413282131105
1852,2024-01-27,10.47132,3800.8675550594394
1853,2024-01-28,11.48363,4168.314661504684
1854,2024-01-29,12.31591,4470.414687931617
1855,2024-01-30,11.10586,4031.1921462654586
1856,2024-01-31,11.88796,4315.077894653627
1857,2024-02-01,13.28394,4821.789091476174
1858,2024-02-02,11.89682,4318.293887149112
1859,2024-02-03,11.23277,4077.2577904643367
1860,2024-02-04,13.6263,4946.058526098566
1861,2024-02-05,13.88011,5038.186184707953
1862,2024-02-06,12.73499,4622.531858925752
1863,2024-02-07,11.59283,4207.95195050096
1864,2024-02-08,12.31591,4470.414687931617
1865,2024-02-09,11.02027,4000.124787609861
1866,2024-02-10,14.35823,5211.733626236339
1867,2024-02-11,16.79308,6095.532647413847
1868,2024-02-12,17.48664,6347.2802495773785
1869,2024-02-13,16.65732,6046.254640507854
1870,2024-02-14,15.36758,5578.106315324175
1871,2024-02-15,16.52451,5998.047421170899
1872,2024-02-16,14.68287,5329.57107586776
1873,2024-02-17,14.82454,5380.9942877002
1874,2024-02-18,17.32137,6287.290737192629
1875,2024-02-19,16.46548,5976.620780425018
1876,2024-02-20,16.89342,6131.953943914638
1877,2024-02-21,19.06855,6921.480101556314
1878,2024-02-22,18.00017,6533.6807717225975
1879,2024-02-23,16.65436,6045.180223150446
1880,2024-02-24,16.47138,5978.762355563095
1881,2024-02-25,18.78523,6818.6409374681725
1882,2024-02-26,18.11232,6574.388848287913
1883,2024-02-27,18.13003,6580.817203490515
1884,2024-02-28,18.2894,6638.665140737186
1885,2024-02-29,15.06655,5468.838796033432
1886,2024-03-01,17.59584,6386.917538573654
1887,2024-03-02,18.2776,6634.381990461032
1888,2024-03-03,20.00708,7262.146629410485
1889,2024-03-04,16.89342,6131.953943914638
1890,2024-03-05,16.22937,5890.917847229864
1891,2024-03-06,17.15019,6225.156019881432
1892,2024-03-07,15.70994,5702.375749946567
1893,2024-03-08,23.46899,8518.746694878433
1894,2024-03-09,17.69914,6424.413252431855
1895,2024-03-10,18.2776,6634.381990461032
1896,2024-03-11,17.68733,6420.12647236733
1897,2024-03-12,15.84865,5752.7245444216
1898,2024-03-13,15.10787,5483.837081576712
1899,2024-03-14,15.35578,5573.82316504802
1900,2024-03-15,14.18705,5149.598908925142
1901,2024-03-16,14.64156,5314.5764201128495
1902,2024-03-17,16.6278,6035.539505240728
1903,2024-03-18,15.78077,5728.085540968603
1904,2024-03-19,14.83044,5383.135862838277
1905,2024-03-20,14.39069,5223.515919284132
1906,2024-03-21,16.737,6075.176794237004
1907,2024-03-22,13.37248,4853.92723770081
1908,2024-03-23,13.53776,4913.92037987393
1909,2024-03-24,15.28495,5548.113374025985
1910,2024-03-25,14.70058,5335.999431070361
1911,2024-03-26,15.29675,5552.396524302139
1912,2024-03-27,14.49694,5262.082420711371
1913,2024-03-28,13.30755,4830.359021816853
1914,2024-03-29,12.90617,4684.6665762369485
1915,2024-03-30,12.09456,4390.0693223700255
1916,2024-03-31,14.4025,5227.8026993486565
1917,2024-04-01,13.86536,5032.832246862759
1918,2024-04-02,13.70598,4974.980679827718
1919,2024-04-03,15.54761,5643.453395342487
1920,2024-04-04,14.49989,5263.15320828041
1921,2024-04-05,12.99176,4715.733934892546
1922,2024-04-06,12.87961,4675.025858327232
1923,2024-04-07,14.03063,5092.821759247508
1924,2024-04-08,14.35823,5211.733626236339
1925,2024-04-09,15.10787,5483.837081576712
1926,2024-04-10,17.65782,6409.414966888575
1927,2024-04-11,16.68978,6058.036933555648
1928,2024-04-12,14.79502,5370.279152433075
1929,2024-04-13,14.46152,5249.225710306168
1930,2024-04-14,14.39955,5226.731911779618
1931,2024-04-15,15.79848,5734.513896171204
1932,2024-04-16,15.76011,5720.586398196962
1933,2024-04-17,15.53286,5638.099457497294
1934,2024-04-18,13.90077,5045.685327479592
1935,2024-04-19,17.63126,6399.774248978858
1936,2024-04-20,16.61009,6029.111150038128
1937,2024-04-21,15.80143,5735.584683740242
1938,2024-04-22,14.12802,5128.172268179261
1939,2024-04-23,13.75911,4994.265745435521
1940,2024-04-24,13.52595,4909.6335998094055
1941,2024-04-25,13.38429,4858.214017765335
1942,2024-04-26,12.56972,4562.542346541003
1943,2024-04-27,12.54611,4553.972416200325
1944,2024-04-28,25.73266,9340.410998744746
1945,2024-04-29,29.64908,10761.9885754004
1946,2024-04-30,17.58108,6381.559970940092
1947,2024-05-01,15.84275,5750.582969283522
1948,2024-05-02,14.49104,5259.940845573294
1949,2024-05-03,16.38579,5947.694996907497
1950,2024-05-04,23.08532,8379.48260450113
1951,2024-05-05,21.47684,7795.638404824107
1952,2024-05-06,14.08966,5114.248399993389
1953,2024-05-07,13.50824,4903.205244606805
1954,2024-05-08,12.28344,4458.628765095454
1955,2024-05-09,12.99176,4715.733934892546
1956,2024-05-10,12.12702,4401.85161541782
1957,2024-05-11,12.45462,4520.763482406649
1958,2024-05-12,13.523,4908.562812240367
1959,2024-05-13,13.24262,4806.790805932895
1960,2024-05-14,12.11226,4396.4940477842565
1961,2024-05-15,12.92093,4690.024143870512
1962,2024-05-16,12.74385,4625.747851421238
1963,2024-05-17,11.70203,4247.589239497238
1964,2024-05-18,11.57807,4202.594382867398
1965,2024-05-19,12.34542,4481.126193410373
1966,2024-05-20,11.54266,4189.741302250565
1967,2024-05-21,11.73154,4258.300744975993
1968,2024-05-22,11.64595,4227.233386320395
1969,2024-05-23,11.62529,4219.734243548755
1970,2024-05-24,10.04338,3645.534391569819
1971,2024-05-25,10.50084,3811.5826903265647
1972,2024-05-26,12.4251,4510.048347139524
1973,2024-05-27,12.54906,4555.043203769364
1974,2024-05-28,11.88206,4312.936319515549
1975,2024-05-29,11.40985,4141.53408291361
1976,2024-05-30,11.47773,4166.173086366607
1977,2024-05-31,10.3149,3744.090405381806
1978,2024-06-01,11.08225,4022.6222159247804
1979,2024-06-02,11.55446,4194.02445252672
1980,2024-06-03,11.75515,4266.870675316672
1981,2024-06-04,11.03503,4005.4823552434236
1982,2024-06-05,10.2057,3704.4531163855295
1983,2024-06-06,11.16193,4051.5443696539314
1984,2024-06-07,14.6327,5311.360427617364
1985,2024-06-08,11.6371,4224.021023613279
1986,2024-06-09,12.40149,4501.4784167988455
1987,2024-06-10,11.27113,4091.181658650208
1988,2024-06-11,11.89387,4317.223099580073
1989,2024-06-12,12.05029,4374.000249257707
1990,2024-06-13,10.44181,3790.156049580684
1991,2024-06-14,10.50674,3813.724265464642
1992,2024-06-15,10.71628,3889.7828509617093
1993,2024-06-16,11.74335,4262.587525040517
1994,2024-06-17,10.66611,3871.572202711314
1995,2024-06-18,10.87861,3948.70520556579
1996,2024-06-19,10.39459,3773.016188899327
1997,2024-06-20,9.24357,3355.2202879790498
1998,2024-06-21,9.43836,3425.924935630924
1999,2024-06-22,9.17864,3331.652072095091
2000,2024-06-23,10.33556,3751.5895481534453
2001,2024-06-24,10.03157,3641.2476115052946
2002,2024-06-25,9.8663,3581.2580991205455
2003,2024-06-26,11.19735,4064.401080059134
2004,2024-06-27,10.29719,3737.662050179205
2005,2024-06-28,10.02862,3640.176823936256
2006,2024-06-29,11.0911,4025.8345786318964
2007,2024-06-30,10.59528,3845.862411689279
2008,2024-07-01,11.29179,4098.680801421849
2009,2024-07-02,10.79007,3916.5670593411533
2010,2024-07-03,20.07201,7285.714845294444
2011,2024-07-04,11.74925,4264.729100178594
2012,2024-07-05,14.59138,5296.362142074084
2013,2024-07-06,12.35427,4484.338556117488
2014,2024-07-07,12.72614,4619.319496218636
2015,2024-07-08,15.19936,5517.046015370387
2016,2024-07-09,18.70849,6790.785941519692
2017,2024-07-10,13.30165,4828.217446678776
2018,2024-07-11,12.34837,4482.196980979411
2019,2024-07-12,10.56577,3835.150906210523
2020,2024-07-13,10.60708,3850.145561965433
2021,2024-07-14,11.46297,4160.815518733044
2022,2024-07-15,11.16193,4051.5443696539314
2023,2024-07-16,10.82548,3929.4201399579865
2024,2024-07-17,11.09996,4029.0505711273813
2025,2024-07-18,10.14077,3680.884900501571
2026,2024-07-19,9.70103,3521.2685867357955
2027,2024-07-20,9.58592,3479.4860928130724
2028,2024-07-21,10.84024,3934.7777075915487
2029,2024-07-22,10.24112,3717.309826790732
2030,2024-07-23,9.47672,3439.8488038167957
2031,2024-07-24,11.68432,4241.160884294636
2032,2024-07-25,10.48018,3804.083547554925
2033,2024-07-26,11.33016,4112.608299396089
2034,2024-07-27,9.2111,3343.434365142886
2035,2024-07-28,9.78071,3550.190740464947
2036,2024-07-29,9.07534,3294.156358236892
2037,2024-07-30,9.43836,3425.924935630924
2038,2024-07-31,8.84219,3209.527842399146
2039,2024-08-01,9.00746,3269.5173547838954
2040,2024-08-02,8.28439,3007.0582471416087
2041,2024-08-03,7.95974,2889.2171677218175
2042,2024-08-04,9.22881,3349.8627203454867
2043,2024-08-05,9.04288,3282.374065189098
2044,2024-08-06,9.22586,3348.7919327764484
2045,2024-08-07,9.10781,3305.942281073056
2046,2024-08-08,8.73889,3172.0321285409464
2047,2024-08-09,8.57952,3114.1841912942746
2048,2024-08-10,8.975,3257.7350617361008
2049,2024-08-11,9.37638,3403.4275073160043
2050,2024-08-12,9.62429,3493.4135907873138
2051,2024-08-13,9.10781,3305.942281073056
2052,2024-08-14,9.33211,3387.3584342036866
2053,2024-08-15,10.25292,3721.592977066886
2054,2024-08-16,12.26573,4452.200409892852
2055,2024-08-17,9.79547,3555.5483080985096
2056,2024-08-18,10.67201,3873.713777849391
2057,2024-08-19,10.01091,3633.748468733655
2058,2024-08-20,10.11716,3672.3149701608927
2059,2024-08-21,14.24017,5168.880344744576
2060,2024-08-22,18.07691,6561.53576767108
2061,2024-08-23,22.33568,8107.379149160757
2062,2024-08-24,14.46743,5251.370915232615
2063,2024-08-25,13.30755,4830.359021816853
2064,2024-08-26,15.15214,5499.90615468903
2065,2024-08-27,13.23672,4804.6492307948165
2066,2024-08-28,14.27559,5181.737055149779
2067,2024-08-29,13.67942,4965.339961918001
2068,2024-08-30,18.67012,6776.85844354545
2069,2024-08-31,14.04539,5098.179326881071
2070,2024-09-01,14.02768,5091.75097167847
2071,2024-09-02,13.62335,4944.987738529528
2072,2024-09-03,13.21311,4796.079300454138
2073,2024-09-04,12.40445,4502.552834156254
2074,2024-09-05,12.88846,4678.238221034348
2075,2024-09-06,12.71434,4615.0363459424825
2076,2024-09-07,12.34542,4481.126193410373
2077,2024-09-08,13.21016,4795.0085128851
2078,2024-09-09,14.01587,5087.464191613945
2079,2024-09-10,13.55547,4920.348735076531
2080,2024-09-11,12.39559,4499.336841660768
2081,2024-09-12,11.68432,4241.160884294636
2082,2024-09-13,12.977,4710.376367258984
2083,2024-09-14,12.17719,4420.062263668215
2084,2024-09-15,12.23622,4441.4889044140955
2085,2024-09-16,11.2977,4100.826006348295
2086,2024-09-17,11.61939,4217.592668410677
2087,2024-09-18,13.9716,5071.395118501628
2088,2024-09-19,13.3105,4831.429809385891
2089,2024-09-20,11.39214,4135.1057277110085
2090,2024-09-21,12.17129,4417.920688530138
2091,2024-09-22,14.05424,5101.391689588187
2092,2024-09-23,13.75911,4994.265745435521
2093,2024-09-24,11.7463,4263.658312609556
2094,2024-09-25,11.49839,4173.672229138247
2095,2024-09-26,11.15898,4050.4735820848928
2096,2024-09-27,10.60708,3850.145561965433
2097,2024-09-28,10.47723,3803.0127599858865
2098,2024-09-29,12.36313,4487.554548612974
2099,2024-09-30,11.33311,4113.679086965128
