,date,메종 키츠네,메종 키츠네_absolute
0,2019-01-01,1.92134,2430.3555707910996
1,2019-01-02,1.87214,2368.1211437334614
2,2019-01-03,1.67943,2124.3569884839208
3,2019-01-04,1.69583,2145.101797503133
4,2019-01-05,2.06976,2618.096092414974
5,2019-01-06,2.3453,2966.6341824853307
6,2019-01-07,1.97792,2501.925161907383
7,2019-01-08,1.94758,2463.5472652218396
8,2019-01-09,1.81883,2300.687865147228
9,2019-01-10,1.75815,2223.9320717761416
10,2019-01-11,1.61546,2043.439584035199
11,2019-01-12,1.77537,2245.7141212463143
12,2019-01-13,1.82703,2311.0602696568344
13,2019-01-14,1.82949,2314.1719910097163
14,2019-01-15,1.73519,2194.889339149244
15,2019-01-16,1.85081,2341.140242734693
16,2019-01-17,1.94266,2457.323822516076
17,2019-01-18,2.35104,2973.894865642055
18,2019-01-19,2.19441,2775.769290234782
19,2019-01-20,2.24771,2843.1899195472233
20,2019-01-21,2.19605,2777.8437711367037
21,2019-01-22,1.9894,2516.446528220832
22,2019-01-23,1.90166,2405.461799968044
23,2019-01-24,1.75569,2220.8203504232592
24,2019-01-25,1.67287,2116.059064876236
25,2019-01-26,1.82703,2311.0602696568344
26,2019-01-27,2.13291,2697.9762564127345
27,2019-01-28,1.96316,2483.2548337900917
28,2019-01-29,1.78193,2254.0120448539997
29,2019-01-30,1.56216,1976.018954722758
30,2019-01-31,1.63761,2071.4577254849282
31,2019-02-01,1.70075,2151.325240208897
32,2019-02-02,1.80407,2282.0175370299366
33,2019-02-03,2.25263,2849.413362252987
34,2019-02-04,2.29363,2901.2753848010184
35,2019-02-05,2.93736,3715.547086626492
36,2019-02-06,3.05955,3870.1085630934185
37,2019-02-07,2.85536,3611.823041530429
38,2019-02-08,2.46748,3121.183009678465
39,2019-02-09,2.72989,3453.11260325966
40,2019-02-10,3.14975,3984.205012699088
41,2019-02-11,2.61591,3308.936180576132
42,2019-02-12,2.39614,3030.94309044489
43,2019-02-13,2.45682,3107.698883815977
44,2019-02-14,2.24033,2833.8547554885777
45,2019-02-15,2.38384,3015.3844836804806
46,2019-02-16,3.04561,3852.4754754270875
47,2019-02-17,3.06283,3874.2575248972607
48,2019-02-18,2.56752,3247.726344695662
49,2019-02-19,2.38056,3011.235521876638
50,2019-02-20,2.31085,2923.057434271192
51,2019-02-21,2.32643,2942.765002839444
52,2019-02-22,2.51586,3182.380196285142
53,2019-02-23,2.95622,3739.4036169985866
54,2019-02-24,3.70409,4685.40485609606
55,2019-02-25,3.59667,4549.526357020217
56,2019-02-26,3.44988,4363.847667024471
57,2019-02-27,3.14729,3981.0932913462057
58,2019-02-28,3.03248,3835.866978937925
59,2019-03-01,3.32442,4205.149878027494
60,2019-03-02,3.11203,3936.4919519548985
61,2019-03-03,3.44168,4353.475262514865
62,2019-03-04,2.90128,3669.908506784224
63,2019-03-05,2.88734,3652.2754191178933
64,2019-03-06,2.81928,3566.184461688161
65,2019-03-07,2.80205,3544.3897629441954
66,2019-03-08,2.54374,3217.646371617804
67,2019-03-09,2.85946,3617.009243785232
68,2019-03-10,3.51221,4442.690590571272
69,2019-03-11,3.07431,3888.77889121071
70,2019-03-12,2.84142,3594.189953864098
71,2019-03-13,3.37362,4267.384305085133
72,2019-03-14,2.78155,3518.4587516701795
73,2019-03-15,2.94556,3725.9194911360983
74,2019-03-16,3.30474,4180.256107204439
75,2019-03-17,3.74838,4741.428489721726
76,2019-03-18,3.58027,4528.781548001004
77,2019-03-19,3.40396,4305.762201770676
78,2019-03-20,3.24815,4108.6738668143635
79,2019-03-21,2.96606,3751.850502410114
80,2019-03-22,2.8857,3650.2009382159717
81,2019-03-23,3.17763,4019.4711880317495
82,2019-03-24,4.40686,5574.357870390699
83,2019-03-25,3.58109,4529.818788451965
84,2019-03-26,3.17681,4018.4339475807888
85,2019-03-27,3.33344,4216.559522988062
86,2019-03-28,3.06611,3878.4064867011034
87,2019-03-29,2.9349,3712.43536527361
88,2019-03-30,3.13007,3959.3112418760325
89,2019-03-31,3.67621,4650.138680763398
90,2019-04-01,3.22847,4083.780095991309
91,2019-04-02,3.18173,4024.6573902865525
92,2019-04-03,3.35312,4241.453293811117
93,2019-04-04,3.11039,3934.417471052978
94,2019-04-05,2.91686,3689.616075352476
95,2019-04-06,3.02428,3825.494574428319
96,2019-04-07,4.05015,5123.145624949031
97,2019-04-08,4.38062,5541.166175959958
98,2019-04-09,4.33962,5489.304153411927
99,2019-04-10,3.89434,4926.057289992719
100,2019-04-11,3.65161,4619.021467234579
101,2019-04-12,3.43512,4345.1773389071805
102,2019-04-13,3.58601,4536.042231157729
103,2019-04-14,4.08787,5170.85868569322
104,2019-04-15,3.46546,4383.555235592724
105,2019-04-16,3.46464,4382.517995141763
106,2019-04-17,3.65817,4627.3193908422645
107,2019-04-18,3.81562,4826.482206700498
108,2019-04-19,3.40068,4301.613239966833
109,2019-04-20,3.69179,4669.84624933165
110,2019-04-21,4.27238,5404.250436433154
111,2019-04-22,4.26746,5398.026993727391
112,2019-04-23,4.2568,5384.542867864903
113,2019-04-24,3.89352,4925.020049541758
114,2019-04-25,3.3728,4266.347064634172
115,2019-04-26,3.15795,3994.577417208694
116,2019-04-27,3.3195,4198.926435321731
117,2019-04-28,3.96568,5016.2972092262935
118,2019-04-29,3.71147,4694.740020154705
119,2019-04-30,3.10711,3930.268509249135
120,2019-05-01,3.53189,4467.584361394327
121,2019-05-02,3.37608,4270.496026438014
122,2019-05-03,3.13499,3965.5346845817967
123,2019-05-04,3.33672,4220.708484791904
124,2019-05-05,3.9296,4970.658629384026
125,2019-05-06,4.54135,5744.477953622035
126,2019-05-07,3.93288,4974.807591187869
127,2019-05-08,3.65489,4623.170429038421
128,2019-05-09,3.71803,4703.037943762391
129,2019-05-10,3.98701,5043.278110225063
130,2019-05-11,4.11575,5206.124861025882
131,2019-05-12,5.24166,6630.319246563791
132,2019-05-13,4.79064,6059.811699987858
133,2019-05-14,4.09443,5179.156609300905
134,2019-05-15,4.11329,5203.013139673
135,2019-05-16,4.46099,5642.828389427892
136,2019-05-17,5.26298,6657.287498288767
137,2019-05-18,4.71438,5963.34833804852
138,2019-05-19,4.8382,6119.971646143575
139,2019-05-20,4.70454,5950.901452636992
140,2019-05-21,4.70454,5950.901452636992
141,2019-05-22,4.33224,5479.96898935328
142,2019-05-23,4.16167,5264.210326279677
143,2019-05-24,4.06819,5145.964914870166
144,2019-05-25,3.89844,4931.243492247521
145,2019-05-26,4.33716,5486.192432059044
146,2019-05-27,4.21908,5336.829807120714
147,2019-05-28,3.93206,4973.770350736908
148,2019-05-29,3.81398,4824.407725798576
149,2019-05-30,3.36624,4258.049141026487
150,2019-05-31,3.42118,4327.54425124085
151,2019-06-01,3.60733,4563.010482882705
152,2019-06-02,4.06163,5137.66699126248
153,2019-06-03,4.16905,5273.545490338323
154,2019-06-04,4.12067,5212.348303731645
155,2019-06-05,6.19618,7837.717728577136
156,2019-06-06,5.37943,6804.58829159897
157,2019-06-07,4.58727,5802.5634188758295
158,2019-06-08,4.65451,5887.617135854602
159,2019-06-09,4.83738,6118.934405692614
160,2019-06-10,4.55283,5758.999319935483
161,2019-06-11,4.04113,5111.735979988464
162,2019-06-12,4.11165,5200.938658771079
163,2019-06-13,3.90992,4945.76485856097
164,2019-06-14,3.58519,4535.004990706768
165,2019-06-15,3.60159,4555.749799725981
166,2019-06-16,3.75166,4745.577451525569
167,2019-06-17,3.54501,4484.180208609697
168,2019-06-18,4.13051,5224.795189143173
169,2019-06-19,4.06163,5137.66699126248
170,2019-06-20,3.74674,4739.354008819805
171,2019-06-21,3.21289,4064.0725274230563
172,2019-06-22,3.4958,4421.933132278267
173,2019-06-23,3.87712,4904.275240522546
174,2019-06-24,3.8804,4908.424202326388
175,2019-06-25,3.69753,4677.106932488375
176,2019-06-26,3.741,4732.093325663081
177,2019-06-27,3.42446,4331.693213044692
178,2019-06-28,3.26455,4129.418675833576
179,2019-06-29,3.43594,4346.21457935814
180,2019-06-30,3.94108,4985.179995697475
181,2019-07-01,3.47694,4398.076601906172
182,2019-07-02,3.54337,4482.105727707775
183,2019-07-03,3.25061,4111.785588167246
184,2019-07-04,3.22765,4082.742855540348
185,2019-07-05,3.25307,4114.897309520127
186,2019-07-06,3.25061,4111.785588167246
187,2019-07-07,3.83038,4845.152534817789
188,2019-07-08,3.59831,4551.600837922138
189,2019-07-09,3.44004,4351.400781612944
190,2019-07-10,3.79758,4803.662916779364
191,2019-07-11,3.49826,4425.044853631149
192,2019-07-12,2.9554,3738.366376547626
193,2019-07-13,3.23995,4098.3014623047575
194,2019-07-14,3.35476,4243.5277747130385
195,2019-07-15,3.26783,4133.567637637419
196,2019-07-16,3.25717,4120.08351177493
197,2019-07-17,3.43758,4348.289060260062
198,2019-07-18,3.68277,4658.436604371083
199,2019-07-19,3.54911,4489.366410864501
200,2019-07-20,3.66883,4640.803516704752
201,2019-07-21,3.95748,5005.9248047166875
202,2019-07-22,3.81234,4822.333244896655
203,2019-07-23,3.60651,4561.973242431744
204,2019-07-24,3.83038,4845.152534817789
205,2019-07-25,4.02637,5093.065651871173
206,2019-07-26,3.27768,4146.027172322739
207,2019-07-27,3.18829,4032.9553138942374
208,2019-07-28,3.66145,4631.468352646107
209,2019-07-29,3.42528,4332.730453495652
210,2019-07-30,3.4056,4307.836682672598
211,2019-07-31,3.40396,4305.762201770676
212,2019-08-01,3.39084,4289.166354555306
213,2019-08-02,3.26373,4128.381435382616
214,2019-08-03,3.15877,3995.6146576596548
215,2019-08-04,3.82874,4843.078053915868
216,2019-08-05,3.45972,4376.294552435999
217,2019-08-06,3.57289,4519.446383942359
218,2019-08-07,3.66637,4637.6917953518705
219,2019-08-08,3.54337,4482.105727707775
220,2019-08-09,3.55895,4501.813296276027
221,2019-08-10,3.43184,4341.028377103337
222,2019-08-11,3.97963,5033.942946166417
223,2019-08-12,3.87466,4901.163519169663
224,2019-08-13,3.98455,5040.1663888721805
225,2019-08-14,3.68359,4659.473844822044
226,2019-08-15,4.07967,5160.486281183614
227,2019-08-16,3.59421,4546.414635667335
228,2019-08-17,3.71967,4705.112424664311
229,2019-08-18,3.82546,4838.9290921120255
230,2019-08-19,3.84924,4869.009065189884
231,2019-08-20,3.782,4783.955348211112
232,2019-08-21,3.91156,4947.839339462892
233,2019-08-22,3.46628,4384.592476043684
234,2019-08-23,4.23794,5360.686337492808
235,2019-08-24,4.06081,5136.629750811519
236,2019-08-25,4.30846,5449.889016275422
237,2019-08-26,4.20349,5317.10958927867
238,2019-08-27,4.12887,5222.7207082412515
239,2019-08-28,4.56103,5769.371724445089
240,2019-08-29,4.07557,5155.300078928811
241,2019-08-30,4.16413,5267.322047632559
242,2019-08-31,4.00341,5064.022919244275
243,2019-09-01,4.93825,6246.527630434565
244,2019-09-02,5.03747,6372.0337250008015
245,2019-09-03,5.00795,6334.693068766219
246,2019-09-04,4.31502,5458.186939883107
247,2019-09-05,3.92386,4963.397946227301
248,2019-09-06,3.69015,4667.7717684297295
249,2019-09-07,4.57907,5792.1910143662235
250,2019-09-08,5.89441,7456.0005933498305
251,2019-09-09,5.31546,6723.670887150248
252,2019-09-10,5.01205,6339.879271021022
253,2019-09-11,4.06983,5148.039395772085
254,2019-09-12,4.55119,5756.9248390335615
255,2019-09-13,4.72586,5977.869704361969
256,2019-09-14,4.7603,6021.433803302315
257,2019-09-15,5.47537,6925.945424361364
258,2019-09-16,5.39009,6818.072417461457
259,2019-09-17,4.81852,6095.07787532052
260,2019-09-18,4.77424,6039.066890968646
261,2019-09-19,4.59137,5807.749621130633
262,2019-09-20,4.67338,5911.486315500488
263,2019-09-21,4.82672,6105.450279830126
264,2019-09-22,5.48849,6942.541271576733
265,2019-09-23,6.51107,8236.030711019812
266,2019-09-24,7.37539,9329.332743427487
267,2019-09-25,5.6566,7155.188213297455
268,2019-09-26,4.69552,5939.491807676425
269,2019-09-27,4.47083,5655.2752748394205
270,2019-09-28,4.31584,5459.224180334068
271,2019-09-29,4.7562,6016.247601047512
272,2019-09-30,4.36258,5518.346886038825
273,2019-10-01,4.34372,5494.49035566673
274,2019-10-02,3.7943,4799.513954975521
275,2019-10-03,4.07557,5155.300078928811
276,2019-10-04,3.94682,4992.440678854199
277,2019-10-05,3.94108,4985.179995697475
278,2019-10-06,4.37078,5528.719290548431
279,2019-10-07,4.01407,5077.507045106763
280,2019-10-08,3.92796,4968.584148482105
281,2019-10-09,4.11329,5203.013139673
282,2019-10-10,3.7574,4752.8381346822935
283,2019-10-11,3.34902,4236.267091556314
284,2019-10-12,3.47776,4399.113842357133
285,2019-10-13,3.97225,5024.607782107771
286,2019-10-14,3.51713,4448.914033277036
287,2019-10-15,3.41708,4322.358048986046
288,2019-10-16,3.39494,4294.3525568101095
289,2019-10-17,3.20551,4054.7373633644106
290,2019-10-18,3.07431,3888.77889121071
291,2019-10-19,3.07267,3886.7044103087883
292,2019-10-20,3.48268,4405.337285062897
293,2019-10-21,3.44824,4361.77318612255
294,2019-10-22,3.18009,4022.582909384631
295,2019-10-23,3.20715,4056.811844266332
296,2019-10-24,3.51795,4449.9512737279965
297,2019-10-25,2.59049,3276.781726596352
298,2019-10-26,2.85372,3609.748560628507
299,2019-10-27,2.96606,3751.850502410114
300,2019-10-28,3.15221,3987.31673405197
301,2019-10-29,2.89308,3659.5361022746174
302,2019-10-30,3.61799,4576.494608745194
303,2019-10-31,2.74383,3470.7456909259904
304,2019-11-01,2.63395,3331.755470497266
305,2019-11-02,2.95212,3734.217414743783
306,2019-11-03,3.54993,4490.403651315461
307,2019-11-04,2.99312,3786.0794372918144
308,2019-11-05,3.13499,3965.5346845817967
309,2019-11-06,2.85126,3606.6368392756253
310,2019-11-07,2.76925,3502.90014490577
311,2019-11-08,2.66593,3372.2078480847304
312,2019-11-09,2.78073,3517.421511219219
313,2019-11-10,3.30392,4179.218866753479
314,2019-11-11,3.02346,3824.4573339773583
315,2019-11-12,2.95622,3739.4036169985866
316,2019-11-13,2.85536,3611.823041530429
317,2019-11-14,2.42648,3069.3209871304334
318,2019-11-15,2.3494,2971.820384740134
319,2019-11-16,2.53308,3204.162245755316
320,2019-11-17,2.94474,3724.8822506851375
321,2019-11-18,2.89554,3662.6478236274997
322,2019-11-19,2.43796,3083.842353443882
323,2019-11-20,2.48634,3145.03954005056
324,2019-11-21,2.66265,3368.058886280888
325,2019-11-22,2.44288,3090.0657961496463
326,2019-11-23,2.43468,3079.69339164004
327,2019-11-24,2.76925,3502.90014490577
328,2019-11-25,2.66593,3372.2078480847304
329,2019-11-26,2.91768,3690.6533158034363
330,2019-11-27,2.9062,3676.131949489988
331,2019-11-28,2.68315,3393.9898975549036
332,2019-11-29,2.45518,3105.6244029140553
333,2019-11-30,2.72661,3448.963641455817
334,2019-12-01,3.12843,3957.2367609741113
335,2019-12-02,2.75039,3479.0436145336753
336,2019-12-03,2.55112,3226.9815356764498
337,2019-12-04,2.39122,3024.7196477391262
338,2019-12-05,2.68889,3401.2505807116277
339,2019-12-06,2.52406,3192.7526007947486
340,2019-12-07,2.62575,3321.3830659876594
341,2019-12-08,2.93244,3709.323643920728
342,2019-12-09,2.77499,3510.160828062494
343,2019-12-10,2.67085,3378.431290790494
344,2019-12-11,2.40188,3038.203773601614
345,2019-12-12,3.02346,3824.4573339773583
346,2019-12-13,2.64379,3344.2023559087934
347,2019-12-14,2.80452,3547.5141335708695
348,2019-12-15,3.27768,4146.027172322739
349,2019-12-16,2.68807,3400.213340260668
350,2019-12-17,2.62985,3326.5692682424624
351,2019-12-18,2.71349,3432.367794240447
352,2019-12-19,2.48962,3149.188501854402
353,2019-12-20,2.55522,3232.1677379312523
354,2019-12-21,2.73645,3461.4105268673447
355,2019-12-22,3.30638,4182.330588106361
356,2019-12-23,3.22437,4078.5938937365054
357,2019-12-24,2.75941,3490.453259494242
358,2019-12-25,3.12761,3956.1995205231506
359,2019-12-26,3.16943,4009.098783522143
360,2019-12-27,3.02428,3825.494574428319
361,2019-12-28,2.9636,3748.7387810572322
362,2019-12-29,3.29162,4163.660259989069
363,2019-12-30,2.77007,3503.937385356731
364,2019-12-31,2.49782,3159.560906364008
365,2020-01-01,2.78647,3524.6821943759433
366,2020-01-02,2.95786,3741.4780979005077
367,2020-01-03,2.90456,3674.0574685880665
368,2020-01-04,3.06939,3882.5554485049456
369,2020-01-05,3.18419,4027.7691116394344
370,2020-01-06,2.9636,3748.7387810572322
371,2020-01-07,3.01444,3813.047689016791
372,2020-01-08,2.88488,3649.1636977650114
373,2020-01-09,2.8242,3572.407904393924
374,2020-01-10,2.82092,3568.258942590082
375,2020-01-11,3.00624,3802.675284507185
376,2020-01-12,3.66227,4632.5055930970675
377,2020-01-13,3.31376,4191.665752165006
378,2020-01-14,3.0087,3805.787005860067
379,2020-01-15,3.16205,3999.763619463497
380,2020-01-16,2.80452,3547.5141335708695
381,2020-01-17,2.74383,3470.7456909259904
382,2020-01-18,2.9431,3722.807769783216
383,2020-01-19,3.52533,4459.286437786642
384,2020-01-20,3.02018,3820.3083721735156
385,2020-01-21,2.9308,3707.249163018807
386,2020-01-22,2.86684,3626.3444078438774
387,2020-01-23,2.8447,3598.3389156679405
388,2020-01-24,3.08497,3902.263017073198
389,2020-01-25,3.51713,4448.914033277036
390,2020-01-26,3.92796,4968.584148482105
391,2020-01-27,4.20185,5315.035108376748
392,2020-01-28,3.65161,4619.021467234579
393,2020-01-29,3.52287,4456.17471643376
394,2020-01-30,3.42938,4337.916655750456
395,2020-01-31,3.16205,3999.763619463497
396,2020-02-01,3.54665,4486.254689511618
397,2020-02-02,4.05507,5129.369067654795
398,2020-02-03,3.57125,4517.371903040437
399,2020-02-04,3.35804,4247.676736516881
400,2020-02-05,3.3769,4271.533266888975
401,2020-02-06,3.80824,4817.147042641853
402,2020-02-07,3.52943,4464.472640041445
403,2020-02-08,4.01735,5081.656006910606
404,2020-02-09,4.55365,5760.036560386444
405,2020-02-10,4.265,5394.915272374508
406,2020-02-11,4.21088,5326.457402611108
407,2020-02-12,4.12231,5214.422784633566
408,2020-02-13,4.03211,5100.326335027898
409,2020-02-14,4.00259,5062.985678793314
410,2020-02-15,4.12887,5222.7207082412515
411,2020-02-16,4.26664,5396.98975327643
412,2020-02-17,3.77462,4774.620184152466
413,2020-02-18,3.55485,4496.627094021224
414,2020-02-19,3.37526,4269.4587859870535
415,2020-02-20,3.15467,3990.4284554048513
416,2020-02-21,2.89226,3658.4988618236566
417,2020-02-22,3.20633,4055.7746038153714
418,2020-02-23,3.8845,4913.610404581191
419,2020-02-24,4.42162,5593.028198507989
420,2020-02-25,4.34208,5492.415874764809
421,2020-02-26,3.52041,4453.062995080878
422,2020-02-27,3.87466,4901.163519169663
423,2020-02-28,3.86646,4890.791114660057
424,2020-02-29,4.34208,5492.415874764809
425,2020-03-01,5.07847,6423.895747548833
426,2020-03-02,4.3429,5493.45311521577
427,2020-03-03,4.59301,5809.824102032554
428,2020-03-04,4.08951,5172.933166595141
429,2020-03-05,5.36466,6785.905314207886
430,2020-03-06,4.57169,5782.855850307578
431,2020-03-07,5.16376,6531.781403722531
432,2020-03-08,5.81814,7359.5245821367
433,2020-03-09,4.89806,6195.690199063702
434,2020-03-10,5.03911,6374.108205902722
435,2020-03-11,4.83164,6111.67372253589
436,2020-03-12,4.51593,5712.323499642254
437,2020-03-13,4.86854,6158.349542829119
438,2020-03-14,6.26342,7922.771445555908
439,2020-03-15,7.51562,9506.713509815547
440,2020-03-16,5.96411,7544.166031681484
441,2020-03-17,6.69558,8469.422461759745
442,2020-03-18,5.94607,7521.346741760351
443,2020-03-19,5.65906,7158.2999346503375
444,2020-03-20,5.14244,6504.813151997554
445,2020-03-21,5.57541,7052.488759378561
446,2020-03-22,6.65786,8421.709401015556
447,2020-03-23,5.58689,7067.01012569201
448,2020-03-24,5.23018,6615.797880250342
449,2020-03-25,5.11209,6466.422606038219
450,2020-03-26,4.94973,6261.048996748013
451,2020-03-27,4.7357,5990.316589773496
452,2020-03-28,4.94973,6261.048996748013
453,2020-03-29,5.6156,7103.326190749423
454,2020-03-30,5.07437,6418.70954529403
455,2020-03-31,4.86198,6150.051619221434
456,2020-04-01,5.13669,6497.539819567038
457,2020-04-02,5.03665,6370.996484549841
458,2020-04-03,4.66189,5896.952299913247
459,2020-04-04,4.92431,6228.894542768235
460,2020-04-05,6.76938,8562.774102346202
461,2020-04-06,6.2093,7854.313575792506
462,2020-04-07,6.54634,8280.64469968491
463,2020-04-08,5.6279,7118.884797513833
464,2020-04-09,5.2146,6596.09031168209
465,2020-04-10,4.7275,5979.94418526389
466,2020-04-11,5.41305,6847.115150088355
467,2020-04-12,6.1191,7740.217126186837
468,2020-04-13,5.7386,7258.912258393519
469,2020-04-14,5.52375,6987.142610968041
470,2020-04-15,6.02151,7616.772863248729
471,2020-04-16,5.8411,7388.567314763598
472,2020-04-17,5.44749,6890.6792490287025
473,2020-04-18,6.08384,7695.61578679553
474,2020-04-19,6.86205,8679.994922578546
475,2020-04-20,6.73986,8525.43344611162
476,2020-04-21,6.23882,7891.654232027088
477,2020-04-22,5.71974,7235.055728021423
478,2020-04-23,6.12566,7748.5150497945215
479,2020-04-24,5.91983,7488.155047329611
480,2020-04-25,6.20028,7842.90393083194
481,2020-04-26,6.92601,8760.899677753476
482,2020-04-27,6.85713,8673.771479872781
483,2020-04-28,7.67798,9712.087119105752
484,2020-04-29,7.38441,9340.742388388053
485,2020-04-30,8.25939,10447.528546658217
486,2020-05-01,8.04946,10181.982341938503
487,2020-05-02,8.33401,10541.917427695633
488,2020-05-03,9.23441,11680.858039945579
489,2020-05-04,9.09418,11503.477273557517
490,2020-05-05,9.72069,12295.966925912817
491,2020-05-06,10.91712,13809.363990233342
492,2020-05-07,10.339,13078.08417375851
493,2020-05-08,9.39678,11886.244298509575
494,2020-05-09,9.14257,11564.687109437986
495,2020-05-10,7.91579,10012.899499158128
496,2020-05-11,9.47222,11981.670419997954
497,2020-05-12,9.70265,12273.147635991683
498,2020-05-13,9.87404,12489.943539516249
499,2020-05-14,8.69893,11003.514726920701
500,2020-05-15,7.88217,9970.372640668742
501,2020-05-16,7.63206,9654.001653851956
502,2020-05-17,8.79077,11119.685657428292
503,2020-05-18,10.87202,13752.315765430505
504,2020-05-19,11.83556,14971.123892404417
505,2020-05-20,11.14755,14100.84120622707
506,2020-05-21,10.14629,12834.32001850897
507,2020-05-22,10.22419,12932.85786135023
508,2020-05-23,10.11595,12795.942121823426
509,2020-05-24,10.58829,13393.417920124335
510,2020-05-25,11.71256,14815.537824760322
511,2020-05-26,11.15985,14116.399812991482
512,2020-05-27,10.96632,13871.598417290978
513,2020-05-28,9.14503,11567.798830790869
514,2020-05-29,8.80061,11132.13254283982
515,2020-05-30,7.85183,9931.994743983198
516,2020-05-31,9.12699,11544.979540869734
517,2020-06-01,8.60544,10885.256666237396
518,2020-06-02,8.22003,10397.741005012105
519,2020-06-03,8.03798,10167.460975625054
520,2020-06-04,8.31679,10520.135378225461
521,2020-06-05,7.95762,10065.811411430912
522,2020-06-06,7.65912,9688.230588733657
523,2020-06-07,7.97812,10091.742422704927
524,2020-06-08,8.48982,10739.005762651946
525,2020-06-09,8.24463,10428.858218540927
526,2020-06-10,8.21019,10385.29411960058
527,2020-06-11,8.571,10841.692567297048
528,2020-06-12,8.39633,10620.747701968643
529,2020-06-13,8.06176,10197.540948702912
530,2020-06-14,8.70713,11013.887131430305
531,2020-06-15,8.73091,11043.967104508165
532,2020-06-16,7.605,9619.772718970256
533,2020-06-17,6.95881,8802.3892957919
534,2020-06-18,7.6378,9661.262337008682
535,2020-06-19,6.95799,8801.35205534094
536,2020-06-20,7.17694,9078.307905021222
537,2020-06-21,8.25447,10441.305103952453
538,2020-06-22,8.91542,11277.358855248098
539,2020-06-23,8.70221,11007.663688724542
540,2020-06-24,7.85019,9929.920263081276
541,2020-06-25,7.91661,10013.93673960909
542,2020-06-26,6.90387,8732.89418557754
543,2020-06-27,7.25649,9178.932878038195
544,2020-06-28,8.32007,10524.284340029302
545,2020-06-29,9.01218,11399.753228461455
546,2020-06-30,7.59352,9605.251352656807
547,2020-07-01,8.08964,10232.807124035573
548,2020-07-02,7.49758,9483.894219894413
549,2020-07-03,6.67836,8447.640412289571
550,2020-07-04,6.93585,8773.346563165003
551,2020-07-05,7.47872,9460.037689522318
552,2020-07-06,7.26305,9187.23080164588
553,2020-07-07,6.94405,8783.71896767461
554,2020-07-08,6.69066,8463.199019053982
555,2020-07-09,6.42907,8132.306665923748
556,2020-07-10,6.19044,7830.457045420411
557,2020-07-11,6.90141,8729.782464224656
558,2020-07-12,7.97648,10089.667941803005
559,2020-07-13,7.71079,9753.58938641797
560,2020-07-14,7.0728,8946.57836774922
561,2020-07-15,6.79071,8589.755003344972
562,2020-07-16,6.60374,8353.251531252155
563,2020-07-17,6.75544,8545.141014679872
564,2020-07-18,6.90223,8730.819704675618
565,2020-07-19,7.36145,9311.699655761155
566,2020-07-20,6.53731,8269.222405450551
567,2020-07-21,6.69066,8463.199019053982
568,2020-07-22,6.45613,8166.535600805449
569,2020-07-23,6.15354,7783.781225127183
570,2020-07-24,7.50168,9489.080422149216
571,2020-07-25,7.40655,9368.747880563991
572,2020-07-26,8.9351,11302.252626071155
573,2020-07-27,7.42459,9391.567170485125
574,2020-07-28,8.5177,10774.271937984608
575,2020-07-29,15.9423,20165.851757743523
576,2020-07-30,8.66121,10955.801666176512
577,2020-07-31,8.98676,11367.598774481676
578,2020-08-01,8.06504,10201.689910506755
579,2020-08-02,8.48736,10735.894041299065
580,2020-08-03,8.29137,10487.980924245683
581,2020-08-04,8.5054,10758.713331220199
582,2020-08-05,7.95188,10058.550728274187
583,2020-08-06,8.10194,10248.365730799984
584,2020-08-07,7.43689,9407.125777249534
585,2020-08-08,7.96746,10078.25829684244
586,2020-08-09,9.50748,12026.27175938926
587,2020-08-10,9.16635,11594.767082515844
588,2020-08-11,8.26841,10458.938191618783
589,2020-08-12,7.89939,9992.154690138916
590,2020-08-13,7.77639,9836.56862249482
591,2020-08-14,7.18514,9088.680309530828
592,2020-08-15,7.89857,9991.117449687954
593,2020-08-16,8.80717,11140.430466447502
594,2020-08-17,8.86867,11218.22350026955
595,2020-08-18,8.5833,10857.25117406146
596,2020-08-19,8.26841,10458.938191618783
597,2020-08-20,7.61238,9629.1078830289
598,2020-08-21,7.55662,9558.575532363579
599,2020-08-22,7.57876,9586.581024539515
600,2020-08-23,8.5095,10763.899533475002
601,2020-08-24,7.99944,10118.710674429904
602,2020-08-25,8.30531,10505.614011912014
603,2020-08-26,7.81329,9883.24444278805
604,2020-08-27,7.77721,9837.60586294578
605,2020-08-28,7.12446,9011.924516159741
606,2020-08-29,7.54596,9545.09140650109
607,2020-08-30,8.01666,10140.492723900077
608,2020-08-31,7.78295,9844.866546102505
609,2020-09-01,8.25857,10446.491306207257
610,2020-09-02,8.448,10686.106499652955
611,2020-09-03,8.24463,10428.858218540927
612,2020-09-04,8.20937,10384.256879149618
613,2020-09-05,9.01464,11402.864949814337
614,2020-09-06,10.3226,13057.339364739297
615,2020-09-07,10.63421,13451.50338537813
616,2020-09-08,9.39596,11885.207058058615
617,2020-09-09,9.94702,12582.257939651745
618,2020-09-10,8.9146,11276.32161479714
619,2020-09-11,8.57428,10845.841529100891
620,2020-09-12,8.84161,11183.99456538785
621,2020-09-13,9.75841,12343.679986657005
622,2020-09-14,9.24343,11692.267684906144
623,2020-09-15,10.38902,13141.35584126711
624,2020-09-16,11.61743,14695.205283175099
625,2020-09-17,11.03111,13953.553062190662
626,2020-09-18,10.01672,12670.423377983398
627,2020-09-19,9.8478,12456.751845085506
628,2020-09-20,13.7692,17417.038069959926
629,2020-09-21,17.02392,21534.02250965577
630,2020-09-22,11.8372,14973.198373306339
631,2020-09-23,10.06265,12728.521492510985
632,2020-09-24,8.95478,11327.14639689421
633,2020-09-25,10.68833,13519.961255141532
634,2020-09-26,10.3062,13036.594555720087
635,2020-09-27,10.27257,12994.055047956906
636,2020-09-28,8.67269,10970.32303248996
637,2020-09-29,7.93383,10035.718789079261
638,2020-09-30,7.99124,10108.338269920298
639,2020-10-01,8.34549,10556.438794009084
640,2020-10-02,8.78175,11108.276012467724
641,2020-10-03,9.53454,12060.50069427096
642,2020-10-04,10.81052,13674.522731608458
643,2020-10-05,10.16269,12855.064827528182
644,2020-10-06,9.61901,12167.349109993698
645,2020-10-07,9.15569,11581.282956653356
646,2020-10-08,8.16016,10322.009802818187
647,2020-10-09,8.44882,10687.143740103915
648,2020-10-10,8.0839,10225.546440878848
649,2020-10-11,8.43734,10672.622373790467
650,2020-10-12,9.38612,11872.760172647088
651,2020-10-13,9.9216,12550.103485671963
652,2020-10-14,10.35868,13102.977944581566
653,2020-10-15,10.3431,13083.270376013314
654,2020-10-16,9.0007,11385.231862148006
655,2020-10-17,8.28645,10481.757481539918
656,2020-10-18,8.62348,10908.075956158531
657,2020-10-19,6.92191,8755.713475498671
658,2020-10-20,6.80875,8612.574293266105
659,2020-10-21,7.12528,9012.9617566107
660,2020-10-22,7.91825,10016.011220511009
661,2020-10-23,5.81732,7358.487341685739
662,2020-10-24,6.20848,7853.276335341545
663,2020-10-25,6.95225,8794.091372184215
664,2020-10-26,6.44629,8154.088715393921
665,2020-10-27,6.02561,7621.959065503533
666,2020-10-28,5.54671,7016.185343594939
667,2020-10-29,6.47663,8192.466612079465
668,2020-10-30,5.20066,6578.4572240157595
669,2020-10-31,5.87555,7432.144062977736
670,2020-11-01,6.89977,8727.707983322736
671,2020-11-02,5.8042,7341.891494470369
672,2020-11-03,5.50407,6962.248840144985
673,2020-11-04,4.98253,6302.538614786438
674,2020-11-05,4.7234,5974.757983009086
675,2020-11-06,4.70454,5950.901452636992
676,2020-11-07,5.55901,7031.743950359348
677,2020-11-08,7.57958,9587.618264990477
678,2020-11-09,7.11708,9002.589352101095
679,2020-11-10,6.68902,8461.12453815206
680,2020-11-11,5.60986,7096.0655075927
681,2020-11-12,5.47373,6923.870943459442
682,2020-11-13,5.3499,6767.234986090594
683,2020-11-14,6.09696,7712.2116340109
684,2020-11-15,7.40245,9363.561678309186
685,2020-11-16,6.59062,8336.655684036785
686,2020-11-17,6.22652,7876.095625262679
687,2020-11-18,6.28392,7948.702456829924
688,2020-11-19,6.55782,8295.166065998359
689,2020-11-20,6.06415,7670.709366698681
690,2020-11-21,6.40365,8100.152211943968
691,2020-11-22,7.08428,8961.099734062669
692,2020-11-23,6.17076,7805.563274597356
693,2020-11-24,5.91573,7482.968845074807
694,2020-11-25,6.10352,7720.509557618584
695,2020-11-26,6.32165,7996.428166847905
696,2020-11-27,6.31427,7987.093002789259
697,2020-11-28,6.64392,8404.076313349226
698,2020-11-29,7.84199,9919.54785857167
699,2020-11-30,6.79973,8601.16464830554
700,2020-12-01,6.42989,8133.343906374709
701,2020-12-02,6.01823,7612.6239014448865
702,2020-12-03,6.06087,7666.56040489484
703,2020-12-04,5.7468,7269.2846629031255
704,2020-12-05,6.17322,7808.674995950238
705,2020-12-06,6.73084,8514.023801151052
706,2020-12-07,6.10762,7725.695759873387
707,2020-12-08,6.57914,8322.134317723336
708,2020-12-09,6.33395,8011.986773612314
709,2020-12-10,5.88785,7447.702669742146
710,2020-12-11,5.49751,6953.950916537301
711,2020-12-12,5.53277,6998.552255928608
712,2020-12-13,6.57586,8317.985355919493
713,2020-12-14,5.837,7383.381112508794
714,2020-12-15,5.52949,6994.403294124765
715,2020-12-16,5.58443,7063.898404339127
716,2020-12-17,5.3089,6715.372963542563
717,2020-12-18,5.04567,6382.406129510408
718,2020-12-19,5.29906,6702.926078131035
719,2020-12-20,6.31673,7990.204724142141
720,2020-12-21,6.03709,7636.480431816981
721,2020-12-22,5.52785,6992.328813222844
722,2020-12-23,5.2843,6684.255750013744
723,2020-12-24,5.3581,6777.607390600201
724,2020-12-25,5.6935,7201.864033590684
725,2020-12-26,6.45777,8168.61008170737
726,2020-12-27,7.45493,9429.945067170667
727,2020-12-28,5.91901,7487.11780687865
728,2020-12-29,5.26626,6661.43646009261
729,2020-12-30,5.44339,6885.493046773899
730,2020-12-31,4.6783,5917.709758206252
731,2021-01-01,4.89724,6194.652958612741
732,2021-01-02,6.1027,7719.472317167623
733,2021-01-03,11.77078,14889.181896778528
734,2021-01-04,11.95201,15118.424685714619
735,2021-01-05,8.50294,10755.601609867317
736,2021-01-06,7.24008,9158.17541974519
737,2021-01-07,6.72756,8509.87483934721
738,2021-01-08,6.82351,8631.244621383395
739,2021-01-09,7.08346,8960.06249361171
740,2021-01-10,8.61528,10897.703551648923
741,2021-01-11,11.18691,14150.628747873181
742,2021-01-12,6.7374,8522.321724758738
743,2021-01-13,6.47007,8184.168688471779
744,2021-01-14,8.70713,11013.887131430305
745,2021-01-15,7.87561,9962.074717061056
746,2021-01-16,7.59352,9605.251352656807
747,2021-01-17,7.76245,9818.93553482849
748,2021-01-18,6.2503,7906.175598340538
749,2021-01-19,5.75828,7283.806029216574
750,2021-01-20,6.69312,8466.310740406863
751,2021-01-21,5.75008,7273.433624706967
752,2021-01-22,5.24576,6635.505448818594
753,2021-01-23,5.89851,7461.186795604634
754,2021-01-24,7.26961,9195.528725253565
755,2021-01-25,6.33723,8016.135735416156
756,2021-01-26,5.89687,7459.112314702713
757,2021-01-27,5.7386,7258.912258393519
758,2021-01-28,6.04119,7641.666634071785
759,2021-01-29,6.52337,8251.58931778422
760,2021-01-30,6.65622,8419.634920113636
761,2021-01-31,7.84937,9928.883022630316
762,2021-02-01,6.89075,8716.298338362169
763,2021-02-02,6.76856,8561.736861895242
764,2021-02-03,6.79481,8594.941205599775
765,2021-02-04,6.5857,8330.43224133102
766,2021-02-05,5.93131,7502.676413643059
767,2021-02-06,6.98013,8829.357547516876
768,2021-02-07,8.07406,10213.09955546732
769,2021-02-08,6.44219,8148.902513139118
770,2021-02-09,6.23308,7884.393548870365
771,2021-02-10,6.14452,7772.371580166616
772,2021-02-11,6.88665,8711.112136107366
773,2021-02-12,7.71325,9756.701107770852
774,2021-02-13,8.26513,10454.78922981494
775,2021-02-14,9.76333,12349.90342936277
776,2021-02-15,7.70176,9742.16709218361
777,2021-02-16,7.01458,8872.934295731015
778,2021-02-17,7.39753,9357.338235603424
779,2021-02-18,7.19744,9104.238916295237
780,2021-02-19,6.34789,8029.619861278645
781,2021-02-20,7.14332,9035.781046531836
782,2021-02-21,7.99124,10108.338269920298
783,2021-02-22,6.94323,8782.681727223648
784,2021-02-23,7.11216,8996.365909395332
785,2021-02-24,6.58488,8329.39500088006
786,2021-02-25,6.61932,8372.959099820408
787,2021-02-26,6.21586,7862.611499400191
788,2021-02-27,7.37539,9329.332743427487
789,2021-02-28,8.58002,10853.102212257616
790,2021-03-01,8.85965,11206.813855308985
791,2021-03-02,7.01786,8877.083257534858
792,2021-03-03,6.95061,8792.016891282294
793,2021-03-04,6.88009,8702.81421249968
794,2021-03-05,6.72182,8502.614156190486
795,2021-03-06,7.58204,9590.729986343358
796,2021-03-07,9.13273,11552.24022402646
797,2021-03-08,8.16918,10333.419447778757
798,2021-03-09,7.35817,9307.550693957313
799,2021-03-10,7.00063,8855.288558790893
800,2021-03-11,6.90879,8739.117628283302
801,2021-03-12,9.98146,12625.82203859209
802,2021-03-13,12.37022,15647.429964978335
803,2021-03-14,12.00941,15191.031517281865
804,2021-03-15,9.76579,12353.015150715653
805,2021-03-16,8.94494,11314.699511482684
806,2021-03-17,8.60872,10889.405628041239
807,2021-03-18,8.35205,10564.736717616768
808,2021-03-19,7.79935,9865.611355121717
809,2021-03-20,9.08188,11487.918666793108
810,2021-03-21,9.78547,12377.908921538707
811,2021-03-22,8.95478,11327.14639689421
812,2021-03-23,8.06258,10198.578189153874
813,2021-03-24,7.65256,9679.932665125973
814,2021-03-25,7.31471,9252.5769500564
815,2021-03-26,6.93175,8768.1603609102
816,2021-03-27,8.79487,11124.871859683093
817,2021-03-28,9.58129,12119.636049249508
818,2021-03-29,8.79651,11126.946340585015
819,2021-03-30,8.39223,10615.561499713838
820,2021-03-31,8.20773,10382.182398247696
821,2021-04-01,7.45985,9436.168509876432
822,2021-04-02,7.36391,9314.811377114038
823,2021-04-03,8.59396,10870.735299923947
824,2021-04-04,9.77235,12361.313074323336
825,2021-04-05,8.5874,10862.437376316262
826,2021-04-06,8.06586,10202.727150957717
827,2021-04-07,8.87113,11221.335221622434
828,2021-04-08,7.48036,9462.11217042424
829,2021-04-09,7.13922,9030.594844277031
830,2021-04-10,7.85921,9941.329908041844
831,2021-04-11,8.78175,11108.276012467724
832,2021-04-12,7.69766,9736.980889928807
833,2021-04-13,6.99079,8842.841673379366
834,2021-04-14,6.5857,8330.43224133102
835,2021-04-15,6.83909,8650.952189951648
836,2021-04-16,6.70378,8479.794866269352
837,2021-04-17,8.35697,10570.960160322533
838,2021-04-18,8.27497,10467.23611522647
839,2021-04-19,7.26469,9189.3052825478
840,2021-04-20,7.11872,9004.663833003016
841,2021-04-21,7.13184,9021.259680218387
842,2021-04-22,7.30077,9234.94386239007
843,2021-04-23,6.78169,8578.345358384404
844,2021-04-24,7.96828,10079.295537293401
845,2021-04-25,9.5411,12068.798617878647
846,2021-04-26,8.9187,11281.507817051941
847,2021-04-27,8.33483,10542.954668146594
848,2021-04-28,7.0154,8873.971536181976
849,2021-04-29,6.6185,8371.921859369446
850,2021-04-30,6.30688,7977.745189456821
851,2021-05-01,7.18104,9083.494107276025
852,2021-05-02,8.03634,10165.386494723132
853,2021-05-03,6.87845,8700.739731597758
854,2021-05-04,6.53403,8265.073443646708
855,2021-05-05,7.35571,9304.438972604432
856,2021-05-06,6.6349,8392.666668388658
857,2021-05-07,6.07317,7682.119011659249
858,2021-05-08,7.30241,9237.01834329199
859,2021-05-09,8.15852,10319.935321916266
860,2021-05-10,7.6583,9687.193348282697
861,2021-05-11,7.51398,9504.639028913625
862,2021-05-12,7.56728,9572.059658226068
863,2021-05-13,7.28847,9219.385255625659
864,2021-05-14,7.21056,9120.834763510607
865,2021-05-15,7.42131,9387.418208681282
866,2021-05-16,8.07816,10218.285757722126
867,2021-05-17,7.51808,9509.825231168428
868,2021-05-18,6.38397,8075.258441120913
869,2021-05-19,7.26141,9185.156320743958
870,2021-05-20,8.50786,10761.825052573082
871,2021-05-21,9.38284,11868.611210843244
872,2021-05-22,7.9773,10090.705182253967
873,2021-05-23,8.75059,11068.860875331222
874,2021-05-24,7.30979,9246.353507350635
875,2021-05-25,8.16508,10328.233245523952
876,2021-05-26,7.19498,9101.127194942355
877,2021-05-27,7.07198,8945.54112729826
878,2021-05-28,6.69394,8467.347980857823
879,2021-05-29,10.10119,12777.271793706135
880,2021-05-30,10.16761,12861.288270233947
881,2021-05-31,8.34385,10554.364313107162
882,2021-06-01,8.25693,10444.416825305336
883,2021-06-02,8.17985,10346.916222915035
884,2021-06-03,7.6829,9718.310561811515
885,2021-06-04,6.89813,8725.633502420815
886,2021-06-05,7.84035,9917.473377669749
887,2021-06-06,10.59239,13398.604122379138
888,2021-06-07,8.47014,10714.111991828893
889,2021-06-08,8.38895,10611.412537909997
890,2021-06-09,7.57302,9579.32034138279
891,2021-06-10,6.93995,8778.532765419806
892,2021-06-11,6.35281,8035.8433039844085
893,2021-06-12,7.22286,9136.393370275016
894,2021-06-13,8.00436,10124.934117135668
895,2021-06-14,7.58532,9594.878948147201
896,2021-06-15,7.0441,8910.274951965599
897,2021-06-16,8.49884,10750.415407612512
898,2021-06-17,8.40289,10629.045625576327
899,2021-06-18,7.38605,9342.816869289974
900,2021-06-19,7.57138,9577.24586048087
901,2021-06-20,7.94203,10046.091193588867
902,2021-06-21,7.57056,9576.208620029909
903,2021-06-22,7.27207,9198.640446606447
904,2021-06-23,6.51189,8237.067951470772
905,2021-06-24,6.35855,8043.103987141134
906,2021-06-25,6.82187,8629.170140481474
907,2021-06-26,6.67836,8447.640412289571
908,2021-06-27,7.14906,9043.04172968856
909,2021-06-28,6.97685,8825.208585713035
910,2021-06-29,6.69968,8474.608664014548
911,2021-06-30,12.8114,16205.49062614274
912,2021-07-01,14.90249,18850.56761955648
913,2021-07-02,7.92153,10020.160182314852
914,2021-07-03,8.21101,10386.33136005154
915,2021-07-04,9.29181,11753.464871512822
916,2021-07-05,7.73211,9780.557638142946
917,2021-07-06,7.25813,9181.007358940116
918,2021-07-07,6.44547,8153.05147494296
919,2021-07-08,7.46313,9440.317471680273
920,2021-07-09,6.91699,8749.490032792908
921,2021-07-10,7.92399,10023.271903667734
922,2021-07-11,10.37262,13120.611032247896
923,2021-07-12,7.24172,9160.249900647112
924,2021-07-13,6.5816,8325.246039076217
925,2021-07-14,6.23636,7888.542510674208
926,2021-07-15,5.96821,7549.352233936288
927,2021-07-16,5.72876,7246.465372981991
928,2021-07-17,6.43563,8140.604589531433
929,2021-07-18,7.24254,9161.287141098072
930,2021-07-19,6.46105,8172.759043511212
931,2021-07-20,6.37823,8067.997757964189
932,2021-07-21,6.279,7942.47901412416
933,2021-07-22,6.12484,7747.477809343561
934,2021-07-23,5.55655,7028.632229006465
935,2021-07-24,5.59755,7080.494251554498
936,2021-07-25,5.8083,7347.077696725172
937,2021-07-26,5.40813,6840.891707382591
938,2021-07-27,5.42125,6857.487554597961
939,2021-07-28,5.37451,6798.364848893206
940,2021-07-29,5.3663,6787.979795109807
941,2021-07-30,5.22526,6609.574437544577
942,2021-07-31,5.32448,6735.0805321108155
943,2021-08-01,6.13058,7754.738492500285
944,2021-08-02,5.53769,7004.775698634371
945,2021-08-03,5.6238,7113.69859525903
946,2021-08-04,5.99937,7588.767371072792
947,2021-08-05,6.00019,7589.804611523752
948,2021-08-06,5.44093,6882.381325421016
949,2021-08-07,6.16666,7800.377072342553
950,2021-08-08,6.81859,8625.021178677633
951,2021-08-09,6.55454,8291.017104194518
952,2021-08-10,6.31755,7991.241964593101
953,2021-08-11,8.10932,10257.70089485863
954,2021-08-12,6.52419,8252.62655823518
955,2021-08-13,6.01167,7604.325977837201
956,2021-08-14,6.03545,7634.40595091506
957,2021-08-15,6.44465,8152.0142344920005
958,2021-08-16,7.38113,9336.59342658421
959,2021-08-17,8.00436,10124.934117135668
960,2021-08-18,7.15398,9049.265172394324
961,2021-08-19,8.4767,10722.409915436576
962,2021-08-20,7.46805,9446.540914386038
963,2021-08-21,8.33237,10539.842946793713
964,2021-08-22,9.18439,11617.58637243698
965,2021-08-23,8.85473,11200.59041260322
966,2021-08-24,8.98266,11362.41257222687
967,2021-08-25,8.71779,11027.371257292796
968,2021-08-26,8.38321,10604.151854753272
969,2021-08-27,8.22577,10405.001688168832
970,2021-08-28,8.72517,11036.70642135144
971,2021-08-29,9.75021,12333.3075821474
972,2021-08-30,8.03962,10169.535456526974
973,2021-08-31,8.00846,10130.120319390471
974,2021-09-01,8.08226,10223.471959976929
975,2021-09-02,7.94778,10053.364526019384
976,2021-09-03,7.55744,9559.612772814538
977,2021-09-04,8.59396,10870.735299923947
978,2021-09-05,9.99212,12639.306164454578
979,2021-09-06,9.49354,12008.638671722929
980,2021-09-07,9.32543,11795.99173000221
981,2021-09-08,8.76371,11085.45672254659
982,2021-09-09,8.22249,10400.852726364988
983,2021-09-10,7.44345,9415.42370085722
984,2021-09-11,8.97118,11347.891205913424
985,2021-09-12,10.51531,13301.103519988837
986,2021-09-13,8.99578,11379.008419442242
987,2021-09-14,8.31187,10513.911935519698
988,2021-09-15,7.68946,9726.608485419201
989,2021-09-16,7.63042,9651.927172950036
990,2021-09-17,7.67306,9705.86367639999
991,2021-09-18,8.62594,10911.187677511412
992,2021-09-19,8.90394,11262.83748893465
993,2021-09-20,8.76371,11085.45672254659
994,2021-09-21,10.23157,12942.193025408875
995,2021-09-22,10.95976,13863.300493683293
996,2021-09-23,10.12825,12811.500728587835
997,2021-09-24,9.013,11400.790468912415
998,2021-09-25,10.32178,13056.302124288339
999,2021-09-26,10.99011,13901.691039642628
1000,2021-09-27,11.75028,14863.250885504513
1001,2021-09-28,10.23239,12943.230265859836
1002,2021-09-29,9.63131,12182.907716758107
1003,2021-09-30,9.37628,11860.313287235558
1004,2021-10-01,11.56331,14626.747413411695
1005,2021-10-02,8.74239,11058.488470821614
1006,2021-10-03,9.01382,11401.827709363377
1007,2021-10-04,10.24551,12959.826113075205
1008,2021-10-05,8.35697,10570.960160322533
1009,2021-10-06,8.1659,10329.270485974914
1010,2021-10-07,7.97074,10082.407258646283
1011,2021-10-08,7.0605,8931.019760984811
1012,2021-10-09,8.15852,10319.935321916266
1013,2021-10-10,9.18439,11617.58637243698
1014,2021-10-11,9.9421,12576.03449694598
1015,2021-10-12,8.571,10841.692567297048
1016,2021-10-13,7.85429,9935.106465336079
1017,2021-10-14,8.16426,10327.196005072992
1018,2021-10-15,9.67887,12243.067662913825
1019,2021-10-16,9.80433,12401.765451910802
1020,2021-10-17,10.27339,12995.092288407866
1021,2021-10-18,10.44888,13217.074394187237
1022,2021-10-19,9.78957,12383.09512379351
1023,2021-10-20,9.08516,11492.067628596951
1024,2021-10-21,16.5647,20953.142558570227
1025,2021-10-22,11.8741,15019.874193599568
1026,2021-10-23,10.78018,13636.144834922914
1027,2021-10-24,10.63585,13453.577866280051
1028,2021-10-25,8.27087,10462.049912971666
1029,2021-10-26,8.16344,10326.15876462203
1030,2021-10-27,6.92519,8759.862437302514
1031,2021-10-28,7.08756,8965.248695866512
1032,2021-10-29,6.50615,8229.807268314047
1033,2021-10-30,6.65212,8414.448717858832
1034,2021-10-31,7.1466,9039.930008335677
1035,2021-11-01,6.54388,8277.532978332029
1036,2021-11-02,6.43973,8145.790791786236
1037,2021-11-03,6.21668,7863.648739851152
1038,2021-11-04,5.73696,7256.837777491597
1039,2021-11-05,5.58689,7067.01012569201
1040,2021-11-06,6.08958,7702.8764699522535
1041,2021-11-07,6.95717,8800.314814889978
1042,2021-11-08,6.38479,8076.2956815718735
1043,2021-11-09,7.29093,9222.496976978542
1044,2021-11-10,7.46477,9442.391952582195
1045,2021-11-11,7.83051,9905.026492258223
1046,2021-11-12,7.00145,8856.325799241853
1047,2021-11-13,7.6173,9635.331325734665
1048,2021-11-14,7.56236,9565.836215520303
1049,2021-11-15,6.69968,8474.608664014548
1050,2021-11-16,6.56602,8305.538470507965
1051,2021-11-17,6.07071,7679.007290306367
1052,2021-11-18,5.89359,7454.96335289887
1053,2021-11-19,5.82716,7370.9342270972675
1054,2021-11-20,6.11172,7730.881962128191
1055,2021-11-21,6.34379,8024.433659023843
1056,2021-11-22,6.05349,7657.225240836194
1057,2021-11-23,6.19946,7841.866690380979
1058,2021-11-24,5.68366,7189.417148179155
1059,2021-11-25,6.11992,7741.254366637797
1060,2021-11-26,6.06333,7669.672126247721
1061,2021-11-27,5.90999,7475.708161918083
1062,2021-11-28,6.46433,8176.908005315056
1063,2021-11-29,5.79764,7333.593570862685
1064,2021-11-30,5.85587,7407.250292154682
1065,2021-12-01,5.76238,7288.992231471378
1066,2021-12-02,5.30726,6713.298482640642
1067,2021-12-03,5.23346,6619.946842054184
1068,2021-12-04,6.14206,7769.259858813734
1069,2021-12-05,5.93705,7509.937096799784
1070,2021-12-06,5.44831,6891.716489479662
1071,2021-12-07,5.34416,6759.97430293387
1072,2021-12-08,5.09897,6449.826758822848
1073,2021-12-09,4.81852,6095.07787532052
1074,2021-12-10,4.96203,6276.607603512423
1075,2021-12-11,5.15228,6517.2600374090825
1076,2021-12-12,6.21668,7863.648739851152
1077,2021-12-13,5.65086,7147.927530140731
1078,2021-12-14,5.37286,6796.2777187174925
1079,2021-12-15,5.2802,6679.069547758941
1080,2021-12-16,5.09733,6447.752277920928
1081,2021-12-17,4.92185,6225.782821415352
1082,2021-12-18,5.32202,6731.968810757933
1083,2021-12-19,6.37003,8057.625353454582
1084,2021-12-20,5.82798,7371.971467548227
1085,2021-12-21,5.92229,7491.2667686824925
1086,2021-12-22,5.36466,6785.905314207886
1087,2021-12-23,5.27938,6678.03230730798
1088,2021-12-24,4.93579,6243.415909081683
1089,2021-12-25,5.77222,7301.439116882904
1090,2021-12-26,5.96165,7541.054310328603
1091,2021-12-27,5.39829,6828.444821971064
1092,2021-12-28,5.31464,6722.633646699287
1093,2021-12-29,6.84811,8662.361834912215
1094,2021-12-30,4.93251,6239.26694727784
1095,2021-12-31,4.40358,5570.208908586856
1096,2022-01-01,4.73242,5986.167627969654
1097,2022-01-02,5.74434,7266.172941550243
1098,2022-01-03,5.14982,6514.1483160562
1099,2022-01-04,5.39911,6829.482062422025
1100,2022-01-05,5.16704,6535.930365526374
1101,2022-01-06,4.8177,6094.04063486956
1102,2022-01-07,4.85378,6139.679214711828
1103,2022-01-08,5.24494,6634.468208367633
1104,2022-01-09,5.74352,7265.135701099282
1105,2022-01-10,5.06781,6410.411621686344
1106,2022-01-11,4.90052,6198.801920416584
1107,2022-01-12,4.65943,5893.840578560365
1108,2022-01-13,4.67912,5918.746998657213
1109,2022-01-14,4.67255,5910.436425775736
1110,2022-01-15,5.38599,6812.886215206654
1111,2022-01-16,5.95017,7526.532944015154
1112,2022-01-17,5.2679,6663.510940994532
1113,2022-01-18,4.7603,6021.433803302315
1114,2022-01-19,4.84886,6133.455772006064
1115,2022-01-20,4.75784,6018.322081949434
1116,2022-01-21,4.54381,5747.589674974915
1117,2022-01-22,5.28266,6682.181269111822
1118,2022-01-23,5.88129,7439.404746134461
1119,2022-01-24,5.07355,6417.6723048430695
1120,2022-01-25,5.19738,6574.308262211916
1121,2022-01-26,4.98253,6302.538614786438
1122,2022-01-27,4.62745,5853.3882009729
1123,2022-01-28,4.76194,6023.508284204237
1124,2022-01-29,5.33432,6747.527417522342
1125,2022-01-30,5.84275,7390.65444493931
1126,2022-01-31,5.8124,7352.263898979976
1127,2022-02-01,6.42743,8130.232185021827
1128,2022-02-02,6.57094,8311.76191321373
1129,2022-02-03,6.04939,7652.039038581391
1130,2022-02-04,5.75746,7282.768788765613
1131,2022-02-05,6.05513,7659.299721738115
1132,2022-02-06,6.52337,8251.58931778422
1133,2022-02-07,5.87227,7427.995101173894
1134,2022-02-08,5.69022,7197.715071786842
1135,2022-02-09,5.82634,7369.896986646307
1136,2022-02-10,5.7878,7321.146685451156
1137,2022-02-11,5.22444,6608.5371970936185
1138,2022-02-12,5.53933,7006.850179536293
1139,2022-02-13,6.24374,7897.877674732852
1140,2022-02-14,5.51965,6981.9564087132385
1141,2022-02-15,5.07683,6421.821266646912
1142,2022-02-16,4.97679,6295.277931629715
1143,2022-02-17,4.96449,6279.719324865305
1144,2022-02-18,5.03091,6363.735801393117
1145,2022-02-19,5.41387,6848.152390539316
1146,2022-02-20,6.07646,7686.280622736884
1147,2022-02-21,5.38681,6813.923455657615
1148,2022-02-22,5.17278,6543.191048683098
1149,2022-02-23,5.13751,6498.5770600179985
1150,2022-02-24,4.99237,6314.985500197967
1151,2022-02-25,5.06289,6404.188178980581
1152,2022-02-26,5.8288,7373.008707999188
1153,2022-02-27,6.43399,8138.530108629511
1154,2022-02-28,5.6197,7108.512393004226
1155,2022-03-01,6.45777,8168.61008170737
1156,2022-03-02,5.23018,6615.797880250342
1157,2022-03-03,4.90955,6210.224214650943
1158,2022-03-04,5.08421,6431.156430705557
1159,2022-03-05,5.73122,7249.577094334873
1160,2022-03-06,6.41841,8118.822540061259
1161,2022-03-07,5.34088,6755.8253411300275
1162,2022-03-08,4.83246,6112.710962986851
1163,2022-03-09,5.29004,6691.516433170469
1164,2022-03-10,4.94727,6257.937275395131
1165,2022-03-11,5.28922,6690.479192719508
1166,2022-03-12,6.6062,8356.363252605037
1167,2022-03-13,7.71817,9762.924550476615
1168,2022-03-14,5.86325,7416.585456213327
1169,2022-03-15,5.51145,6971.584004203632
1170,2022-03-16,7.54104,9538.867963795326
1171,2022-03-17,5.98297,7568.022562053579
1172,2022-03-18,5.6156,7103.326190749423
1173,2022-03-19,6.03873,7638.554912718902
1174,2022-03-20,6.46351,8175.870764864095
1175,2022-03-21,5.26872,6664.5481814454915
1176,2022-03-22,5.11537,6470.571567842062
1177,2022-03-23,5.1941,6570.159300408074
1178,2022-03-24,4.96367,6278.682084414344
1179,2022-03-25,4.70372,5949.864212186031
1180,2022-03-26,5.91901,7487.11780687865
1181,2022-03-27,6.61276,8364.661176212721
1182,2022-03-28,6.2257,7875.0583848117185
1183,2022-03-29,5.47373,6923.870943459442
1184,2022-03-30,5.33104,6743.3784557185
1185,2022-03-31,5.43519,6875.120642264293
1186,2022-04-01,5.1449,6507.924873350436
1187,2022-04-02,5.65414,7152.076491944574
1188,2022-04-03,6.17568,7811.78671730312
1189,2022-04-04,6.12238,7744.366087990678
1190,2022-04-05,5.67792,7182.156465022432
1191,2022-04-06,6.20274,7846.015652184821
1192,2022-04-07,5.6484,7144.815808787848
1193,2022-04-08,5.58033,7058.712202084324
1194,2022-04-09,6.39135,8084.593605179559
1195,2022-04-10,7.70012,9740.092611281689
1196,2022-04-11,7.57958,9587.618264990477
1197,2022-04-12,7.56318,9566.873455971263
1198,2022-04-13,6.46187,8173.796283962173
1199,2022-04-14,6.28884,7954.925899535688
1200,2022-04-15,5.75992,7285.880510118495
1201,2022-04-16,6.53403,8265.073443646708
1202,2022-04-17,7.47543,9455.876078444684
1203,2022-04-18,7.09986,8980.807302630921
1204,2022-04-19,7.48692,9470.410094031924
1205,2022-04-20,6.46843,8182.094207569858
1206,2022-04-21,6.53977,8272.334126803433
1207,2022-04-22,6.62178,8376.070821173289
1208,2022-04-23,7.78295,9844.866546102505
1209,2022-04-24,9.93472,12566.699332887336
1210,2022-04-25,8.50622,10759.75057167116
1211,2022-04-26,7.80673,9874.946519180363
1212,2022-04-27,7.40081,9361.487197407267
1213,2022-04-28,7.39589,9355.263754701502
1214,2022-04-29,6.6554,8418.597679662675
1215,2022-04-30,7.10888,8992.216947591489
1216,2022-05-01,9.98802,12634.119962199777
1217,2022-05-02,6.82187,8629.170140481474
1218,2022-05-03,6.52255,8250.55207733326
1219,2022-05-04,6.38971,8082.519124277637
1220,2022-05-05,7.22286,9136.393370275016
1221,2022-05-06,7.04902,8916.498394671362
1222,2022-05-07,8.03962,10169.535456526974
1223,2022-05-08,8.31105,10512.874695068736
1224,2022-05-09,7.45165,9425.796105366826
1225,2022-05-10,7.15316,9048.227931943362
1226,2022-05-11,7.25649,9178.932878038195
1227,2022-05-12,7.46969,9448.61539528796
1228,2022-05-13,6.79481,8594.941205599775
1229,2022-05-14,7.16054,9057.563096002008
1230,2022-05-15,7.77803,9838.643103396742
1231,2022-05-16,7.32701,9268.13555682081
1232,2022-05-17,7.0728,8946.57836774922
1233,2022-05-18,6.98341,8833.50650932072
1234,2022-05-19,6.21012,7855.350816243466
1235,2022-05-20,6.00265,7592.916332876634
1236,2022-05-21,6.78579,8583.531560639209
1237,2022-05-22,7.66158,9691.342310086538
1238,2022-05-23,7.02688,8888.492902495425
1239,2022-05-24,6.7702,8563.811342797164
1240,2022-05-25,6.56356,8302.426749155084
1241,2022-05-26,6.11828,7739.179885735876
1242,2022-05-27,5.7714,7300.4018764319435
1243,2022-05-28,6.44219,8148.902513139118
1244,2022-05-29,7.1507,9045.11621059048
1245,2022-05-30,7.0892,8967.323176768434
1246,2022-05-31,6.61686,8369.847378467524
1247,2022-06-01,7.32865,9270.21003772273
1248,2022-06-02,6.35363,8036.880544435369
1249,2022-06-03,5.63938,7133.406163827282
1250,2022-06-04,6.22242,7870.909423007875
1251,2022-06-05,6.70952,8487.055549426077
1252,2022-06-06,7.11544,9000.514871199175
1253,2022-06-07,5.99691,7585.65564971991
1254,2022-06-08,5.66808,7169.709579610904
1255,2022-06-09,5.29004,6691.516433170469
1256,2022-06-10,5.2925,6694.6281545233505
1257,2022-06-11,5.7796,7310.77428094155
1258,2022-06-12,6.48811,8206.987978392914
1259,2022-06-13,5.80666,7345.003215823251
1260,2022-06-14,5.87309,7429.032341624855
1261,2022-06-15,5.51801,6979.881927811317
1262,2022-06-16,5.57541,7052.488759378561
1263,2022-06-17,5.25806,6651.064055583004
1264,2022-06-18,5.92311,7492.304009133453
1265,2022-06-19,6.23964,7892.691472478049
1266,2022-06-20,5.62298,7112.6613548080695
1267,2022-06-21,5.2105,6590.904109427286
1268,2022-06-22,5.21296,6594.0158307801685
1269,2022-06-23,4.99483,6318.097221550849
1270,2022-06-24,4.86772,6157.312302378158
1271,2022-06-25,5.27692,6674.9205859550975
1272,2022-06-26,5.74024,7260.98673929544
1273,2022-06-27,5.67546,7179.04474366955
1274,2022-06-28,5.44093,6882.381325421016
1275,2022-06-29,5.48275,6935.28058842001
1276,2022-06-30,5.02517,6356.475118236392
1277,2022-07-01,5.10471,6457.087441979573
1278,2022-07-02,6.12894,7752.664011598365
1279,2022-07-03,6.00675,7598.102535131438
1280,2022-07-04,5.35728,6776.57015014924
1281,2022-07-05,5.17278,6543.191048683098
1282,2022-07-06,5.03911,6374.108205902722
1283,2022-07-07,5.3212,6730.931570306972
1284,2022-07-08,5.05715,6396.927495823857
1285,2022-07-09,5.37286,6796.2777187174925
1286,2022-07-10,6.27654,7939.367292771278
1287,2022-07-11,5.1654,6533.855884624452
1288,2022-07-12,4.8956,6192.578477710819
1289,2022-07-13,4.65041,5882.430933599799
1290,2022-07-14,4.48231,5669.796641152869
1291,2022-07-15,4.39538,5559.83650407725
1292,2022-07-16,4.7849,6052.551016831135
1293,2022-07-17,5.37779,6802.513810697048
1294,2022-07-18,4.96613,6281.793805767226
1295,2022-07-19,4.95875,6272.458641708581
1296,2022-07-20,5.03009,6362.698560942156
1297,2022-07-21,4.48887,5678.094564760554
1298,2022-07-22,4.27812,5411.51111958988
1299,2022-07-23,4.6906,5933.268364970661
1300,2022-07-24,5.2064,6585.717907172484
1301,2022-07-25,5.07929,6424.932987999794
1302,2022-07-26,4.84804,6132.418531555103
1303,2022-07-27,4.67994,5919.784239108174
1304,2022-07-28,4.39948,5565.022706332053
1305,2022-07-29,4.33552,5484.117951157123
1306,2022-07-30,4.51921,5716.472461446097
1307,2022-07-31,4.96285,6277.644843963384
1308,2022-08-01,4.82754,6106.487520281087
1309,2022-08-02,4.69142,5934.305605421622
1310,2022-08-03,4.74554,6002.763475185024
1311,2022-08-04,4.57087,5781.8186098566175
1312,2022-08-05,4.38882,5551.538580469564
1313,2022-08-06,4.59957,5818.122025640239
1314,2022-08-07,4.88248,6175.9826304954495
1315,2022-08-08,4.68732,5929.119403166818
1316,2022-08-09,4.37816,5538.054454607077
1317,2022-08-10,4.59711,5815.010304287357
1318,2022-08-11,4.70536,5951.938693087953
1319,2022-08-12,4.54053,5743.440713171074
1320,2022-08-13,5.14572,6508.962113801397
1321,2022-08-14,5.38107,6806.662772500891
1322,2022-08-15,6.28884,7954.925899535688
1323,2022-08-16,7.54596,9545.09140650109
1324,2022-08-17,6.11254,7731.919202579152
1325,2022-08-18,6.21586,7862.611499400191
1326,2022-08-19,5.96329,7543.128791230524
1327,2022-08-20,6.32083,7995.390926396944
1328,2022-08-21,6.84565,8659.250113559334
1329,2022-08-22,6.30606,7976.707949005861
1330,2022-08-23,6.36511,8051.4019107488175
1331,2022-08-24,6.89321,8719.41005971505
1332,2022-08-25,6.41349,8112.599097355496
1333,2022-08-26,6.80711,8610.499812364184
1334,2022-08-27,7.72063,9766.036271829496
1335,2022-08-28,8.0675,10204.801631859638
1336,2022-08-29,7.60664,9621.847199872176
1337,2022-08-30,7.72719,9774.334195437183
1338,2022-08-31,7.12282,9009.85003525782
1339,2022-09-01,6.94897,8789.942410380374
1340,2022-09-02,6.57012,8310.72467276277
1341,2022-09-03,7.22532,9139.505091627898
1342,2022-09-04,8.04946,10181.982341938503
1343,2022-09-05,7.19908,9106.313397197158
1344,2022-09-06,6.98587,8836.618230673603
1345,2022-09-07,6.51763,8244.328634627496
1346,2022-09-08,6.36839,8055.550872552661
1347,2022-09-09,6.24456,7898.914915183813
1348,2022-09-10,6.70214,8477.720385367431
1349,2022-09-11,7.63616,9659.18785610676
1350,2022-09-12,8.11178,10260.81261621151
1351,2022-09-13,7.43607,9406.088536798574
1352,2022-09-14,6.48483,8202.83901658907
1353,2022-09-15,6.11418,7733.993683481073
1354,2022-09-16,5.90589,7470.5219596632805
1355,2022-09-17,6.68574,8456.975576348217
1356,2022-09-18,7.21876,9131.207168020213
1357,2022-09-19,6.78825,8586.643281992088
1358,2022-09-20,6.43399,8138.530108629511
1359,2022-09-21,6.32985,8006.800571357512
1360,2022-09-22,5.97477,7557.650157543973
1361,2022-09-23,5.85177,7402.064089899878
1362,2022-09-24,6.51927,8246.403115529416
1363,2022-09-25,7.62304,9642.59200889139
1364,2022-09-26,10.29882,13027.259391661439
1365,2022-09-27,8.56116,10829.24568188552
1366,2022-09-28,7.5722,9578.28310093183
1367,2022-09-29,7.49512,9480.782498541532
1368,2022-09-30,6.74314,8529.582407915463
1369,2022-10-01,8.20363,10376.996195992895
1370,2022-10-02,10.16925,12863.362751135868
1371,2022-10-03,9.68543,12251.36558652151
1372,2022-10-04,8.43078,10664.324450182781
1373,2022-10-05,7.97648,10089.667941803005
1374,2022-10-06,7.55908,9561.68725371646
1375,2022-10-07,6.31591,7989.16748369118
1376,2022-10-08,6.42415,8126.083223217984
1377,2022-10-09,7.65174,9678.895424675013
1378,2022-10-10,7.43361,9402.97681544569
1379,2022-10-11,6.51271,8238.105191921733
1380,2022-10-12,6.15026,7779.632263323341
1381,2022-10-13,5.67218,7174.895781865707
1382,2022-10-14,5.33268,6745.452936620421
1383,2022-10-15,5.79846,7334.630811313646
1384,2022-10-16,6.28392,7948.702456829924
1385,2022-10-17,5.66152,7161.41165600322
1386,2022-10-18,5.81404,7354.338379881897
1387,2022-10-19,5.45159,6895.8654512835055
1388,2022-10-20,5.20066,6578.4572240157595
1389,2022-10-21,4.83738,6118.934405692614
1390,2022-10-22,5.28676,6687.367471366626
1391,2022-10-23,5.90999,7475.708161918083
1392,2022-10-24,5.08749,6435.3053925094
1393,2022-10-25,5.12357,6480.943972351668
1394,2022-10-26,4.96613,6281.793805767226
1395,2022-10-27,4.63729,5865.835086384428
1396,2022-10-28,4.67748,5916.672517755292
1397,2022-10-29,4.69306,5936.380086323544
1398,2022-10-30,4.75456,6014.1731201455905
1399,2022-10-31,4.66681,5903.175742619011
1400,2022-11-01,4.65205,5884.505414501719
1401,2022-11-02,4.59547,5812.9358233854355
1402,2022-11-03,4.62089,5845.090277365216
1403,2022-11-04,4.56759,5777.669648052774
1404,2022-11-05,4.74226,5998.6145133811815
1405,2022-11-06,5.11373,6468.49708694014
1406,2022-11-07,5.06781,6410.411621686344
1407,2022-11-08,4.68568,5927.044922264898
1408,2022-11-09,5.36712,6789.017035560768
1409,2022-11-10,4.97925,6298.389652982597
1410,2022-11-11,4.52823,5727.882106406664
1411,2022-11-12,4.69716,5941.566288578347
1412,2022-11-13,5.31546,6723.670887150248
1413,2022-11-14,4.80622,6079.519268556111
1414,2022-11-15,4.70126,5946.752490833151
1415,2022-11-16,4.33716,5486.192432059044
1416,2022-11-17,4.12805,5221.683467790291
1417,2022-11-18,4.07803,5158.411800281692
1418,2022-11-19,5.19246,6568.084819506153
1419,2022-11-20,5.27282,6669.734383700295
1420,2022-11-21,4.51757,5714.397980544176
1421,2022-11-22,4.48477,5672.908362505751
1422,2022-11-23,4.18791,5297.402020710417
1423,2022-11-24,3.77134,4770.471222348624
1424,2022-11-25,3.96404,5014.222728324372
1425,2022-11-26,4.32486,5470.633825294635
1426,2022-11-27,4.7357,5990.316589773496
1427,2022-11-28,3.97881,5032.905705715456
1428,2022-11-29,4.02801,5095.140132773094
1429,2022-11-30,4.09607,5181.231090202827
1430,2022-12-01,4.23712,5359.649097041847
1431,2022-12-02,3.83694,4853.450458425474
1432,2022-12-03,3.61389,4571.308406490391
1433,2022-12-04,4.51183,5707.137297387451
1434,2022-12-05,4.41916,5589.916477155108
1435,2022-12-06,3.90582,4940.578656306167
1436,2022-12-07,4.02227,5087.879449616369
1437,2022-12-08,4.30108,5440.553852216776
1438,2022-12-09,4.2322,5353.425654336083
1439,2022-12-10,4.3347,5483.080710706163
1440,2022-12-11,4.65041,5882.430933599799
1441,2022-12-12,4.38636,5548.426859116682
1442,2022-12-13,4.18791,5297.402020710417
1443,2022-12-14,4.00423,5065.060159695236
1444,2022-12-15,3.9337,4975.844831638829
1445,2022-12-16,3.86236,4885.604912405253
1446,2022-12-17,4.2117,5327.4946430620685
1447,2022-12-18,4.71602,5965.422818950442
1448,2022-12-19,4.23056,5351.351173434162
1449,2022-12-20,4.33798,5487.229672510005
1450,2022-12-21,3.95174,4998.664121559963
1451,2022-12-22,3.98209,5037.054667519298
1452,2022-12-23,3.84596,4864.860103386041
1453,2022-12-24,4.05671,5131.4435485567155
1454,2022-12-25,4.30518,5445.74005447158
1455,2022-12-26,3.99193,5049.501552930826
1456,2022-12-27,4.04933,5122.108384498071
1457,2022-12-28,4.2978,5436.404890412934
1458,2022-12-29,3.78528,4788.1043100149545
1459,2022-12-30,3.48678,4410.5234873177
1460,2022-12-31,3.67211,4644.952478508595
1461,2023-01-01,3.51057,4440.61610966935
1462,2023-01-02,3.8845,4913.610404581191
1463,2023-01-03,3.71803,4703.037943762391
1464,2023-01-04,3.72705,4714.447588722957
1465,2023-01-05,3.49908,4426.0820940821095
1466,2023-01-06,3.4302,4338.953896201417
1467,2023-01-07,3.8312,4846.18977526875
1468,2023-01-08,4.35848,5513.160683784021
1469,2023-01-09,3.7656,4763.210539191899
1470,2023-01-10,3.64915,4615.909745881698
1471,2023-01-11,3.66227,4632.5055930970675
1472,2023-01-12,3.87466,4901.163519169663
1473,2023-01-13,3.91566,4953.025541717695
1474,2023-01-14,4.19119,5301.55098251426
1475,2023-01-15,4.62581,5851.31372007098
1476,2023-01-16,4.07229,5151.151117124968
1477,2023-01-17,3.76724,4765.285020093821
1478,2023-01-18,3.62373,4583.755291901918
1479,2023-01-19,3.52123,4454.100235531839
1480,2023-01-20,3.4466,4359.698705220629
1481,2023-01-21,3.64751,4613.835264979776
1482,2023-01-22,4.16085,5263.1730858287165
1483,2023-01-23,4.65287,5885.54265495268
1484,2023-01-24,4.81032,6084.7054708109135
1485,2023-01-25,4.26336,5392.840791472587
1486,2023-01-26,4.02965,5097.214613675015
1487,2023-01-27,3.73525,4724.819993232564
1488,2023-01-28,4.2404,5363.79805884569
1489,2023-01-29,4.70372,5949.864212186031
1490,2023-01-30,4.30436,5444.702814020619
1491,2023-01-31,4.00833,5070.246361950039
1492,2023-02-01,3.96732,5018.371690128215
1493,2023-02-02,4.00177,5061.948438342353
1494,2023-02-03,3.72459,4711.335867370076
1495,2023-02-04,4.23302,5354.462894787044
1496,2023-02-05,4.92349,6227.857302317274
1497,2023-02-06,4.60449,5824.345468346003
1498,2023-02-07,4.35356,5506.937241078257
1499,2023-02-08,4.38226,5543.240656861879
1500,2023-02-09,4.12887,5222.7207082412515
1501,2023-02-10,4.09115,5175.007647497063
1502,2023-02-11,4.65041,5882.430933599799
1503,2023-02-12,5.1777,6549.414491388861
1504,2023-02-13,4.58235,5796.339976170066
1505,2023-02-14,4.74882,6006.912436988867
1506,2023-02-15,4.32404,5469.5965848436745
1507,2023-02-16,4.36422,5520.421366940746
1508,2023-02-17,4.06081,5136.629750811519
1509,2023-02-18,4.47575,5661.498717545183
1510,2023-02-19,5.27446,6671.808864602217
1511,2023-02-20,4.75538,6015.210360596551
1512,2023-02-21,4.66353,5899.026780815168
1513,2023-02-22,4.6824,5922.895960461055
1514,2023-02-23,4.50035,5692.615931074003
1515,2023-02-24,4.57661,5789.079293013341
1516,2023-02-25,5.09733,6447.752277920928
1517,2023-02-26,5.3417,6756.862581580988
1518,2023-02-27,4.60285,5822.270987444082
1519,2023-02-28,4.36422,5520.421366940746
1520,2023-03-01,5.51391,6974.695725556513
1521,2023-03-02,4.12395,5216.497265535488
1522,2023-03-03,4.06819,5145.964914870166
1523,2023-03-04,5.39747,6827.407581520104
1524,2023-03-05,5.67136,7173.8585414147465
1525,2023-03-06,4.68732,5929.119403166818
1526,2023-03-07,5.03501,6368.922003647919
1527,2023-03-08,4.74636,6003.8007156359845
1528,2023-03-09,4.16413,5267.322047632559
1529,2023-03-10,4.16495,5268.3592880835195
1530,2023-03-11,4.89068,6186.3550350050555
1531,2023-03-12,5.40977,6842.966188284513
1532,2023-03-13,4.84968,6134.493012457025
1533,2023-03-14,5.20886,6588.8296285253655
1534,2023-03-15,4.59793,5816.047544738318
1535,2023-03-16,4.15183,5251.76344086815
1536,2023-03-17,4.32896,5475.820027549439
1537,2023-03-18,4.8874,6182.206073201214
1538,2023-03-19,5.36958,6792.128756913649
1539,2023-03-20,4.56841,5778.706888503735
1540,2023-03-21,4.62745,5853.3882009729
1541,2023-03-22,4.48067,5667.722160250947
1542,2023-03-23,4.37734,5537.017214156116
1543,2023-03-24,4.3593,5514.197924234982
1544,2023-03-25,4.89724,6194.652958612741
1545,2023-03-26,5.25642,6648.989574681083
1546,2023-03-27,4.47329,5658.386996192302
1547,2023-03-28,4.02473,5090.9911709692515
1548,2023-03-29,3.99685,5055.7249956365895
1549,2023-03-30,3.99193,5049.501552930826
1550,2023-03-31,3.93124,4972.733110285947
1551,2023-04-01,4.57743,5790.116533464302
1552,2023-04-02,5.7304,7248.539853883913
1553,2023-04-03,4.95465,6267.272439453777
1554,2023-04-04,4.98581,6306.687576590281
1555,2023-04-05,4.67338,5911.486315500488
1556,2023-04-06,4.30764,5448.851775824462
1557,2023-04-07,4.17807,5284.955135298889
1558,2023-04-08,4.51101,5706.100056936491
1559,2023-04-09,5.17688,6548.3772509379005
1560,2023-04-10,4.7562,6016.247601047512
1561,2023-04-11,4.32896,5475.820027549439
1562,2023-04-12,4.40522,5572.283389488777
1563,2023-04-13,4.48067,5667.722160250947
1564,2023-04-14,4.32158,5466.484863490792
1565,2023-04-15,4.62007,5844.053036914255
1566,2023-04-16,5.15392,6519.334518311004
1567,2023-04-17,4.63155,5858.574403227703
1568,2023-04-18,4.47493,5660.461477094223
1569,2023-04-19,4.65533,5888.654376305562
1570,2023-04-20,4.43392,5608.586805272399
1571,2023-04-21,4.40686,5574.357870390699
1572,2023-04-22,4.58809,5803.60065932679
1573,2023-04-23,5.00549,6331.5813474133365
1574,2023-04-24,4.52413,5722.695904151861
1575,2023-04-25,4.50609,5699.876614230728
1576,2023-04-26,4.17971,5287.029616200811
1577,2023-04-27,3.98619,5042.240869774102
1578,2023-04-28,4.01161,5074.395323753882
1579,2023-04-29,4.49133,5681.206286113435
1580,2023-04-30,4.65615,5889.691616756523
1581,2023-05-01,5.00221,6327.432385609494
1582,2023-05-02,4.29288,5430.181447707171
1583,2023-05-03,4.2732,5405.287676884115
1584,2023-05-04,4.03375,5102.400815929819
1585,2023-05-05,4.63483,5862.723365031547
1586,2023-05-06,4.78244,6049.4392954782525
1587,2023-05-07,4.96941,6285.9427675710685
1588,2023-05-08,4.67994,5919.784239108174
1589,2023-05-09,4.55611,5763.148281739326
1590,2023-05-10,4.55119,5756.9248390335615
1591,2023-05-11,4.59219,5808.786861581594
1592,2023-05-12,4.28386,5418.7718027466035
1593,2023-05-13,5.29578,6698.777116327193
1594,2023-05-14,8.22003,10397.741005012105
1595,2023-05-15,6.82515,8633.319102285317
1596,2023-05-16,5.29414,6696.702635425271
1597,2023-05-17,5.14982,6514.1483160562
1598,2023-05-18,4.55857,5766.260003092207
1599,2023-05-19,4.67912,5918.746998657213
1600,2023-05-20,4.96203,6276.607603512423
1601,2023-05-21,5.35564,6774.495669247319
1602,2023-05-22,4.83164,6111.67372253589
1603,2023-05-23,4.62991,5856.499922325782
1604,2023-05-24,4.42736,5600.288881664715
1605,2023-05-25,4.41998,5590.9537176060685
1606,2023-05-26,4.03867,5108.624258635582
1607,2023-05-27,4.21334,5329.569123963988
1608,2023-05-28,4.6906,5933.268364970661
1609,2023-05-29,4.47657,5662.535957996144
1610,2023-05-30,4.36258,5518.346886038825
1611,2023-05-31,4.13625,5232.055872299898
1612,2023-06-01,4.00669,5068.171881048117
1613,2023-06-02,4.01407,5077.507045106763
1614,2023-06-03,4.23056,5351.351173434162
1615,2023-06-04,4.55447,5761.073800837405
1616,2023-06-05,4.30846,5449.889016275422
1617,2023-06-06,4.60285,5822.270987444082
1618,2023-06-07,4.17151,5276.657211691204
1619,2023-06-08,3.8353,4851.375977523553
1620,2023-06-09,3.84022,4857.599420229317
1621,2023-06-10,4.24368,5367.9470206495325
1622,2023-06-11,4.47985,5666.684919799986
1623,2023-06-12,4.19529,5306.737184769063
1624,2023-06-13,3.89516,4927.094530443679
1625,2023-06-14,4.05507,5129.369067654795
1626,2023-06-15,3.56715,4512.185700785634
1627,2023-06-16,4.04687,5118.996663145189
1628,2023-06-17,4.50855,5702.988335583608
1629,2023-06-18,4.62827,5854.425441423861
1630,2023-06-19,4.38144,5542.203416410918
1631,2023-06-20,4.24368,5367.9470206495325
1632,2023-06-21,4.08705,5169.821445242259
1633,2023-06-22,4.21908,5336.829807120714
1634,2023-06-23,4.04687,5118.996663145189
1635,2023-06-24,4.17643,5282.880654396969
1636,2023-06-25,4.52823,5727.882106406664
1637,2023-06-26,4.12395,5216.497265535488
1638,2023-06-27,4.13789,5234.130353201818
1639,2023-06-28,3.80578,4814.03532128897
1640,2023-06-29,3.69671,4676.069692037414
1641,2023-06-30,3.53107,4466.547120943366
1642,2023-07-01,4.27976,5413.5856004918
1643,2023-07-02,4.37324,5531.831011901312
1644,2023-07-03,4.24368,5367.9470206495325
1645,2023-07-04,4.08951,5172.933166595141
1646,2023-07-05,4.01325,5076.469804655803
1647,2023-07-06,4.19037,5300.513742063299
1648,2023-07-07,3.93698,4979.993793442672
1649,2023-07-08,4.06983,5148.039395772085
1650,2023-07-09,4.30272,5442.628333118698
1651,2023-07-10,3.98619,5042.240869774102
1652,2023-07-11,3.83858,4855.524939327395
1653,2023-07-12,3.83366,4849.301496621632
1654,2023-07-13,3.82628,4839.966332562986
1655,2023-07-14,3.64177,4606.574581823052
1656,2023-07-15,4.15839,5260.061364475834
1657,2023-07-16,4.4126,5581.618553547423
1658,2023-07-17,3.92304,4962.36070577634
1659,2023-07-18,3.7492,4742.465730172687
1660,2023-07-19,3.93042,4971.695869834986
1661,2023-07-20,3.80086,4807.811878583207
1662,2023-07-21,3.78692,4790.178790916875
1663,2023-07-22,3.823,4835.817370759143
1664,2023-07-23,3.90008,4933.317973149443
1665,2023-07-24,3.8148,4825.444966249537
1666,2023-07-25,3.54829,4488.32917041354
1667,2023-07-26,3.60897,4565.084963784626
1668,2023-07-27,3.34246,4227.969167948629
1669,2023-07-28,3.41298,4317.171846731243
1670,2023-07-29,3.74264,4734.167806565002
1671,2023-07-30,3.7656,4763.210539191899
1672,2023-07-31,4.11001,5198.864177869157
1673,2023-08-01,4.11001,5198.864177869157
1674,2023-08-02,3.58109,4529.818788451965
1675,2023-08-03,3.4384,4349.326300711023
1676,2023-08-04,3.29982,4174.032664498675
1677,2023-08-05,3.65735,4626.282150391304
1678,2023-08-06,3.99111,5048.464312479866
1679,2023-08-07,3.40806,4310.948404025479
1680,2023-08-08,3.57371,4520.48362439332
1681,2023-08-09,3.62619,4586.8670132547995
1682,2023-08-10,3.74428,4736.242287466923
1683,2023-08-11,3.52123,4454.100235531839
1684,2023-08-12,3.71557,4699.926222409508
1685,2023-08-13,3.98291,5038.091907970259
1686,2023-08-14,3.50236,4430.231055885952
1687,2023-08-15,3.95092,4997.626881109002
1688,2023-08-16,3.38592,4282.942911849542
1689,2023-08-17,3.37854,4273.607747790897
1690,2023-08-18,3.4466,4359.698705220629
1691,2023-08-19,3.52287,4456.17471643376
1692,2023-08-20,3.76888,4767.359500995742
1693,2023-08-21,3.49334,4418.821410925385
1694,2023-08-22,3.41216,4316.134606280282
1695,2023-08-23,3.45726,4373.182831083118
1696,2023-08-24,3.35066,4238.341572458235
1697,2023-08-25,3.26537,4130.455916284537
1698,2023-08-26,3.41544,4320.283568084124
1699,2023-08-27,3.74182,4733.130566114041
1700,2023-08-28,3.82382,4836.854611210104
1701,2023-08-29,3.8148,4825.444966249537
1702,2023-08-30,3.68359,4659.473844822044
1703,2023-08-31,3.48596,4409.486246866739
1704,2023-09-01,3.65161,4619.021467234579
1705,2023-09-02,3.90254,4936.429694502325
1706,2023-09-03,4.41096,5579.544072645502
1707,2023-09-04,3.96814,5019.408930579176
1708,2023-09-05,3.61307,4570.27116603943
1709,2023-09-06,3.87302,4899.089038267742
1710,2023-09-07,3.72951,4717.559310075839
1711,2023-09-08,3.81152,4821.296004445695
1712,2023-09-09,4.34864,5500.713798372493
1713,2023-09-10,4.95711,6270.38416080666
1714,2023-09-11,4.14773,5246.577238613347
1715,2023-09-12,3.88122,4909.461442777349
1716,2023-09-13,3.76068,4756.987096486136
1717,2023-09-14,3.79594,4801.588435877443
1718,2023-09-15,3.86728,4891.828355111018
1719,2023-09-16,4.28468,5419.809043197564
1720,2023-09-17,4.71766,5967.497299852363
1721,2023-09-18,4.01981,5084.767728263487
1722,2023-09-19,3.8722,4898.051797816782
1723,2023-09-20,3.86646,4890.791114660057
1724,2023-09-21,4.265,5394.915272374508
1725,2023-09-22,4.11329,5203.013139673
1726,2023-09-23,4.49953,5691.578690623042
1727,2023-09-24,4.84066,6123.083367496457
1728,2023-09-25,4.2568,5384.542867864903
1729,2023-09-26,3.85908,4881.455950601411
1730,2023-09-27,3.61471,4572.345646941351
1731,2023-09-28,3.69261,4670.883489782611
1732,2023-09-29,4.04933,5122.108384498071
1733,2023-09-30,4.44131,5617.934618604837
1734,2023-10-01,4.84148,6124.120607947418
1735,2023-10-02,4.84968,6134.493012457025
1736,2023-10-03,4.97105,6288.01724847299
1737,2023-10-04,4.81688,6093.003394418599
1738,2023-10-05,4.67994,5919.784239108174
1739,2023-10-06,4.34946,5501.751038823453
1740,2023-10-07,4.3019,5441.591092667737
1741,2023-10-08,4.55365,5760.036560386444
1742,2023-10-09,4.83,6109.5992416339695
1743,2023-10-10,4.45443,5634.530465820208
1744,2023-10-11,4.59383,5810.861342483514
1745,2023-10-12,4.41588,5585.767515351265
1746,2023-10-13,4.06737,5144.927674419205
1747,2023-10-14,4.48723,5676.0200838586325
1748,2023-10-15,4.77752,6043.215852772489
1749,2023-10-16,4.22318,5342.016009375517
1750,2023-10-17,4.11493,5205.087620574921
1751,2023-10-18,3.97225,5024.607782107771
1752,2023-10-19,3.8394,4856.562179778356
1753,2023-10-20,3.76724,4765.285020093821
1754,2023-10-21,3.99193,5049.501552930826
1755,2023-10-22,4.39538,5559.83650407725
1756,2023-10-23,3.91484,4951.988301266734
1757,2023-10-24,3.65079,4617.984226783619
1758,2023-10-25,3.40314,4304.7249613197155
1759,2023-10-26,3.27604,4143.952691420817
1760,2023-10-27,3.34738,4234.192610654392
1761,2023-10-28,4.05179,5125.220105850952
1762,2023-10-29,4.41916,5589.916477155108
1763,2023-10-30,3.89434,4926.057289992719
1764,2023-10-31,3.57863,4526.707067099083
1765,2023-11-01,3.67457,4648.064199861477
1766,2023-11-02,3.78282,4784.992588662073
1767,2023-11-03,3.48022,4402.225563710015
1768,2023-11-04,3.82218,4834.780130308183
1769,2023-11-05,3.99275,5050.5387933817865
1770,2023-11-06,3.72131,4707.186905566233
1771,2023-11-07,3.64013,4604.500100921131
1772,2023-11-08,3.33836,4222.782965693826
1773,2023-11-09,3.3154,4193.740233066927
1774,2023-11-10,3.25799,4121.120752225891
1775,2023-11-11,3.4466,4359.698705220629
1776,2023-11-12,3.62291,4582.718051450957
1777,2023-11-13,5.26544,6660.399219641649
1778,2023-11-14,3.42036,4326.507010789889
1779,2023-11-15,3.28178,4151.213374577542
1780,2023-11-16,3.24733,4107.636626363403
1781,2023-11-17,3.23749,4095.1897409518756
1782,2023-11-18,3.33016,4212.410561184219
1783,2023-11-19,3.49744,4424.007613180188
1784,2023-11-20,3.36542,4257.011900575526
1785,2023-11-21,3.8476,4866.934584287963
1786,2023-11-22,3.69917,4679.181413390296
1787,2023-11-23,3.23421,4091.040779148033
1788,2023-11-24,3.0005,3795.4146013504605
1789,2023-11-25,3.22355,4077.5566532855446
1790,2023-11-26,3.45726,4373.182831083118
1791,2023-11-27,3.17927,4021.54566893367
1792,2023-11-28,2.89964,3667.834025882303
1793,2023-11-29,2.85454,3610.785801079468
1794,2023-11-30,2.72333,3444.814679651974
1795,2023-12-01,2.65937,3363.909924477045
1796,2023-12-02,2.93326,3710.360884371689
1797,2023-12-03,3.24733,4107.636626363403
1798,2023-12-04,3.00542,3801.6380440562243
1799,2023-12-05,2.69463,3408.5112638683527
1800,2023-12-06,2.78811,3526.756675277865
1801,2023-12-07,2.66019,3364.947164928006
1802,2023-12-08,2.68397,3395.0271380058643
1803,2023-12-09,2.93572,3713.4726057245703
1804,2023-12-10,3.4015,4302.650480417794
1805,2023-12-11,3.07759,3892.927853014552
1806,2023-12-12,2.86028,3618.046484236192
1807,2023-12-13,2.88734,3652.2754191178933
1808,2023-12-14,2.68315,3393.9898975549036
1809,2023-12-15,2.61263,3304.7872187722887
1810,2023-12-16,2.90538,3675.0947090390273
1811,2023-12-17,3.39658,4296.42703771203
1812,2023-12-18,3.13499,3965.5346845817967
1813,2023-12-19,2.99886,3793.3401204485394
1814,2023-12-20,2.90374,3673.0202281371057
1815,2023-12-21,2.70447,3420.95814927988
1816,2023-12-22,2.55358,3230.0932570293317
1817,2023-12-23,2.93162,3708.2864034697677
1818,2023-12-24,2.98082,3770.5208305274055
1819,2023-12-25,3.299,4172.9954240477155
1820,2023-12-26,2.91112,3682.3553921957514
1821,2023-12-27,2.66675,3373.2450885356907
1822,2023-12-28,2.51258,3178.2312344812995
1823,2023-12-29,2.48798,3147.1140209524806
1824,2023-12-30,2.5626,3241.502901989899
1825,2023-12-31,2.66183,3367.0216458299274
1826,2024-01-01,2.46174,3113.92232652174
1827,2024-01-02,2.36252,2988.416231955504
1828,2024-01-03,2.49044,3150.225742305363
1829,2024-01-04,2.51504,3181.342955834182
1830,2024-01-05,2.4027,3039.241014052575
1831,2024-01-06,2.78319,3520.5332325721006
1832,2024-01-07,3.08907,3907.449219328001
1833,2024-01-08,2.20343,2787.1789351953494
1834,2024-01-09,2.39532,3029.905849993929
1835,2024-01-10,2.46584,3119.1085287765436
1836,2024-01-11,2.55686,3234.242218833174
1837,2024-01-12,2.42812,3071.3954680323545
1838,2024-01-13,3.20305,4051.625642011529
1839,2024-01-14,3.28342,4153.287855479463
1840,2024-01-15,2.76269,3494.602221298085
1841,2024-01-16,2.5462,3220.7580929706855
1842,2024-01-17,2.60935,3300.6382569684465
1843,2024-01-18,2.67331,3381.5430121433756
1844,2024-01-19,2.4724,3127.406452384229
1845,2024-01-20,2.88652,3651.2381786669325
1846,2024-01-21,3.08087,3897.0768148183947
1847,2024-01-22,2.63313,3330.718230046305
1848,2024-01-23,2.37564,3005.0120791708746
1849,2024-01-24,2.38302,3014.3472432295202
1850,2024-01-25,2.30019,2909.573308408704
1851,2024-01-26,2.38384,3015.3844836804806
1852,2024-01-27,2.76433,3496.6767022000063
1853,2024-01-28,2.9021,3670.9457472351846
1854,2024-01-29,2.76105,3492.5277403961636
1855,2024-01-30,2.73235,3456.2243246125413
1856,2024-01-31,2.47978,3136.741616442874
1857,2024-02-01,2.69217,3405.3995425154703
1858,2024-02-02,2.51176,3177.1939940303396
1859,2024-02-03,2.75203,3481.118095435597
1860,2024-02-04,3.16205,3999.763619463497
1861,2024-02-05,2.93162,3708.2864034697677
1862,2024-02-06,2.72579,3447.9264010048564
1863,2024-02-07,2.63723,3335.9044323011085
1864,2024-02-08,2.5667,3246.6891042447014
1865,2024-02-09,2.73973,3465.5594886711874
1866,2024-02-10,3.23175,4087.929057795151
1867,2024-02-11,3.26127,4125.269714029734
1868,2024-02-12,3.76232,4759.061577388056
1869,2024-02-13,3.2908,4162.623019538109
1870,2024-02-14,3.21945,4072.3704510307416
1871,2024-02-15,3.07103,3884.629929406867
1872,2024-02-16,2.66429,3370.133367182809
1873,2024-02-17,3.14401,3976.9443295423634
1874,2024-02-18,3.51385,4444.7650714731935
1875,2024-02-19,3.04807,3855.5871967799694
1876,2024-02-20,3.0087,3805.787005860067
1877,2024-02-21,2.9841,3774.669792331248
1878,2024-02-22,2.9431,3722.807769783216
1879,2024-02-23,3.15795,3994.577417208694
1880,2024-02-24,3.86318,4886.642152856214
1881,2024-02-25,4.13379,5228.944150947016
1882,2024-02-26,3.68605,4662.585566174926
1883,2024-02-27,3.4671,4385.6297164946445
1884,2024-02-28,3.57207,4518.409143491398
1885,2024-02-29,3.07021,3883.5926889559064
1886,2024-03-01,3.86482,4888.716633758136
1887,2024-03-02,3.84842,4867.971824738923
1888,2024-03-03,3.84268,4860.711141582199
1889,2024-03-04,3.29982,4174.032664498675
1890,2024-03-05,3.12433,3952.0505587193084
1891,2024-03-06,2.97508,3763.260147370681
1892,2024-03-07,3.29654,4169.883702694833
1893,2024-03-08,3.20387,4052.66288246249
1894,2024-03-09,3.73854,4728.981604310198
1895,2024-03-10,4.306,5446.777294922541
1896,2024-03-11,3.36788,4260.123621928408
1897,2024-03-12,3.23503,4092.0780195989937
1898,2024-03-13,3.25307,4114.897309520127
1899,2024-03-14,3.07513,3889.8161316616706
1900,2024-03-15,3.3892,4287.091873653385
1901,2024-03-16,3.91566,4953.025541717695
1902,2024-03-17,4.26746,5398.026993727391
1903,2024-03-18,3.81234,4822.333244896655
1904,2024-03-19,3.68605,4662.585566174926
1905,2024-03-20,3.32524,4206.187118478455
1906,2024-03-21,3.04725,3854.5499563290086
1907,2024-03-22,3.15549,3991.465695855812
1908,2024-03-23,3.63275,4595.164936862485
1909,2024-03-24,4.30682,5447.814535373502
1910,2024-03-25,3.41298,4317.171846731243
1911,2024-03-26,3.25143,4112.822828618207
1912,2024-03-27,3.08087,3897.0768148183947
1913,2024-03-28,5.60247,7086.717694260262
1914,2024-03-29,6.03463,7633.368710464099
1915,2024-03-30,5.39829,6828.444821971064
1916,2024-03-31,5.16786,6536.967605977335
1917,2024-04-01,4.31338,5456.112458981187
1918,2024-04-02,4.96203,6276.607603512423
1919,2024-04-03,4.23138,5352.388413885123
1920,2024-04-04,3.9665,5017.334449677254
1921,2024-04-05,3.89434,4926.057289992719
1922,2024-04-06,4.63565,5863.760605482507
1923,2024-04-07,5.30398,6709.1495208368
1924,2024-04-08,4.44459,5622.083580408679
1925,2024-04-09,4.19529,5306.737184769063
1926,2024-04-10,4.60121,5820.19650654216
1927,2024-04-11,4.37324,5531.831011901312
1928,2024-04-12,4.14773,5246.577238613347
1929,2024-04-13,4.81852,6095.07787532052
1930,2024-04-14,5.44011,6881.3440849700555
1931,2024-04-15,4.60613,5826.419949247925
1932,2024-04-16,4.21088,5326.457402611108
1933,2024-04-17,4.43556,5610.66128617432
1934,2024-04-18,4.23138,5352.388413885123
1935,2024-04-19,5.19656,6573.271021760956
1936,2024-04-20,4.77342,6038.029650517685
1937,2024-04-21,4.89806,6195.690199063702
1938,2024-04-22,4.27238,5404.250436433154
1939,2024-04-23,4.22318,5342.016009375517
1940,2024-04-24,3.80824,4817.147042641853
1941,2024-04-25,3.68195,4657.399363920123
1942,2024-04-26,3.81644,4827.519447151459
1943,2024-04-27,4.10755,5195.752456516275
1944,2024-04-28,4.56267,5771.446205347011
1945,2024-04-29,3.95092,4997.626881109002
1946,2024-04-30,3.79184,4796.40223362264
1947,2024-05-01,4.26336,5392.840791472587
1948,2024-05-02,4.08951,5172.933166595141
1949,2024-05-03,3.76888,4767.359500995742
1950,2024-05-04,4.14609,5244.502757711425
1951,2024-05-05,4.37242,5530.793771450351
1952,2024-05-06,4.62253,5847.164758267138
1953,2024-05-07,4.61597,5838.866834659451
1954,2024-05-08,4.45771,5638.679427624049
1955,2024-05-09,3.99521,5053.650514734669
1956,2024-05-10,3.93616,4978.956552991711
1957,2024-05-11,4.05179,5125.220105850952
1958,2024-05-12,4.48313,5670.8338816038295
1959,2024-05-13,4.14855,5247.6144790643075
1960,2024-05-14,3.96814,5019.408930579176
1961,2024-05-15,4.37898,5539.091695058038
1962,2024-05-16,3.91894,4957.174503521538
1963,2024-05-17,3.45398,4369.033869279275
1964,2024-05-18,3.93288,4974.807591187869
1965,2024-05-19,4.2855,5420.846283648524
1966,2024-05-20,3.96978,5021.483411481097
1967,2024-05-21,3.7984,4804.700157230324
1968,2024-05-22,3.70409,4685.40485609606
1969,2024-05-23,3.53271,4468.621601845287
1970,2024-05-24,3.70983,4692.665539252785
1971,2024-05-25,3.57617,4523.595345746201
1972,2024-05-26,3.88368,4912.573164130231
1973,2024-05-27,3.87384,4900.126278718702
1974,2024-05-28,4.13789,5234.130353201818
1975,2024-05-29,3.73525,4724.819993232564
1976,2024-05-30,3.74838,4741.428489721726
1977,2024-05-31,3.28752,4158.474057734266
1978,2024-06-01,3.67539,4649.101440312438
1979,2024-06-02,3.9009,4934.355213600404
1980,2024-06-03,3.52205,4455.1374759827995
1981,2024-06-04,3.24241,4101.413183657639
1982,2024-06-05,3.10465,3927.156787896253
1983,2024-06-06,3.65489,4623.170429038421
1984,2024-06-07,3.46546,4383.555235592724
1985,2024-06-08,3.782,4783.955348211112
1986,2024-06-09,4.15511,5255.912402671992
1987,2024-06-10,4.00833,5070.246361950039
1988,2024-06-11,3.4261,4333.767693946613
1989,2024-06-12,3.3318,4214.48504208614
1990,2024-06-13,3.18911,4033.992554345198
1991,2024-06-14,3.4507,4364.884907475432
1992,2024-06-15,3.56797,4513.222941236595
1993,2024-06-16,3.69753,4677.106932488375
1994,2024-06-17,3.504,4432.305536787873
1995,2024-06-18,3.12679,3955.1622800721902
1996,2024-06-19,3.17517,4016.3594666788676
1997,2024-06-20,3.04971,3857.661677681891
1998,2024-06-21,4.46345,5645.940110780774
1999,2024-06-22,3.72623,4713.4103482719975
2000,2024-06-23,3.66719,4638.729035802831
2001,2024-06-24,3.19895,4046.4394397567257
2002,2024-06-25,3.06119,3872.183043995339
2003,2024-06-26,2.88734,3652.2754191178933
2004,2024-06-27,2.91522,3687.541594450555
2005,2024-06-28,2.67577,3384.654733496258
2006,2024-06-29,3.06283,3874.2575248972607
2007,2024-06-30,3.35148,4239.378812909195
2008,2024-07-01,2.98164,3771.5580709783662
2009,2024-07-02,2.93162,3708.2864034697677
2010,2024-07-03,2.86192,3620.1209651381137
2011,2024-07-04,2.83404,3584.854789805452
2012,2024-07-05,2.97508,3763.260147370681
2013,2024-07-06,3.23585,4093.1152600499545
2014,2024-07-07,3.41708,4322.358048986046
2015,2024-07-08,2.96196,3746.6643001553107
2016,2024-07-09,2.816,3562.035499884318
2017,2024-07-10,2.74711,3474.894652729833
2018,2024-07-11,2.74629,3473.8574122788723
2019,2024-07-12,2.60525,3295.452054713643
2020,2024-07-13,2.939,3717.621567528413
2021,2024-07-14,3.22109,4074.4449319326627
2022,2024-07-15,2.84388,3597.3016752169797
2023,2024-07-16,2.78073,3517.421511219219
2024,2024-07-17,2.60033,3289.2286120078797
2025,2024-07-18,2.67823,3387.76645484914
2026,2024-07-19,2.88816,3653.312659568854
2027,2024-07-20,2.91358,3685.4671135486337
2028,2024-07-21,3.01034,3807.8614867619876
2029,2024-07-22,2.5667,3246.6891042447014
2030,2024-07-23,2.48388,3141.9278186976776
2031,2024-07-24,2.62329,3318.271344634777
2032,2024-07-25,2.50684,3170.9705513245754
2033,2024-07-26,2.42238,3064.1347848756304
2034,2024-07-27,2.59869,3287.154131105958
2035,2024-07-28,2.75285,3482.155335886557
2036,2024-07-29,2.52734,3196.901562598591
2037,2024-07-30,2.58147,3265.372081635785
2038,2024-07-31,2.80698,3550.625854923751
2039,2024-08-01,2.85208,3607.674079726586
2040,2024-08-02,2.67167,3379.468531241455
2041,2024-08-03,3.03494,3838.9787002908074
2042,2024-08-04,3.05463,3863.8851203876543
2043,2024-08-05,2.75039,3479.0436145336753
2044,2024-08-06,2.74957,3478.0063740827145
2045,2024-08-07,2.87668,3638.791293255405
2046,2024-08-08,2.77909,3515.3470303172976
2047,2024-08-09,2.68151,3391.915416652982
2048,2024-08-10,2.71103,3429.256072887565
2049,2024-08-11,2.94966,3731.1056933909017
2050,2024-08-12,2.59213,3278.8562074982733
2051,2024-08-13,2.61427,3306.8616996742103
2052,2024-08-14,2.44698,3095.2519984044493
2053,2024-08-15,2.76269,3494.602221298085
2054,2024-08-16,3.00788,3804.749765409106
2055,2024-08-17,2.96524,3750.8132619591534
2056,2024-08-18,3.01362,3812.0104485658308
2057,2024-08-19,2.57655,3259.1486389300217
2058,2024-08-20,2.66265,3368.058886280888
2059,2024-08-21,2.5585,3236.3166997350954
2060,2024-08-22,3.02592,3827.56905533024
2061,2024-08-23,2.54702,3221.7953334216463
2062,2024-08-24,2.72825,3451.0381223577383
2063,2024-08-25,2.95048,3732.142933841862
2064,2024-08-26,2.73563,3460.373286416384
2065,2024-08-27,2.67413,3382.5802525943363
2066,2024-08-28,2.64379,3344.2023559087934
2067,2024-08-29,2.67987,3389.8409357510614
2068,2024-08-30,2.58639,3271.595524341549
2069,2024-08-31,2.75695,3487.34153814136
2070,2024-09-01,3.11203,3936.4919519548985
2071,2024-09-02,2.76597,3498.7511831019274
2072,2024-09-03,2.72825,3451.0381223577383
2073,2024-09-04,2.65773,3361.835443575124
2074,2024-09-05,2.56752,3247.726344695662
2075,2024-09-06,2.62329,3318.271344634777
2076,2024-09-07,3.04233,3848.3265136232453
2077,2024-09-08,3.65653,4625.244909940343
2078,2024-09-09,3.03823,3843.140311368442
2079,2024-09-10,2.76433,3496.6767022000063
2080,2024-09-11,2.74219,3468.671210024069
2081,2024-09-12,2.58885,3274.7072456944306
2082,2024-09-13,2.54702,3221.7953334216463
2083,2024-09-14,2.96114,3745.62705970435
2084,2024-09-15,2.96524,3750.8132619591534
2085,2024-09-16,2.9759,3764.2973878216417
2086,2024-09-17,2.93982,3718.6588079793737
2087,2024-09-18,3.52041,4453.062995080878
2088,2024-09-19,3.21043,4060.960806070175
2089,2024-09-20,3.19895,4046.4394397567257
2090,2024-09-21,3.54173,4480.031246805855
2091,2024-09-22,3.8722,4898.051797816782
2092,2024-09-23,3.4589,4375.2573119850385
2093,2024-09-24,3.26537,4130.455916284537
2094,2024-09-25,3.00706,3803.712524958146
2095,2024-09-26,2.72251,3443.777439201014
2096,2024-09-27,2.53636,3208.3112075591584
2097,2024-09-28,2.93408,3711.398124822649
2098,2024-09-29,3.17763,4019.4711880317495
2099,2024-09-30,2.94146,3720.7332888812953
