,date,브룩스브라더스,브룩스브라더스_absolute
0,2019-01-01,8.78468,1030.0954547823053
1,2019-01-02,7.26315,851.6801753054297
2,2019-01-03,9.51196,1115.376628638846
3,2019-01-04,9.41626,1104.1548043922407
4,2019-01-05,8.7177,1022.2413504140964
5,2019-01-06,8.3732,981.845128335147
6,2019-01-07,7.62679,894.3207622336998
7,2019-01-08,8.04784,943.6932711055188
8,2019-01-09,6.46889,758.5448970806799
9,2019-01-10,6.29665,738.3479586456197
10,2019-01-11,11.02392,1292.6697256910613
11,2019-01-12,6.52631,765.2779916286429
12,2019-01-13,7.71291,904.41923145123
13,2019-01-14,9.01435,1057.026660369743
14,2019-01-15,6.3732,747.3242454384892
15,2019-01-16,6.29665,738.3479586456197
16,2019-01-17,6.36363,746.2020630138288
17,2019-01-18,6.57416,770.8889037519455
18,2019-01-19,6.64114,778.7430081201545
19,2019-01-20,7.47368,876.3670160435462
20,2019-01-21,5.67464,665.4107914603447
21,2019-01-22,5.93301,695.7073717173495
22,2019-01-23,5.57894,654.1889672137397
23,2019-01-24,5.95215,697.9517365666704
24,2019-01-25,5.0622,593.5958066997302
25,2019-01-26,6.36363,746.2020630138288
26,2019-01-27,7.30143,856.1689050040716
27,2019-01-28,6.31578,740.5911508905263
28,2019-01-29,6.13397,719.2720300308056
29,2019-01-30,5.77033,676.6314431025354
30,2019-01-31,5.7799,677.7536255271958
31,2019-02-01,5.60765,657.5555144877211
32,2019-02-02,6.31578,740.5911508905263
33,2019-02-03,8.03827,942.5710886808583
34,2019-02-04,7.46411,875.2448336188858
35,2019-02-05,6.98564,819.1392301991038
36,2019-02-06,7.97129,934.7169843126492
37,2019-02-07,8.1244,952.6707305028027
38,2019-02-08,6.83253,801.1854840089502
39,2019-02-09,7.71291,904.41923145123
40,2019-02-10,8.17224,958.2804700216909
41,2019-02-11,7.64593,896.5651270830209
42,2019-02-12,8.09569,949.3041832288212
43,2019-02-13,10.74641,1260.1287805847353
44,2019-02-14,7.34928,861.7798171273741
45,2019-02-15,5.96172,699.073918991331
46,2019-02-16,7.55023,885.3433028364158
47,2019-02-17,8.22009,963.8913821449935
48,2019-02-18,8.29665,972.8688415422773
49,2019-02-19,6.38277,748.4464278631498
50,2019-02-20,6.69856,785.4761026681175
51,2019-02-21,7.56937,887.5876676857368
52,2019-02-22,6.56459,769.7667213272849
53,2019-02-23,8.01913,940.3267238315373
54,2019-02-24,9.01435,1057.026660369743
55,2019-02-25,8.38277,982.9673107598076
56,2019-02-26,8.0287,941.4489062561978
57,2019-02-27,7.69377,902.1748666019089
58,2019-02-28,7.70334,903.2970490265694
59,2019-03-01,12.34449,1447.5203468544807
60,2019-03-02,11.98086,1404.880932530625
61,2019-03-03,13.38755,1569.8300229115746
62,2019-03-04,9.45454,1108.643534090883
63,2019-03-05,8.20095,961.6470172956724
64,2019-03-06,7.58851,889.8320325350579
65,2019-03-07,8.06698,945.9376359548396
66,2019-03-08,7.68421,901.053856781663
67,2019-03-09,9.07177,1063.7597549177062
68,2019-03-10,11.99043,1406.0031149552856
69,2019-03-11,10.03827,1177.091971577516
70,2019-03-12,8.45933,991.9447701570915
71,2019-03-13,7.59808,890.9542149597183
72,2019-03-14,6.8421,802.3076664336107
73,2019-03-15,7.33971,860.6576347027136
74,2019-03-16,8.2488,967.2579294189748
75,2019-03-17,10.3732,1216.3660112318048
76,2019-03-18,7.76076,910.0301435745325
77,2019-03-19,7.82775,917.8854205471561
78,2019-03-20,8.1244,952.6707305028027
79,2019-03-21,6.8421,802.3076664336107
80,2019-03-22,6.54545,767.522356477964
81,2019-03-23,8.47846,994.1879624019981
82,2019-03-24,9.34928,1096.3007000240318
83,2019-03-25,10.44019,1224.2212882044282
84,2019-03-26,7.94258,931.3504370386677
85,2019-03-27,7.84688,920.1286127920625
86,2019-03-28,7.58851,889.8320325350579
87,2019-03-29,8.05741,944.8154535301793
88,2019-03-30,8.04784,943.6932711055188
89,2019-03-31,9.66507,1133.3303748289995
90,2019-04-01,8.27751,970.6244766929564
91,2019-04-02,7.94258,931.3504370386677
92,2019-04-03,7.79904,914.5188732731744
93,2019-04-04,8.04784,943.6932711055188
94,2019-04-05,9.40669,1103.0326219675803
95,2019-04-06,8.622,1011.0195261674912
96,2019-04-07,13.00478,1524.946243738398
97,2019-04-08,10.68899,1253.3956860367725
98,2019-04-09,9.24401,1083.9566933527663
99,2019-04-10,7.83732,919.0076029718166
100,2019-04-11,8.01913,940.3267238315373
101,2019-04-12,7.61722,893.1985798090393
102,2019-04-13,8.92822,1046.9270185477985
103,2019-04-14,9.33014,1094.0563351747107
104,2019-04-15,8.8421,1036.8285493302685
105,2019-04-16,7.98086,935.8391667373096
106,2019-04-17,8.7177,1022.2413504140964
107,2019-04-18,8.58373,1006.5319690732636
108,2019-04-19,8.40191,985.2116756091286
109,2019-04-20,9.82775,1152.4063034438136
110,2019-04-21,10.40191,1219.7325585057863
111,2019-04-22,8.57416,1005.409786648603
112,2019-04-23,8.82296,1034.5841844809474
113,2019-04-24,7.26315,851.6801753054297
114,2019-04-25,6.83253,801.1854840089502
115,2019-04-26,5.93301,695.7073717173495
116,2019-04-27,7.16746,840.459523663239
117,2019-04-28,8.55502,1003.1654217992822
118,2019-04-29,8.1244,952.6707305028027
119,2019-04-30,9.27272,1087.3232406267477
120,2019-05-01,10.65071,1248.9069563381304
121,2019-05-02,7.56937,887.5876676857368
122,2019-05-03,7.58851,889.8320325350579
123,2019-05-04,7.6555,897.6873095076813
124,2019-05-05,7.98086,935.8391667373096
125,2019-05-06,9.19617,1078.3469538338782
126,2019-05-07,7.71291,904.41923145123
127,2019-05-08,7.75119,908.907961149872
128,2019-05-09,7.33971,860.6576347027136
129,2019-05-10,7.83732,919.0076029718166
130,2019-05-11,8.11483,951.5485480781422
131,2019-05-12,9.33014,1094.0563351747107
132,2019-05-13,9.56937,1122.1085505823944
133,2019-05-14,8.75598,1026.7300801127383
134,2019-05-15,9.56937,1122.1085505823944
135,2019-05-16,8.56459,1004.2876042239427
136,2019-05-17,8.22009,963.8913821449935
137,2019-05-18,9.91387,1162.5047726613436
138,2019-05-19,10.68899,1253.3956860367725
139,2019-05-20,9.56937,1122.1085505823944
140,2019-05-21,8.39234,984.0894931844681
141,2019-05-22,8.08612,948.1820008041607
142,2019-05-23,7.9043,926.8617073400256
143,2019-05-24,9.4354,1106.3991692415618
144,2019-05-25,9.46411,1109.7657165155433
145,2019-05-26,9.89473,1160.2604078120225
146,2019-05-27,9.88516,1159.1382253873624
147,2019-05-28,8.86124,1039.0729141795894
148,2019-05-29,8.5933,1007.6541514979241
149,2019-05-30,8.20095,961.6470172956724
150,2019-05-31,6.89952,809.0407609815737
151,2019-06-01,7.77033,911.1523259991931
152,2019-06-02,9.00478,1055.9044779450826
153,2019-06-03,9.57894,1123.2307330070548
154,2019-06-04,8.35406,979.6007634858261
155,2019-06-05,7.20574,844.9482533618809
156,2019-06-06,9.01435,1057.026660369743
157,2019-06-07,7.83732,919.0076029718166
158,2019-06-08,7.6555,897.6873095076813
159,2019-06-09,8.70813,1021.1191679894358
160,2019-06-10,8.82296,1034.5841844809474
161,2019-06-11,8.13397,953.7929129274632
162,2019-06-12,6.88995,807.9185785569132
163,2019-06-13,7.46411,875.2448336188858
164,2019-06-14,6.74641,791.0870147914201
165,2019-06-15,7.69377,902.1748666019089
166,2019-06-16,8.06698,945.9376359548396
167,2019-06-17,7.91387,927.9838897646862
168,2019-06-18,7.33014,859.5354522780532
169,2019-06-19,7.28229,853.9245401547505
170,2019-06-20,7.62679,894.3207622336998
171,2019-06-21,7.03349,824.7501423224063
172,2019-06-22,7.27272,852.8023577300901
173,2019-06-23,7.88516,924.6173424907046
174,2019-06-24,8.22009,963.8913821449935
175,2019-06-25,7.83732,919.0076029718166
176,2019-06-26,7.13875,837.0929763892575
177,2019-06-27,6.83253,801.1854840089502
178,2019-06-28,6.21052,728.2483168236752
179,2019-06-29,7.5311,883.1001105915093
180,2019-06-30,8.47846,994.1879624019981
181,2019-07-01,7.63636,895.4429446583604
182,2019-07-02,7.46411,875.2448336188858
183,2019-07-03,6.88995,807.9185785569132
184,2019-07-04,6.66028,780.9873729694756
185,2019-07-05,6.53588,766.4001740533034
186,2019-07-06,7.46411,875.2448336188858
187,2019-07-07,8.64114,1013.2638910168122
188,2019-07-08,6.87081,805.6742137075922
189,2019-07-09,6.33492,742.8355157398473
190,2019-07-10,7.20574,844.9482533618809
191,2019-07-11,6.09569,714.7833003321637
192,2019-07-12,6.25837,733.8592289469777
193,2019-07-13,7.46411,875.2448336188858
194,2019-07-14,9.57894,1123.2307330070548
195,2019-07-15,6.75598,792.2091972160806
196,2019-07-16,7.5311,883.1001105915093
197,2019-07-17,6.88995,807.9185785569132
198,2019-07-18,6.53588,766.4001740533034
199,2019-07-19,5.96172,699.073918991331
200,2019-07-20,6.91866,811.2851258308948
201,2019-07-21,7.311,857.2910874287321
202,2019-07-22,7.13875,837.0929763892575
203,2019-07-23,7.01435,822.5057774730853
204,2019-07-24,7.17703,841.5817060878995
205,2019-07-25,6.53588,766.4001740533034
206,2019-07-26,5.74162,673.2648958285538
207,2019-07-27,6.31578,740.5911508905263
208,2019-07-28,7.4354,871.8782863449042
209,2019-07-29,6.31578,740.5911508905263
210,2019-07-30,6.30622,739.4701410702802
211,2019-07-31,6.21052,728.2483168236752
212,2019-08-01,6.06698,711.416753058182
213,2019-08-02,5.7799,677.7536255271958
214,2019-08-03,6.42105,752.9351575617919
215,2019-08-04,7.77033,911.1523259991931
216,2019-08-05,6.83253,801.1854840089502
217,2019-08-06,6.23923,731.6148640976567
218,2019-08-07,6.01913,705.8058409348795
219,2019-08-08,6.04784,709.1723882088611
220,2019-08-09,5.60765,657.5555144877211
221,2019-08-10,5.73205,672.1427134038933
222,2019-08-11,6.76555,793.3313796407411
223,2019-08-12,5.84688,685.6077298954049
224,2019-08-13,6.48803,760.789261930001
225,2019-08-14,5.46411,640.7239507222281
226,2019-08-15,6.10526,715.9054827568241
227,2019-08-16,5.76076,675.5092606778749
228,2019-08-17,6.87081,805.6742137075922
229,2019-08-18,6.93779,813.5283180758013
230,2019-08-19,7.311,857.2910874287321
231,2019-08-20,7.00478,821.3835950484249
232,2019-08-21,6.34449,743.9576981645079
233,2019-08-22,6.2488,732.7370465223172
234,2019-08-23,7.311,857.2910874287321
235,2019-08-24,7.29186,855.046722579411
236,2019-08-25,8.76555,1027.8522625373987
237,2019-08-26,9.58851,1124.3529154317155
238,2019-08-27,9.16746,1074.9804065598967
239,2019-08-28,10.98564,1288.1809959924192
240,2019-08-29,9.6555,1132.2081924043391
241,2019-08-30,11.73205,1375.7053620938661
242,2019-08-31,13.58851,1593.3946812250308
243,2019-09-01,14.44976,1694.385236422404
244,2019-09-02,11.62679,1363.362528027015
245,2019-09-03,11.33014,1328.5772180713684
246,2019-09-04,10.53588,1235.4419398466189
247,2019-09-05,9.94258,1165.8713199353253
248,2019-09-06,12.9665,1520.4575140397558
249,2019-09-07,10.46889,1227.5866628739952
250,2019-09-08,12.82296,1503.6259502742628
251,2019-09-09,10.2488,1201.7788123156324
252,2019-09-10,8.67942,1017.7526207154543
253,2019-09-11,7.77033,911.1523259991931
254,2019-09-12,7.99043,936.9613491619701
255,2019-09-13,8.97607,1052.537930671101
256,2019-09-14,10.78468,1264.616337678963
257,2019-09-15,11.49282,1347.6531466861825
258,2019-09-16,10.43062,1223.0991057797676
259,2019-09-17,9.58851,1124.3529154317155
260,2019-09-18,9.55023,1119.8641857330736
261,2019-09-19,9.5311,1117.620993488167
262,2019-09-20,8.13397,953.7929129274632
263,2019-09-21,9.12918,1070.4916768612545
264,2019-09-22,12.55502,1472.2071875925976
265,2019-09-23,10.622,1245.540409064149
266,2019-09-24,10.44976,1225.3434706290886
267,2019-09-25,9.37799,1099.6672472980133
268,2019-09-26,8.93779,1048.049200972459
269,2019-09-27,8.94736,1049.1713833971194
270,2019-09-28,9.70334,1137.8179319232272
271,2019-09-29,10.69856,1254.517868461433
272,2019-09-30,8.68899,1018.8748031401148
273,2019-10-01,9.14832,1072.7360417105756
274,2019-10-02,7.82775,917.8854205471561
275,2019-10-03,8.80382,1032.3398196316264
276,2019-10-04,8.67942,1017.7526207154543
277,2019-10-05,13.52153,1585.5405768568219
278,2019-10-06,15.70334,1841.3805806132002
279,2019-10-07,11.87559,1392.5369258593596
280,2019-10-08,10.39234,1218.6103760811259
281,2019-10-09,10.86124,1273.593797076247
282,2019-10-10,9.12918,1070.4916768612545
283,2019-10-11,7.71291,904.41923145123
284,2019-10-12,8.95693,1050.29356582178
285,2019-10-13,13.1866,1546.266537202533
286,2019-10-14,11.41626,1338.6756872888984
287,2019-10-15,10.95693,1284.8144487184377
288,2019-10-16,10.74641,1260.1287805847353
289,2019-10-17,11.61722,1362.2403456023546
290,2019-10-18,9.32057,1092.9341527500503
291,2019-10-19,10.48803,1229.8310277233163
292,2019-10-20,11.86602,1391.414743434699
293,2019-10-21,9.5311,1117.620993488167
294,2019-10-22,9.59808,1125.475097856376
295,2019-10-23,8.67942,1017.7526207154543
296,2019-10-24,7.89473,925.7395249153651
297,2019-10-25,8.0,938.0835315866307
298,2019-10-26,8.57416,1005.409786648603
299,2019-10-27,10.56459,1238.8084871206004
300,2019-10-28,9.58851,1124.3529154317155
301,2019-10-29,8.7177,1022.2413504140964
302,2019-10-30,7.77033,911.1523259991931
303,2019-10-31,7.62679,894.3207622336998
304,2019-11-01,10.14354,1189.4359782487813
305,2019-11-02,11.55023,1354.3850686297312
306,2019-11-03,12.14354,1423.956861145439
307,2019-11-04,11.0622,1297.1584553897032
308,2019-11-05,11.78947,1382.4384566418294
309,2019-11-06,10.88038,1275.838161925568
310,2019-11-07,9.75119,1143.4288440465295
311,2019-11-08,9.46411,1109.7657165155433
312,2019-11-09,10.42105,1221.9769233551071
313,2019-11-10,11.6555,1366.7290753009968
314,2019-11-11,9.38755,1100.7882571182593
315,2019-11-12,9.02392,1058.1488427944037
316,2019-11-13,8.93779,1048.049200972459
317,2019-11-14,7.73205,906.6635963005509
318,2019-11-15,7.55023,885.3433028364158
319,2019-11-16,9.34928,1096.3007000240318
320,2019-11-17,10.68899,1253.3956860367725
321,2019-11-18,8.63157,1012.1417085921518
322,2019-11-19,9.97129,1169.2378672093068
323,2019-11-20,9.84688,1154.6494956887202
324,2019-11-21,8.05741,944.8154535301793
325,2019-11-22,10.11483,1186.0694309747998
326,2019-11-23,10.22009,1198.4122650416512
327,2019-11-24,12.19138,1429.5666006643273
328,2019-11-25,9.9043,1161.3825902366832
329,2019-11-26,10.65071,1248.9069563381304
330,2019-11-27,10.79425,1265.7385201036236
331,2019-11-28,12.42105,1456.4978062517648
332,2019-11-29,12.66028,1484.5500216594487
333,2019-11-30,12.23923,1435.1775127876297
334,2019-12-01,13.62679,1597.8834109236727
335,2019-12-02,12.11483,1420.5903138714575
336,2019-12-03,10.78468,1264.616337678963
337,2019-12-04,9.76076,1144.55102647119
338,2019-12-05,9.32057,1092.9341527500503
339,2019-12-06,9.52153,1116.4988110635065
340,2019-12-07,9.27272,1087.3232406267477
341,2019-12-08,11.92344,1398.147837982662
342,2019-12-09,10.81339,1267.9828849529445
343,2019-12-10,10.39234,1218.6103760811259
344,2019-12-11,9.49282,1113.1322637895248
345,2019-12-12,9.24401,1083.9566933527663
346,2019-12-13,8.622,1011.0195261674912
347,2019-12-14,8.35406,979.6007634858261
348,2019-12-15,10.09569,1183.8250661254788
349,2019-12-16,8.70813,1021.1191679894358
350,2019-12-17,8.75598,1026.7300801127383
351,2019-12-18,8.88038,1041.3172790289104
352,2019-12-19,8.83253,1035.7063669056079
353,2019-12-20,10.53588,1235.4419398466189
354,2019-12-21,9.57894,1123.2307330070548
355,2019-12-22,10.93779,1282.5700838691166
356,2019-12-23,10.44019,1224.2212882044282
357,2019-12-24,8.75598,1026.7300801127383
358,2019-12-25,10.82296,1269.105067377605
359,2019-12-26,9.77033,1145.6732088958506
360,2019-12-27,11.0622,1297.1584553897032
361,2019-12-28,10.97607,1287.0588135677588
362,2019-12-29,12.50717,1466.596275469295
363,2019-12-30,9.0909,1066.0029471626126
364,2019-12-31,8.22009,963.8913821449935
365,2020-01-01,9.74162,1142.3066616218691
366,2020-01-02,8.48803,995.3101448266586
367,2020-01-03,7.85645,921.2507952167231
368,2020-01-04,9.66507,1133.3303748289995
369,2020-01-05,11.38755,1335.309140014917
370,2020-01-06,9.03349,1059.271025219064
371,2020-01-07,14.9665,1754.9783969364134
372,2020-01-08,11.0622,1297.1584553897032
373,2020-01-09,8.0287,941.4489062561978
374,2020-01-10,7.59808,890.9542149597183
375,2020-01-11,11.1866,1311.7456543058754
376,2020-01-12,12.87081,1509.2368623975653
377,2020-01-13,9.73205,1141.1844791972085
378,2020-01-14,8.50717,997.5545096759796
379,2020-01-15,8.77511,1028.9732723576449
380,2020-01-16,8.19138,960.5248348710119
381,2020-01-17,8.8421,1036.8285493302685
382,2020-01-18,8.66985,1016.6304382907938
383,2020-01-19,11.69377,1371.2166323952245
384,2020-01-20,7.94258,931.3504370386677
385,2020-01-21,8.36363,980.7229459104866
386,2020-01-22,6.93779,813.5283180758013
387,2020-01-23,7.1866,842.7038885125601
388,2020-01-24,7.62679,894.3207622336998
389,2020-01-25,7.54066,884.2211204117554
390,2020-01-26,8.95693,1050.29356582178
391,2020-01-27,11.28229,1322.9663059480658
392,2020-01-28,8.94736,1049.1713833971194
393,2020-01-29,8.22009,963.8913821449935
394,2020-01-30,8.00956,939.2045414068767
395,2020-01-31,6.97607,818.0170477744433
396,2020-02-01,8.34449,978.4785810611655
397,2020-02-02,9.30143,1090.6897879007292
398,2020-02-03,8.42105,987.4560404584495
399,2020-02-04,8.98564,1053.6601130957615
400,2020-02-05,7.71291,904.41923145123
401,2020-02-06,7.67464,899.9316743570024
402,2020-02-07,10.22009,1198.4122650416512
403,2020-02-08,14.78468,1733.6581034722783
404,2020-02-09,14.15311,1659.5999264667573
405,2020-02-10,9.96172,1168.1156847846462
406,2020-02-11,10.32535,1210.7550991085022
407,2020-02-12,9.95215,1166.9935023599858
408,2020-02-13,10.87081,1274.7159795009077
409,2020-02-14,9.72248,1140.062296772548
410,2020-02-15,11.36842,1333.0659477700106
411,2020-02-16,13.48325,1581.0518471581797
412,2020-02-17,9.1866,1077.2247714092177
413,2020-02-18,9.04306,1060.3932076437245
414,2020-02-19,7.87559,923.495160066044
415,2020-02-20,8.01913,940.3267238315373
416,2020-02-21,6.80382,797.8189367349687
417,2020-02-22,9.07177,1063.7597549177062
418,2020-02-23,9.55023,1119.8641857330736
419,2020-02-24,8.54545,1002.0432393746217
420,2020-02-25,8.33492,977.356398636505
421,2020-02-26,8.1244,952.6707305028027
422,2020-02-27,8.47846,994.1879624019981
423,2020-02-28,9.22488,1081.7135011078597
424,2020-02-29,11.48325,1346.530964261522
425,2020-03-01,11.51196,1349.8975115355036
426,2020-03-02,9.45454,1108.643534090883
427,2020-03-03,8.75598,1026.7300801127383
428,2020-03-04,9.11004,1068.2473120119337
429,2020-03-05,9.15789,1073.8582241352362
430,2020-03-06,11.16746,1309.5012894565543
431,2020-03-07,11.5598,1355.5072510543916
432,2020-03-08,12.51674,1467.7184578939555
433,2020-03-09,12.13397,1422.8346787207786
434,2020-03-10,12.1244,1421.7124962961182
435,2020-03-11,11.49282,1347.6531466861825
436,2020-03-12,10.87081,1274.7159795009077
437,2020-03-13,9.28229,1088.4454230514082
438,2020-03-14,10.91866,1280.32689162421
439,2020-03-15,14.25837,1671.9427605336084
440,2020-03-16,10.87081,1274.7159795009077
441,2020-03-17,11.88516,1393.65910828402
442,2020-03-18,11.36842,1333.0659477700106
443,2020-03-19,10.54545,1236.5641222712793
444,2020-03-20,9.77033,1145.6732088958506
445,2020-03-21,12.46889,1462.107545770653
446,2020-03-22,14.79425,1734.780285896939
447,2020-03-23,16.22009,1901.974913731624
448,2020-03-24,12.0,1407.125297379946
449,2020-03-25,11.01435,1291.5475432664007
450,2020-03-26,12.27751,1439.6662424862716
451,2020-03-27,11.69377,1371.2166323952245
452,2020-03-28,15.311,1795.3746190153627
453,2020-03-29,13.05263,1530.5571558617005
454,2020-03-30,10.72727,1257.8844157354144
455,2020-03-31,10.23923,1200.656629890972
456,2020-04-01,9.92344,1163.6269550860043
457,2020-04-02,9.9043,1161.3825902366832
458,2020-04-03,13.73205,1610.2262449905238
459,2020-04-04,13.42583,1574.3187526102167
460,2020-04-05,13.01435,1526.0684261630583
461,2020-04-06,11.5311,1352.1418763848246
462,2020-04-07,11.1866,1311.7456543058754
463,2020-04-08,10.87081,1274.7159795009077
464,2020-04-09,10.04784,1178.2141540021764
465,2020-04-10,8.74641,1025.6078976880776
466,2020-04-11,10.69856,1254.517868461433
467,2020-04-12,13.11004,1537.289077805249
468,2020-04-13,10.40191,1219.7325585057863
469,2020-04-14,9.73205,1141.1844791972085
470,2020-04-15,12.78468,1499.1372205756206
471,2020-04-16,9.27272,1087.3232406267477
472,2020-04-17,9.33971,1095.1785175993714
473,2020-04-18,9.88516,1159.1382253873624
474,2020-04-19,12.28708,1440.7884249109322
475,2020-04-20,10.56459,1238.8084871206004
476,2020-04-21,9.5598,1120.986368157734
477,2020-04-22,8.22009,963.8913821449935
478,2020-04-23,8.42105,987.4560404584495
479,2020-04-24,7.77033,911.1523259991931
480,2020-04-25,10.08612,1182.7028837008183
481,2020-04-26,13.60765,1595.6390460743519
482,2020-04-27,9.59808,1125.475097856376
483,2020-04-28,10.7177,1256.762233310754
484,2020-04-29,12.16267,1426.2000533903456
485,2020-04-30,13.59808,1594.5168636496912
486,2020-05-01,13.36842,1567.5868306666682
487,2020-05-02,12.66028,1484.5500216594487
488,2020-05-03,14.31578,1678.674682477157
489,2020-05-04,13.71291,1607.981880141203
490,2020-05-05,15.29186,1793.1302541660418
491,2020-05-06,14.26794,1673.0649429582688
492,2020-05-07,12.1244,1421.7124962961182
493,2020-05-08,10.43062,1223.0991057797676
494,2020-05-09,11.55023,1354.3850686297312
495,2020-05-10,12.77511,1498.0150381509602
496,2020-05-11,13.24401,1552.9984591460816
497,2020-05-12,13.93301,1633.79090330398
498,2020-05-13,11.0909,1300.5238300592703
499,2020-05-14,10.0,1172.6044144832883
500,2020-05-15,10.43062,1223.0991057797676
501,2020-05-16,12.63157,1481.183474385467
502,2020-05-17,14.9665,1754.9783969364134
503,2020-05-18,12.99521,1523.8240613137373
504,2020-05-19,12.94736,1518.2131491904347
505,2020-05-20,11.23444,1317.3553938247633
506,2020-05-21,10.91866,1280.32689162421
507,2020-05-22,10.35406,1214.1216463824837
508,2020-05-23,10.5933,1242.1750343945816
509,2020-05-24,13.20574,1548.5109020518541
510,2020-05-25,11.0909,1300.5238300592703
511,2020-05-26,11.25358,1319.5997586740843
512,2020-05-27,9.78947,1147.9175737451717
513,2020-05-28,8.9665,1051.4157482464404
514,2020-05-29,9.311,1091.8119703253897
515,2020-05-30,10.27751,1205.145359589614
516,2020-05-31,11.9043,1395.9034731333409
517,2020-06-01,11.1866,1311.7456543058754
518,2020-06-02,9.81818,1151.2841210191532
519,2020-06-03,9.97129,1169.2378672093068
520,2020-06-04,11.47368,1345.4087818368616
521,2020-06-05,10.10526,1184.9472485501394
522,2020-06-06,11.47368,1345.4087818368616
523,2020-06-07,14.3732,1685.4077770251201
524,2020-06-08,13.4354,1575.4409350348772
525,2020-06-09,13.32057,1561.9759185433657
526,2020-06-10,14.76555,1731.4149112273717
527,2020-06-11,13.71291,1607.981880141203
528,2020-06-12,11.1866,1311.7456543058754
529,2020-06-13,15.46411,1813.3283652055163
530,2020-06-14,14.87081,1743.757745294223
531,2020-06-15,14.01913,1643.8893725215103
532,2020-06-16,12.66985,1485.6722040841091
533,2020-06-17,11.48325,1346.530964261522
534,2020-06-18,12.4976,1465.4740930446344
535,2020-06-19,11.38755,1335.309140014917
536,2020-06-20,11.87559,1392.5369258593596
537,2020-06-21,14.29665,1676.4314902322503
538,2020-06-22,13.11961,1538.4112602299094
539,2020-06-23,12.92822,1515.9687843411139
540,2020-06-24,11.1866,1311.7456543058754
541,2020-06-25,12.45933,1460.9865359504067
542,2020-06-26,12.41148,1455.3756238271042
543,2020-06-27,12.73684,1493.5274810567328
544,2020-06-28,13.78947,1616.959339538487
545,2020-06-29,12.50717,1466.596275469295
546,2020-06-30,10.85167,1272.4716146515866
547,2020-07-01,10.29665,1207.389724438935
548,2020-07-02,11.04306,1294.9140905403822
549,2020-07-03,9.5311,1117.620993488167
550,2020-07-04,11.04306,1294.9140905403822
551,2020-07-05,12.74641,1494.649663481393
552,2020-07-06,10.88995,1276.9603443502288
553,2020-07-07,15.34928,1799.8633487140048
554,2020-07-08,14.76555,1731.4149112273717
555,2020-07-09,43.311,5078.66697956857
556,2020-07-10,21.81818,2558.409418399099
557,2020-07-11,15.78947,1851.4802224351447
558,2020-07-12,16.83253,1973.7898984922383
559,2020-07-13,15.11004,1771.8099607019067
560,2020-07-14,12.25837,1437.4218776369507
561,2020-07-15,11.77033,1380.1940917925083
562,2020-07-16,9.44497,1107.5213516662222
563,2020-07-17,9.51196,1115.376628638846
564,2020-07-18,10.77511,1263.4941552543025
565,2020-07-19,12.03827,1411.6128544741737
566,2020-07-20,10.52631,1234.3197574219585
567,2020-07-21,10.8421,1271.3494322269262
568,2020-07-22,9.49282,1113.1322637895248
569,2020-07-23,9.52153,1116.4988110635065
570,2020-07-24,8.75598,1026.7300801127383
571,2020-07-25,9.7799,1146.795391320511
572,2020-07-26,12.44976,1459.8643535257463
573,2020-07-27,10.14354,1189.4359782487813
574,2020-07-28,9.34928,1096.3007000240318
575,2020-07-29,8.93779,1048.049200972459
576,2020-07-30,8.63157,1012.1417085921518
577,2020-07-31,7.98086,935.8391667373096
578,2020-08-01,11.84688,1389.1703785853779
579,2020-08-02,13.61722,1596.7612284990123
580,2020-08-03,10.64114,1247.78477391347
581,2020-08-04,9.88516,1159.1382253873624
582,2020-08-05,9.73205,1141.1844791972085
583,2020-08-06,10.23923,1200.656629890972
584,2020-08-07,8.64114,1013.2638910168122
585,2020-08-08,9.96172,1168.1156847846462
586,2020-08-09,10.28708,1206.2675420142746
587,2020-08-10,9.5311,1117.620993488167
588,2020-08-11,8.27751,970.6244766929564
589,2020-08-12,8.21052,962.769199720333
590,2020-08-13,7.28229,853.9245401547505
591,2020-08-14,8.06698,945.9376359548396
592,2020-08-15,8.00956,939.2045414068767
593,2020-08-16,10.44976,1225.3434706290886
594,2020-08-17,11.25358,1319.5997586740843
595,2020-08-18,8.51674,998.6766921006401
596,2020-08-19,9.07177,1063.7597549177062
597,2020-08-20,9.35885,1097.4228824486922
598,2020-08-21,13.47368,1579.9296647335193
599,2020-08-22,10.2488,1201.7788123156324
600,2020-08-23,11.29186,1324.0884883727265
601,2020-08-24,11.58851,1358.8737983283731
602,2020-08-25,9.70334,1137.8179319232272
603,2020-08-26,11.08133,1299.4016476346096
604,2020-08-27,11.42583,1339.797869713559
605,2020-08-28,11.5311,1352.1418763848246
606,2020-08-29,13.95215,1636.035268153301
607,2020-08-30,13.6555,1601.2499581976545
608,2020-08-31,10.34449,1212.999463957823
609,2020-09-01,10.622,1245.540409064149
610,2020-09-02,10.29665,1207.389724438935
611,2020-09-03,10.21052,1197.2900826169905
612,2020-09-04,12.28708,1440.7884249109322
613,2020-09-05,13.00478,1524.946243738398
614,2020-09-06,15.17703,1779.66523767453
615,2020-09-07,13.80861,1619.203704387808
616,2020-09-08,11.33971,1329.699400496029
617,2020-09-09,10.38277,1217.4881936564652
618,2020-09-10,9.68421,1135.5747396783206
619,2020-09-11,10.40191,1219.7325585057863
620,2020-09-12,12.1244,1421.7124962961182
621,2020-09-13,14.47846,1697.750611091971
622,2020-09-14,11.24401,1318.477576249424
623,2020-09-15,10.61244,1244.4193992439027
624,2020-09-16,9.52153,1116.4988110635065
625,2020-09-17,10.27751,1205.145359589614
626,2020-09-18,12.09569,1418.3459490221364
627,2020-09-19,12.52631,1468.8406403186161
628,2020-09-20,14.87081,1743.757745294223
629,2020-09-21,12.08612,1417.223766597476
630,2020-09-22,18.78468,2202.699869265594
631,2020-09-23,15.11004,1771.8099607019067
632,2020-09-24,10.39234,1218.6103760811259
633,2020-09-25,9.42583,1105.2769868169014
634,2020-09-26,10.7177,1256.762233310754
635,2020-09-27,13.67464,1603.4943230469755
636,2020-09-28,10.67942,1252.2735036121119
637,2020-09-29,10.04784,1178.2141540021764
638,2020-09-30,10.83253,1270.2272498022655
639,2020-10-01,8.77511,1028.9732723576449
640,2020-10-02,11.38755,1335.309140014917
641,2020-10-03,13.80861,1619.203704387808
642,2020-10-04,14.82296,1738.1468331709204
643,2020-10-05,12.98564,1522.7018788890769
644,2020-10-06,11.40669,1337.553504864238
645,2020-10-07,10.42105,1221.9769233551071
646,2020-10-08,10.22009,1198.4122650416512
647,2020-10-09,13.23444,1551.876276721421
648,2020-10-10,13.00478,1524.946243738398
649,2020-10-11,13.11961,1538.4112602299094
650,2020-10-12,10.94736,1283.692266293777
651,2020-10-13,11.97129,1403.7587501059645
652,2020-10-14,12.16267,1426.2000533903456
653,2020-10-15,9.97129,1169.2378672093068
654,2020-10-16,10.03827,1177.091971577516
655,2020-10-17,11.5598,1355.5072510543916
656,2020-10-18,12.50717,1466.596275469295
657,2020-10-19,10.3732,1216.3660112318048
658,2020-10-20,9.83732,1153.5284858684743
659,2020-10-21,9.60765,1126.5972802810365
660,2020-10-22,8.51674,998.6766921006401
661,2020-10-23,8.2488,967.2579294189748
662,2020-10-24,11.14832,1307.2569246072333
663,2020-10-25,12.39234,1453.1312589777835
664,2020-10-26,10.10526,1184.9472485501394
665,2020-10-27,9.33014,1094.0563351747107
666,2020-10-28,10.43062,1223.0991057797676
667,2020-10-29,8.81339,1033.4620020562868
668,2020-10-30,8.36363,980.7229459104866
669,2020-10-31,9.92344,1163.6269550860043
670,2020-11-01,12.76555,1496.894028330714
671,2020-11-02,10.18181,1193.923535343009
672,2020-11-03,10.42105,1221.9769233551071
673,2020-11-04,10.82296,1269.105067377605
674,2020-11-05,10.28708,1206.2675420142746
675,2020-11-06,11.78947,1382.4384566418294
676,2020-11-07,11.27272,1321.8441235234054
677,2020-11-08,13.7799,1615.8371571138264
678,2020-11-09,10.82296,1269.105067377605
679,2020-11-10,9.47368,1110.887898940204
680,2020-11-11,11.9043,1395.9034731333409
681,2020-11-12,10.9665,1285.936631143098
682,2020-11-13,9.13875,1071.6138592859152
683,2020-11-14,10.77511,1263.4941552543025
684,2020-11-15,13.4354,1575.4409350348772
685,2020-11-16,8.81339,1033.4620020562868
686,2020-11-17,8.66985,1016.6304382907938
687,2020-11-18,7.91387,927.9838897646862
688,2020-11-19,9.0622,1062.6375724930456
689,2020-11-20,12.9665,1520.4575140397558
690,2020-11-21,12.44976,1459.8643535257463
691,2020-11-22,16.86124,1977.1564457662198
692,2020-11-23,13.55023,1588.905951526389
693,2020-11-24,11.21531,1315.112201579857
694,2020-11-25,11.85645,1390.2925610100385
695,2020-11-26,12.77511,1498.0150381509602
696,2020-11-27,13.63636,1599.0055933483334
697,2020-11-28,15.21531,1784.1539673731722
698,2020-11-29,18.53588,2173.5254714332495
699,2020-11-30,18.83253,2208.310781388896
700,2020-12-01,18.92822,2219.5314330310866
701,2020-12-02,15.20574,1783.0317849485118
702,2020-12-03,12.43062,1457.6199886764252
703,2020-12-04,15.0622,1766.2002211830186
704,2020-12-05,16.54545,1940.126770961252
705,2020-12-06,15.22488,1785.2761497978327
706,2020-12-07,11.56937,1356.629433479052
707,2020-12-08,11.33014,1328.5772180713684
708,2020-12-09,11.07177,1298.280637814364
709,2020-12-10,10.57416,1239.9306695452608
710,2020-12-11,10.88038,1275.838161925568
711,2020-12-12,13.64593,1600.1277757729938
712,2020-12-13,14.34449,1682.0412297511384
713,2020-12-14,12.39234,1453.1312589777835
714,2020-12-15,10.90909,1279.2047091995496
715,2020-12-16,11.21531,1315.112201579857
716,2020-12-17,12.17224,1427.3222358150063
717,2020-12-18,9.84688,1154.6494956887202
718,2020-12-19,10.98564,1288.1809959924192
719,2020-12-20,13.11004,1537.289077805249
720,2020-12-21,10.50717,1232.0753925726374
721,2020-12-22,10.03827,1177.091971577516
722,2020-12-23,9.39712,1101.9104395429197
723,2020-12-24,9.32057,1092.9341527500503
724,2020-12-25,10.11483,1186.0694309747998
725,2020-12-26,11.27272,1321.8441235234054
726,2020-12-27,12.11483,1420.5903138714575
727,2020-12-28,9.25358,1085.0788757774267
728,2020-12-29,8.90909,1044.683826302892
729,2020-12-30,9.05263,1061.5153900683852
730,2020-12-31,8.32535,976.2342162118445
731,2021-01-01,9.52153,1116.4988110635065
732,2021-01-02,11.05263,1296.0362729650428
733,2021-01-03,9.99043,1171.482232058628
734,2021-01-04,8.33492,977.356398636505
735,2021-01-05,7.26315,851.6801753054297
736,2021-01-06,7.10047,832.6042466906154
737,2021-01-07,7.42583,870.7561039202437
738,2021-01-08,7.67464,899.9316743570024
739,2021-01-09,8.63157,1012.1417085921518
740,2021-01-10,9.98086,1170.3600496339673
741,2021-01-11,8.61244,1009.8985163472452
742,2021-01-12,8.65071,1014.3860734414727
743,2021-01-13,8.31578,975.1120337871839
744,2021-01-14,7.94258,931.3504370386677
745,2021-01-15,7.13875,837.0929763892575
746,2021-01-16,9.25358,1085.0788757774267
747,2021-01-17,10.4976,1230.9532101479767
748,2021-01-18,8.92822,1046.9270185477985
749,2021-01-19,7.24401,849.4358104561086
750,2021-01-20,7.96172,933.5948018879886
751,2021-01-21,8.23923,966.1357469943143
752,2021-01-22,8.42105,987.4560404584495
753,2021-01-23,11.94258,1400.392202831983
754,2021-01-24,14.16267,1660.7209362870033
755,2021-01-25,10.77511,1263.4941552543025
756,2021-01-26,9.93301,1164.7491375106647
757,2021-01-27,10.66985,1251.1513211874515
758,2021-01-28,8.86124,1039.0729141795894
759,2021-01-29,9.0909,1066.0029471626126
760,2021-01-30,11.47368,1345.4087818368616
761,2021-01-31,14.622,1714.5821748574642
762,2021-02-01,11.72248,1374.5831796692057
763,2021-02-02,9.04306,1060.3932076437245
764,2021-02-03,8.4976,996.4323272513192
765,2021-02-04,8.04784,943.6932711055188
766,2021-02-05,7.30143,856.1689050040716
767,2021-02-06,10.38277,1217.4881936564652
768,2021-02-07,12.54545,1471.085005167937
769,2021-02-08,9.62679,1128.8416451303574
770,2021-02-09,8.21052,962.769199720333
771,2021-02-10,7.86602,922.3729776413835
772,2021-02-11,10.26794,1204.0231771649535
773,2021-02-12,9.12918,1070.4916768612545
774,2021-02-13,11.91387,1397.0256555580013
775,2021-02-14,13.99043,1640.5239978519432
776,2021-02-15,10.08612,1182.7028837008183
777,2021-02-16,8.72727,1023.3635328387569
778,2021-02-17,8.67942,1017.7526207154543
779,2021-02-18,7.311,857.2910874287321
780,2021-02-19,6.97607,818.0170477744433
781,2021-02-20,9.89473,1160.2604078120225
782,2021-02-21,10.81339,1267.9828849529445
783,2021-02-22,9.14832,1072.7360417105756
784,2021-02-23,8.45933,991.9447701570915
785,2021-02-24,7.04306,825.8723247470668
786,2021-02-25,9.46411,1109.7657165155433
787,2021-02-26,8.1244,952.6707305028027
788,2021-02-27,11.10047,1301.6460124839307
789,2021-02-28,36.43062,4271.870583436317
790,2021-03-01,31.4354,3686.128881104796
791,2021-03-02,14.1244,1656.2333791927758
792,2021-03-03,11.19617,1312.8678367305358
793,2021-03-04,11.12918,1305.0125597579122
794,2021-03-05,9.66507,1133.3303748289995
795,2021-03-06,18.47846,2166.792376885286
796,2021-03-07,34.44976,4039.5940653889807
797,2021-03-08,21.13875,2478.739156665861
798,2021-03-09,17.1866,2015.3083029958482
799,2021-03-10,13.48325,1581.0518471581797
800,2021-03-11,12.7177,1491.2831162074117
801,2021-03-12,14.35406,1683.163412175799
802,2021-03-13,15.6555,1835.7708410943121
803,2021-03-14,19.54066,2291.3464177917012
804,2021-03-15,14.86124,1742.6355628695624
805,2021-03-16,12.7177,1491.2831162074117
806,2021-03-17,12.26794,1438.5440600616112
807,2021-03-18,11.88516,1393.65910828402
808,2021-03-19,10.82296,1269.105067377605
809,2021-03-20,13.00478,1524.946243738398
810,2021-03-21,17.73205,2079.2680107838396
811,2021-03-22,12.75598,1495.7718459060536
812,2021-03-23,11.36842,1333.0659477700106
813,2021-03-24,12.70813,1490.1609337827513
814,2021-03-25,11.11961,1303.8903773332518
815,2021-03-26,11.26315,1320.7219410987448
816,2021-03-27,14.22966,1668.576213259627
817,2021-03-28,15.62679,1832.4042938203304
818,2021-03-29,17.21531,2018.6748502698297
819,2021-03-30,13.22488,1550.755266901175
820,2021-03-31,12.18181,1428.4444182396667
821,2021-04-01,11.23444,1317.3553938247633
822,2021-04-02,11.6555,1366.7290753009968
823,2021-04-03,13.49282,1582.1740295828401
824,2021-04-04,20.0287,2348.574203636144
825,2021-04-05,13.80861,1619.203704387808
826,2021-04-06,12.23923,1435.1775127876297
827,2021-04-07,10.72727,1257.8844157354144
828,2021-04-08,10.48803,1229.8310277233163
829,2021-04-09,11.05263,1296.0362729650428
830,2021-04-10,12.21052,1431.8109655136482
831,2021-04-11,15.03349,1762.833673909037
832,2021-04-12,10.81339,1267.9828849529445
833,2021-04-13,9.72248,1140.062296772548
834,2021-04-14,9.02392,1058.1488427944037
835,2021-04-15,9.82775,1152.4063034438136
836,2021-04-16,8.8421,1036.8285493302685
837,2021-04-17,10.18181,1193.923535343009
838,2021-04-18,11.80861,1384.6828214911504
839,2021-04-19,9.50239,1114.2544462141855
840,2021-04-20,10.0,1172.6044144832883
841,2021-04-21,10.52631,1234.3197574219585
842,2021-04-22,9.81818,1151.2841210191532
843,2021-04-23,10.85167,1272.4716146515866
844,2021-04-24,12.19138,1429.5666006643273
845,2021-04-25,13.61722,1596.7612284990123
846,2021-04-26,13.24401,1552.9984591460816
847,2021-04-27,11.68421,1370.0956225749783
848,2021-04-28,10.64114,1247.78477391347
849,2021-04-29,8.44976,990.822587732431
850,2021-04-30,8.73684,1024.4857152634174
851,2021-05-01,10.66028,1250.029138762791
852,2021-05-02,17.62679,2066.925176716988
853,2021-05-03,14.86124,1742.6355628695624
854,2021-05-04,25.26315,2962.3681213753484
855,2021-05-05,22.89952,2685.207824154835
856,2021-05-06,16.80382,1970.4233512182573
857,2021-05-07,14.48803,1698.8727935166316
858,2021-05-08,17.11961,2007.453026023225
859,2021-05-09,17.57894,2061.3142645936855
860,2021-05-10,13.12918,1539.5334426545699
861,2021-05-11,12.622,1480.0612919608066
862,2021-05-12,12.80382,1501.3815854249417
863,2021-05-13,14.13397,1657.3555616174363
864,2021-05-14,13.69377,1605.7375152918821
865,2021-05-15,17.97129,2107.3213987959375
866,2021-05-16,19.4354,2279.00358372485
867,2021-05-17,15.69377,1840.2583981885398
868,2021-05-18,15.62679,1832.4042938203304
869,2021-05-19,17.45454,2046.7270656775138
870,2021-05-20,12.65071,1483.427839234788
871,2021-05-21,11.82775,1386.9271863404713
872,2021-05-22,14.01913,1643.8893725215103
873,2021-05-23,21.80861,2557.2872359744388
874,2021-05-24,12.9665,1520.4575140397558
875,2021-05-25,12.54545,1471.085005167937
876,2021-05-26,12.58373,1475.573734866579
877,2021-05-27,11.61722,1362.2403456023546
878,2021-05-28,10.57416,1239.9306695452608
879,2021-05-29,12.54545,1471.085005167937
880,2021-05-30,16.38277,1921.0508423464382
881,2021-05-31,13.5311,1586.6627592814823
882,2021-06-01,12.90909,1513.7255920962073
883,2021-06-02,11.88516,1393.65910828402
884,2021-06-03,12.01913,1409.3684896248526
885,2021-06-04,9.92344,1163.6269550860043
886,2021-06-05,12.80382,1501.3815854249417
887,2021-06-06,17.9043,2099.4661218233136
888,2021-06-07,15.64593,1834.6486586696515
889,2021-06-08,13.20574,1548.5109020518541
890,2021-06-09,12.42105,1456.4978062517648
891,2021-06-10,10.10526,1184.9472485501394
892,2021-06-11,9.64593,1131.0860099796785
893,2021-06-12,11.69377,1371.2166323952245
894,2021-06-13,13.00478,1524.946243738398
895,2021-06-14,10.92822,1281.4479014444562
896,2021-06-15,9.98086,1170.3600496339673
897,2021-06-16,10.0287,1175.9697891528554
898,2021-06-17,11.17703,1310.6234718812148
899,2021-06-18,9.5311,1117.620993488167
900,2021-06-19,10.64114,1247.78477391347
901,2021-06-20,12.09569,1418.3459490221364
902,2021-06-21,11.6555,1366.7290753009968
903,2021-06-22,9.35885,1097.4228824486922
904,2021-06-23,9.37799,1099.6672472980133
905,2021-06-24,8.41148,986.3338580337889
906,2021-06-25,7.75119,908.907961149872
907,2021-06-26,10.16267,1191.679170493688
908,2021-06-27,10.36363,1215.2438288071442
909,2021-06-28,9.19617,1078.3469538338782
910,2021-06-29,9.26315,1086.201058202087
911,2021-06-30,8.88995,1042.439461453571
912,2021-07-01,9.26315,1086.201058202087
913,2021-07-02,7.50239,879.7335633175278
914,2021-07-03,11.14832,1307.2569246072333
915,2021-07-04,11.36842,1333.0659477700106
916,2021-07-05,9.03349,1059.271025219064
917,2021-07-06,7.79904,914.5188732731744
918,2021-07-07,8.10526,950.4263656534818
919,2021-07-08,8.43062,988.5782228831099
920,2021-07-09,7.311,857.2910874287321
921,2021-07-10,8.21052,962.769199720333
922,2021-07-11,8.97607,1052.537930671101
923,2021-07-12,7.56937,887.5876676857368
924,2021-07-13,7.75119,908.907961149872
925,2021-07-14,7.9043,926.8617073400256
926,2021-07-15,7.85645,921.2507952167231
927,2021-07-16,7.14832,838.2151588139179
928,2021-07-17,9.4354,1106.3991692415618
929,2021-07-18,10.41148,1220.8547409304465
930,2021-07-19,8.80382,1032.3398196316264
931,2021-07-20,7.97129,934.7169843126492
932,2021-07-21,7.75119,908.907961149872
933,2021-07-22,7.41626,869.6339214955832
934,2021-07-23,6.86124,804.5520312829317
935,2021-07-24,8.38277,982.9673107598076
936,2021-07-25,7.88516,924.6173424907046
937,2021-07-26,7.33014,859.5354522780532
938,2021-07-27,7.4354,871.8782863449042
939,2021-07-28,6.61244,775.3776334505875
940,2021-07-29,6.44019,755.1795224111129
941,2021-07-30,6.45933,757.4238872604338
942,2021-07-31,6.52631,765.2779916286429
943,2021-08-01,8.57416,1005.409786648603
944,2021-08-02,7.35885,862.9019995520347
945,2021-08-03,6.48803,760.789261930001
946,2021-08-04,6.07655,712.5389354828426
947,2021-08-05,7.05263,826.9945071717274
948,2021-08-06,6.01913,705.8058409348795
949,2021-08-07,6.85167,803.4298488582713
950,2021-08-08,10.47846,1228.7088452986557
951,2021-08-09,10.22009,1198.4122650416512
952,2021-08-10,8.95693,1050.29356582178
953,2021-08-11,9.5311,1117.620993488167
954,2021-08-12,7.40669,868.5117390709228
955,2021-08-13,7.1866,842.7038885125601
956,2021-08-14,8.44976,990.822587732431
957,2021-08-15,9.84688,1154.6494956887202
958,2021-08-16,8.68899,1018.8748031401148
959,2021-08-17,7.70334,903.2970490265694
960,2021-08-18,6.67942,783.2317378187967
961,2021-08-19,6.33492,742.8355157398473
962,2021-08-20,6.76555,793.3313796407411
963,2021-08-21,8.34449,978.4785810611655
964,2021-08-22,10.34449,1212.999463957823
965,2021-08-23,9.33014,1094.0563351747107
966,2021-08-24,8.18181,959.4026524463513
967,2021-08-25,8.3732,981.845128335147
968,2021-08-26,8.35406,979.6007634858261
969,2021-08-27,9.03349,1059.271025219064
970,2021-08-28,8.55502,1003.1654217992822
971,2021-08-29,10.17224,1192.8013529183486
972,2021-08-30,8.74641,1025.6078976880776
973,2021-08-31,9.15789,1073.8582241352362
974,2021-09-01,9.67464,1134.4525572536602
975,2021-09-02,9.86602,1156.8938605380413
976,2021-09-03,9.59808,1125.475097856376
977,2021-09-04,12.622,1480.0612919608066
978,2021-09-05,13.13875,1540.6556250792305
979,2021-09-06,12.16267,1426.2000533903456
980,2021-09-07,12.68899,1487.9165689334302
981,2021-09-08,11.59808,1359.9959807530336
982,2021-09-09,11.24401,1318.477576249424
983,2021-09-10,10.69856,1254.517868461433
984,2021-09-11,11.73205,1375.7053620938661
985,2021-09-12,13.98086,1639.4018154272826
986,2021-09-13,11.33014,1328.5772180713684
987,2021-09-14,10.0,1172.6044144832883
988,2021-09-15,10.00956,1173.7254243035345
989,2021-09-16,9.73205,1141.1844791972085
990,2021-09-17,14.40191,1688.7743242991016
991,2021-09-18,11.85645,1390.2925610100385
992,2021-09-19,10.8421,1271.3494322269262
993,2021-09-20,10.63157,1246.6625914888093
994,2021-09-21,9.91387,1162.5047726613436
995,2021-09-22,12.80382,1501.3815854249417
996,2021-09-23,10.67942,1252.2735036121119
997,2021-09-24,10.58373,1241.0528519699212
998,2021-09-25,11.67464,1368.9734401503179
999,2021-09-26,15.86602,1860.4565092280143
1000,2021-09-27,14.27751,1674.1871253829293
1001,2021-09-28,13.71291,1607.981880141203
1002,2021-09-29,11.51196,1349.8975115355036
1003,2021-09-30,10.82296,1269.105067377605
1004,2021-10-01,10.19138,1195.0457177676697
1005,2021-10-02,25.02392,2934.315905967665
1006,2021-10-03,13.44497,1576.5631174595376
1007,2021-10-04,79.76076,9352.781927854208
1008,2021-10-05,22.7177,2663.8875306907
1009,2021-10-06,15.54066,1822.3046519983861
1010,2021-10-07,13.77033,1614.714974689166
1011,2021-10-08,12.26794,1438.5440600616112
1012,2021-10-09,12.77511,1498.0150381509602
1013,2021-10-10,15.99043,1875.044880748601
1014,2021-10-11,15.48325,1815.5727300548374
1015,2021-10-12,54.63157,6406.122015215278
1016,2021-10-13,21.08133,2472.006062117898
1017,2021-10-14,15.95215,1870.5561510499588
1018,2021-10-15,14.622,1714.5821748574642
1019,2021-10-16,14.29665,1676.4314902322503
1020,2021-10-17,25.02392,2934.315905967665
1021,2021-10-18,13.97129,1638.2796330026222
1022,2021-10-19,13.13875,1540.6556250792305
1023,2021-10-20,11.21531,1315.112201579857
1024,2021-10-21,10.99521,1289.3031784170796
1025,2021-10-22,37.45454,4391.935894644091
1026,2021-10-23,19.86602,2329.4982750213294
1027,2021-10-24,17.47368,2048.971430526835
1028,2021-10-25,20.22009,2371.0166795249393
1029,2021-10-26,29.73205,3486.3933081637856
1030,2021-10-27,15.77033,1849.2358575858236
1031,2021-10-28,14.70813,1724.681816679409
1032,2021-10-29,13.80861,1619.203704387808
1033,2021-10-30,14.50717,1701.1171583659527
1034,2021-10-31,16.01913,1878.410255418168
1035,2021-11-01,39.9043,4679.195833686548
1036,2021-11-02,18.98564,2226.2645275790496
1037,2021-11-03,14.80382,1735.9024683215994
1038,2021-11-04,10.93779,1282.5700838691166
1039,2021-11-05,11.61722,1362.2403456023546
1040,2021-11-06,14.73684,1728.0483639533904
1041,2021-11-07,15.37799,1803.2298959879863
1042,2021-11-08,13.94258,1634.9130857286407
1043,2021-11-09,26.09569,3059.9921292987406
1044,2021-11-10,16.20095,1899.7305488823029
1045,2021-11-11,14.91866,1749.3686574175254
1046,2021-11-12,12.44976,1459.8643535257463
1047,2021-11-13,11.7799,1381.3162742171687
1048,2021-11-14,13.45454,1577.6852998841982
1049,2021-11-15,10.0,1172.6044144832883
1050,2021-11-16,25.07177,2939.9268180909676
1051,2021-11-17,12.622,1480.0612919608066
1052,2021-11-18,10.65071,1248.9069563381304
1053,2021-11-19,8.48803,995.3101448266586
1054,2021-11-20,10.39234,1218.6103760811259
1055,2021-11-21,11.55023,1354.3850686297312
1056,2021-11-22,10.81339,1267.9828849529445
1057,2021-11-23,10.97607,1287.0588135677588
1058,2021-11-24,13.64593,1600.1277757729938
1059,2021-11-25,11.5598,1355.5072510543916
1060,2021-11-26,12.33492,1446.3981644298203
1061,2021-11-27,11.86602,1391.414743434699
1062,2021-11-28,11.73205,1375.7053620938661
1063,2021-11-29,21.12918,2477.6169742412008
1064,2021-11-30,14.23923,1669.6983956842873
1065,2021-12-01,10.54545,1236.5641222712793
1066,2021-12-02,9.57894,1123.2307330070548
1067,2021-12-03,11.11961,1303.8903773332518
1068,2021-12-04,11.22488,1316.2343840045173
1069,2021-12-05,12.44019,1458.742171101086
1070,2021-12-06,10.35406,1214.1216463824837
1071,2021-12-07,36.98564,4336.952473648968
1072,2021-12-08,16.66028,1953.591787452764
1073,2021-12-09,12.2488,1436.29969521229
1074,2021-12-10,10.0287,1175.9697891528554
1075,2021-12-11,10.60287,1243.2972168192423
1076,2021-12-12,13.61722,1596.7612284990123
1077,2021-12-13,9.9043,1161.3825902366832
1078,2021-12-14,9.85645,1155.7716781133809
1079,2021-12-15,8.88038,1041.3172790289104
1080,2021-12-16,8.48803,995.3101448266586
1081,2021-12-17,9.11961,1069.369494436594
1082,2021-12-18,28.10526,3295.6351946200584
1083,2021-12-19,13.91387,1631.546538454659
1084,2021-12-20,10.54545,1236.5641222712793
1085,2021-12-21,9.63636,1129.963827555018
1086,2021-12-22,10.27751,1205.145359589614
1087,2021-12-23,8.66028,1015.5082558661333
1088,2021-12-24,10.17224,1192.8013529183486
1089,2021-12-25,11.55023,1354.3850686297312
1090,2021-12-26,12.63157,1481.183474385467
1091,2021-12-27,10.40191,1219.7325585057863
1092,2021-12-28,8.2488,967.2579294189748
1093,2021-12-29,9.00478,1055.9044779450826
1094,2021-12-30,7.61722,893.1985798090393
1095,2021-12-31,7.69377,902.1748666019089
1096,2022-01-01,13.79904,1618.0815219631475
1097,2022-01-02,11.85645,1390.2925610100385
1098,2022-01-03,8.86124,1039.0729141795894
1099,2022-01-04,8.61244,1009.8985163472452
1100,2022-01-05,8.47846,994.1879624019981
1101,2022-01-06,7.5311,883.1001105915093
1102,2022-01-07,6.78468,795.5745718856476
1103,2022-01-08,18.22966,2137.6179790529422
1104,2022-01-09,13.62679,1597.8834109236727
1105,2022-01-10,8.80382,1032.3398196316264
1106,2022-01-11,8.92822,1046.9270185477985
1107,2022-01-12,8.0,938.0835315866307
1108,2022-01-13,8.29665,972.8688415422773
1109,2022-01-14,7.38755,866.2673742216017
1110,2022-01-15,9.5598,1120.986368157734
1111,2022-01-16,10.46889,1227.5866628739952
1112,2022-01-17,7.29186,855.046722579411
1113,2022-01-18,6.622,776.4986432708336
1114,2022-01-19,6.83253,801.1854840089502
1115,2022-01-20,7.42583,870.7561039202437
1116,2022-01-21,7.54066,884.2211204117554
1117,2022-01-22,8.73684,1024.4857152634174
1118,2022-01-23,10.03827,1177.091971577516
1119,2022-01-24,7.4354,871.8782863449042
1120,2022-01-25,8.81339,1033.4620020562868
1121,2022-01-26,7.95215,932.4726194633281
1122,2022-01-27,7.07177,829.2388720210483
1123,2022-01-28,7.82775,917.8854205471561
1124,2022-01-29,9.01435,1057.026660369743
1125,2022-01-30,10.08612,1182.7028837008183
1126,2022-01-31,9.24401,1083.9566933527663
1127,2022-02-01,8.48803,995.3101448266586
1128,2022-02-02,11.40669,1337.553504864238
1129,2022-02-03,8.86124,1039.0729141795894
1130,2022-02-04,9.01435,1057.026660369743
1131,2022-02-05,11.01435,1291.5475432664007
1132,2022-02-06,12.44976,1459.8643535257463
1133,2022-02-07,8.48803,995.3101448266586
1134,2022-02-08,8.66985,1016.6304382907938
1135,2022-02-09,9.33014,1094.0563351747107
1136,2022-02-10,9.79904,1149.0397561698321
1137,2022-02-11,12.77511,1498.0150381509602
1138,2022-02-12,10.77511,1263.4941552543025
1139,2022-02-13,10.70813,1255.6400508860936
1140,2022-02-14,8.92822,1046.9270185477985
1141,2022-02-15,8.26794,969.5022942682958
1142,2022-02-16,6.3732,747.3242454384892
1143,2022-02-17,6.91866,811.2851258308948
1144,2022-02-18,7.38755,866.2673742216017
1145,2022-02-19,9.30143,1090.6897879007292
1146,2022-02-20,10.27751,1205.145359589614
1147,2022-02-21,8.19138,960.5248348710119
1148,2022-02-22,7.6555,897.6873095076813
1149,2022-02-23,8.25837,968.3801118436353
1150,2022-02-24,7.5311,883.1001105915093
1151,2022-02-25,8.05741,944.8154535301793
1152,2022-02-26,8.77511,1028.9732723576449
1153,2022-02-27,10.15311,1190.558160673442
1154,2022-02-28,9.13875,1071.6138592859152
1155,2022-03-01,12.47846,1463.2297281953133
1156,2022-03-02,9.41626,1104.1548043922407
1157,2022-03-03,8.66985,1016.6304382907938
1158,2022-03-04,8.83253,1035.7063669056079
1159,2022-03-05,11.62679,1363.362528027015
1160,2022-03-06,13.55023,1588.905951526389
1161,2022-03-07,9.00478,1055.9044779450826
1162,2022-03-08,8.82296,1034.5841844809474
1163,2022-03-09,10.18181,1193.923535343009
1164,2022-03-10,8.44019,989.7004053077704
1165,2022-03-11,8.7177,1022.2413504140964
1166,2022-03-12,11.73205,1375.7053620938661
1167,2022-03-13,14.03827,1646.1337373708313
1168,2022-03-14,10.73684,1259.006598160075
1169,2022-03-15,9.41626,1104.1548043922407
1170,2022-03-16,10.15311,1190.558160673442
1171,2022-03-17,10.22966,1199.5344474663116
1172,2022-03-18,10.73684,1259.006598160075
1173,2022-03-19,33.62679,3943.0922398902494
1174,2022-03-20,19.86602,2329.4982750213294
1175,2022-03-21,14.34449,1682.0412297511384
1176,2022-03-22,24.58373,2882.699032246525
1177,2022-03-23,13.9043,1630.4243560299985
1178,2022-03-24,10.25837,1202.900994740293
1179,2022-03-25,10.23923,1200.656629890972
1180,2022-03-26,11.92344,1398.147837982662
1181,2022-03-27,14.4976,1699.994975941292
1182,2022-03-28,13.73205,1610.2262449905238
1183,2022-03-29,10.28708,1206.2675420142746
1184,2022-03-30,11.00478,1290.4253608417403
1185,2022-03-31,13.94258,1634.9130857286407
1186,2022-04-01,11.67464,1368.9734401503179
1187,2022-04-02,13.34928,1565.3424658173471
1188,2022-04-03,18.05741,2117.4198680134677
1189,2022-04-04,11.86602,1391.414743434699
1190,2022-04-05,12.22009,1432.9331479383088
1191,2022-04-06,12.0,1407.125297379946
1192,2022-04-07,9.44497,1107.5213516662222
1193,2022-04-08,9.84688,1154.6494956887202
1194,2022-04-09,14.30622,1677.553672656911
1195,2022-04-10,14.76555,1731.4149112273717
1196,2022-04-11,15.9043,1864.9452389266562
1197,2022-04-12,14.14354,1658.4777440420967
1198,2022-04-13,12.69856,1489.0387513580906
1199,2022-04-14,10.90909,1279.2047091995496
1200,2022-04-15,11.14832,1307.2569246072333
1201,2022-04-16,14.81339,1737.0246507462598
1202,2022-04-17,16.10526,1888.5098972401127
1203,2022-04-18,12.53588,1469.9628227432765
1204,2022-04-19,10.68899,1253.3956860367725
1205,2022-04-20,11.96172,1402.6365676813039
1206,2022-04-21,19.73205,2313.788893680497
1207,2022-04-22,12.0,1407.125297379946
1208,2022-04-23,13.33971,1564.2202833926867
1209,2022-04-24,14.58373,1710.0946177632366
1210,2022-04-25,12.25837,1437.4218776369507
1211,2022-04-26,14.00956,1642.7671900968498
1212,2022-04-27,10.67942,1252.2735036121119
1213,2022-04-28,19.23444,2255.438925411394
1214,2022-04-29,12.5933,1476.6959172912393
1215,2022-04-30,19.24401,2256.5611078360544
1216,2022-05-01,17.38755,2038.8717887048902
1217,2022-05-02,14.27751,1674.1871253829293
1218,2022-05-03,11.98086,1404.880932530625
1219,2022-05-04,10.40191,1219.7325585057863
1220,2022-05-05,13.55023,1588.905951526389
1221,2022-05-06,11.74162,1376.8275445185268
1222,2022-05-07,12.95693,1519.3353316150954
1223,2022-05-08,14.34449,1682.0412297511384
1224,2022-05-09,10.42105,1221.9769233551071
1225,2022-05-10,13.92344,1632.6687208793196
1226,2022-05-11,14.36363,1684.2855946004595
1227,2022-05-12,12.99521,1523.8240613137373
1228,2022-05-13,11.29186,1324.0884883727265
1229,2022-05-14,26.51674,3109.364638170559
1230,2022-05-15,18.34449,2151.0829955444538
1231,2022-05-16,13.7799,1615.8371571138264
1232,2022-05-17,14.83253,1739.2690155955809
1233,2022-05-18,13.89473,1629.3021736053379
1234,2022-05-19,11.70334,1372.3388148198849
1235,2022-05-20,11.58851,1358.8737983283731
1236,2022-05-21,11.71291,1373.4609972445453
1237,2022-05-22,15.51196,1818.939277328819
1238,2022-05-23,13.311,1560.853736118705
1239,2022-05-24,24.78468,2906.262517955567
1240,2022-05-25,17.28229,2026.5289546380388
1241,2022-05-26,13.11961,1538.4112602299094
1242,2022-05-27,12.1244,1421.7124962961182
1243,2022-05-28,13.92344,1632.6687208793196
1244,2022-05-29,16.0,1876.1670631732613
1245,2022-05-30,13.04306,1529.4349734370398
1246,2022-05-31,13.29186,1558.6093712693842
1247,2022-06-01,14.92822,1750.4896672377715
1248,2022-06-02,11.81818,1385.8050039158109
1249,2022-06-03,12.32535,1445.27598200516
1250,2022-06-04,31.9043,3741.1123020999175
1251,2022-06-05,18.00956,2111.808955890165
1252,2022-06-06,15.47368,1814.450547630177
1253,2022-06-07,12.30622,1443.0327897602533
1254,2022-06-08,13.29186,1558.6093712693842
1255,2022-06-09,11.49282,1347.6531466861825
1256,2022-06-10,11.02392,1292.6697256910613
1257,2022-06-11,14.5933,1711.216800187897
1258,2022-06-12,16.35406,1917.6842950724567
1259,2022-06-13,13.35885,1566.4646482420076
1260,2022-06-14,12.25837,1437.4218776369507
1261,2022-06-15,11.36842,1333.0659477700106
1262,2022-06-16,11.48325,1346.530964261522
1263,2022-06-17,12.56459,1473.329370017258
1264,2022-06-18,18.64114,2185.8683055001006
1265,2022-06-19,16.56459,1942.3711358105732
1266,2022-06-20,14.66985,1720.1930869807668
1267,2022-06-21,15.47368,1814.450547630177
1268,2022-06-22,16.42105,1925.5395720450804
1269,2022-06-23,13.93301,1633.79090330398
1270,2022-06-24,12.75598,1495.7718459060536
1271,2022-06-25,13.71291,1607.981880141203
1272,2022-06-26,15.4354,1809.9618179315348
1273,2022-06-27,13.20574,1548.5109020518541
1274,2022-06-28,18.72727,2195.9679473220453
1275,2022-06-29,13.40669,1572.0743877608957
1276,2022-06-30,11.05263,1296.0362729650428
1277,2022-07-01,11.73205,1375.7053620938661
1278,2022-07-02,12.70813,1490.1609337827513
1279,2022-07-03,17.6555,2070.29172399097
1280,2022-07-04,20.88995,2449.564758833517
1281,2022-07-05,13.98086,1639.4018154272826
1282,2022-07-06,14.35406,1683.163412175799
1283,2022-07-07,10.75598,1261.250963009396
1284,2022-07-08,11.47368,1345.4087818368616
1285,2022-07-09,12.23923,1435.1775127876297
1286,2022-07-10,13.45454,1577.6852998841982
1287,2022-07-11,12.46889,1462.107545770653
1288,2022-07-12,11.92344,1398.147837982662
1289,2022-07-13,10.38277,1217.4881936564652
1290,2022-07-14,10.05741,1179.336336426837
1291,2022-07-15,8.92822,1046.9270185477985
1292,2022-07-16,10.48803,1229.8310277233163
1293,2022-07-17,13.11004,1537.289077805249
1294,2022-07-18,11.311,1326.3328532220473
1295,2022-07-19,10.45933,1226.465653053749
1296,2022-07-20,10.46889,1227.5866628739952
1297,2022-07-21,8.69856,1019.9969855647753
1298,2022-07-22,9.51196,1115.376628638846
1299,2022-07-23,9.9043,1161.3825902366832
1300,2022-07-24,12.35406,1448.6425292791414
1301,2022-07-25,10.86124,1273.593797076247
1302,2022-07-26,10.00956,1173.7254243035345
1303,2022-07-27,10.01913,1174.847606728195
1304,2022-07-28,9.32057,1092.9341527500503
1305,2022-07-29,14.99521,1758.344944210395
1306,2022-07-30,10.23923,1200.656629890972
1307,2022-07-31,11.26315,1320.7219410987448
1308,2022-08-01,9.47368,1110.887898940204
1309,2022-08-02,9.59808,1125.475097856376
1310,2022-08-03,9.61722,1127.719462705697
1311,2022-08-04,9.81818,1151.2841210191532
1312,2022-08-05,8.53588,1000.9210569499612
1313,2022-08-06,8.69856,1019.9969855647753
1314,2022-08-07,10.74641,1260.1287805847353
1315,2022-08-08,8.44019,989.7004053077704
1316,2022-08-09,8.16267,957.1582875970304
1317,2022-08-10,9.01435,1057.026660369743
1318,2022-08-11,11.27272,1321.8441235234054
1319,2022-08-12,9.81818,1151.2841210191532
1320,2022-08-13,9.55023,1119.8641857330736
1321,2022-08-14,10.87081,1274.7159795009077
1322,2022-08-15,10.41148,1220.8547409304465
1323,2022-08-16,9.35885,1097.4228824486922
1324,2022-08-17,9.71291,1138.9401143478876
1325,2022-08-18,8.40191,985.2116756091286
1326,2022-08-19,8.27751,970.6244766929564
1327,2022-08-20,8.73684,1024.4857152634174
1328,2022-08-21,11.25358,1319.5997586740843
1329,2022-08-22,9.49282,1113.1322637895248
1330,2022-08-23,9.01435,1057.026660369743
1331,2022-08-24,8.3732,981.845128335147
1332,2022-08-25,8.42105,987.4560404584495
1333,2022-08-26,8.53588,1000.9210569499612
1334,2022-08-27,9.73205,1141.1844791972085
1335,2022-08-28,11.9043,1395.9034731333409
1336,2022-08-29,10.75598,1261.250963009396
1337,2022-08-30,10.88995,1276.9603443502288
1338,2022-08-31,10.85167,1272.4716146515866
1339,2022-09-01,9.9043,1161.3825902366832
1340,2022-09-02,10.73684,1259.006598160075
1341,2022-09-03,11.88516,1393.65910828402
1342,2022-09-04,13.62679,1597.8834109236727
1343,2022-09-05,11.85645,1390.2925610100385
1344,2022-09-06,12.11483,1420.5903138714575
1345,2022-09-07,12.04784,1412.735036898834
1346,2022-09-08,12.39234,1453.1312589777835
1347,2022-09-09,13.21531,1549.6330844765146
1348,2022-09-10,15.29186,1793.1302541660418
1349,2022-09-11,18.0,2110.6879460699192
1350,2022-09-12,19.54066,2291.3464177917012
1351,2022-09-13,15.56937,1825.6711992723674
1352,2022-09-14,14.09569,1652.866831918794
1353,2022-09-15,13.77033,1614.714974689166
1354,2022-09-16,14.47846,1697.750611091971
1355,2022-09-17,37.66507,4416.622735382207
1356,2022-09-18,20.1244,2359.796027882749
1357,2022-09-19,16.64114,1951.347422603443
1358,2022-09-20,15.61722,1831.28211139567
1359,2022-09-21,12.93779,1517.0909667657743
1360,2022-09-22,13.56937,1591.1503163757097
1361,2022-09-23,14.36363,1684.2855946004595
1362,2022-09-24,15.11961,1772.932143126567
1363,2022-09-25,17.9043,2099.4661218233136
1364,2022-09-26,16.68899,1956.9583347267455
1365,2022-09-27,15.15789,1777.4208728252092
1366,2022-09-28,14.83253,1739.2690155955809
1367,2022-09-29,13.33014,1563.098100968026
1368,2022-09-30,13.57894,1592.2724988003702
1369,2022-10-01,35.85645,4204.54315576993
1370,2022-10-02,20.05741,2351.940750910125
1371,2022-10-03,19.47368,2283.4923134234923
1372,2022-10-04,16.05741,1882.89898511681
1373,2022-10-05,14.87081,1743.757745294223
1374,2022-10-06,14.07655,1650.6224670694733
1375,2022-10-07,13.04306,1529.4349734370398
1376,2022-10-08,14.47846,1697.750611091971
1377,2022-10-09,16.99521,1992.8658271070526
1378,2022-10-10,18.69856,2192.6014000480636
1379,2022-10-11,15.17703,1779.66523767453
1380,2022-10-12,22.86124,2680.719094456193
1381,2022-10-13,15.17703,1779.66523767453
1382,2022-10-14,14.06698,1649.5002846448126
1383,2022-10-15,17.311,2029.8955019120203
1384,2022-10-16,17.9043,2099.4661218233136
1385,2022-10-17,15.6555,1835.7708410943121
1386,2022-10-18,15.16746,1778.5430552498697
1387,2022-10-19,20.65071,2421.511370821419
1388,2022-10-20,14.46889,1696.6284286673106
1389,2022-10-21,15.34928,1799.8633487140048
1390,2022-10-22,32.18181,3773.653247206243
1391,2022-10-23,18.10526,2123.0307801367703
1392,2022-10-24,16.19138,1898.6083664576424
1393,2022-10-25,14.0,1641.6461802766037
1394,2022-10-26,13.15789,1542.8999899285516
1395,2022-10-27,13.64593,1600.1277757729938
1396,2022-10-28,12.34449,1447.5203468544807
1397,2022-10-29,15.00478,1759.4671266350556
1398,2022-10-30,30.22009,3543.6210940082274
1399,2022-10-31,15.12918,1774.0543255512275
1400,2022-11-01,15.1866,1780.7874200991907
1401,2022-11-02,14.17224,1661.843118711664
1402,2022-11-03,13.46411,1578.8074823088587
1403,2022-11-04,28.44976,3336.031416699008
1404,2022-11-05,18.55502,2175.7698362825704
1405,2022-11-06,19.80861,2322.7663530777813
1406,2022-11-07,29.42583,3450.4858157834783
1407,2022-11-08,17.47368,2048.971430526835
1408,2022-11-09,14.21052,1666.3318484103058
1409,2022-11-10,14.91866,1749.3686574175254
1410,2022-11-11,12.64114,1482.3056568101276
1411,2022-11-12,14.82296,1738.1468331709204
1412,2022-11-13,29.56937,3467.317379548971
1413,2022-11-14,15.7799,1850.358040010484
1414,2022-11-15,18.54545,2174.64765385791
1415,2022-11-16,15.69377,1840.2583981885398
1416,2022-11-17,12.28708,1440.7884249109322
1417,2022-11-18,11.08133,1299.4016476346096
1418,2022-11-19,12.85167,1506.9924975482443
1419,2022-11-20,14.73684,1728.0483639533904
1420,2022-11-21,19.33014,2266.660749657999
1421,2022-11-22,13.92344,1632.6687208793196
1422,2022-11-23,13.24401,1552.9984591460816
1423,2022-11-24,12.27751,1439.6662424862716
1424,2022-11-25,11.27272,1321.8441235234054
1425,2022-11-26,15.72248,1843.624945462521
1426,2022-11-27,16.52631,1937.8824061119312
1427,2022-11-28,23.5311,2759.2671737647706
1428,2022-11-29,15.47368,1814.450547630177
1429,2022-11-30,13.45454,1577.6852998841982
1430,2022-12-01,13.16746,1544.022172353212
1431,2022-12-02,11.22488,1316.2343840045173
1432,2022-12-03,11.62679,1363.362528027015
1433,2022-12-04,15.75119,1846.9914927365026
1434,2022-12-05,13.33014,1563.098100968026
1435,2022-12-06,11.19617,1312.8678367305358
1436,2022-12-07,10.07655,1181.580701276158
1437,2022-12-08,10.16267,1191.679170493688
1438,2022-12-09,9.78947,1147.9175737451717
1439,2022-12-10,19.40669,2275.637036450869
1440,2022-12-11,14.7177,1725.8039991040694
1441,2022-12-12,11.35885,1331.94376534535
1442,2022-12-13,19.85645,2328.376092596669
1443,2022-12-14,11.4354,1340.9200521382195
1444,2022-12-15,10.53588,1235.4419398466189
1445,2022-12-16,9.64593,1131.0860099796785
1446,2022-12-17,11.28229,1322.9663059480658
1447,2022-12-18,12.58373,1475.573734866579
1448,2022-12-19,10.0287,1175.9697891528554
1449,2022-12-20,9.15789,1073.8582241352362
1450,2022-12-21,9.23444,1082.8345109281056
1451,2022-12-22,8.44976,990.822587732431
1452,2022-12-23,9.47368,1110.887898940204
1453,2022-12-24,21.11961,2476.4947918165403
1454,2022-12-25,13.17703,1545.1443547778724
1455,2022-12-26,17.48325,2050.0936129514953
1456,2022-12-27,11.14832,1307.2569246072333
1457,2022-12-28,9.46411,1109.7657165155433
1458,2022-12-29,8.74641,1025.6078976880776
1459,2022-12-30,8.86124,1039.0729141795894
1460,2022-12-31,10.45933,1226.465653053749
1461,2023-01-01,11.25358,1319.5997586740843
1462,2023-01-02,10.58373,1241.0528519699212
1463,2023-01-03,15.311,1795.3746190153627
1464,2023-01-04,10.81339,1267.9828849529445
1465,2023-01-05,9.57894,1123.2307330070548
1466,2023-01-06,10.25837,1202.900994740293
1467,2023-01-07,12.52631,1468.8406403186161
1468,2023-01-08,14.20095,1665.2096659856454
1469,2023-01-09,11.82775,1386.9271863404713
1470,2023-01-10,11.60765,1361.1181631776942
1471,2023-01-11,12.73684,1493.5274810567328
1472,2023-01-12,12.28708,1440.7884249109322
1473,2023-01-13,10.80382,1266.860702528284
1474,2023-01-14,13.35885,1566.4646482420076
1475,2023-01-15,15.311,1795.3746190153627
1476,2023-01-16,12.2488,1436.29969521229
1477,2023-01-17,11.4354,1340.9200521382195
1478,2023-01-18,9.99043,1171.482232058628
1479,2023-01-19,10.40191,1219.7325585057863
1480,2023-01-20,14.15311,1659.5999264667573
1481,2023-01-21,12.97607,1521.5796964644164
1482,2023-01-22,12.65071,1483.427839234788
1483,2023-01-23,25.71291,3015.107177521149
1484,2023-01-24,17.33014,2032.1398667613414
1485,2023-01-25,12.90909,1513.7255920962073
1486,2023-01-26,11.98086,1404.880932530625
1487,2023-01-27,11.86602,1391.414743434699
1488,2023-01-28,13.00478,1524.946243738398
1489,2023-01-29,15.5311,1821.18364217814
1490,2023-01-30,12.32535,1445.27598200516
1491,2023-01-31,11.11961,1303.8903773332518
1492,2023-02-01,12.97607,1521.5796964644164
1493,2023-02-02,14.90909,1748.246474992865
1494,2023-02-03,10.30622,1208.5119068635956
1495,2023-02-04,12.0287,1410.490672049513
1496,2023-02-05,14.3732,1685.4077770251201
1497,2023-02-06,16.94736,1987.25491498375
1498,2023-02-07,11.47368,1345.4087818368616
1499,2023-02-08,10.94736,1283.692266293777
1500,2023-02-09,10.83253,1270.2272498022655
1501,2023-02-10,11.94258,1400.392202831983
1502,2023-02-11,14.04784,1647.2559197954918
1503,2023-02-12,16.44019,1927.7839368944014
1504,2023-02-13,13.69377,1605.7375152918821
1505,2023-02-14,13.79904,1618.0815219631475
1506,2023-02-15,12.41148,1455.3756238271042
1507,2023-02-16,11.37799,1334.188130194671
1508,2023-02-17,13.22488,1550.755266901175
1509,2023-02-18,16.41148,1924.4173896204197
1510,2023-02-19,18.622,2183.6239406507793
1511,2023-02-20,13.49282,1582.1740295828401
1512,2023-02-21,15.44497,1811.0840003561952
1513,2023-02-22,13.74162,1611.3484274151845
1514,2023-02-23,14.1244,1656.2333791927758
1515,2023-02-24,14.53588,1704.4837056399342
1516,2023-02-25,14.67942,1721.3152694054272
1517,2023-02-26,15.0622,1766.2002211830186
1518,2023-02-27,12.94736,1518.2131491904347
1519,2023-02-28,12.42105,1456.4978062517648
1520,2023-03-01,13.62679,1597.8834109236727
1521,2023-03-02,12.88038,1510.3590448222258
1522,2023-03-03,11.59808,1359.9959807530336
1523,2023-03-04,13.14832,1541.777807503891
1524,2023-03-05,14.92822,1750.4896672377715
1525,2023-03-06,13.08133,1533.9225305312673
1526,2023-03-07,12.66028,1484.5500216594487
1527,2023-03-08,11.5311,1352.1418763848246
1528,2023-03-09,12.28708,1440.7884249109322
1529,2023-03-10,13.74162,1611.3484274151845
1530,2023-03-11,33.13875,3885.864454045807
1531,2023-03-12,28.622,3356.228355134068
1532,2023-03-13,17.77033,2083.7567404824813
1533,2023-03-14,18.06698,2118.542050438128
1534,2023-03-15,14.63157,1715.7043572821246
1535,2023-03-16,14.99521,1758.344944210395
1536,2023-03-17,13.75119,1612.4706098398449
1537,2023-03-18,18.18181,2132.0070669296397
1538,2023-03-19,41.68421,4887.9088660248435
1539,2023-03-20,19.68421,2308.179154161609
1540,2023-03-21,18.23923,2138.7401614776027
1541,2023-03-22,17.82775,2090.4898350304447
1542,2023-03-23,23.52153,2758.1449913401098
1543,2023-03-24,15.77033,1849.2358575858236
1544,2023-03-25,18.33492,2149.9608131197933
1545,2023-03-26,22.19138,2602.1710151476154
1546,2023-03-27,26.28708,3082.434605187536
1547,2023-03-28,15.33971,1798.7411662893444
1548,2023-03-29,14.83253,1739.2690155955809
1549,2023-03-30,14.91866,1749.3686574175254
1550,2023-03-31,14.52631,1703.3615232152738
1551,2023-04-01,16.14354,1892.9986269387546
1552,2023-04-02,20.80382,2439.4651170115726
1553,2023-04-03,17.50239,2052.3379778008157
1554,2023-04-04,23.36842,2740.1912451499566
1555,2023-04-05,17.48325,2050.0936129514953
1556,2023-04-06,15.57894,1826.7933816970278
1557,2023-04-07,13.42583,1574.3187526102167
1558,2023-04-08,16.43062,1926.6617544697408
1559,2023-04-09,18.76555,2200.4566770206875
1560,2023-04-10,14.06698,1649.5002846448126
1561,2023-04-11,13.21531,1549.6330844765146
1562,2023-04-12,12.77511,1498.0150381509602
1563,2023-04-13,11.86602,1391.414743434699
1564,2023-04-14,13.42583,1574.3187526102167
1565,2023-04-15,34.2488,4016.029407075525
1566,2023-04-16,20.47846,2401.313259781944
1567,2023-04-17,14.79425,1734.780285896939
1568,2023-04-18,24.94736,2925.3384465703807
1569,2023-04-19,16.03827,1880.654620267489
1570,2023-04-20,15.311,1795.3746190153627
1571,2023-04-21,13.6555,1601.2499581976545
1572,2023-04-22,15.77033,1849.2358575858236
1573,2023-04-23,18.61244,2182.5029308305334
1574,2023-04-24,14.16267,1660.7209362870033
1575,2023-04-25,14.15311,1659.5999264667573
1576,2023-04-26,12.06698,1414.979401748155
1577,2023-04-27,11.70334,1372.3388148198849
1578,2023-04-28,11.26315,1320.7219410987448
1579,2023-04-29,15.5598,1824.549016847707
1580,2023-04-30,17.11004,2006.3308435985643
1581,2023-05-01,17.56937,2060.192082169025
1582,2023-05-02,13.29186,1558.6093712693842
1583,2023-05-03,12.58373,1475.573734866579
1584,2023-05-04,27.42583,3215.9649328868204
1585,2023-05-05,18.57416,2178.0142011318912
1586,2023-05-06,18.91866,2218.4104232108407
1587,2023-05-07,16.94736,1987.25491498375
1588,2023-05-08,15.1866,1780.7874200991907
1589,2023-05-09,15.39712,1805.4730882328927
1590,2023-05-10,15.0909,1769.5655958525856
1591,2023-05-11,18.45933,2164.54918464038
1592,2023-05-12,17.44497,2045.6048832528531
1593,2023-05-13,28.47846,3339.3967913685747
1594,2023-05-14,20.94736,2456.2966807770654
1595,2023-05-15,18.58373,2179.136383556552
1596,2023-05-16,17.82775,2090.4898350304447
1597,2023-05-17,22.94736,2690.8175636737233
1598,2023-05-18,17.20574,2017.5526678451693
1599,2023-05-19,14.50717,1701.1171583659527
1600,2023-05-20,15.81818,1854.8467697091262
1601,2023-05-21,18.64114,2185.8683055001006
1602,2023-05-22,15.25358,1788.6415244673997
1603,2023-05-23,14.77511,1732.5359210476179
1604,2023-05-24,22.92822,2688.573198824402
1605,2023-05-25,14.0287,1645.0115549461707
1606,2023-05-26,12.27751,1439.6662424862716
1607,2023-05-27,13.13875,1540.6556250792305
1608,2023-05-28,15.42583,1808.8396355068744
1609,2023-05-29,14.97607,1756.100579361074
1610,2023-05-30,16.13397,1891.8764445140941
1611,2023-05-31,16.38277,1921.0508423464382
1612,2023-06-01,13.14832,1541.777807503891
1613,2023-06-02,11.97129,1403.7587501059645
1614,2023-06-03,13.85645,1624.8134439066962
1615,2023-06-04,14.17224,1661.843118711664
1616,2023-06-05,15.11961,1772.932143126567
1617,2023-06-06,16.89952,1981.645175464862
1618,2023-06-07,13.37799,1568.7090130913286
1619,2023-06-08,12.9665,1520.4575140397558
1620,2023-06-09,19.92344,2336.2313695692924
1621,2023-06-10,14.03827,1646.1337373708313
1622,2023-06-11,14.92822,1750.4896672377715
1623,2023-06-12,12.14354,1423.956861145439
1624,2023-06-13,12.79425,1500.2594030002813
1625,2023-06-14,12.67942,1486.7943865087695
1626,2023-06-15,15.94258,1869.4339686252983
1627,2023-06-16,17.75119,2081.5123756331604
1628,2023-06-17,13.91387,1631.546538454659
1629,2023-06-18,15.74162,1845.8693103118421
1630,2023-06-19,13.5598,1590.0281339510493
1631,2023-06-20,13.28229,1557.4871888447235
1632,2023-06-21,14.1244,1656.2333791927758
1633,2023-06-22,11.91387,1397.0256555580013
1634,2023-06-23,14.2488,1670.8205781089478
1635,2023-06-24,12.32535,1445.27598200516
1636,2023-06-25,12.95693,1519.3353316150954
1637,2023-06-26,12.0,1407.125297379946
1638,2023-06-27,11.32057,1327.455035646708
1639,2023-06-28,11.5311,1352.1418763848246
1640,2023-06-29,10.89952,1278.0825267748892
1641,2023-06-30,10.77511,1263.4941552543025
1642,2023-07-01,11.6555,1366.7290753009968
1643,2023-07-02,14.26794,1673.0649429582688
1644,2023-07-03,11.51196,1349.8975115355036
1645,2023-07-04,11.76076,1379.0719093678476
1646,2023-07-05,10.82296,1269.105067377605
1647,2023-07-06,11.15789,1308.379107031894
1648,2023-07-07,10.03827,1177.091971577516
1649,2023-07-08,11.36842,1333.0659477700106
1650,2023-07-09,13.44497,1576.5631174595376
1651,2023-07-10,10.43062,1223.0991057797676
1652,2023-07-11,9.95215,1166.9935023599858
1653,2023-07-12,10.26794,1204.0231771649535
1654,2023-07-13,9.39712,1101.9104395429197
1655,2023-07-14,9.95215,1166.9935023599858
1656,2023-07-15,11.20574,1313.9900191551965
1657,2023-07-16,12.46889,1462.107545770653
1658,2023-07-17,10.63157,1246.6625914888093
1659,2023-07-18,8.91866,1045.8060087275524
1660,2023-07-19,11.99043,1406.0031149552856
1661,2023-07-20,10.20095,1196.16790019233
1662,2023-07-21,12.19138,1429.5666006643273
1663,2023-07-22,10.64114,1247.78477391347
1664,2023-07-23,12.20095,1430.6887830889877
1665,2023-07-24,9.79904,1149.0397561698321
1666,2023-07-25,9.55023,1119.8641857330736
1667,2023-07-26,9.23444,1082.8345109281056
1668,2023-07-27,8.03827,942.5710886808583
1669,2023-07-28,8.54545,1002.0432393746217
1670,2023-07-29,9.77033,1145.6732088958506
1671,2023-07-30,10.88995,1276.9603443502288
1672,2023-07-31,9.92344,1163.6269550860043
1673,2023-08-01,9.1866,1077.2247714092177
1674,2023-08-02,10.09569,1183.8250661254788
1675,2023-08-03,8.68899,1018.8748031401148
1676,2023-08-04,9.85645,1155.7716781133809
1677,2023-08-05,11.20574,1313.9900191551965
1678,2023-08-06,11.7799,1381.3162742171687
1679,2023-08-07,10.14354,1189.4359782487813
1680,2023-08-08,9.47368,1110.887898940204
1681,2023-08-09,9.98086,1170.3600496339673
1682,2023-08-10,9.42583,1105.2769868169014
1683,2023-08-11,9.00478,1055.9044779450826
1684,2023-08-12,10.44019,1224.2212882044282
1685,2023-08-13,11.49282,1347.6531466861825
1686,2023-08-14,10.06698,1180.4585188514973
1687,2023-08-15,11.1866,1311.7456543058754
1688,2023-08-16,9.45454,1108.643534090883
1689,2023-08-17,9.33014,1094.0563351747107
1690,2023-08-18,9.41626,1104.1548043922407
1691,2023-08-19,10.72727,1257.8844157354144
1692,2023-08-20,11.83732,1388.049368765132
1693,2023-08-21,9.56937,1122.1085505823944
1694,2023-08-22,9.57894,1123.2307330070548
1695,2023-08-23,9.88516,1159.1382253873624
1696,2023-08-24,9.87559,1158.016042962702
1697,2023-08-25,10.30622,1208.5119068635956
1698,2023-08-26,12.13397,1422.8346787207786
1699,2023-08-27,12.41148,1455.3756238271042
1700,2023-08-28,10.20095,1196.16790019233
1701,2023-08-29,11.15789,1308.379107031894
1702,2023-08-30,11.15789,1308.379107031894
1703,2023-08-31,10.28708,1206.2675420142746
1704,2023-09-01,10.10526,1184.9472485501394
1705,2023-09-02,12.43062,1457.6199886764252
1706,2023-09-03,14.97607,1756.100579361074
1707,2023-09-04,10.9665,1285.936631143098
1708,2023-09-05,11.68421,1370.0956225749783
1709,2023-09-06,12.60287,1477.8180997159
1710,2023-09-07,12.31578,1444.1537995804993
1711,2023-09-08,13.12918,1539.5334426545699
1712,2023-09-09,14.44976,1694.385236422404
1713,2023-09-10,17.11004,2006.3308435985643
1714,2023-09-11,14.60287,1712.3389826125576
1715,2023-09-12,13.83732,1622.5702516617896
1716,2023-09-13,14.13397,1657.3555616174363
1717,2023-09-14,15.32057,1796.4968014400233
1718,2023-09-15,14.61244,1713.461165037218
1719,2023-09-16,18.89952,2216.16605836152
1720,2023-09-17,18.98564,2226.2645275790496
1721,2023-09-18,33.4354,3920.649764001454
1722,2023-09-19,17.5598,2059.0698997443646
1723,2023-09-20,16.65071,1952.4696050281034
1724,2023-09-21,15.0909,1769.5655958525856
1725,2023-09-22,16.69856,1958.080517151406
1726,2023-09-23,30.50717,3577.284221539214
1727,2023-09-24,21.9043,2568.507887616629
1728,2023-09-25,16.74641,1963.6914292747085
1729,2023-09-26,14.29665,1676.4314902322503
1730,2023-09-27,13.87559,1627.0578087560173
1731,2023-09-28,13.15789,1542.8999899285516
1732,2023-09-29,12.16267,1426.2000533903456
1733,2023-09-30,17.94258,2103.954851521956
1734,2023-10-01,19.54066,2291.3464177917012
1735,2023-10-02,19.93301,2337.3535519939533
1736,2023-10-03,38.15311,4473.850521226649
1737,2023-10-04,20.3732,2388.970425715093
1738,2023-10-05,18.39234,2156.6939076677563
1739,2023-10-06,16.98564,1991.7436446823922
1740,2023-10-07,31.63636,3709.6935394182524
1741,2023-10-08,22.08612,2589.8281810807644
1742,2023-10-09,23.33971,2736.824697875975
1743,2023-10-10,21.58851,2531.4782128116613
1744,2023-10-11,20.1244,2359.796027882749
1745,2023-10-12,16.51674,1936.7602236872706
1746,2023-10-13,24.14354,2831.0821585253852
1747,2023-10-14,19.95215,2339.597916843274
1748,2023-10-15,20.87081,2447.3203939841956
1749,2023-10-16,18.81339,2206.066416539575
1750,2023-10-17,18.18181,2132.0070669296397
1751,2023-10-18,17.03349,1997.3545568056948
1752,2023-10-19,27.74162,3252.994607691788
1753,2023-10-20,16.65071,1952.4696050281034
1754,2023-10-21,20.19138,2367.6501322509575
1755,2023-10-22,21.25358,2492.2041731573727
1756,2023-10-23,18.23923,2138.7401614776027
1757,2023-10-24,15.4354,1809.9618179315348
1758,2023-10-25,14.66028,1719.0709045561064
1759,2023-10-26,27.0622,3173.3255185629646
1760,2023-10-27,15.96172,1871.6783334746192
1761,2023-10-28,16.48803,1933.393676413289
1762,2023-10-29,30.16267,3536.8879994602644
1763,2023-10-30,19.56937,2294.712965065683
1764,2023-10-31,16.57416,1943.4933182352338
1765,2023-11-01,16.74641,1963.6914292747085
1766,2023-11-02,18.88995,2215.043875936859
1767,2023-11-03,15.80861,1853.7245872844658
1768,2023-11-04,19.95215,2339.597916843274
1769,2023-11-05,29.62679,3474.050474096934
1770,2023-11-06,18.70813,2193.723582472724
1771,2023-11-07,17.66507,2071.41390641563
1772,2023-11-08,16.06698,1884.0211675414705
1773,2023-11-09,24.01913,2816.4937870047984
1774,2023-11-10,17.60765,2064.680811867667
1775,2023-11-11,20.97607,2459.663228051047
1776,2023-11-12,22.17224,2599.926650298294
1777,2023-11-13,18.44019,2162.304819791059
1778,2023-11-14,16.07655,1885.143349966131
1779,2023-11-15,15.00478,1759.4671266350556
1780,2023-11-16,15.01435,1760.589309059716
1781,2023-11-17,15.13875,1775.1765079758882
1782,2023-11-18,24.42105,2863.623103631711
1783,2023-11-19,21.34928,2503.425997403978
1784,2023-11-20,17.29186,2027.6511370626995
1785,2023-11-21,16.64114,1951.347422603443
1786,2023-11-22,15.01435,1760.589309059716
1787,2023-11-23,14.44976,1694.385236422404
1788,2023-11-24,15.30143,1794.2524365907022
1789,2023-11-25,25.50239,2990.4215093874463
1790,2023-11-26,20.44019,2396.825702687717
1791,2023-11-27,17.89473,2098.343939398653
1792,2023-11-28,15.4354,1809.9618179315348
1793,2023-11-29,15.56937,1825.6711992723674
1794,2023-11-30,13.62679,1597.8834109236727
1795,2023-12-01,13.75119,1612.4706098398449
1796,2023-12-02,23.66507,2774.9765551056034
1797,2023-12-03,18.9665,2224.020162729729
1798,2023-12-04,15.30143,1794.2524365907022
1799,2023-12-05,14.64114,1716.8265397067853
1800,2023-12-06,13.52153,1585.5405768568219
1801,2023-12-07,13.48325,1581.0518471581797
1802,2023-12-08,16.79425,1969.3011687935966
1803,2023-12-09,14.67942,1721.3152694054272
1804,2023-12-10,17.22488,2019.7970326944903
1805,2023-12-11,12.4976,1465.4740930446344
1806,2023-12-12,12.44976,1459.8643535257463
1807,2023-12-13,12.39234,1453.1312589777835
1808,2023-12-14,12.47846,1463.2297281953133
1809,2023-12-15,11.76076,1379.0719093678476
1810,2023-12-16,13.56937,1591.1503163757097
1811,2023-12-17,15.0622,1766.2002211830186
1812,2023-12-18,12.98564,1522.7018788890769
1813,2023-12-19,13.11004,1537.289077805249
1814,2023-12-20,12.74641,1494.649663481393
1815,2023-12-21,12.41148,1455.3756238271042
1816,2023-12-22,11.51196,1349.8975115355036
1817,2023-12-23,14.11483,1655.1111967681152
1818,2023-12-24,15.5311,1821.18364217814
1819,2023-12-25,15.02392,1761.7114914843767
1820,2023-12-26,12.30622,1443.0327897602533
1821,2023-12-27,11.69377,1371.2166323952245
1822,2023-12-28,13.51196,1584.4183944321612
1823,2023-12-29,15.59808,1829.037746546349
1824,2023-12-30,13.26315,1555.2428239954024
1825,2023-12-31,13.61722,1596.7612284990123
1826,2024-01-01,14.39234,1687.6521418744412
1827,2024-01-02,14.23923,1669.6983956842873
1828,2024-01-03,12.63157,1481.183474385467
1829,2024-01-04,12.72727,1492.4052986320721
1830,2024-01-05,17.74162,2080.3901932085
1831,2024-01-06,19.95215,2339.597916843274
1832,2024-01-07,20.79425,2438.342934586912
1833,2024-01-08,13.46411,1578.8074823088587
1834,2024-01-09,13.05263,1530.5571558617005
1835,2024-01-10,14.55502,1706.7280704892553
1836,2024-01-11,13.47368,1579.9296647335193
1837,2024-01-12,12.69856,1489.0387513580906
1838,2024-01-13,16.07655,1885.143349966131
1839,2024-01-14,17.19617,2016.4304854205086
1840,2024-01-15,13.15789,1542.8999899285516
1841,2024-01-16,13.25358,1554.120641570742
1842,2024-01-17,12.4976,1465.4740930446344
1843,2024-01-18,12.05741,1413.8572193234947
1844,2024-01-19,12.51674,1467.7184578939555
1845,2024-01-20,16.22966,1903.0970961562844
1846,2024-01-21,17.50239,2052.3379778008157
1847,2024-01-22,13.30143,1559.7315536940446
1848,2024-01-23,13.30143,1559.7315536940446
1849,2024-01-24,13.79904,1618.0815219631475
1850,2024-01-25,12.47846,1463.2297281953133
1851,2024-01-26,12.28708,1440.7884249109322
1852,2024-01-27,17.28229,2026.5289546380388
1853,2024-01-28,17.0622,2000.7211040796763
1854,2024-01-29,14.09569,1652.866831918794
1855,2024-01-30,13.17703,1545.1443547778724
1856,2024-01-31,12.0287,1410.490672049513
1857,2024-02-01,12.98564,1522.7018788890769
1858,2024-02-02,11.9043,1395.9034731333409
1859,2024-02-03,15.17703,1779.66523767453
1860,2024-02-04,17.38755,2038.8717887048902
1861,2024-02-05,13.99043,1640.5239978519432
1862,2024-02-06,12.73684,1493.5274810567328
1863,2024-02-07,11.84688,1389.1703785853779
1864,2024-02-08,11.96172,1402.6365676813039
1865,2024-02-09,13.7799,1615.8371571138264
1866,2024-02-10,13.05263,1530.5571558617005
1867,2024-02-11,17.11961,2007.453026023225
1868,2024-02-12,19.85645,2328.376092596669
1869,2024-02-13,15.85645,1859.3343268033539
1870,2024-02-14,14.19138,1664.087483560985
1871,2024-02-15,14.20095,1665.2096659856454
1872,2024-02-16,12.72727,1492.4052986320721
1873,2024-02-17,15.19617,1781.9096025238512
1874,2024-02-18,19.47368,2283.4923134234923
1875,2024-02-19,14.82296,1738.1468331709204
1876,2024-02-20,14.58373,1710.0946177632366
1877,2024-02-21,13.36842,1567.5868306666682
1878,2024-02-22,12.20095,1430.6887830889877
1879,2024-02-23,12.51674,1467.7184578939555
1880,2024-02-24,14.9665,1754.9783969364134
1881,2024-02-25,18.20095,2134.2514317789605
1882,2024-02-26,13.86602,1625.9356263313566
1883,2024-02-27,14.42105,1691.0186891484225
1884,2024-02-28,14.14354,1658.4777440420967
1885,2024-02-29,12.23923,1435.1775127876297
1886,2024-03-01,15.76076,1848.113675161163
1887,2024-03-02,17.30143,2028.77331948736
1888,2024-03-03,19.00478,2228.508892428371
1889,2024-03-04,14.56459,1707.8502529139157
1890,2024-03-05,14.70813,1724.681816679409
1891,2024-03-06,14.52631,1703.3615232152738
1892,2024-03-07,13.70334,1606.8596977165425
1893,2024-03-08,13.30143,1559.7315536940446
1894,2024-03-09,27.9043,3272.070536306602
1895,2024-03-10,22.1244,2594.3169107794065
1896,2024-03-11,16.23923,1904.219278580945
1897,2024-03-12,16.3732,1919.9286599217778
1898,2024-03-13,14.83253,1739.2690155955809
1899,2024-03-14,14.44976,1694.385236422404
1900,2024-03-15,14.82296,1738.1468331709204
1901,2024-03-16,17.84688,2092.7330272753507
1902,2024-03-17,33.5311,3931.871588248059
1903,2024-03-18,17.77033,2083.7567404824813
1904,2024-03-19,14.95693,1753.856214511753
1905,2024-03-20,13.73205,1610.2262449905238
1906,2024-03-21,14.15311,1659.5999264667573
1907,2024-03-22,22.86124,2680.719094456193
1908,2024-03-23,18.14354,2127.5195098354125
1909,2024-03-24,19.24401,2256.5611078360544
1910,2024-03-25,16.82296,1972.6677160675779
1911,2024-03-26,12.79425,1500.2594030002813
1912,2024-03-27,15.60765,1830.1599289710095
1913,2024-03-28,21.59808,2532.600395236322
1914,2024-03-29,14.74641,1729.1705463780506
1915,2024-03-30,17.6555,2070.29172399097
1916,2024-03-31,20.73684,2431.611012643363
1917,2024-04-01,18.21052,2135.373614203621
1918,2024-04-02,21.74162,2549.4319590018154
1919,2024-04-03,16.78468,1968.1789863689362
1920,2024-04-04,18.55502,2175.7698362825704
1921,2024-04-05,14.99521,1758.344944210395
1922,2024-04-06,17.15789,2011.9417557218667
1923,2024-04-07,19.32057,2265.5385672333387
1924,2024-04-08,16.34449,1916.562112647796
1925,2024-04-09,15.10047,1770.687778277246
1926,2024-04-10,21.46411,2516.89101389549
1927,2024-04-11,16.29665,1910.952373128908
1928,2024-04-12,28.81339,3378.6708310228632
1929,2024-04-13,30.2488,3546.987641282209
1930,2024-04-14,20.48803,2402.4354422066044
1931,2024-04-15,16.77511,1967.0568039442758
1932,2024-04-16,14.67942,1721.3152694054272
1933,2024-04-17,14.94736,1752.7340320870924
1934,2024-04-18,14.61244,1713.461165037218
1935,2024-04-19,13.60765,1595.6390460743519
1936,2024-04-20,16.47846,1932.2714939886287
1937,2024-04-21,16.90909,1982.7673578895226
1938,2024-04-22,14.20095,1665.2096659856454
1939,2024-04-23,13.52153,1585.5405768568219
1940,2024-04-24,19.36842,2271.149479356641
1941,2024-04-25,12.78468,1499.1372205756206
1942,2024-04-26,13.88516,1628.1799911806777
1943,2024-04-27,14.90909,1748.246474992865
1944,2024-04-28,17.84688,2092.7330272753507
1945,2024-04-29,19.25358,2257.683290260715
1946,2024-04-30,15.47368,1814.450547630177
1947,2024-05-01,16.81339,1971.5455336429172
1948,2024-05-02,14.43062,1692.140871573083
1949,2024-05-03,19.42583,2277.8814013001897
1950,2024-05-04,16.48803,1933.393676413289
1951,2024-05-05,17.67464,2072.5360888402906
1952,2024-05-06,17.67464,2072.5360888402906
1953,2024-05-07,14.58373,1710.0946177632366
1954,2024-05-08,13.48325,1581.0518471581797
1955,2024-05-09,18.18181,2132.0070669296397
1956,2024-05-10,15.22488,1785.2761497978327
1957,2024-05-11,17.92344,2101.710486672635
1958,2024-05-12,20.17224,2365.4057674016367
1959,2024-05-13,17.02392,1996.2323743810343
1960,2024-05-14,14.40191,1688.7743242991016
1961,2024-05-15,26.72727,3134.051478908676
1962,2024-05-16,14.27751,1674.1871253829293
1963,2024-05-17,13.10047,1536.1668953805884
1964,2024-05-18,15.1866,1780.7874200991907
1965,2024-05-19,16.17224,1896.3640016083214
1966,2024-05-20,13.11961,1538.4112602299094
1967,2024-05-21,13.72248,1609.1040625658634
1968,2024-05-22,12.79425,1500.2594030002813
1969,2024-05-23,11.46411,1344.286599412201
1970,2024-05-24,16.13397,1891.8764445140941
1971,2024-05-25,14.1244,1656.2333791927758
1972,2024-05-26,15.83732,1857.0911345584473
1973,2024-05-27,13.50239,1583.2962120075008
1974,2024-05-28,11.51196,1349.8975115355036
1975,2024-05-29,15.9043,1864.9452389266562
1976,2024-05-30,13.07177,1532.8015207110216
1977,2024-05-31,11.33014,1328.5772180713684
1978,2024-06-01,14.64114,1716.8265397067853
1979,2024-06-02,16.3732,1919.9286599217778
1980,2024-06-03,12.36363,1449.7647117038018
1981,2024-06-04,11.17703,1310.6234718812148
1982,2024-06-05,12.27751,1439.6662424862716
1983,2024-06-06,17.33014,2032.1398667613414
1984,2024-06-07,17.81818,2089.367652605784
1985,2024-06-08,16.72727,1961.4470644253875
1986,2024-06-09,17.44497,2045.6048832528531
1987,2024-06-10,15.6555,1835.7708410943121
1988,2024-06-11,14.42105,1691.0186891484225
1989,2024-06-12,14.622,1714.5821748574642
1990,2024-06-13,18.89952,2216.16605836152
1991,2024-06-14,15.35885,1800.9855311386652
1992,2024-06-15,18.16267,2129.7627020803184
1993,2024-06-16,18.66985,2189.234852774082
1994,2024-06-17,18.46889,2165.6701944606257
1995,2024-06-18,19.01435,2229.6310748530314
1996,2024-06-19,21.11004,2475.37260939188
1997,2024-06-20,18.01913,2112.9311383148256
1998,2024-06-21,17.17703,2014.1861205711878
1999,2024-06-22,18.09569,2121.90859771211
2000,2024-06-23,20.43062,2395.7035202630564
2001,2024-06-24,16.1244,1890.7542620894337
2002,2024-06-25,22.05741,2586.461633806783
2003,2024-06-26,15.26315,1789.76370689206
2004,2024-06-27,14.18181,1662.9653011363243
2005,2024-06-28,13.89473,1629.3021736053379
2006,2024-06-29,17.72248,2078.1458283591787
2007,2024-06-30,18.39234,2156.6939076677563
2008,2024-07-01,16.42105,1925.5395720450804
2009,2024-07-02,16.32535,1914.3177477984752
2010,2024-07-03,16.39234,1922.1730247710989
2011,2024-07-04,15.73205,1844.7471278871815
2012,2024-07-05,25.23444,2959.001574101367
2013,2024-07-06,20.65071,2421.511370821419
2014,2024-07-07,19.40669,2275.637036450869
2015,2024-07-08,16.56459,1942.3711358105732
2016,2024-07-09,16.99521,1992.8658271070526
2017,2024-07-10,15.91387,1866.0674213513166
2018,2024-07-11,15.07177,1767.3224036076792
2019,2024-07-12,15.78947,1851.4802224351447
2020,2024-07-13,17.5311,2055.7045250747974
2021,2024-07-14,19.84688,2327.2539101720085
2022,2024-07-15,18.25837,2140.9845263269235
2023,2024-07-16,17.21531,2018.6748502698297
2024,2024-07-17,15.37799,1803.2298959879863
2025,2024-07-18,14.91866,1749.3686574175254
2026,2024-07-19,14.64114,1716.8265397067853
2027,2024-07-20,16.48803,1933.393676413289
2028,2024-07-21,17.15789,2011.9417557218667
2029,2024-07-22,16.07655,1885.143349966131
2030,2024-07-23,15.29186,1793.1302541660418
2031,2024-07-24,15.54066,1822.3046519983861
2032,2024-07-25,14.22009,1667.4540308349665
2033,2024-07-26,14.52631,1703.3615232152738
2034,2024-07-27,15.44497,1811.0840003561952
2035,2024-07-28,19.73205,2313.788893680497
2036,2024-07-29,17.35885,2035.506414035323
2037,2024-07-30,15.71291,1842.5027630378606
2038,2024-07-31,15.60765,1830.1599289710095
2039,2024-08-01,15.47368,1814.450547630177
2040,2024-08-02,14.66985,1720.1930869807668
2041,2024-08-03,13.98086,1639.4018154272826
2042,2024-08-04,15.03349,1762.833673909037
2043,2024-08-05,13.73205,1610.2262449905238
2044,2024-08-06,14.30622,1677.553672656911
2045,2024-08-07,15.70334,1841.3805806132002
2046,2024-08-08,13.97129,1638.2796330026222
2047,2024-08-09,13.79904,1618.0815219631475
2048,2024-08-10,13.57894,1592.2724988003702
2049,2024-08-11,17.15789,2011.9417557218667
2050,2024-08-12,15.47368,1814.450547630177
2051,2024-08-13,14.15311,1659.5999264667573
2052,2024-08-14,15.99043,1875.044880748601
2053,2024-08-15,38.30622,4491.804267416804
2054,2024-08-16,29.21531,3425.8001476497757
2055,2024-08-17,30.26794,3549.2320061315304
2056,2024-08-18,31.33971,3674.9082294626055
2057,2024-08-19,24.81339,2909.629065229548
2058,2024-08-20,23.78947,2789.5637540217754
2059,2024-08-21,23.24401,2725.6028736293697
2060,2024-08-22,23.57894,2764.8769132836587
2061,2024-08-23,22.99521,2696.428475797026
2062,2024-08-24,26.53588,3111.60900301988
2063,2024-08-25,28.72727,3368.5723618053335
2064,2024-08-26,22.68899,2660.5209834167185
2065,2024-08-27,18.0,2110.6879460699192
2066,2024-08-28,18.66028,2188.1126703494215
2067,2024-08-29,16.45933,1930.0283017437223
2068,2024-08-30,13.96172,1637.1574505779615
2069,2024-08-31,16.76555,1965.9357941240296
2070,2024-09-01,21.33014,2501.181632554657
2071,2024-09-02,19.77033,2318.277623379139
2072,2024-09-03,18.48803,2167.9145593099465
2073,2024-09-04,16.5933,1945.7376830845546
2074,2024-09-05,15.12918,1774.0543255512275
2075,2024-09-06,15.80861,1853.7245872844658
2076,2024-09-07,16.98564,1991.7436446823922
2077,2024-09-08,18.94736,2221.775797880408
2078,2024-09-09,16.45933,1930.0283017437223
2079,2024-09-10,14.8421,1740.3911980202415
2080,2024-09-11,14.2488,1670.8205781089478
2081,2024-09-12,12.90909,1513.7255920962073
2082,2024-09-13,14.36363,1684.2855946004595
2083,2024-09-14,15.54066,1822.3046519983861
2084,2024-09-15,17.02392,1996.2323743810343
2085,2024-09-16,16.34449,1916.562112647796
2086,2024-09-17,15.61722,1831.28211139567
2087,2024-09-18,18.39234,2156.6939076677563
2088,2024-09-19,17.00478,1993.9880095317133
2089,2024-09-20,14.67942,1721.3152694054272
2090,2024-09-21,25.56937,2998.2756137556557
2091,2024-09-22,20.46889,2400.1910773572836
2092,2024-09-23,18.3732,2154.4495428184355
2093,2024-09-24,17.03349,1997.3545568056948
2094,2024-09-25,17.69377,2074.7792810851975
2095,2024-09-26,16.1244,1890.7542620894337
2096,2024-09-27,16.00956,1877.2880729935075
2097,2024-09-28,17.50239,2052.3379778008157
2098,2024-09-29,18.26794,2142.1067087515844
2099,2024-09-30,16.80382,1970.4233512182573
