,date,브라운야드,브라운야드_absolute
0,2019-01-01,0.95328,346.0204656993638
1,2019-01-02,1.19824,434.93576160163406
2,2019-01-03,1.15397,418.86668848931566
3,2019-01-04,0.8972,325.6646125225214
4,2019-01-05,0.77029,279.5989683236436
5,2019-01-06,0.86178,312.80790211731886
6,2019-01-07,1.0005,363.16032638072073
7,2019-01-08,0.91491,332.09296772512266
8,2019-01-09,0.84998,308.52475184116446
9,2019-01-10,0.82637,299.954821500486
10,2019-01-11,0.6788,246.39003452996826
11,2019-01-12,0.5755,208.89432067176892
12,2019-01-13,0.60502,219.60945593889423
13,2019-01-14,0.71422,259.2467449351708
14,2019-01-15,0.71717,260.3175325042094
15,2019-01-16,0.79685,289.23968623336066
16,2019-01-17,0.57255,207.82353310273032
17,2019-01-18,0.63748,231.39174898668855
18,2019-01-19,0.45745,166.04466896837653
19,2019-01-20,0.56075,203.54038282657586
20,2019-01-21,0.54894,199.25360276205183
21,2019-01-22,0.57255,207.82353310273032
22,2019-01-23,0.52533,190.68367242137333
23,2019-01-24,0.5755,208.89432067176892
24,2019-01-25,0.53419,193.89966491685882
25,2019-01-26,0.5755,208.89432067176892
26,2019-01-27,0.51648,187.47130971425756
27,2019-01-28,0.52533,190.68367242137333
28,2019-01-29,0.58436,212.11031316725436
29,2019-01-30,0.51058,185.32973457618033
30,2019-01-31,0.59321,215.3226758743702
31,2019-02-01,0.51943,188.54209728329613
32,2019-02-02,0.50762,184.2553172187721
33,2019-02-03,0.59026,214.2518883053316
34,2019-02-04,0.60207,218.53866836985563
35,2019-02-05,0.53123,192.82524755945056
36,2019-02-06,0.60797,220.68024350793286
37,2019-02-07,0.5755,208.89432067176892
38,2019-02-08,0.53714,194.9704524858974
39,2019-02-09,0.54304,197.1120276239746
40,2019-02-10,0.71127,258.1759573661322
41,2019-02-11,0.68766,249.60602702545373
42,2019-02-12,0.58141,211.03952559821576
43,2019-02-13,0.54894,199.25360276205183
44,2019-02-14,0.62273,226.0378111414955
45,2019-02-15,0.59321,215.3226758743702
46,2019-02-16,0.48106,174.614599309055
47,2019-02-17,0.53714,194.9704524858974
48,2019-02-18,0.64339,233.5369539131354
49,2019-02-19,0.62863,228.17938627957273
50,2019-02-20,1.01525,368.5142642259138
51,2019-02-21,1.41368,513.1359222367789
52,2019-02-22,1.20119,436.00654917067266
53,2019-02-23,0.94147,341.7336856348398
54,2019-02-24,0.80866,293.5264662978847
55,2019-02-25,0.98869,358.8735463161967
56,2019-02-26,0.98574,357.8027587471581
57,2019-02-27,1.1097,402.7976153769973
58,2019-02-28,0.88244,320.3070448889588
59,2019-03-01,0.95623,347.09125326840245
60,2019-03-02,0.87064,316.0238946128043
61,2019-03-03,0.95918,348.16204083744105
62,2019-03-04,1.03591,376.0134069975537
63,2019-03-05,1.04477,379.2293994930391
64,2019-03-06,1.08018,392.082480109872
65,2019-03-07,1.18643,430.64898153711005
66,2019-03-08,0.96508,350.30361597551826
67,2019-03-09,0.90015,326.73540009156005
68,2019-03-10,0.96508,350.30361597551826
69,2019-03-11,1.34285,487.4261312147436
70,2019-03-12,1.13921,413.50912085575305
71,2019-03-13,1.37827,500.2828416199461
72,2019-03-14,1.18348,429.57819396807145
73,2019-03-15,1.25431,455.28798499010685
74,2019-03-16,1.02116,370.65946915236066
75,2019-03-17,1.08313,393.1532676789106
76,2019-03-18,1.6734,607.4087857726119
77,2019-03-19,1.41368,513.1359222367789
78,2019-03-20,1.76194,639.5469319972485
79,2019-03-21,1.21299,440.28969944682706
80,2019-03-22,1.37532,499.21205405090745
81,2019-03-23,1.32219,479.92698844310365
82,2019-03-24,1.15397,418.86668848931566
83,2019-03-25,1.59962,580.6282071815378
84,2019-03-26,1.23955,449.9304173565441
85,2019-03-27,1.20709,438.14812430874986
86,2019-03-28,1.32809,482.06856358118085
87,2019-03-29,1.55535,564.5591340692195
88,2019-03-30,1.49042,540.9909181852613
89,2019-03-31,1.58191,574.1998519789365
90,2019-04-01,1.23955,449.9304173565441
91,2019-04-02,1.59076,577.4122146860524
92,2019-04-03,1.68225,610.6211484797277
93,2019-04-04,1.39598,506.7111968225473
94,2019-04-05,1.15987,421.00826362739286
95,2019-04-06,1.31629,477.7854133050264
96,2019-04-07,1.2248,444.5764795113512
97,2019-04-08,1.24841,453.1464098520296
98,2019-04-09,1.19528,433.8613442442258
99,2019-04-10,1.57306,570.9874892718207
100,2019-04-11,1.21594,441.3604870158657
101,2019-04-12,1.03886,377.08419456659226
102,2019-04-13,0.89425,324.5938249534828
103,2019-04-14,0.92671,336.3761180012771
104,2019-04-15,1.05067,381.3709746311163
105,2019-04-16,1.18938,431.71976910614865
106,2019-04-17,1.21299,440.28969944682706
107,2019-04-18,1.19824,434.93576160163406
108,2019-04-19,1.09494,397.4400477434347
109,2019-04-20,0.84998,308.52475184116446
110,2019-04-21,1.06543,386.72854226467905
111,2019-04-22,1.26317,458.5039774855922
112,2019-04-23,1.6675,605.2672106345346
113,2019-04-24,1.20414,437.07733673971126
114,2019-04-25,1.17167,425.2914139035473
115,2019-04-26,0.86474,313.8823194747271
116,2019-04-27,0.74668,271.0290379829651
117,2019-04-28,0.95328,346.0204656993638
118,2019-04-29,1.00935,366.3726890878366
119,2019-04-30,1.0005,363.16032638072073
120,2019-05-01,1.20414,437.07733673971126
121,2019-05-02,0.99164,359.9443338852353
122,2019-05-03,0.99164,359.9443338852353
123,2019-05-04,0.76734,278.528180754605
124,2019-05-05,0.76734,278.528180754605
125,2019-05-06,1.0005,363.16032638072073
126,2019-05-07,1.10674,401.7231980195891
127,2019-05-08,0.99164,359.9443338852353
128,2019-05-09,0.93262,338.52132292772393
129,2019-05-10,0.93557,339.5921104967626
130,2019-05-11,1.05362,382.4417622001549
131,2019-05-12,0.91196,331.02218015608406
132,2019-05-13,1.05362,382.4417622001549
133,2019-05-14,1.00935,366.3726890878366
134,2019-05-15,0.99459,361.0151214542739
135,2019-05-16,0.92081,334.2345428631999
136,2019-05-17,0.76439,277.4573931855664
137,2019-05-18,1.00935,366.3726890878366
138,2019-05-19,1.0123,367.4434766568752
139,2019-05-20,1.16577,423.1498387654701
140,2019-05-21,0.96213,349.23282840647965
141,2019-05-22,1.2307,446.7180546494283
142,2019-05-23,0.81456,295.6680414359619
143,2019-05-24,0.96508,350.30361597551826
144,2019-05-25,0.88539,321.3778324579974
145,2019-05-26,0.87654,318.1654697508815
146,2019-05-27,1.17758,427.4366188299942
147,2019-05-28,1.11855,406.00997808411313
148,2019-05-29,0.99459,361.0151214542739
149,2019-05-30,1.4432,523.8510575039043
150,2019-05-31,1.13331,411.36754571767585
151,2019-06-01,0.87064,316.0238946128043
152,2019-06-02,0.92376,335.3053304322385
153,2019-06-03,1.15101,417.7922711319075
154,2019-06-04,0.90901,329.95139258704546
155,2019-06-05,0.80276,291.3848911598075
156,2019-06-06,0.66404,241.0324668964056
157,2019-06-07,0.71127,258.1759573661322
158,2019-06-08,0.74963,272.0998255520037
159,2019-06-09,0.86769,314.9531070437657
160,2019-06-10,1.17167,425.2914139035473
161,2019-06-11,1.28678,467.0739078262708
162,2019-06-12,0.91196,331.02218015608406
163,2019-06-13,0.98279,356.7319711781195
164,2019-06-14,0.86178,312.80790211731886
165,2019-06-15,0.64634,234.607741482174
166,2019-06-16,0.73193,265.67510013777206
167,2019-06-17,0.80276,291.3848911598075
168,2019-06-18,0.97984,355.6611836090809
169,2019-06-19,0.72012,261.388320073248
170,2019-06-20,0.81161,294.5972538669233
171,2019-06-21,0.70831,257.101540008724
172,2019-06-22,0.73193,265.67510013777206
173,2019-06-23,0.83227,302.0963966385632
174,2019-06-24,0.73193,265.67510013777206
175,2019-06-25,1.10674,401.7231980195891
176,2019-06-26,0.8972,325.6646125225214
177,2019-06-27,0.56665,205.6819579646531
178,2019-06-28,0.5696,206.7527455336917
179,2019-06-29,0.53714,194.9704524858974
180,2019-06-30,0.72012,261.388320073248
181,2019-07-01,0.66109,239.961679327367
182,2019-07-02,0.70831,257.101540008724
183,2019-07-03,0.54009,196.041240054936
184,2019-07-04,0.54009,196.041240054936
185,2019-07-05,0.5578,202.46959525753726
186,2019-07-06,0.50762,184.2553172187721
187,2019-07-07,0.64043,232.46253655572716
188,2019-07-08,0.72307,262.4591076422866
189,2019-07-09,0.64339,233.5369539131354
190,2019-07-10,1.43729,521.7058525774574
191,2019-07-11,1.18053,428.5074063990328
192,2019-07-12,1.35171,490.64212371022893
193,2019-07-13,1.07428,389.9409049717948
194,2019-07-14,0.80276,291.3848911598075
195,2019-07-15,1.23365,447.7888422184669
196,2019-07-16,0.97098,352.44519111359546
197,2019-07-17,0.82047,297.8132463624088
198,2019-07-18,0.74078,268.88746284488786
199,2019-07-19,0.70536,256.03075243968533
200,2019-07-20,0.62863,228.17938627957273
201,2019-07-21,0.57846,209.96873802917713
202,2019-07-22,0.93852,340.6628980658012
203,2019-07-23,0.87064,316.0238946128043
204,2019-07-24,0.75258,273.1706131210423
205,2019-07-25,0.70831,257.101540008724
206,2019-07-26,0.62273,226.0378111414955
207,2019-07-27,0.62863,228.17938627957273
208,2019-07-28,0.70241,254.95996487064676
209,2019-07-29,0.79095,287.09811109528346
210,2019-07-30,0.71422,259.2467449351708
211,2019-07-31,0.71717,260.3175325042094
212,2019-08-01,0.76144,276.3866056165278
213,2019-08-02,0.46631,169.26066146386196
214,2019-08-03,0.91786,333.1637552941613
215,2019-08-04,0.57846,209.96873802917713
216,2019-08-05,0.63158,229.25017384861133
217,2019-08-06,0.73783,267.81667527584926
218,2019-08-07,0.64043,232.46253655572716
219,2019-08-08,0.60502,219.60945593889423
220,2019-08-09,0.64929,235.6785290512126
221,2019-08-10,0.54304,197.1120276239746
222,2019-08-11,0.54009,196.041240054936
223,2019-08-12,0.667,242.10688425381386
224,2019-08-13,0.61682,223.8926062150487
225,2019-08-14,0.61387,222.82181864601006
226,2019-08-15,0.75849,275.31581804748913
227,2019-08-16,0.71127,258.1759573661322
228,2019-08-17,0.52828,191.75445999041196
229,2019-08-18,0.59912,217.46788080081703
230,2019-08-19,0.98279,356.7319711781195
231,2019-08-20,0.82047,297.8132463624088
232,2019-08-21,0.8913,323.5230373844442
233,2019-08-22,0.72307,262.4591076422866
234,2019-08-23,0.88244,320.3070448889588
235,2019-08-24,0.69356,251.74760216353093
236,2019-08-25,0.83522,303.1671842076018
237,2019-08-26,0.9031,327.80618766059865
238,2019-08-27,2.08659,757.3880114170397
239,2019-08-28,1.40778,510.9943470987018
240,2019-08-29,1.5701,569.9130719144125
241,2019-08-30,3.06938,1114.1199825951592
242,2019-08-31,2.19579,797.0253004133162
243,2019-09-01,2.2253,807.7368058920719
244,2019-09-02,2.60602,945.9301087003358
245,2019-09-03,2.1102,765.9579417577181
246,2019-09-04,2.3286,845.2325197502712
247,2019-09-05,2.14857,779.8854397319592
248,2019-09-06,1.80621,655.6160051095669
249,2019-09-07,1.64979,598.8388554319334
250,2019-09-08,1.76784,641.6885071353258
251,2019-09-09,1.76489,640.6177195662872
252,2019-09-10,1.54944,562.4139291427725
253,2019-09-11,1.37827,500.2828416199461
254,2019-09-12,1.28087,464.92870289982386
255,2019-09-13,1.13036,410.29675814863725
256,2019-09-14,1.26612,459.57476505463086
257,2019-09-15,1.6793,609.550360910689
258,2019-09-16,1.7885,649.1876499069656
259,2019-09-17,1.80621,655.6160051095669
260,2019-09-18,2.47026,896.6521017943422
261,2019-09-19,2.20464,800.237663120432
262,2019-09-20,1.97444,716.6799348517244
263,2019-09-21,2.1102,765.9579417577181
264,2019-09-22,2.08954,758.4587989860782
265,2019-09-23,1.92722,699.5400741703675
266,2019-09-24,1.87704,681.3257961316024
267,2019-09-25,1.59371,578.4830022550909
268,2019-09-26,1.39007,504.56599189610046
269,2019-09-27,1.21004,439.21891187778846
270,2019-09-28,1.08018,392.082480109872
271,2019-09-29,1.43434,520.6350650084188
272,2019-09-30,1.41959,515.2811271632257
273,2019-10-01,2.01871,732.7490079640428
274,2019-10-02,1.81802,659.9027851740909
275,2019-10-03,1.33105,483.1429809385891
276,2019-10-04,1.334,484.2137685076277
277,2019-10-05,1.08904,395.29847260535746
278,2019-10-06,1.44615,524.9218450729429
279,2019-10-07,1.91541,695.2532941058435
280,2019-10-08,1.91541,695.2532941058435
281,2019-10-09,1.62028,588.1273499531776
282,2019-10-10,1.65274,599.909643000972
283,2019-10-11,1.36646,495.996061555422
284,2019-10-12,1.55535,564.5591340692195
285,2019-10-13,1.68521,611.695565837136
286,2019-10-14,1.93017,700.6108617394061
287,2019-10-15,2.28728,830.2342342069915
288,2019-10-16,1.93902,703.823224446522
289,2019-10-17,1.59667,579.5574196124992
290,2019-10-18,1.49632,543.1324933233385
291,2019-10-19,1.26612,459.57476505463086
292,2019-10-20,1.6793,609.550360910689
293,2019-10-21,1.80916,656.6867926786056
294,2019-10-22,1.70291,618.1202912513675
295,2019-10-23,1.34285,487.4261312147436
296,2019-10-24,1.32809,482.06856358118085
297,2019-10-25,1.09199,396.36926017439606
298,2019-10-26,1.24841,453.1464098520296
299,2019-10-27,1.41073,512.0651346677404
300,2019-10-28,1.70587,619.1947086087757
301,2019-10-29,1.455,528.1342077800588
302,2019-10-30,1.61733,587.056562384139
303,2019-10-31,1.31039,475.6438381669492
304,2019-11-01,1.13921,413.50912085575305
305,2019-11-02,1.38712,503.49520432706186
306,2019-11-03,1.5701,569.9130719144125
307,2019-11-04,1.72652,626.690221592046
308,2019-11-05,1.51698,550.6316360949783
309,2019-11-06,1.37532,499.21205405090745
310,2019-11-07,1.39302,505.63677946513906
311,2019-11-08,1.40188,508.8527719606245
312,2019-11-09,1.42549,517.4227023013029
313,2019-11-10,1.64094,595.6264927248176
314,2019-11-11,1.49632,543.1324933233385
315,2019-11-12,1.67635,608.4795733416504
316,2019-11-13,1.55535,564.5591340692195
317,2019-11-14,1.74423,633.1185767946472
318,2019-11-15,1.98624,720.9630851278789
319,2019-11-16,1.84753,670.6142906528465
320,2019-11-17,2.06593,749.8888686453997
321,2019-11-18,1.99805,725.249865192403
322,2019-11-19,1.75899,638.47614442821
323,2019-11-20,2.02461,734.89058310212
324,2019-11-21,1.94787,707.0355871536377
325,2019-11-22,1.68225,610.6211484797277
326,2019-11-23,1.36941,497.0668491244606
327,2019-11-24,1.34875,489.5677063528207
328,2019-11-25,1.65864,602.0512181390492
329,2019-11-26,1.50813,547.4192733878625
330,2019-11-27,1.17758,427.4366188299942
331,2019-11-28,1.21594,441.3604870158657
332,2019-11-29,1.26907,460.64555262366946
333,2019-11-30,1.08609,394.22768503631886
334,2019-12-01,1.6734,607.4087857726119
335,2019-12-02,1.59962,580.6282071815378
336,2019-12-03,1.52879,554.9184161595024
337,2019-12-04,1.62323,589.1981375222163
338,2019-12-05,1.52288,552.7732112330556
339,2019-12-06,1.5583,565.6299216382581
340,2019-12-07,1.20119,436.00654917067266
341,2019-12-08,1.38122,501.3536291889846
342,2019-12-09,1.60257,581.6989947505764
343,2019-12-10,1.48452,538.849343047184
344,2019-12-11,1.27792,463.85791533078526
345,2019-12-12,1.11855,406.00997808411313
346,2019-12-13,1.31629,477.7854133050264
347,2019-12-14,1.11855,406.00997808411313
348,2019-12-15,1.22775,445.6472670803897
349,2019-12-16,1.18053,428.5074063990328
350,2019-12-17,1.27497,462.78712776174666
351,2019-12-18,1.10379,400.6524104505505
352,2019-12-19,1.4432,523.8510575039043
353,2019-12-20,1.79441,651.3328548334125
354,2019-12-21,1.27792,463.85791533078526
355,2019-12-22,1.39007,504.56599189610046
356,2019-12-23,1.67045,606.3379982035732
357,2019-12-24,1.4432,523.8510575039043
358,2019-12-25,1.19528,433.8613442442258
359,2019-12-26,1.31629,477.7854133050264
360,2019-12-27,1.26317,458.5039774855922
361,2019-12-28,1.18643,430.64898153711005
362,2019-12-29,1.15692,419.93747605835426
363,2019-12-30,1.49337,542.0617057542999
364,2019-12-31,3.28188,1191.2529854496352
365,2020-01-01,2.68276,973.7851046488181
366,2020-01-02,1.67635,608.4795733416504
367,2020-01-03,1.98624,720.9630851278789
368,2020-01-04,1.51108,548.4900609569011
369,2020-01-05,1.36941,497.0668491244606
370,2020-01-06,1.58191,574.1998519789365
371,2020-01-07,1.6734,607.4087857726119
372,2020-01-08,1.35171,490.64212371022893
373,2020-01-09,1.30153,472.4278456714638
374,2020-01-10,1.17167,425.2914139035473
375,2020-01-11,1.38712,503.49520432706186
376,2020-01-12,1.49042,540.9909181852613
377,2020-01-13,1.27497,462.78712776174666
378,2020-01-14,1.49632,543.1324933233385
379,2020-01-15,1.19233,432.7905566751872
380,2020-01-16,1.20709,438.14812430874986
381,2020-01-17,0.91491,332.09296772512266
382,2020-01-18,0.9031,327.80618766059865
383,2020-01-19,1.05067,381.3709746311163
384,2020-01-20,1.12445,408.1515532221904
385,2020-01-21,1.14806,416.7214835628689
386,2020-01-22,1.07723,391.0116925408334
387,2020-01-23,0.72012,261.388320073248
388,2020-01-24,1.03296,374.9426194285151
389,2020-01-25,0.90605,328.87697522963725
390,2020-01-26,0.86474,313.8823194747271
391,2020-01-27,1.17463,426.3658312609556
392,2020-01-28,1.08018,392.082480109872
393,2020-01-29,0.99459,361.0151214542739
394,2020-01-30,0.95328,346.0204656993638
395,2020-01-31,0.86178,312.80790211731886
396,2020-02-01,0.99755,362.0895388116822
397,2020-02-02,1.18643,430.64898153711005
398,2020-02-03,1.10379,400.6524104505505
399,2020-02-04,1.04182,378.1586119240005
400,2020-02-05,1.06838,387.79932983371765
401,2020-02-06,1.35466,491.7129112792676
402,2020-02-07,1.04772,380.3001870620777
403,2020-02-08,0.99459,361.0151214542739
404,2020-02-09,1.14216,414.57990842479165
405,2020-02-10,1.05362,382.4417622001549
406,2020-02-11,1.31039,475.6438381669492
407,2020-02-12,1.39598,506.7111968225473
408,2020-02-13,0.99459,361.0151214542739
409,2020-02-14,1.38417,502.4244167580232
410,2020-02-15,1.21299,440.28969944682706
411,2020-02-16,1.19233,432.7905566751872
412,2020-02-17,1.25431,455.28798499010685
413,2020-02-18,1.2248,444.5764795113512
414,2020-02-19,1.05362,382.4417622001549
415,2020-02-20,1.26907,460.64555262366946
416,2020-02-21,0.90605,328.87697522963725
417,2020-02-22,1.11855,406.00997808411313
418,2020-02-23,1.18938,431.71976910614865
419,2020-02-24,1.2307,446.7180546494283
420,2020-02-25,2.52929,918.0787425402232
421,2020-02-26,2.668,968.4275370152554
422,2020-02-27,1.92722,699.5400741703675
423,2020-02-28,3.22875,1171.9679198418312
424,2020-02-29,2.09839,761.6711616931941
425,2020-03-01,2.18103,791.6677327797535
426,2020-03-02,2.98969,1085.1941990776384
427,2020-03-03,2.86279,1039.13218466713
428,2020-03-04,3.05167,1107.6916273925578
429,2020-03-05,2.40533,873.083885910384
430,2020-03-06,3.11365,1130.1890557074773
431,2020-03-07,3.44125,1249.1009226963072
432,2020-03-08,2.96313,1075.5534811679213
433,2020-03-09,3.18153,1154.8280591604744
434,2020-03-10,3.27007,1186.966205385111
435,2020-03-11,3.69211,1340.1577937366546
436,2020-03-12,3.23466,1174.113124768278
437,2020-03-13,2.91886,1059.484408055603
438,2020-03-14,2.63849,957.7160315364997
439,2020-03-15,2.29318,832.3758093450688
440,2020-03-16,2.26662,822.7350914353517
441,2020-03-17,2.07478,753.1012313525156
442,2020-03-18,2.0128,730.603803037596
443,2020-03-19,1.6734,607.4087857726119
444,2020-03-20,3.48552,1265.1699958086256
445,2020-03-21,2.59717,942.7177459932201
446,2020-03-22,2.99265,1086.2686164350464
447,2020-03-23,2.15152,780.9562273009979
448,2020-03-24,2.46436,894.5105266562649
449,2020-03-25,2.59717,942.7177459932201
450,2020-03-26,3.63013,1317.660365421735
451,2020-03-27,3.8928,1413.0040165266064
452,2020-03-28,3.04872,1106.6208398235192
453,2020-03-29,2.85688,1036.9869797406832
454,2020-03-30,2.45845,892.3653217298181
455,2020-03-31,2.57946,936.2893907906188
456,2020-04-01,2.14857,779.8854397319592
457,2020-04-02,2.03051,737.0321582401973
458,2020-04-03,2.39353,868.8007356342296
459,2020-04-04,1.73538,629.9062140875315
460,2020-04-05,1.98329,719.8922975588403
461,2020-04-06,2.2253,807.7368058920719
462,2020-04-07,1.98624,720.9630851278789
463,2020-04-08,2.07478,753.1012313525156
464,2020-04-09,1.93607,702.7524368774833
465,2020-04-10,2.51748,913.791962475699
466,2020-04-11,2.41419,876.2998784058693
467,2020-04-12,2.16332,785.2393775771524
468,2020-04-13,1.86524,677.0426458554479
469,2020-04-14,1.85933,674.897440929001
470,2020-04-15,1.75014,635.2637817210941
471,2020-04-16,1.87704,681.3257961316024
472,2020-04-17,2.43484,883.7953913891396
473,2020-04-18,1.72357,625.6194340230074
474,2020-04-19,1.87999,682.3965837006409
475,2020-04-20,2.02756,735.9613706711585
476,2020-04-21,1.57896,573.1290644098979
477,2020-04-22,1.60257,581.6989947505764
478,2020-04-23,1.56125,566.7007092072967
479,2020-04-24,1.455,528.1342077800588
480,2020-04-25,1.40483,509.9235595296631
481,2020-04-26,1.41663,514.2067098058176
482,2020-04-27,1.41663,514.2067098058176
483,2020-04-28,1.29858,471.3570581024252
484,2020-04-29,1.10674,401.7231980195891
485,2020-04-30,0.97393,353.51597868263406
486,2020-05-01,1.07133,388.8701174027562
487,2020-05-02,1.07723,391.0116925408334
488,2020-05-03,1.5642,567.7714967763353
489,2020-05-04,1.80031,653.4744299714897
490,2020-05-05,1.39302,505.63677946513906
491,2020-05-06,1.40483,509.9235595296631
492,2020-05-07,1.2366,448.8596297875055
493,2020-05-08,1.334,484.2137685076277
494,2020-05-09,1.44025,522.7802699348657
495,2020-05-10,1.52583,553.8439988020941
496,2020-05-11,1.5642,567.7714967763353
497,2020-05-12,1.36646,495.996061555422
498,2020-05-13,1.42549,517.4227023013029
499,2020-05-14,1.37532,499.21205405090745
500,2020-05-15,1.21004,439.21891187778846
501,2020-05-16,1.09494,397.4400477434347
502,2020-05-17,1.36351,494.9252739863834
503,2020-05-18,1.30744,474.5730505979106
504,2020-05-19,1.36941,497.0668491244606
505,2020-05-20,1.22775,445.6472670803897
506,2020-05-21,1.31629,477.7854133050264
507,2020-05-22,1.07133,388.8701174027562
508,2020-05-23,1.0182,369.5850517949524
509,2020-05-24,1.31629,477.7854133050264
510,2020-05-25,1.41663,514.2067098058176
511,2020-05-26,1.22775,445.6472670803897
512,2020-05-27,1.44615,524.9218450729429
513,2020-05-28,1.75899,638.47614442821
514,2020-05-29,1.19528,433.8613442442258
515,2020-05-30,1.20119,436.00654917067266
516,2020-05-31,1.37532,499.21205405090745
517,2020-06-01,1.53764,558.1307788666181
518,2020-06-02,1.46681,532.4209878445828
519,2020-06-03,1.82687,663.1151478812068
520,2020-06-04,1.455,528.1342077800588
521,2020-06-05,1.31334,476.7146257359878
522,2020-06-06,1.13331,411.36754571767585
523,2020-06-07,1.14511,415.65069599383025
524,2020-06-08,1.54944,562.4139291427725
525,2020-06-09,1.6793,609.550360910689
526,2020-06-10,1.70291,618.1202912513675
527,2020-06-11,1.49042,540.9909181852613
528,2020-06-12,1.65274,599.909643000972
529,2020-06-13,1.6793,609.550360910689
530,2020-06-14,1.52288,552.7732112330556
531,2020-06-15,1.83868,667.4019279457308
532,2020-06-16,1.94787,707.0355871536377
533,2020-06-17,1.85638,673.8266533599624
534,2020-06-18,1.46681,532.4209878445828
535,2020-06-19,1.30744,474.5730505979106
536,2020-06-20,1.04772,380.3001870620777
537,2020-06-21,1.36351,494.9252739863834
538,2020-06-22,1.40188,508.8527719606245
539,2020-06-23,1.13331,411.36754571767585
540,2020-06-24,1.29268,469.215482964348
541,2020-06-25,1.15397,418.86668848931566
542,2020-06-26,0.97393,353.51597868263406
543,2020-06-27,0.86178,312.80790211731886
544,2020-06-28,1.00345,364.2311139497594
545,2020-06-29,1.25431,455.28798499010685
546,2020-06-30,1.28087,464.92870289982386
547,2020-07-01,1.30448,473.49863324050244
548,2020-07-02,1.43434,520.6350650084188
549,2020-07-03,1.39007,504.56599189610046
550,2020-07-04,0.95032,344.9460483419556
551,2020-07-05,0.92966,337.4469055703157
552,2020-07-06,1.17463,426.3658312609556
553,2020-07-07,1.09199,396.36926017439606
554,2020-07-08,1.05362,382.4417622001549
555,2020-07-09,1.13331,411.36754571767585
556,2020-07-10,0.99459,361.0151214542739
557,2020-07-11,0.84408,306.38317670308726
558,2020-07-12,1.05067,381.3709746311163
559,2020-07-13,1.11265,403.8684029460359
560,2020-07-14,1.15397,418.86668848931566
561,2020-07-15,1.08313,393.1532676789106
562,2020-07-16,1.05067,381.3709746311163
563,2020-07-17,0.83522,303.1671842076018
564,2020-07-18,0.85883,311.73711454828026
565,2020-07-19,0.99164,359.9443338852353
566,2020-07-20,1.14216,414.57990842479165
567,2020-07-21,1.15692,419.93747605835426
568,2020-07-22,1.12445,408.1515532221904
569,2020-07-23,1.26907,460.64555262366946
570,2020-07-24,1.72357,625.6194340230074
571,2020-07-25,1.1215,407.08076565315173
572,2020-07-26,1.25431,455.28798499010685
573,2020-07-27,1.334,484.2137685076277
574,2020-07-28,1.32514,480.99777601214225
575,2020-07-29,1.21004,439.21891187778846
576,2020-07-30,1.13626,412.43833328671445
577,2020-07-31,0.97984,355.6611836090809
578,2020-08-01,0.97689,354.5903960400423
579,2020-08-02,0.99164,359.9443338852353
580,2020-08-03,1.1215,407.08076565315173
581,2020-08-04,0.95623,347.09125326840245
582,2020-08-05,1.07428,389.9409049717948
583,2020-08-06,0.83522,303.1671842076018
584,2020-08-07,1.39302,505.63677946513906
585,2020-08-08,1.22775,445.6472670803897
586,2020-08-09,1.39598,506.7111968225473
587,2020-08-10,1.72062,624.5486464539688
588,2020-08-11,1.56125,566.7007092072967
589,2020-08-12,1.39893,507.7819843915859
590,2020-08-13,1.22185,443.5056919423126
591,2020-08-14,1.41959,515.2811271632257
592,2020-08-15,0.88835,322.4522498154056
593,2020-08-16,1.14806,416.7214835628689
594,2020-08-17,1.05362,382.4417622001549
595,2020-08-18,1.30448,473.49863324050244
596,2020-08-19,1.1156,404.93919051507453
597,2020-08-20,1.07133,388.8701174027562
598,2020-08-21,1.18348,429.57819396807145
599,2020-08-22,1.24546,452.075622282991
600,2020-08-23,1.41368,513.1359222367789
601,2020-08-24,1.50813,547.4192733878625
602,2020-08-25,1.50813,547.4192733878625
603,2020-08-26,1.39007,504.56599189610046
604,2020-08-27,1.46681,532.4209878445828
605,2020-08-28,3.28778,1193.3945605877122
606,2020-08-29,2.60307,944.8593211312973
607,2020-08-30,2.06003,747.7472935073225
608,2020-08-31,2.14561,778.811022374551
609,2020-09-01,1.98919,722.0338726969175
610,2020-09-02,1.80621,655.6160051095669
611,2020-09-03,1.81802,659.9027851740909
612,2020-09-04,1.83277,665.256723019284
613,2020-09-05,1.76489,640.6177195662872
614,2020-09-06,1.70882,620.2654961778144
615,2020-09-07,2.02166,733.8197955330813
616,2020-09-08,1.70587,619.1947086087757
617,2020-09-09,1.72652,626.690221592046
618,2020-09-10,2.04527,742.3897258737599
619,2020-09-11,2.8805,1045.5605398697314
620,2020-09-12,2.66505,967.3567494462168
621,2020-09-13,2.69161,976.9974673559338
622,2020-09-14,2.03346,738.1029458092357
623,2020-09-15,1.8859,684.5417886270877
624,2020-09-16,1.68816,612.7663534061745
625,2020-09-17,1.53174,555.989203728541
626,2020-09-18,2.17513,789.5261576416763
627,2020-09-19,2.0069,728.4622278995188
628,2020-09-20,1.93607,702.7524368774833
629,2020-09-21,1.87999,682.3965837006409
630,2020-09-22,1.97739,717.750722420763
631,2020-09-23,1.68225,610.6211484797277
632,2020-09-24,1.57896,573.1290644098979
633,2020-09-25,1.47861,536.7041381207372
634,2020-09-26,1.59667,579.5574196124992
635,2020-09-27,1.60257,581.6989947505764
636,2020-09-28,2.94247,1068.0543383962813
637,2020-09-29,2.27842,827.0182417115061
638,2020-09-30,1.56715,568.8422843453739
639,2020-10-01,1.72652,626.690221592046
640,2020-10-02,1.62323,589.1981375222163
641,2020-10-03,1.77375,643.8337120617725
642,2020-10-04,1.94787,707.0355871536377
643,2020-10-05,1.98034,718.8215099898017
644,2020-10-06,1.84163,668.4727155147694
645,2020-10-07,1.81802,659.9027851740909
646,2020-10-08,1.77965,645.9752871998497
647,2020-10-09,1.7767,644.9044996308112
648,2020-10-10,1.60847,583.8405698886536
649,2020-10-11,1.81211,657.7575802476441
650,2020-10-12,1.96558,713.463942356239
651,2020-10-13,1.80916,656.6867926786056
652,2020-10-14,1.6734,607.4087857726119
653,2020-10-15,1.64389,596.6972802938561
654,2020-10-16,1.73538,629.9062140875315
655,2020-10-17,1.36351,494.9252739863834
656,2020-10-18,1.82982,664.1859354502453
657,2020-10-19,1.83868,667.4019279457308
658,2020-10-20,1.54649,561.343141573734
659,2020-10-21,1.69111,613.8371409752131
660,2020-10-22,1.65569,600.9804305700106
661,2020-10-23,2.85393,1035.9161921716448
662,2020-10-24,2.71817,986.638185265651
663,2020-10-25,2.40238,872.0130983413453
664,2020-10-26,2.53519,920.2203176783004
665,2020-10-27,2.29908,834.517384483146
666,2020-10-28,2.36401,858.0856003671041
667,2020-10-29,2.3404,849.5156700264256
668,2020-10-30,2.5529,926.6486728809017
669,2020-10-31,2.19284,795.9545128442776
670,2020-11-01,2.32565,844.1617321812327
671,2020-11-02,2.47616,898.7936769324194
672,2020-11-03,2.70637,982.3550349894966
673,2020-11-04,2.92181,1060.5551956246413
674,2020-11-05,3.19629,1160.185626794037
675,2020-11-06,2.6798,972.7106872914098
676,2020-11-07,2.26662,822.7350914353517
677,2020-11-08,2.80081,1016.6347563522104
678,2020-11-09,2.83032,1027.3462618309661
679,2020-11-10,3.15497,1145.1873412507573
680,2020-11-11,2.47616,898.7936769324194
681,2020-11-12,2.10725,764.8871541886796
682,2020-11-13,2.4555,891.2945341607794
683,2020-11-14,2.56765,932.0026107260946
684,2020-11-15,2.6621,966.2859618771782
685,2020-11-16,2.4555,891.2945341607794
686,2020-11-17,2.24891,816.3067362327504
687,2020-11-18,2.53519,920.2203176783004
688,2020-11-19,2.27547,825.9474541424674
689,2020-11-20,2.65029,961.9991818126541
690,2020-11-21,2.06003,747.7472935073225
691,2020-11-22,2.39648,869.8715232032681
692,2020-11-23,2.6798,972.7106872914098
693,2020-11-24,2.55585,927.7194604499402
694,2020-11-25,2.53814,921.2911052473389
695,2020-11-26,2.60307,944.8593211312973
696,2020-11-27,2.15152,780.9562273009979
697,2020-11-28,2.16037,784.1685900081136
698,2020-11-29,2.97199,1078.7694736634066
699,2020-11-30,2.69751,979.139042494011
700,2020-12-01,2.49682,906.2928197040592
701,2020-12-02,2.13086,773.4570845293581
702,2020-12-03,1.98919,722.0338726969175
703,2020-12-04,1.61733,587.056562384139
704,2020-12-05,1.68521,611.695565837136
705,2020-12-06,2.28433,829.163446637953
706,2020-12-07,1.88885,685.6125761961264
707,2020-12-08,2.06593,749.8888686453997
708,2020-12-09,2.27252,824.8766665734289
709,2020-12-10,1.78555,648.116862337927
710,2020-12-11,1.57601,572.0582768408593
711,2020-12-12,1.6675,605.2672106345346
712,2020-12-13,1.84753,670.6142906528465
713,2020-12-14,1.71767,623.4778588849302
714,2020-12-15,1.71767,623.4778588849302
715,2020-12-16,1.88885,685.6125761961264
716,2020-12-17,1.71767,623.4778588849302
717,2020-12-18,3.1166,1131.2598432765162
718,2020-12-19,3.2258,1170.8971322727928
719,2020-12-20,2.88935,1048.7729025768472
720,2020-12-21,2.58831,939.5017534977345
721,2020-12-22,2.05117,744.5313010118371
722,2020-12-23,1.77375,643.8337120617725
723,2020-12-24,1.51698,550.6316360949783
724,2020-12-25,1.49337,542.0617057542999
725,2020-12-26,1.38712,503.49520432706186
726,2020-12-27,1.5524,563.4883465001808
727,2020-12-28,1.83868,667.4019279457308
728,2020-12-29,1.455,528.1342077800588
729,2020-12-30,1.2366,448.8596297875055
730,2020-12-31,1.13331,411.36754571767585
731,2021-01-01,1.3458,488.4969187837822
732,2021-01-02,1.41073,512.0651346677404
733,2021-01-03,1.64979,598.8388554319334
734,2021-01-04,1.60257,581.6989947505764
735,2021-01-05,1.75604,637.4053568591713
736,2021-01-06,1.69406,614.9079285442517
737,2021-01-07,1.61142,584.9113574576922
738,2021-01-08,1.43434,520.6350650084188
739,2021-01-09,1.21004,439.21891187778846
740,2021-01-10,1.63798,594.5520753674093
741,2021-01-11,1.455,528.1342077800588
742,2021-01-12,1.29563,470.2862705333866
743,2021-01-13,1.31039,475.6438381669492
744,2021-01-14,1.01525,368.5142642259138
745,2021-01-15,1.03001,373.8718318594765
746,2021-01-16,1.2189,442.4349043732739
747,2021-01-17,1.21594,441.3604870158657
748,2021-01-18,1.22185,443.5056919423126
749,2021-01-19,1.14511,415.65069599383025
750,2021-01-20,1.07723,391.0116925408334
751,2021-01-21,1.09199,396.36926017439606
752,2021-01-22,1.23955,449.9304173565441
753,2021-01-23,1.28087,464.92870289982386
754,2021-01-24,1.38712,503.49520432706186
755,2021-01-25,1.38417,502.4244167580232
756,2021-01-26,1.18643,430.64898153711005
757,2021-01-27,1.31039,475.6438381669492
758,2021-01-28,1.12445,408.1515532221904
759,2021-01-29,1.08313,393.1532676789106
760,2021-01-30,1.18348,429.57819396807145
761,2021-01-31,1.50222,545.2740684614157
762,2021-02-01,1.60552,582.769782319615
763,2021-02-02,1.37236,498.13763669349925
764,2021-02-03,1.25431,455.28798499010685
765,2021-02-04,1.75014,635.2637817210941
766,2021-02-05,2.06003,747.7472935073225
767,2021-02-06,1.58191,574.1998519789365
768,2021-02-07,1.72948,627.7646389494543
769,2021-02-08,1.65569,600.9804305700106
770,2021-02-09,1.40188,508.8527719606245
771,2021-02-10,1.39007,504.56599189610046
772,2021-02-11,1.31924,478.85620087406505
773,2021-02-12,1.35466,491.7129112792676
774,2021-02-13,1.34875,489.5677063528207
775,2021-02-14,2.0128,730.603803037596
776,2021-02-15,1.98624,720.9630851278789
777,2021-02-16,1.79441,651.3328548334125
778,2021-02-17,1.72062,624.5486464539688
779,2021-02-18,2.06888,750.9596562144384
780,2021-02-19,5.16188,1873.6531989386456
781,2021-02-20,4.06398,1475.1387338378026
782,2021-02-21,2.75359,999.4948956708535
783,2021-02-22,3.09299,1122.6899129358376
784,2021-02-23,2.93362,1064.8419756891656
785,2021-02-24,2.72407,988.7797604037282
786,2021-02-25,2.42304,879.5122411129851
787,2021-02-26,2.77425,1006.9940384424933
788,2021-02-27,2.35811,855.9440252290269
789,2021-02-28,3.57111,1296.2373544642237
790,2021-03-01,4.06398,1475.1387338378026
791,2021-03-02,3.22875,1171.9679198418312
792,2021-03-03,3.00445,1090.5517667112008
793,2021-03-04,3.02216,1096.9801219138021
794,2021-03-05,3.15202,1144.1165536817186
795,2021-03-06,2.97199,1078.7694736634066
796,2021-03-07,3.26417,1184.8246302470338
797,2021-03-08,3.04282,1104.479264685442
798,2021-03-09,2.93657,1065.9127632582042
799,2021-03-10,2.75064,998.4241081018149
800,2021-03-11,2.46141,893.4397390872263
801,2021-03-12,2.43189,882.724603820101
802,2021-03-13,2.62078,951.2876763338984
803,2021-03-14,2.46436,894.5105266562649
804,2021-03-15,3.70392,1344.4445738011786
805,2021-03-16,2.5588,928.7902480189789
806,2021-03-17,2.40238,872.0130983413453
807,2021-03-18,2.81261,1020.9179066283648
808,2021-03-19,3.32615,1207.3220585619536
809,2021-03-20,3.45601,1254.4584903298698
810,2021-03-21,3.06053,1110.9076198880434
811,2021-03-22,2.93952,1066.9835508272427
812,2021-03-23,2.53814,921.2911052473389
813,2021-03-24,2.6798,972.7106872914098
814,2021-03-25,2.45255,890.2237465917409
815,2021-03-26,2.41123,875.2254610484612
816,2021-03-27,2.16627,786.3101651461909
817,2021-03-28,2.50863,910.5795997685833
818,2021-03-29,2.33745,848.444882457387
819,2021-03-30,2.31679,840.9457396857473
820,2021-03-31,2.24891,816.3067362327504
821,2021-04-01,1.64389,596.6972802938561
822,2021-04-02,2.47616,898.7936769324194
823,2021-04-03,2.2312,809.8783810301491
824,2021-04-04,2.15742,783.0978024390752
825,2021-04-05,1.95968,711.3223672181618
826,2021-04-06,2.0128,730.603803037596
827,2021-04-07,1.81506,658.8283678166827
828,2021-04-08,2.87754,1044.4861225123232
829,2021-04-09,2.41714,877.3706659749079
830,2021-04-10,2.11905,769.170304464834
831,2021-04-11,2.10134,762.7419492622327
832,2021-04-12,1.8977,688.8249389032421
833,2021-04-13,1.87114,679.1842209935252
834,2021-04-14,1.99214,723.1046602659561
835,2021-04-15,1.79441,651.3328548334125
836,2021-04-16,2.04527,742.3897258737599
837,2021-04-17,1.53469,557.0599912975796
838,2021-04-18,1.72948,627.7646389494543
839,2021-04-19,1.93017,700.6108617394061
840,2021-04-20,1.74423,633.1185767946472
841,2021-04-21,1.47861,536.7041381207372
842,2021-04-22,1.56125,566.7007092072967
843,2021-04-23,1.80916,656.6867926786056
844,2021-04-24,1.59667,579.5574196124992
845,2021-04-25,1.70882,620.2654961778144
846,2021-04-26,1.52583,553.8439988020941
847,2021-04-27,1.72948,627.7646389494543
848,2021-04-28,2.15152,780.9562273009979
849,2021-04-29,1.64979,598.8388554319334
850,2021-04-30,1.49042,540.9909181852613
851,2021-05-01,1.3399,486.3553436457049
852,2021-05-02,1.60257,581.6989947505764
853,2021-05-03,1.70882,620.2654961778144
854,2021-05-04,1.98329,719.8922975588403
855,2021-05-05,1.98624,720.9630851278789
856,2021-05-06,1.82982,664.1859354502453
857,2021-05-07,1.34875,489.5677063528207
858,2021-05-08,1.20709,438.14812430874986
859,2021-05-09,1.40188,508.8527719606245
860,2021-05-10,1.72062,624.5486464539688
861,2021-05-11,1.48452,538.849343047184
862,2021-05-12,1.77079,642.7592947043644
863,2021-05-13,1.77079,642.7592947043644
864,2021-05-14,1.41073,512.0651346677404
865,2021-05-15,1.25136,454.21719742106825
866,2021-05-16,1.50813,547.4192733878625
867,2021-05-17,1.41959,515.2811271632257
868,2021-05-18,1.39007,504.56599189610046
869,2021-05-19,1.41959,515.2811271632257
870,2021-05-20,1.40483,509.9235595296631
871,2021-05-21,1.19528,433.8613442442258
872,2021-05-22,1.17463,426.3658312609556
873,2021-05-23,1.27497,462.78712776174666
874,2021-05-24,1.3458,488.4969187837822
875,2021-05-25,1.21299,440.28969944682706
876,2021-05-26,1.36351,494.9252739863834
877,2021-05-27,1.15987,421.00826362739286
878,2021-05-28,1.13921,413.50912085575305
879,2021-05-29,1.0123,367.4434766568752
880,2021-05-30,1.18348,429.57819396807145
881,2021-05-31,1.35171,490.64212371022893
882,2021-06-01,1.37236,498.13763669349925
883,2021-06-02,1.28973,468.1446953953094
884,2021-06-03,1.15692,419.93747605835426
885,2021-06-04,1.03591,376.0134069975537
886,2021-06-05,0.91786,333.1637552941613
887,2021-06-06,1.2307,446.7180546494283
888,2021-06-07,1.62028,588.1273499531776
889,2021-06-08,1.43434,520.6350650084188
890,2021-06-09,1.48452,538.849343047184
891,2021-06-10,1.61437,585.9821450267309
892,2021-06-11,1.08609,394.22768503631886
893,2021-06-12,1.00345,364.2311139497594
894,2021-06-13,1.32809,482.06856358118085
895,2021-06-14,1.15692,419.93747605835426
896,2021-06-15,0.97984,355.6611836090809
897,2021-06-16,1.54944,562.4139291427725
898,2021-06-17,1.20119,436.00654917067266
899,2021-06-18,1.15397,418.86668848931566
900,2021-06-19,0.87949,319.2362573199201
901,2021-06-20,0.90015,326.73540009156005
902,2021-06-21,1.07428,389.9409049717948
903,2021-06-22,1.10379,400.6524104505505
904,2021-06-23,0.82637,299.954821500486
905,2021-06-24,0.82342,298.8840339314474
906,2021-06-25,1.32514,480.99777601214225
907,2021-06-26,1.18643,430.64898153711005
908,2021-06-27,1.24841,453.1464098520296
909,2021-06-28,1.30744,474.5730505979106
910,2021-06-29,1.2366,448.8596297875055
911,2021-06-30,1.10379,400.6524104505505
912,2021-07-01,1.12445,408.1515532221904
913,2021-07-02,1.07723,391.0116925408334
914,2021-07-03,1.10379,400.6524104505505
915,2021-07-04,1.21004,439.21891187778846
916,2021-07-05,1.23955,449.9304173565441
917,2021-07-06,1.26317,458.5039774855922
918,2021-07-07,1.10084,399.5816228815119
919,2021-07-08,1.15397,418.86668848931566
920,2021-07-09,1.09789,398.5108353124733
921,2021-07-10,1.3458,488.4969187837822
922,2021-07-11,1.58781,576.3414271170137
923,2021-07-12,1.85048,671.6850782218852
924,2021-07-13,1.85048,671.6850782218852
925,2021-07-14,1.63798,594.5520753674093
926,2021-07-15,1.5583,565.6299216382581
927,2021-07-16,1.18053,428.5074063990328
928,2021-07-17,1.0123,367.4434766568752
929,2021-07-18,1.35466,491.7129112792676
930,2021-07-19,1.19528,433.8613442442258
931,2021-07-20,1.53469,557.0599912975796
932,2021-07-21,1.59076,577.4122146860524
933,2021-07-22,1.39598,506.7111968225473
934,2021-07-23,2.76244,1002.7072583779692
935,2021-07-24,1.95083,708.110004511046
936,2021-07-25,1.62323,589.1981375222163
937,2021-07-26,1.334,484.2137685076277
938,2021-07-27,1.40778,510.9943470987018
939,2021-07-28,1.21004,439.21891187778846
940,2021-07-29,1.6616,603.1256354964574
941,2021-07-30,1.2366,448.8596297875055
942,2021-07-31,1.13921,413.50912085575305
943,2021-08-01,1.15397,418.86668848931566
944,2021-08-02,1.16577,423.1498387654701
945,2021-08-03,1.30744,474.5730505979106
946,2021-08-04,1.14511,415.65069599383025
947,2021-08-05,1.25726,456.35877255914545
948,2021-08-06,1.20709,438.14812430874986
949,2021-08-07,1.0123,367.4434766568752
950,2021-08-08,1.26021,457.42956012818405
951,2021-08-09,1.08609,394.22768503631886
952,2021-08-10,1.21594,441.3604870158657
953,2021-08-11,1.24251,451.0048347139524
954,2021-08-12,1.31334,476.7146257359878
955,2021-08-13,1.73833,630.97700165657
956,2021-08-14,1.4491,525.9926326419815
957,2021-08-15,1.28973,468.1446953953094
958,2021-08-16,1.70291,618.1202912513675
959,2021-08-17,1.43729,521.7058525774574
960,2021-08-18,1.51993,551.7024236640169
961,2021-08-19,1.7767,644.9044996308112
962,2021-08-20,2.96608,1076.6242687369597
963,2021-08-21,2.16922,787.3809527152296
964,2021-08-22,2.30499,836.6625894095928
965,2021-08-23,2.29908,834.517384483146
966,2021-08-24,3.03101,1100.192484620918
967,2021-08-25,2.40828,874.1546734794225
968,2021-08-26,1.99214,723.1046602659561
969,2021-08-27,1.94492,705.9647995845992
970,2021-08-28,1.90065,689.8957264722808
971,2021-08-29,1.87704,681.3257961316024
972,2021-08-30,1.96558,713.463942356239
973,2021-08-31,2.18693,793.8093079178307
974,2021-09-01,2.10134,762.7419492622327
975,2021-09-02,1.88295,683.4710010580491
976,2021-09-03,2.43189,882.724603820101
977,2021-09-04,1.79145,650.2584374760042
978,2021-09-05,2.10725,764.8871541886796
979,2021-09-06,2.15447,782.0270148700364
980,2021-09-07,2.18988,794.8800954868694
981,2021-09-08,1.87999,682.3965837006409
982,2021-09-09,1.93017,700.6108617394061
983,2021-09-10,2.37877,863.4431680006668
984,2021-09-11,1.82687,663.1151478812068
985,2021-09-12,1.97149,715.6091472826859
986,2021-09-13,2.06298,748.8180810763612
987,2021-09-14,2.13676,775.5986596674353
988,2021-09-15,1.85343,672.7558657909238
989,2021-09-16,2.13676,775.5986596674353
990,2021-09-17,3.94888,1433.3598697034488
991,2021-09-18,3.17268,1151.6156964533586
992,2021-09-19,2.50568,909.5088121995446
993,2021-09-20,1.87114,679.1842209935252
994,2021-09-21,1.77079,642.7592947043644
995,2021-09-22,1.81802,659.9027851740909
996,2021-09-23,2.51748,913.791962475699
997,2021-09-24,2.81852,1023.0631115548117
998,2021-09-25,2.53224,919.1495301092617
999,2021-09-26,2.78605,1011.2771887186477
1000,2021-09-27,2.58241,937.3601783596573
1001,2021-09-28,2.2312,809.8783810301491
1002,2021-09-29,2.3286,845.2325197502712
1003,2021-09-30,3.35861,1219.1043516097477
1004,2021-10-01,3.47076,1259.812428175063
1005,2021-10-02,2.44665,888.0821714536636
1006,2021-10-03,2.42304,879.5122411129851
1007,2021-10-04,2.49682,906.2928197040592
1008,2021-10-05,2.4437,887.0113838846252
1009,2021-10-06,3.09889,1124.831488073915
1010,2021-10-07,2.76244,1002.7072583779692
1011,2021-10-08,3.53274,1282.3098564899826
1012,2021-10-09,2.48207,900.9388818588662
1013,2021-10-10,2.24006,813.0943735256346
1014,2021-10-11,2.93067,1063.771188120127
1015,2021-10-12,2.75359,999.4948956708535
1016,2021-10-13,4.03152,1463.3564407900085
1017,2021-10-14,3.36747,1222.320344105233
1018,2021-10-15,3.46781,1258.7416406060242
1019,2021-10-16,3.98429,1446.2129503202818
1020,2021-10-17,3.94298,1431.2182945653717
1021,2021-10-18,3.5593,1291.9505743996995
1022,2021-10-19,4.70147,1706.5341126128608
1023,2021-10-20,3.73048,1354.0852917108957
1024,2021-10-21,7.23666,2626.754430291161
1025,2021-10-22,5.336,1936.8550740305109
1026,2021-10-23,4.45946,1618.6896042796293
1027,2021-10-24,8.39949,3048.8371112759623
1028,2021-10-25,5.43635,1973.2800003196714
1029,2021-10-26,4.82247,1750.454551885292
1030,2021-10-27,4.4506,1615.4736117841437
1031,2021-10-28,4.0079,1454.7828806609605
1032,2021-10-29,4.16433,1511.5636601269634
1033,2021-10-30,3.24351,1177.325487475394
1034,2021-10-31,3.94593,1432.2890821344104
1035,2021-11-01,3.78655,1374.4375150993685
1036,2021-11-02,3.58882,1302.665709666825
1037,2021-11-03,3.78065,1372.2959399612914
1038,2021-11-04,3.71572,1348.7277240773333
1039,2021-11-05,3.81312,1384.0818627974552
1040,2021-11-06,4.84608,1759.0244822259701
1041,2021-11-07,4.60407,1671.1799738927389
1042,2021-11-08,4.25877,1545.8433814896775
1043,2021-11-09,4.47126,1622.9727545557837
1044,2021-11-10,4.79296,1739.7430464065362
1045,2021-11-11,4.51258,1637.9710400990634
1046,2021-11-12,3.60652,1309.0904350810565
1047,2021-11-13,3.29368,1195.5361357257896
1048,2021-11-14,4.94053,1793.3078333770538
1049,2021-11-15,4.27943,1553.342524261317
1050,2021-11-16,4.15547,1508.347667631478
1051,2021-11-17,3.77475,1370.154364823214
1052,2021-11-18,3.70097,1343.37378623214
1053,2021-11-19,3.93412,1428.0023020698864
1054,2021-11-20,3.39108,1230.8902744459117
1055,2021-11-21,3.79246,1376.5827200258154
1056,2021-11-22,3.96659,1439.7882249060501
1057,2021-11-23,4.29714,1559.7708794639184
1058,2021-11-24,3.98725,1447.28736767769
1059,2021-11-25,3.75409,1362.6552220515744
1060,2021-11-26,4.10825,1491.207806950121
1061,2021-11-27,3.64194,1321.9471454862592
1062,2021-11-28,3.98134,1445.1421627512432
1063,2021-11-29,3.40878,1237.3149998601434
1064,2021-11-30,4.09054,1484.7794517475197
1065,2021-12-01,4.4506,1615.4736117841437
1066,2021-12-02,3.87805,1407.6500786814136
1067,2021-12-03,3.36747,1222.320344105233
1068,2021-12-04,3.00445,1090.5517667112008
1069,2021-12-05,3.39993,1234.1026371530274
1070,2021-12-06,3.29368,1195.5361357257896
1071,2021-12-07,3.24351,1177.325487475394
1072,2021-12-08,3.34385,1213.746783976185
1073,2021-12-09,2.73588,993.0665404682521
1074,2021-12-10,2.76244,1002.7072583779692
1075,2021-12-11,2.83623,1029.491466757413
1076,2021-12-12,3.18743,1156.9696342985515
1077,2021-12-13,3.13431,1137.6881984791173
1078,2021-12-14,3.29663,1196.606923294828
1079,2021-12-15,2.91001,1056.2720453484872
1080,2021-12-16,3.41469,1239.46020478659
1081,2021-12-17,3.40583,1236.2442122911048
1082,2021-12-18,2.8982,1051.985265283963
1083,2021-12-19,3.06643,1113.0491950261205
1084,2021-12-20,3.50913,1273.739926149304
1085,2021-12-21,6.36307,2309.659748109318
1086,2021-12-22,3.39108,1230.8902744459117
1087,2021-12-23,3.50323,1271.5983510112267
1088,2021-12-24,9.25833,3360.5778556126124
1089,2021-12-25,5.9853,2172.537232870093
1090,2021-12-26,5.0025,1815.801631903604
1091,2021-12-27,4.74574,1722.6031857251792
1092,2021-12-28,4.1053,1490.1370193810824
1093,2021-12-29,4.10825,1491.207806950121
1094,2021-12-30,3.53569,1283.3806440590213
1095,2021-12-31,5.39208,1957.2109272073533
1096,2022-01-01,3.40583,1236.2442122911048
1097,2022-01-02,3.17268,1151.6156964533586
1098,2022-01-03,3.26417,1184.8246302470338
1099,2022-01-04,3.30254,1198.752128221275
1100,2022-01-05,2.8805,1045.5605398697314
1101,2022-01-06,2.80081,1016.6347563522104
1102,2022-01-07,2.72998,990.9249653301749
1103,2022-01-08,2.668,968.4275370152554
1104,2022-01-09,2.92477,1061.6296129820498
1105,2022-01-10,2.8982,1051.985265283963
1106,2022-01-11,3.07528,1116.2615577332363
1107,2022-01-12,3.35566,1218.033564040709
1108,2022-01-13,3.47371,1260.8832157441016
1109,2022-01-14,10.68087,3876.929770344877
1110,2022-01-15,3.44125,1249.1009226963072
1111,2022-01-16,3.41469,1239.46020478659
1112,2022-01-17,3.43535,1246.95934755823
1113,2022-01-18,3.11955,1132.3306308455547
1114,2022-01-19,3.73638,1356.226866848973
1115,2022-01-20,3.73638,1356.226866848973
1116,2022-01-21,5.96169,2163.9673025294146
1117,2022-01-22,3.52684,1280.1682813519053
1118,2022-01-23,3.57996,1299.4497171713394
1119,2022-01-24,2.7831,1010.2064011496092
1120,2022-01-25,2.91591,1058.4136204865642
1121,2022-01-26,2.63258,955.5708266100528
1122,2022-01-27,2.61488,949.1461011958212
1123,2022-01-28,2.54995,925.5778853118629
1124,2022-01-29,2.29023,831.3050217760302
1125,2022-01-30,2.31089,838.80416454767
1126,2022-01-31,2.26957,823.8058790043902
1127,2022-02-01,2.27547,825.9474541424674
1128,2022-02-02,2.789,1012.3479762876865
1129,2022-02-03,2.98084,1081.9818363705226
1130,2022-02-04,2.70342,981.2842474204579
1131,2022-02-05,2.93952,1066.9835508272427
1132,2022-02-06,2.82737,1026.2754742619277
1133,2022-02-07,2.48502,902.0096694279048
1134,2022-02-08,2.79786,1015.5639687831718
1135,2022-02-09,2.69456,978.0682549249725
1136,2022-02-10,2.58536,938.430965928696
1137,2022-02-11,2.9956,1087.339404004085
1138,2022-02-12,2.75654,1000.5656832398922
1139,2022-02-13,2.88345,1046.6313274387699
1140,2022-02-14,2.85984,1038.0613970980914
1141,2022-02-15,3.08414,1119.4775502287218
1142,2022-02-16,4.86379,1765.4528374285715
1143,2022-02-17,3.5534,1289.8089992616224
1144,2022-02-18,2.76539,1003.778045947008
1145,2022-02-19,2.58831,939.5017534977345
1146,2022-02-20,2.75359,999.4948956708535
1147,2022-02-21,2.67095,969.498324584294
1148,2022-02-22,2.31089,838.80416454767
1149,2022-02-23,2.26367,821.6643038663129
1150,2022-02-24,2.05707,746.6728761499143
1151,2022-02-25,1.99805,725.249865192403
1152,2022-02-26,2.48797,903.0804569969433
1153,2022-02-27,2.50863,910.5795997685833
1154,2022-02-28,2.41714,877.3706659749079
1155,2022-03-01,2.46436,894.5105266562649
1156,2022-03-02,2.57061,933.0770280835028
1157,2022-03-03,2.56175,929.8610355880174
1158,2022-03-04,4.97594,1806.1609139938867
1159,2022-03-05,2.79786,1015.5639687831718
1160,2022-03-06,2.93362,1064.8419756891656
1161,2022-03-07,2.72112,987.7089728346896
1162,2022-03-08,2.54404,923.4326803854161
1163,2022-03-09,2.31384,839.8749521167085
1164,2022-03-10,2.47616,898.7936769324194
1165,2022-03-11,4.14957,1506.2060924934008
1166,2022-03-12,3.62128,1314.4480027146192
1167,2022-03-13,3.60062,1306.9488599429794
1168,2022-03-14,3.44125,1249.1009226963072
1169,2022-03-15,3.09004,1121.6191253667992
1170,2022-03-16,2.72112,987.7089728346896
1171,2022-03-17,2.90115,1053.0560528530016
1172,2022-03-18,5.3242,1932.5719237543565
1173,2022-03-19,4.06103,1474.067946268764
1174,2022-03-20,3.85444,1399.080148340735
1175,2022-03-21,3.35861,1219.1043516097477
1176,2022-03-22,3.23466,1174.113124768278
1177,2022-03-23,2.81852,1023.0631115548117
1178,2022-03-24,2.90706,1055.2012577794485
1179,2022-03-25,2.74769,997.3533205327763
1180,2022-03-26,2.44075,885.9405963155864
1181,2022-03-27,2.27252,824.8766665734289
1182,2022-03-28,3.19629,1160.185626794037
1183,2022-03-29,3.27007,1186.966205385111
1184,2022-03-30,3.74819,1360.513646913497
1185,2022-03-31,2.66505,967.3567494462168
1186,2022-04-01,3.06643,1113.0491950261205
1187,2022-04-02,2.42599,880.5830286820238
1188,2022-04-03,2.75064,998.4241081018149
1189,2022-04-04,3.05167,1107.6916273925578
1190,2022-04-05,2.78605,1011.2771887186477
1191,2022-04-06,2.38762,866.6555307077826
1192,2022-04-07,2.3345,847.3740948883484
1193,2022-04-08,2.52043,914.8627500447377
1194,2022-04-09,2.03346,738.1029458092357
1195,2022-04-10,1.98329,719.8922975588403
1196,2022-04-11,2.2194,805.5952307539947
1197,2022-04-12,2.43484,883.7953913891396
1198,2022-04-13,1.88885,685.6125761961264
1199,2022-04-14,7.2101,2617.113712381444
1200,2022-04-15,8.83628,3207.382637472699
1201,2022-04-16,5.52489,2005.4181465443082
1202,2022-04-17,5.44815,1977.563150595826
1203,2022-04-18,4.20564,1526.5583158818736
1204,2022-04-19,3.81607,1385.1526503664938
1205,2022-04-20,3.36747,1222.320344105233
1206,2022-04-21,3.38812,1229.8158570885034
1207,2022-04-22,4.07874,1480.4963014713653
1208,2022-04-23,3.56225,1293.0213619687383
1209,2022-04-24,3.60062,1306.9488599429794
1210,2022-04-25,3.53864,1284.4514316280597
1211,2022-04-26,3.35566,1218.033564040709
1212,2022-04-27,3.05758,1109.8368323190048
1213,2022-04-28,2.74769,997.3533205327763
1214,2022-04-29,2.5588,928.7902480189789
1215,2022-04-30,2.09544,760.6003741241555
1216,2022-05-01,2.3463,851.6572451645028
1217,2022-05-02,2.39353,868.8007356342296
1218,2022-05-03,2.22235,806.6660183230333
1219,2022-05-04,1.73243,628.8354265184928
1220,2022-05-05,1.98624,720.9630851278789
1221,2022-05-06,3.38517,1228.7450695194648
1222,2022-05-07,2.99265,1086.2686164350464
1223,2022-05-08,2.53224,919.1495301092617
1224,2022-05-09,2.98969,1085.1941990776384
1225,2022-05-10,2.52634,917.0079549711844
1226,2022-05-11,2.4496,889.1529590227024
1227,2022-05-12,2.2312,809.8783810301491
1228,2022-05-13,1.93607,702.7524368774833
1229,2022-05-14,2.00395,727.3914403304802
1230,2022-05-15,2.2253,807.7368058920719
1231,2022-05-16,2.11905,769.170304464834
1232,2022-05-17,2.2253,807.7368058920719
1233,2022-05-18,2.21054,802.3792382585092
1234,2022-05-19,1.90656,692.0409313987276
1235,2022-05-20,1.91246,694.1825065368049
1236,2022-05-21,1.58781,576.3414271170137
1237,2022-05-22,2.11905,769.170304464834
1238,2022-05-23,2.25776,819.5190989398662
1239,2022-05-24,2.09839,761.6711616931941
1240,2022-05-25,2.05117,744.5313010118371
1241,2022-05-26,2.20169,799.1668755513934
1242,2022-05-27,2.02166,733.8197955330813
1243,2022-05-28,1.57896,573.1290644098979
1244,2022-05-29,2.14266,777.7402348055124
1245,2022-05-30,1.86819,678.1134334244865
1246,2022-05-31,1.8918,686.6833637651649
1247,2022-06-01,2.13676,775.5986596674353
1248,2022-06-02,1.81506,658.8283678166827
1249,2022-06-03,1.79441,651.3328548334125
1250,2022-06-04,1.60257,581.6989947505764
1251,2022-06-05,1.54354,560.2723540046953
1252,2022-06-06,1.77965,645.9752871998497
1253,2022-06-07,1.6734,607.4087857726119
1254,2022-06-08,1.83868,667.4019279457308
1255,2022-06-09,1.79145,650.2584374760042
1256,2022-06-10,1.96263,712.3931547872005
1257,2022-06-11,1.52879,554.9184161595024
1258,2022-06-12,1.8918,686.6833637651649
1259,2022-06-13,1.83277,665.256723019284
1260,2022-06-14,2.17808,790.5969452107149
1261,2022-06-15,1.91541,695.2532941058435
1262,2022-06-16,1.94492,705.9647995845992
1263,2022-06-17,1.67635,608.4795733416504
1264,2022-06-18,1.38712,503.49520432706186
1265,2022-06-19,1.60847,583.8405698886536
1266,2022-06-20,1.85048,671.6850782218852
1267,2022-06-21,1.93017,700.6108617394061
1268,2022-06-22,2.1102,765.9579417577181
1269,2022-06-23,1.75014,635.2637817210941
1270,2022-06-24,1.72948,627.7646389494543
1271,2022-06-25,1.46681,532.4209878445828
1272,2022-06-26,1.54649,561.343141573734
1273,2022-06-27,1.74718,634.1893643636859
1274,2022-06-28,1.52879,554.9184161595024
1275,2022-06-29,1.75014,635.2637817210941
1276,2022-06-30,1.35466,491.7129112792676
1277,2022-07-01,1.42254,516.3519147322644
1278,2022-07-02,1.26907,460.64555262366946
1279,2022-07-03,1.56715,568.8422843453739
1280,2022-07-04,1.6734,607.4087857726119
1281,2022-07-05,1.56125,566.7007092072967
1282,2022-07-06,1.50813,547.4192733878625
1283,2022-07-07,1.41663,514.2067098058176
1284,2022-07-08,1.28087,464.92870289982386
1285,2022-07-09,1.03886,377.08419456659226
1286,2022-07-10,1.45205,527.0634202110201
1287,2022-07-11,1.51993,551.7024236640169
1288,2022-07-12,1.47566,535.6333505516985
1289,2022-07-13,1.41663,514.2067098058176
1290,2022-07-14,1.91541,695.2532941058435
1291,2022-07-15,5.76395,2092.1918673085015
1292,2022-07-16,2.38467,865.584743138744
1293,2022-07-17,1.92426,698.4656568129593
1294,2022-07-18,2.59422,941.6469584241813
1295,2022-07-19,2.15742,783.0978024390752
1296,2022-07-20,1.75014,635.2637817210941
1297,2022-07-21,1.58191,574.1998519789365
1298,2022-07-22,1.28087,464.92870289982386
1299,2022-07-23,1.48747,539.9201306162227
1300,2022-07-24,1.71177,621.3362837468529
1301,2022-07-25,1.91836,696.3240816748821
1302,2022-07-26,1.61733,587.056562384139
1303,2022-07-27,1.83572,666.3275105883226
1304,2022-07-28,1.39302,505.63677946513906
1305,2022-07-29,1.2248,444.5764795113512
1306,2022-07-30,1.07428,389.9409049717948
1307,2022-07-31,1.31629,477.7854133050264
1308,2022-08-01,1.46681,532.4209878445828
1309,2022-08-02,1.50813,547.4192733878625
1310,2022-08-03,1.44615,524.9218450729429
1311,2022-08-04,1.42549,517.4227023013029
1312,2022-08-05,1.35466,491.7129112792676
1313,2022-08-06,1.20414,437.07733673971126
1314,2022-08-07,1.35761,492.7836988483062
1315,2022-08-08,1.5642,567.7714967763353
1316,2022-08-09,1.4609,530.275782918136
1317,2022-08-10,1.5524,563.4883465001808
1318,2022-08-11,1.53764,558.1307788666181
1319,2022-08-12,1.42844,518.4934898703416
1320,2022-08-13,1.25136,454.21719742106825
1321,2022-08-14,1.34875,489.5677063528207
1322,2022-08-15,1.62323,589.1981375222163
1323,2022-08-16,1.4491,525.9926326419815
1324,2022-08-17,1.54649,561.343141573734
1325,2022-08-18,1.72062,624.5486464539688
1326,2022-08-19,2.56175,929.8610355880174
1327,2022-08-20,1.95968,711.3223672181618
1328,2022-08-21,1.85638,673.8266533599624
1329,2022-08-22,1.67635,608.4795733416504
1330,2022-08-23,1.9951,724.1790776233644
1331,2022-08-24,1.99805,725.249865192403
1332,2022-08-25,2.78605,1011.2771887186477
1333,2022-08-26,4.61883,1676.5375415263013
1334,2022-08-27,3.34385,1213.746783976185
1335,2022-08-28,3.41174,1238.3894172175515
1336,2022-08-29,3.35566,1218.033564040709
1337,2022-08-30,3.85148,1398.0057309833269
1338,2022-08-31,3.10775,1128.0474805694002
1339,2022-09-01,2.88345,1046.6313274387699
1340,2022-09-02,2.87164,1042.3445473742458
1341,2022-09-03,2.56765,932.0026107260946
1342,2022-09-04,3.0015,1089.4809791421624
1343,2022-09-05,2.75064,998.4241081018149
1344,2022-09-06,2.59717,942.7177459932201
1345,2022-09-07,2.57946,936.2893907906188
1346,2022-09-08,3.26417,1184.8246302470338
1347,2022-09-09,2.2312,809.8783810301491
1348,2022-09-10,2.42894,881.6538162510624
1349,2022-09-11,2.65915,965.2151743081396
1350,2022-09-12,2.98969,1085.1941990776384
1351,2022-09-13,3.85739,1400.1509359097736
1352,2022-09-14,3.68621,1338.0162185985773
1353,2022-09-15,2.70637,982.3550349894966
1354,2022-09-16,3.33795,1211.605208838108
1355,2022-09-17,2.93657,1065.9127632582042
1356,2022-09-18,3.27302,1188.0369929541496
1357,2022-09-19,3.07823,1117.332345302275
1358,2022-09-20,2.71227,984.4966101275738
1359,2022-09-21,3.5652,1294.0921495377768
1360,2022-09-22,3.17268,1151.6156964533586
1361,2022-09-23,3.1107,1129.118268138439
1362,2022-09-24,2.81852,1023.0631115548117
1363,2022-09-25,3.1107,1129.118268138439
1364,2022-09-26,2.96018,1074.4826935988824
1365,2022-09-27,2.26662,822.7350914353517
1366,2022-09-28,2.42009,878.4414535439466
1367,2022-09-29,2.29023,831.3050217760302
1368,2022-09-30,2.65619,964.1407569507313
1369,2022-10-01,2.13676,775.5986596674353
1370,2022-10-02,2.73883,994.1373280372909
1371,2022-10-03,3.05167,1107.6916273925578
1372,2022-10-04,2.71817,986.638185265651
1373,2022-10-05,3.22285,1169.826344703754
1374,2022-10-06,3.60947,1310.1612226500952
1375,2022-10-07,5.71082,2072.9068017006975
1376,2022-10-08,3.29073,1194.465348156751
1377,2022-10-09,3.94593,1432.2890821344104
1378,2022-10-10,3.95773,1436.5722324105648
1379,2022-10-11,3.4442,1250.1717102653458
1380,2022-10-12,3.37337,1224.4619192433104
1381,2022-10-13,3.79246,1376.5827200258154
1382,2022-10-14,3.47962,1263.0284206705485
1383,2022-10-15,3.24351,1177.325487475394
1384,2022-10-16,3.84263,1394.7933682762111
1385,2022-10-17,3.72753,1353.014504141857
1386,2022-10-18,3.65965,1328.3755006888605
1387,2022-10-19,3.24941,1179.4670626134712
1388,2022-10-20,3.04872,1106.6208398235192
1389,2022-10-21,3.20809,1164.4687770701914
1390,2022-10-22,2.71227,984.4966101275738
1391,2022-10-23,3.26122,1183.7538426779952
1392,2022-10-24,3.16973,1150.54490888432
1393,2022-10-25,3.16973,1150.54490888432
1394,2022-10-26,2.93067,1063.771188120127
1395,2022-10-27,2.71817,986.638185265651
1396,2022-10-28,2.95723,1073.411906029844
1397,2022-10-29,2.39943,870.9423107723068
1398,2022-10-30,2.54995,925.5778853118629
1399,2022-10-31,2.82442,1025.2046866928888
1400,2022-11-01,2.61488,949.1461011958212
1401,2022-11-02,2.74769,997.3533205327763
1402,2022-11-03,2.68866,975.9266797868953
1403,2022-11-04,2.72703,989.8541777611364
1404,2022-11-05,2.8805,1045.5605398697314
1405,2022-11-06,6.51949,2366.4368977869517
1406,2022-11-07,5.75214,2087.905087243977
1407,2022-11-08,4.18203,1517.9883855411952
1408,2022-11-09,4.45946,1618.6896042796293
1409,2022-11-10,3.63604,1319.8055703481818
1410,2022-11-11,3.36747,1222.320344105233
1411,2022-11-12,2.74473,996.2789031753681
1412,2022-11-13,3.66555,1330.5170758269376
1413,2022-11-14,4.64539,1686.1782594360184
1414,2022-11-15,4.669,1694.7481897766968
1415,2022-11-16,3.92527,1424.7899393627704
1416,2022-11-17,3.7718,1369.0835772541755
1417,2022-11-18,3.52979,1281.239068920944
1418,2022-11-19,3.26417,1184.8246302470338
1419,2022-11-20,3.31139,1201.9644909283907
1420,2022-11-21,3.1048,1126.9766930003616
1421,2022-11-22,2.7713,1005.9232508734548
1422,2022-11-23,2.7713,1005.9232508734548
1423,2022-11-24,2.46731,895.5813142253035
1424,2022-11-25,2.80081,1016.6347563522104
1425,2022-11-26,3.07233,1115.1907701641978
1426,2022-11-27,5.13826,1865.0796388095976
1427,2022-11-28,4.36206,1583.335465559507
1428,2022-11-29,3.36451,1221.245926747825
1429,2022-11-30,3.94298,1431.2182945653717
1430,2022-12-01,3.25531,1181.6086377515485
1431,2022-12-02,2.8864,1047.7021150078085
1432,2022-12-03,2.19284,795.9545128442776
1433,2022-12-04,3.10775,1128.0474805694002
1434,2022-12-05,3.13431,1137.6881984791173
1435,2022-12-06,2.90411,1054.1304702104098
1436,2022-12-07,2.95133,1071.2703308917667
1437,2022-12-08,3.24056,1176.2546999063552
1438,2022-12-09,2.42599,880.5830286820238
1439,2022-12-10,2.122,770.2410920338725
1440,2022-12-11,3.12841,1135.5466233410402
1441,2022-12-12,2.73588,993.0665404682521
1442,2022-12-13,3.27597,1189.1077805231882
1443,2022-12-14,3.01331,1093.7677592066864
1444,2022-12-15,2.79786,1015.5639687831718
1445,2022-12-16,9.75415,3540.5500225552296
1446,2022-12-17,4.89921,1778.309547833774
1447,2022-12-18,4.38272,1590.834608331147
1448,2022-12-19,4.1112,1492.2785945191597
1449,2022-12-20,3.48552,1265.1699958086256
1450,2022-12-21,3.46191,1256.6000654679472
1451,2022-12-22,3.84263,1394.7933682762111
1452,2022-12-23,3.52093,1278.0230764254584
1453,2022-12-24,3.87805,1407.6500786814136
1454,2022-12-25,3.27302,1188.0369929541496
1455,2022-12-26,7.02712,2550.6958447940933
1456,2022-12-27,6.18599,2245.383455660045
1457,2022-12-28,4.06103,1474.067946268764
1458,2022-12-29,3.51798,1276.95228885642
1459,2022-12-30,3.07823,1117.332345302275
1460,2022-12-31,2.65029,961.9991818126541
1461,2023-01-01,2.82442,1025.2046866928888
1462,2023-01-02,2.96904,1077.698686094368
1463,2023-01-03,2.81852,1023.0631115548117
1464,2023-01-04,2.85098,1034.8454046026059
1465,2023-01-05,2.84803,1033.7746170335674
1466,2023-01-06,2.47026,896.6521017943422
1467,2023-01-07,2.10725,764.8871541886796
1468,2023-01-08,2.48502,902.0096694279048
1469,2023-01-09,2.62078,951.2876763338984
1470,2023-01-10,2.65029,961.9991818126541
1471,2023-01-11,2.43189,882.724603820101
1472,2023-01-12,1.90065,689.8957264722808
1473,2023-01-13,2.08954,758.4587989860782
1474,2023-01-14,1.83572,666.3275105883226
1475,2023-01-15,2.17218,788.4553700726377
1476,2023-01-16,2.17808,790.5969452107149
1477,2023-01-17,1.86819,678.1134334244865
1478,2023-01-18,1.87704,681.3257961316024
1479,2023-01-19,1.92131,697.3948692439207
1480,2023-01-20,1.82687,663.1151478812068
1481,2023-01-21,1.86819,678.1134334244865
1482,2023-01-22,2.09249,759.5295865551169
1483,2023-01-23,2.13381,774.5278720983966
1484,2023-01-24,2.4378,884.8698087465478
1485,2023-01-25,1.97149,715.6091472826859
1486,2023-01-26,2.16627,786.3101651461909
1487,2023-01-27,2.09249,759.5295865551169
1488,2023-01-28,1.8859,684.5417886270877
1489,2023-01-29,2.71522,985.5673976966124
1490,2023-01-30,2.62963,954.5000390410144
1491,2023-01-31,2.28728,830.2342342069915
1492,2023-02-01,2.07773,754.1720189215541
1493,2023-02-02,2.04822,743.4605134427985
1494,2023-02-03,2.10134,762.7419492622327
1495,2023-02-04,1.82097,660.9735727431296
1496,2023-02-05,2.99265,1086.2686164350464
1497,2023-02-06,2.36696,859.1563879361429
1498,2023-02-07,2.01871,732.7490079640428
1499,2023-02-08,2.69161,976.9974673559338
1500,2023-02-09,2.92477,1061.6296129820498
1501,2023-02-10,2.20169,799.1668755513934
1502,2023-02-11,2.47911,899.864464501458
1503,2023-02-12,3.335,1210.5344212690693
1504,2023-02-13,4.99365,1812.589269196488
1505,2023-02-14,3.57406,1297.3081420332621
1506,2023-02-15,3.04872,1106.6208398235192
1507,2023-02-16,2.48207,900.9388818588662
1508,2023-02-17,2.50568,909.5088121995446
1509,2023-02-18,2.07478,753.1012313525156
1510,2023-02-19,2.17218,788.4553700726377
1511,2023-02-20,2.62373,952.358463902937
1512,2023-02-21,2.52634,917.0079549711844
1513,2023-02-22,2.4437,887.0113838846252
1514,2023-02-23,2.8805,1045.5605398697314
1515,2023-02-24,4.14957,1506.2060924934008
1516,2023-02-25,3.28483,1192.3237730186736
1517,2023-02-26,3.73933,1357.2976544180115
1518,2023-02-27,2.85098,1034.8454046026059
1519,2023-02-28,2.64144,958.7868191055383
1520,2023-03-01,3.04282,1104.479264685442
1521,2023-03-02,2.85984,1038.0613970980914
1522,2023-03-03,4.01676,1457.9988731564456
1523,2023-03-04,3.39993,1234.1026371530274
1524,2023-03-05,3.95183,1434.4306572724877
1525,2023-03-06,3.59177,1303.7364972358635
1526,2023-03-07,3.48847,1266.2407833776642
1527,2023-03-08,3.24646,1178.3962750444325
1528,2023-03-09,3.27597,1189.1077805231882
1529,2023-03-10,3.78951,1375.5119324567768
1530,2023-03-11,3.49142,1267.311570946703
1531,2023-03-12,3.86624,1403.3632986168893
1532,2023-03-13,3.38222,1227.6742819504261
1533,2023-03-14,3.03101,1100.192484620918
1534,2023-03-15,3.03101,1100.192484620918
1535,2023-03-16,2.72112,987.7089728346896
1536,2023-03-17,2.71522,985.5673976966124
1537,2023-03-18,2.92181,1060.5551956246413
1538,2023-03-19,3.46486,1257.6708530369856
1539,2023-03-20,3.40583,1236.2442122911048
1540,2023-03-21,3.27302,1188.0369929541496
1541,2023-03-22,3.37632,1225.532706812349
1542,2023-03-23,3.00445,1090.5517667112008
1543,2023-03-24,2.92772,1062.7004005510883
1544,2023-03-25,2.78605,1011.2771887186477
1545,2023-03-26,2.93657,1065.9127632582042
1546,2023-03-27,2.98084,1081.9818363705226
1547,2023-03-28,2.96904,1077.698686094368
1548,2023-03-29,2.47911,899.864464501458
1549,2023-03-30,4.60703,1672.254391250147
1550,2023-03-31,4.16137,1510.4892427695552
1551,2023-04-01,3.20514,1163.3979895011528
1552,2023-04-02,3.27893,1190.1821978805965
1553,2023-04-03,3.03101,1100.192484620918
1554,2023-04-04,2.64439,959.8576066745769
1555,2023-04-05,2.52929,918.0787425402232
1556,2023-04-06,2.72407,988.7797604037282
1557,2023-04-07,2.95428,1072.3411184608053
1558,2023-04-08,2.68276,973.7851046488181
1559,2023-04-09,2.60307,944.8593211312973
1560,2023-04-10,2.5647,930.9318231570561
1561,2023-04-11,2.3463,851.6572451645028
1562,2023-04-12,2.2312,809.8783810301491
1563,2023-04-13,4.09349,1485.8502393165584
1564,2023-04-14,4.60998,1673.3251788191856
1565,2023-04-15,3.09004,1121.6191253667992
1566,2023-04-16,3.60652,1309.0904350810565
1567,2023-04-17,2.64734,960.9283942436155
1568,2023-04-18,2.63258,955.5708266100528
1569,2023-04-19,2.69456,978.0682549249725
1570,2023-04-20,2.31679,840.9457396857473
1571,2023-04-21,2.49387,905.2220321350205
1572,2023-04-22,2.46141,893.4397390872263
1573,2023-04-23,2.83623,1029.491466757413
1574,2023-04-24,2.54404,923.4326803854161
1575,2023-04-25,2.34335,850.5864575954644
1576,2023-04-26,2.05412,745.6020885808758
1577,2023-04-27,2.08659,757.3880114170397
1578,2023-04-28,2.02461,734.89058310212
1579,2023-04-29,2.31089,838.80416454767
1580,2023-04-30,4.61588,1675.4667539572627
1581,2023-05-01,4.32665,1570.4823849426741
1582,2023-05-02,3.1048,1126.9766930003616
1583,2023-05-03,2.46141,893.4397390872263
1584,2023-05-04,2.4437,887.0113838846252
1585,2023-05-05,2.25776,819.5190989398662
1586,2023-05-06,2.27252,824.8766665734289
1587,2023-05-07,2.59126,940.5725410667732
1588,2023-05-08,2.36106,857.0148127980656
1589,2023-05-09,2.23711,812.023585956596
1590,2023-05-10,2.30499,836.6625894095928
1591,2023-05-11,2.42599,880.5830286820238
1592,2023-05-12,2.06003,747.7472935073225
1593,2023-05-13,2.03346,738.1029458092357
1594,2023-05-14,2.41123,875.2254610484612
1595,2023-05-15,2.42599,880.5830286820238
1596,2023-05-16,2.37877,863.4431680006668
1597,2023-05-17,2.3404,849.5156700264256
1598,2023-05-18,2.15742,783.0978024390752
1599,2023-05-19,2.20759,801.3084506894706
1600,2023-05-20,1.90951,693.1117189677663
1601,2023-05-21,2.38762,866.6555307077826
1602,2023-05-22,2.37287,861.3015928625896
1603,2023-05-23,2.08954,758.4587989860782
1604,2023-05-24,2.12495,771.3118796029112
1605,2023-05-25,1.87114,679.1842209935252
1606,2023-05-26,1.36351,494.9252739863834
1607,2023-05-27,1.82392,662.0443603121681
1608,2023-05-28,1.91541,695.2532941058435
1609,2023-05-29,2.11905,769.170304464834
1610,2023-05-30,2.04822,743.4605134427985
1611,2023-05-31,1.96558,713.463942356239
1612,2023-06-01,1.95378,709.1807920800846
1613,2023-06-02,1.48747,539.9201306162227
1614,2023-06-03,1.64684,597.7680678628948
1615,2023-06-04,1.96853,714.5347299252776
1616,2023-06-05,1.8859,684.5417886270877
1617,2023-06-06,1.85343,672.7558657909238
1618,2023-06-07,1.72062,624.5486464539688
1619,2023-06-08,1.75899,638.47614442821
1620,2023-06-09,1.66455,604.196423065496
1621,2023-06-10,1.59076,577.4122146860524
1622,2023-06-11,2.15447,782.0270148700364
1623,2023-06-12,1.86524,677.0426458554479
1624,2023-06-13,1.83277,665.256723019284
1625,2023-06-14,2.122,770.2410920338725
1626,2023-06-15,1.92131,697.3948692439207
1627,2023-06-16,10.07584,3657.3166846176127
1628,2023-06-17,4.27352,1551.1973193348706
1629,2023-06-18,3.61833,1313.3772151455805
1630,2023-06-19,2.64734,960.9283942436155
1631,2023-06-20,2.08954,758.4587989860782
1632,2023-06-21,1.92131,697.3948692439207
1633,2023-06-22,2.78605,1011.2771887186477
1634,2023-06-23,1.94492,705.9647995845992
1635,2023-06-24,2.13676,775.5986596674353
1636,2023-06-25,2.09544,760.6003741241555
1637,2023-06-26,1.98034,718.8215099898017
1638,2023-06-27,1.7767,644.9044996308112
1639,2023-06-28,1.78555,648.116862337927
1640,2023-06-29,1.69406,614.9079285442517
1641,2023-06-30,1.47566,535.6333505516985
1642,2023-07-01,1.42549,517.4227023013029
1643,2023-07-02,1.80031,653.4744299714897
1644,2023-07-03,1.80031,653.4744299714897
1645,2023-07-04,1.67045,606.3379982035732
1646,2023-07-05,1.69996,617.0495036823289
1647,2023-07-06,1.57896,573.1290644098979
1648,2023-07-07,1.57896,573.1290644098979
1649,2023-07-08,1.4432,523.8510575039043
1650,2023-07-09,1.52879,554.9184161595024
1651,2023-07-10,1.63798,594.5520753674093
1652,2023-07-11,1.5642,567.7714967763353
1653,2023-07-12,1.64094,595.6264927248176
1654,2023-07-13,2.01576,731.6782203950042
1655,2023-07-14,4.53914,1647.6117580087805
1656,2023-07-15,2.03346,738.1029458092357
1657,2023-07-16,1.88885,685.6125761961264
1658,2023-07-17,1.97739,717.750722420763
1659,2023-07-18,1.80916,656.6867926786056
1660,2023-07-19,1.63798,594.5520753674093
1661,2023-07-20,1.61733,587.056562384139
1662,2023-07-21,1.59962,580.6282071815378
1663,2023-07-22,1.57306,570.9874892718207
1664,2023-07-23,1.67635,608.4795733416504
1665,2023-07-24,1.80916,656.6867926786056
1666,2023-07-25,1.62618,590.2689250912549
1667,2023-07-26,1.44025,522.7802699348657
1668,2023-07-27,1.46386,531.3502002755441
1669,2023-07-28,1.17758,427.4366188299942
1670,2023-07-29,1.36056,493.8544864173448
1671,2023-07-30,1.48747,539.9201306162227
1672,2023-07-31,1.34875,489.5677063528207
1673,2023-08-01,1.59371,578.4830022550909
1674,2023-08-02,1.57601,572.0582768408593
1675,2023-08-03,1.59371,578.4830022550909
1676,2023-08-04,1.455,528.1342077800588
1677,2023-08-05,1.28087,464.92870289982386
1678,2023-08-06,1.39893,507.7819843915859
1679,2023-08-07,1.62913,591.3397126602935
1680,2023-08-08,1.71767,623.4778588849302
1681,2023-08-09,1.5583,565.6299216382581
1682,2023-08-10,1.51698,550.6316360949783
1683,2023-08-11,1.41663,514.2067098058176
1684,2023-08-12,1.19824,434.93576160163406
1685,2023-08-13,1.4609,530.275782918136
1686,2023-08-14,1.37236,498.13763669349925
1687,2023-08-15,1.56125,566.7007092072967
1688,2023-08-16,1.53174,555.989203728541
1689,2023-08-17,1.45795,529.2049953490973
1690,2023-08-18,1.33105,483.1429809385891
1691,2023-08-19,1.10379,400.6524104505505
1692,2023-08-20,1.39598,506.7111968225473
1693,2023-08-21,1.48452,538.849343047184
1694,2023-08-22,1.52288,552.7732112330556
1695,2023-08-23,1.53764,558.1307788666181
1696,2023-08-24,1.55535,564.5591340692195
1697,2023-08-25,1.98624,720.9630851278789
1698,2023-08-26,1.67635,608.4795733416504
1699,2023-08-27,1.93312,701.6816493084447
1700,2023-08-28,2.2312,809.8783810301491
1701,2023-08-29,2.26072,820.5935162972745
1702,2023-08-30,2.16037,784.1685900081136
1703,2023-08-31,2.0128,730.603803037596
1704,2023-09-01,2.8864,1047.7021150078085
1705,2023-09-02,2.08954,758.4587989860782
1706,2023-09-03,2.45255,890.2237465917409
1707,2023-09-04,2.38762,866.6555307077826
1708,2023-09-05,2.16922,787.3809527152296
1709,2023-09-06,1.98624,720.9630851278789
1710,2023-09-07,3.71277,1347.6569365082944
1711,2023-09-08,2.88935,1048.7729025768472
1712,2023-09-09,2.54404,923.4326803854161
1713,2023-09-10,2.789,1012.3479762876865
1714,2023-09-11,2.87754,1044.4861225123232
1715,2023-09-12,2.47616,898.7936769324194
1716,2023-09-13,2.27842,827.0182417115061
1717,2023-09-14,2.6798,972.7106872914098
1718,2023-09-15,2.29318,832.3758093450688
1719,2023-09-16,2.15742,783.0978024390752
1720,2023-09-17,2.60602,945.9301087003358
1721,2023-09-18,2.57061,933.0770280835028
1722,2023-09-19,2.34926,852.7316625219112
1723,2023-09-20,2.668,968.4275370152554
1724,2023-09-21,2.77425,1006.9940384424933
1725,2023-09-22,2.64439,959.8576066745769
1726,2023-09-23,2.31384,839.8749521167085
1727,2023-09-24,2.81557,1021.9923239857732
1728,2023-09-25,2.57061,933.0770280835028
1729,2023-09-26,2.25186,817.377523801789
1730,2023-09-27,2.65619,964.1407569507313
1731,2023-09-28,2.17808,790.5969452107149
1732,2023-09-29,1.71177,621.3362837468529
1733,2023-09-30,2.16922,787.3809527152296
1734,2023-10-01,2.46141,893.4397390872263
1735,2023-10-02,2.72998,990.9249653301749
1736,2023-10-03,3.35861,1219.1043516097477
1737,2023-10-04,2.72998,990.9249653301749
1738,2023-10-05,3.08119,1118.4067626596832
1739,2023-10-06,3.83082,1390.506588211687
1740,2023-10-07,2.86574,1040.2029722361688
1741,2023-10-08,3.90166,1416.220009022092
1742,2023-10-09,3.71867,1349.7985116463717
1743,2023-10-10,3.59472,1304.807284804902
1744,2023-10-11,3.73343,1355.1560792799344
1745,2023-10-12,3.7659,1366.9420021160981
1746,2023-10-13,4.20269,1525.487528312835
1747,2023-10-14,3.59767,1305.8780723739408
1748,2023-10-15,4.33255,1572.6239600807514
1749,2023-10-16,3.81017,1383.0110752284165
1750,2023-10-17,3.40583,1236.2442122911048
1751,2023-10-18,3.42354,1242.6725674937059
1752,2023-10-19,4.27057,1550.126531765832
1753,2023-10-20,4.67195,1695.8189773457354
1754,2023-10-21,4.41519,1602.620531167311
1755,2023-10-22,4.3296,1571.5531725117128
1756,2023-10-23,4.2145,1529.7743083773591
1757,2023-10-24,3.71867,1349.7985116463717
1758,2023-10-25,3.81607,1385.1526503664938
1759,2023-10-26,3.19039,1158.0440516559597
1760,2023-10-27,3.18448,1155.898846729513
1761,2023-10-28,2.90411,1054.1304702104098
1762,2023-10-29,3.214,1166.6139819966381
1763,2023-10-30,3.13431,1137.6881984791173
1764,2023-10-31,2.98084,1081.9818363705226
1765,2023-11-01,2.91886,1059.484408055603
1766,2023-11-02,3.39993,1234.1026371530274
1767,2023-11-03,2.789,1012.3479762876865
1768,2023-11-04,2.7772,1008.064826011532
1769,2023-11-05,4.75459,1725.8155484322951
1770,2023-11-06,4.62473,1678.6791166643784
1771,2023-11-07,4.47126,1622.9727545557837
1772,2023-11-08,4.93167,1790.0918408815685
1773,2023-11-09,4.28828,1556.5548869684333
1774,2023-11-10,4.02561,1461.2112358635618
1775,2023-11-11,3.60947,1310.1612226500952
1776,2023-11-12,4.42699,1606.9036814434653
1777,2023-11-13,4.23516,1537.2734511489987
1778,2023-11-14,4.35026,1579.0523152833525
1779,2023-11-15,4.13186,1499.7777372907995
1780,2023-11-16,3.69211,1340.1577937366546
1781,2023-11-17,3.47371,1260.8832157441016
1782,2023-11-18,3.59472,1304.807284804902
1783,2023-11-19,3.94593,1432.2890821344104
1784,2023-11-20,4.08464,1482.6378766094426
1785,2023-11-21,3.78065,1372.2959399612914
1786,2023-11-22,3.83968,1393.7225807071723
1787,2023-11-23,3.82492,1388.3650130736098
1788,2023-11-24,4.38568,1591.9090256885552
1789,2023-11-25,4.88445,1772.9519802002114
1790,2023-11-26,4.87265,1768.668829924057
1791,2023-11-27,4.29123,1557.6256745374715
1792,2023-11-28,4.63359,1681.895109159864
1793,2023-11-29,5.21205,1891.863847189041
1794,2023-11-30,4.01381,1456.9280855874072
1795,2023-12-01,4.04332,1467.6395910661627
1796,2023-12-02,4.00495,1453.7120930919218
1797,2023-12-03,4.78411,1736.5306836994205
1798,2023-12-04,4.73688,1719.3871932296938
1799,2023-12-05,3.68621,1338.0162185985773
1800,2023-12-06,3.1107,1129.118268138439
1801,2023-12-07,2.74178,995.2081156063294
1802,2023-12-08,2.7713,1005.9232508734548
1803,2023-12-09,2.80081,1016.6347563522104
1804,2023-12-10,3.85148,1398.0057309833269
1805,2023-12-11,3.57406,1297.3081420332621
1806,2023-12-12,3.57701,1298.3789296023008
1807,2023-12-13,3.85148,1398.0057309833269
1808,2023-12-14,5.19139,1884.3647044174013
1809,2023-12-15,11.80237,4284.010535998028
1810,2023-12-16,5.82297,2113.6148782660125
1811,2023-12-17,4.78115,1735.4562663420122
1812,2023-12-18,4.49783,1632.6171022538706
1813,2023-12-19,4.28238,1554.4133118303557
1814,2023-12-20,4.04332,1467.6395910661627
1815,2023-12-21,3.29073,1194.465348156751
1816,2023-12-22,3.214,1166.6139819966381
1817,2023-12-23,3.04577,1105.5500522544808
1818,2023-12-24,2.73588,993.0665404682521
1819,2023-12-25,3.11365,1130.1890557074773
1820,2023-12-26,3.22285,1169.826344703754
1821,2023-12-27,2.68571,974.8558922178566
1822,2023-12-28,2.9956,1087.339404004085
1823,2023-12-29,2.37287,861.3015928625896
1824,2023-12-30,2.47911,899.864464501458
1825,2023-12-31,2.47026,896.6521017943422
1826,2024-01-01,2.70637,982.3550349894966
1827,2024-01-02,2.7713,1005.9232508734548
1828,2024-01-03,2.50863,910.5795997685833
1829,2024-01-04,2.35516,854.8732376599884
1830,2024-01-05,2.26072,820.5935162972745
1831,2024-01-06,2.44665,888.0821714536636
1832,2024-01-07,2.69751,979.139042494011
1833,2024-01-08,2.3286,845.2325197502712
1834,2024-01-09,2.95428,1072.3411184608053
1835,2024-01-10,2.41123,875.2254610484612
1836,2024-01-11,2.26662,822.7350914353517
1837,2024-01-12,1.79736,652.403642402451
1838,2024-01-13,1.90065,689.8957264722808
1839,2024-01-14,2.29613,833.4465969141072
1840,2024-01-15,2.50568,909.5088121995446
1841,2024-01-16,2.37287,861.3015928625896
1842,2024-01-17,2.16037,784.1685900081136
1843,2024-01-18,2.11905,769.170304464834
1844,2024-01-19,2.06593,749.8888686453997
1845,2024-01-20,2.08364,756.317223848001
1846,2024-01-21,2.58831,939.5017534977345
1847,2024-01-22,2.37582,862.3723804316282
1848,2024-01-23,2.31679,840.9457396857473
1849,2024-01-24,2.10134,762.7419492622327
1850,2024-01-25,2.03641,739.1737333782745
1851,2024-01-26,1.93607,702.7524368774833
1852,2024-01-27,1.95673,710.2515796491232
1853,2024-01-28,2.6739,970.5691121533326
1854,2024-01-29,2.06298,748.8180810763612
1855,2024-01-30,2.09839,761.6711616931941
1856,2024-01-31,2.08068,755.2428064905928
1857,2024-02-01,2.02166,733.8197955330813
1858,2024-02-02,1.90065,689.8957264722808
1859,2024-02-03,1.7767,644.9044996308112
1860,2024-02-04,2.55585,927.7194604499402
1861,2024-02-05,2.29318,832.3758093450688
1862,2024-02-06,1.85933,674.897440929001
1863,2024-02-07,1.65864,602.0512181390492
1864,2024-02-08,1.94492,705.9647995845992
1865,2024-02-09,1.82392,662.0443603121681
1866,2024-02-10,2.02166,733.8197955330813
1867,2024-02-11,2.15742,783.0978024390752
1868,2024-02-12,2.37582,862.3723804316282
1869,2024-02-13,2.49977,907.3636072730977
1870,2024-02-14,2.33745,848.444882457387
1871,2024-02-15,2.02461,734.89058310212
1872,2024-02-16,3.61538,1312.306427576542
1873,2024-02-17,4.05217,1470.8519537732789
1874,2024-02-18,3.34385,1213.746783976185
1875,2024-02-19,3.16087,1147.3289163888344
1876,2024-02-20,4.26467,1547.9849566277544
1877,2024-02-21,4.27057,1550.126531765832
1878,2024-02-22,3.23761,1175.1839123373168
1879,2024-02-23,5.03202,1826.5167671707293
1880,2024-02-24,4.63654,1682.9658967289026
1881,2024-02-25,5.35076,1942.2126416640735
1882,2024-02-26,3.80131,1379.7950827329312
1883,2024-02-27,3.29368,1195.5361357257896
1884,2024-02-28,3.93117,1426.9315145008477
1885,2024-02-29,3.19924,1161.2564143630757
1886,2024-03-01,3.24056,1176.2546999063552
1887,2024-03-02,3.00445,1090.5517667112008
1888,2024-03-03,3.27007,1186.966205385111
1889,2024-03-04,2.90706,1055.2012577794485
1890,2024-03-05,2.81557,1021.9923239857732
1891,2024-03-06,2.57356,934.1478156525416
1892,2024-03-07,2.66505,967.3567494462168
1893,2024-03-08,3.95773,1436.5722324105648
1894,2024-03-09,3.19334,1159.1148392249984
1895,2024-03-10,3.60062,1306.9488599429794
1896,2024-03-11,3.19334,1159.1148392249984
1897,2024-03-12,3.01035,1092.693341849278
1898,2024-03-13,3.0074,1091.6225542802395
1899,2024-03-14,2.77425,1006.9940384424933
1900,2024-03-15,3.19924,1161.2564143630757
1901,2024-03-16,3.03396,1101.2632721899565
1902,2024-03-17,3.42944,1244.8141426317832
1903,2024-03-18,2.85098,1034.8454046026059
1904,2024-03-19,2.80376,1017.705543921249
1905,2024-03-20,3.30844,1200.8937033593522
1906,2024-03-21,4.81952,1749.3837643162533
1907,2024-03-22,4.002,1452.641305522883
1908,2024-03-23,3.68031,1335.8746434605002
1909,2024-03-24,3.95478,1435.501444841526
1910,2024-03-25,3.61538,1312.306427576542
1911,2024-03-26,3.37042,1223.391131674272
1912,2024-03-27,3.51503,1275.8815012873813
1913,2024-03-28,3.55635,1290.879786830661
1914,2024-03-29,4.34436,1576.9107401452754
1915,2024-03-30,3.90756,1418.3615841601693
1916,2024-03-31,3.75409,1362.6552220515744
1917,2024-04-01,3.15497,1145.1873412507573
1918,2024-04-02,2.97494,1079.8402612324453
1919,2024-04-03,2.66505,967.3567494462168
1920,2024-04-04,2.6621,966.2859618771782
1921,2024-04-05,2.49682,906.2928197040592
1922,2024-04-06,2.38467,865.584743138744
1923,2024-04-07,5.87905,2133.970731442855
1924,2024-04-08,5.12351,1859.7257009644043
1925,2024-04-09,3.28188,1191.2529854496352
1926,2024-04-10,3.58586,1301.5912923094165
1927,2024-04-11,2.91296,1057.3428329175256
1928,2024-04-12,3.67145,1332.6586509650149
1929,2024-04-13,3.05462,1108.7624149615965
1930,2024-04-14,3.4383,1248.0301351272685
1931,2024-04-15,2.66505,967.3567494462168
1932,2024-04-16,2.35811,855.9440252290269
1933,2024-04-17,2.65029,961.9991818126541
1934,2024-04-18,2.70932,983.4258225585352
1935,2024-04-19,4.60112,1670.1091863237
1936,2024-04-20,3.51503,1275.8815012873813
1937,2024-04-21,3.44125,1249.1009226963072
1938,2024-04-22,3.45896,1255.5292778989085
1939,2024-04-23,3.04282,1104.479264685442
1940,2024-04-24,2.70342,981.2842474204579
1941,2024-04-25,2.47911,899.864464501458
1942,2024-04-26,2.76244,1002.7072583779692
1943,2024-04-27,2.80671,1018.7763314902876
1944,2024-04-28,2.80376,1017.705543921249
1945,2024-04-29,2.70637,982.3550349894966
1946,2024-04-30,2.07183,752.0304437834769
1947,2024-05-01,2.54109,922.3618928163776
1948,2024-05-02,2.42009,878.4414535439466
1949,2024-05-03,2.37287,861.3015928625896
1950,2024-05-04,2.30499,836.6625894095928
1951,2024-05-05,2.31679,840.9457396857473
1952,2024-05-06,2.47616,898.7936769324194
1953,2024-05-07,2.20759,801.3084506894706
1954,2024-05-08,2.08364,756.317223848001
1955,2024-05-09,2.3345,847.3740948883484
1956,2024-05-10,2.20169,799.1668755513934
1957,2024-05-11,2.16627,786.3101651461909
1958,2024-05-12,2.54995,925.5778853118629
1959,2024-05-13,3.57111,1296.2373544642237
1960,2024-05-14,2.70637,982.3550349894966
1961,2024-05-15,2.23415,810.9491685991877
1962,2024-05-16,2.05117,744.5313010118371
1963,2024-05-17,2.06003,747.7472935073225
1964,2024-05-18,2.13676,775.5986596674353
1965,2024-05-19,2.05412,745.6020885808758
1966,2024-05-20,1.87999,682.3965837006409
1967,2024-05-21,2.14266,777.7402348055124
1968,2024-05-22,2.11315,767.0287293267568
1969,2024-05-23,2.13086,773.4570845293581
1970,2024-05-24,1.83277,665.256723019284
1971,2024-05-25,1.77079,642.7592947043644
1972,2024-05-26,1.97444,716.6799348517244
1973,2024-05-27,2.1161,768.0995168957953
1974,2024-05-28,1.94197,704.8940120155605
1975,2024-05-29,1.82097,660.9735727431296
1976,2024-05-30,1.63503,593.4812877983707
1977,2024-05-31,2.30794,837.7333769786313
1978,2024-06-01,1.87999,682.3965837006409
1979,2024-06-02,2.14561,778.811022374551
1980,2024-06-03,2.1102,765.9579417577181
1981,2024-06-04,2.0069,728.4622278995188
1982,2024-06-05,1.89475,687.7541513342036
1983,2024-06-06,1.92131,697.3948692439207
1984,2024-06-07,1.98624,720.9630851278789
1985,2024-06-08,2.07773,754.1720189215541
1986,2024-06-09,2.20759,801.3084506894706
1987,2024-06-10,2.51453,912.7211749066605
1988,2024-06-11,1.9951,724.1790776233644
1989,2024-06-12,1.87704,681.3257961316024
1990,2024-06-13,1.73538,629.9062140875315
1991,2024-06-14,1.69406,614.9079285442517
1992,2024-06-15,1.58486,575.2706395479751
1993,2024-06-16,1.8918,686.6833637651649
1994,2024-06-17,1.73243,628.8354265184928
1995,2024-06-18,1.90065,689.8957264722808
1996,2024-06-19,1.77965,645.9752871998497
1997,2024-06-20,1.90065,689.8957264722808
1998,2024-06-21,1.65864,602.0512181390492
1999,2024-06-22,1.62028,588.1273499531776
2000,2024-06-23,1.85933,674.897440929001
2001,2024-06-24,1.93312,701.6816493084447
2002,2024-06-25,1.54059,559.2015664356568
2003,2024-06-26,1.69111,613.8371409752131
2004,2024-06-27,1.52288,552.7732112330556
2005,2024-06-28,1.34875,489.5677063528207
2006,2024-06-29,1.41663,514.2067098058176
2007,2024-06-30,1.66455,604.196423065496
2008,2024-07-01,1.46681,532.4209878445828
2009,2024-07-02,1.56715,568.8422843453739
2010,2024-07-03,1.64684,597.7680678628948
2011,2024-07-04,1.36646,495.996061555422
2012,2024-07-05,1.36646,495.996061555422
2013,2024-07-06,1.38122,501.3536291889846
2014,2024-07-07,1.53174,555.989203728541
2015,2024-07-08,1.71472,622.4070713158916
2016,2024-07-09,1.60847,583.8405698886536
2017,2024-07-10,1.59962,580.6282071815378
2018,2024-07-11,1.84753,670.6142906528465
2019,2024-07-12,5.05858,1836.1574850804463
2020,2024-07-13,2.35811,855.9440252290269
2021,2024-07-14,2.13971,776.6694472364738
2022,2024-07-15,2.50863,910.5795997685833
2023,2024-07-16,2.93952,1066.9835508272427
2024,2024-07-17,1.87704,681.3257961316024
2025,2024-07-18,1.97739,717.750722420763
2026,2024-07-19,1.70882,620.2654961778144
2027,2024-07-20,1.70291,618.1202912513675
2028,2024-07-21,1.82392,662.0443603121681
2029,2024-07-22,1.82097,660.9735727431296
2030,2024-07-23,1.9036,690.9665140413194
2031,2024-07-24,1.65864,602.0512181390492
2032,2024-07-25,1.72062,624.5486464539688
2033,2024-07-26,1.5701,569.9130719144125
2034,2024-07-27,1.57896,573.1290644098979
2035,2024-07-28,1.63503,593.4812877983707
2036,2024-07-29,1.72357,625.6194340230074
2037,2024-07-30,1.74128,632.0477892256087
2038,2024-07-31,1.455,528.1342077800588
2039,2024-08-01,1.55535,564.5591340692195
2040,2024-08-02,1.36056,493.8544864173448
2041,2024-08-03,1.47271,534.56256298266
2042,2024-08-04,1.49927,544.203280892377
2043,2024-08-05,1.33695,485.2845560766663
2044,2024-08-06,1.53174,555.989203728541
2045,2024-08-07,1.53764,558.1307788666181
2046,2024-08-08,1.5701,569.9130719144125
2047,2024-08-09,1.6734,607.4087857726119
2048,2024-08-10,1.47861,536.7041381207372
2049,2024-08-11,1.79441,651.3328548334125
2050,2024-08-12,1.99214,723.1046602659561
2051,2024-08-13,1.86819,678.1134334244865
2052,2024-08-14,1.90065,689.8957264722808
2053,2024-08-15,1.88885,685.6125761961264
2054,2024-08-16,2.02756,735.9613706711585
2055,2024-08-17,2.07183,752.0304437834769
2056,2024-08-18,2.39353,868.8007356342296
2057,2024-08-19,1.90656,692.0409313987276
2058,2024-08-20,2.11905,769.170304464834
2059,2024-08-21,1.85343,672.7558657909238
2060,2024-08-22,1.8859,684.5417886270877
2061,2024-08-23,2.06003,747.7472935073225
2062,2024-08-24,1.81802,659.9027851740909
2063,2024-08-25,2.08659,757.3880114170397
2064,2024-08-26,2.27252,824.8766665734289
2065,2024-08-27,1.97444,716.6799348517244
2066,2024-08-28,2.41714,877.3706659749079
2067,2024-08-29,2.76244,1002.7072583779692
2068,2024-08-30,3.86329,1402.292511047851
2069,2024-08-31,3.60652,1309.0904350810565
2070,2024-09-01,3.2317,1173.0387074108698
2071,2024-09-02,2.72407,988.7797604037282
2072,2024-09-03,2.59422,941.6469584241813
2073,2024-09-04,2.77425,1006.9940384424933
2074,2024-09-05,2.79196,1013.4223936450946
2075,2024-09-06,3.57406,1297.3081420332621
2076,2024-09-07,2.96608,1076.6242687369597
2077,2024-09-08,3.48257,1264.099208239587
2078,2024-09-09,3.05167,1107.6916273925578
2079,2024-09-10,2.7831,1010.2064011496092
2080,2024-09-11,2.95428,1072.3411184608053
2081,2024-09-12,3.21104,1165.53956463923
2082,2024-09-13,3.335,1210.5344212690693
2083,2024-09-14,3.1166,1131.2598432765162
2084,2024-09-15,3.2317,1173.0387074108698
2085,2024-09-16,2.58831,939.5017534977345
2086,2024-09-17,2.29318,832.3758093450688
2087,2024-09-18,3.1107,1129.118268138439
2088,2024-09-19,3.25236,1180.5378501825098
2089,2024-09-20,3.80721,1381.9366578710085
2090,2024-09-21,3.01626,1094.838546775725
2091,2024-09-22,3.28188,1191.2529854496352
2092,2024-09-23,3.47371,1260.8832157441016
2093,2024-09-24,2.81852,1023.0631115548117
2094,2024-09-25,3.27302,1188.0369929541496
2095,2024-09-26,3.13431,1137.6881984791173
2096,2024-09-27,3.31729,1204.106066066468
2097,2024-09-28,2.91001,1056.2720453484872
2098,2024-09-29,3.15497,1145.1873412507573
2099,2024-09-30,3.3409,1212.6759964071464
