,date,빈폴,빈폴_absolute
0,2019-01-01,8.46476,7297.061526230098
1,2019-01-02,8.76883,7559.185614601272
2,2019-01-03,8.43321,7269.863792194809
3,2019-01-04,8.19601,7065.385107149777
4,2019-01-05,8.84453,7624.442935250131
5,2019-01-06,9.34669,8057.33086308408
6,2019-01-07,8.60985,7422.136620720754
7,2019-01-08,8.56822,7386.249404622843
8,2019-01-09,8.63761,7446.067178464642
9,2019-01-10,8.21746,7083.876118086608
10,2019-01-11,7.96386,6865.259783653976
11,2019-01-12,8.41555,7254.6399575493815
12,2019-01-13,9.1322,7872.429374233705
13,2019-01-14,8.09129,6975.111043499206
14,2019-01-15,7.77587,6703.202667289662
15,2019-01-16,7.93863,6843.510216943663
16,2019-01-17,7.26866,6265.961377906481
17,2019-01-18,7.11473,6133.265745575192
18,2019-01-19,8.12031,7000.12778650092
19,2019-01-20,8.66284,7467.816745174953
20,2019-01-21,7.89573,6806.5281950700055
21,2019-01-22,8.10517,6987.076322371148
22,2019-01-23,7.64717,6592.256601668685
23,2019-01-24,7.4188,6395.389833946368
24,2019-01-25,7.47558,6444.337134691969
25,2019-01-26,8.44709,7281.829071066752
26,2019-01-27,9.06911,7818.042526681045
27,2019-01-28,8.35877,7205.692656803779
28,2019-01-29,7.8869,6798.916277747291
29,2019-01-30,7.55254,6510.6806405986545
30,2019-01-31,7.05922,6085.413250605337
31,2019-02-01,6.95324,5994.053001696938
32,2019-02-02,7.844,6761.9342558736325
33,2019-02-03,8.17835,7050.161272504351
34,2019-02-04,7.20305,6209.402159838166
35,2019-02-05,7.95755,6859.820236846918
36,2019-02-06,10.31946,8895.908984716689
37,2019-02-07,10.21726,8807.807291581774
38,2019-02-08,9.64571,8315.101589906024
39,2019-02-09,10.57811,9118.878680698552
40,2019-02-10,10.71185,9234.169487350839
41,2019-02-11,9.64823,8317.27396042168
42,2019-02-12,9.06154,7811.51679461616
43,2019-02-13,8.56191,7380.809857815784
44,2019-02-14,8.54298,7364.49121739461
45,2019-02-15,8.10139,6983.8177665976655
46,2019-02-16,8.79785,7584.202357602989
47,2019-02-17,9.51071,8198.72459799591
48,2019-02-18,8.51144,7337.30210387724
49,2019-02-19,8.37265,7217.657935675723
50,2019-02-20,7.8869,6798.916277747291
51,2019-02-21,7.4617,6432.371855820026
52,2019-02-22,7.43394,6408.441298076139
53,2019-02-23,8.21494,7081.703747570951
54,2019-02-24,9.2407,7965.961993657761
55,2019-02-25,9.48169,8173.707854994195
56,2019-02-26,8.26036,7120.858139960265
57,2019-02-27,8.04713,6937.042836367718
58,2019-02-28,7.37717,6359.502617848455
59,2019-03-01,8.8685,7645.106316702614
60,2019-03-02,8.83191,7613.563841636014
61,2019-03-03,9.52837,8213.948432641337
62,2019-03-04,7.65348,6597.696148475743
63,2019-03-05,7.48189,6449.776681499027
64,2019-03-06,7.18034,6189.824963643508
65,2019-03-07,7.30651,6298.59003823091
66,2019-03-08,7.64213,6587.911860637374
67,2019-03-09,8.07867,6964.23194988509
68,2019-03-10,9.48673,8178.052596025505
69,2019-03-11,8.14807,7024.058344244808
70,2019-03-12,7.1223,6139.7914776400785
71,2019-03-13,7.0895,6111.51617886488
72,2019-03-14,6.78038,5845.038728944475
73,2019-03-15,6.56589,5660.1372400941
74,2019-03-16,7.5967,6548.748847730141
75,2019-03-17,8.36887,7214.399379902239
76,2019-03-18,7.96134,6863.087413138321
77,2019-03-19,7.47937,6447.604310983373
78,2019-03-20,7.58283,6536.792189376117
79,2019-03-21,7.23712,6238.772264389111
80,2019-03-22,6.67314,5752.592294778247
81,2019-03-23,7.44656,6419.320391690255
82,2019-03-24,8.41807,7256.812328065037
83,2019-03-25,7.86797,6782.597637326117
84,2019-03-26,8.02316,6916.379454915234
85,2019-03-27,7.92853,6834.803493845203
86,2019-03-28,6.91791,5963.5967118881645
87,2019-03-29,6.76398,5830.901079556876
88,2019-03-30,7.53867,6498.72398224463
89,2019-03-31,8.12662,7005.5673333079785
90,2019-04-01,7.22072,6224.6346150015115
91,2019-04-02,7.09581,6116.955725671938
92,2019-04-03,6.47631,5582.9146405733
93,2019-04-04,6.34636,5470.8910102124155
94,2019-04-05,6.07509,5237.042220616439
95,2019-04-06,6.57346,5666.662972158986
96,2019-04-07,7.73297,6666.220645416002
97,2019-04-08,6.89015,5939.666154144277
98,2019-04-09,6.63529,5719.963634453819
99,2019-04-10,6.44856,5558.992703347331
100,2019-04-11,6.42711,5540.501692410503
101,2019-04-12,5.94766,5127.19096077121
102,2019-04-13,6.20757,5351.246842010898
103,2019-04-14,7.87806,6791.295739906658
104,2019-04-15,6.39935,5516.571134666616
105,2019-04-16,6.37033,5491.5543916649
106,2019-04-17,6.2328,5372.996408721211
107,2019-04-18,6.14196,5294.687623942583
108,2019-04-19,5.64737,4868.325428173518
109,2019-04-20,6.15963,5309.920079105928
110,2019-04-21,7.17025,6181.126861062968
111,2019-04-22,6.99613,6031.026403052677
112,2019-04-23,6.53435,5632.94812657673
113,2019-04-24,6.16341,5313.178634879411
114,2019-04-25,6.01074,5181.569187805951
115,2019-04-26,5.43415,4684.518745098891
116,2019-04-27,5.94009,5120.665228706323
117,2019-04-28,6.54697,5643.827220190846
118,2019-04-29,6.32112,5449.132822984184
119,2019-04-30,5.87574,5065.192195895836
120,2019-05-01,6.51416,5615.543300897729
121,2019-05-02,6.19243,5338.195377881127
122,2019-05-03,5.96911,5145.681971708039
123,2019-05-04,5.93252,5114.139496641438
124,2019-05-05,6.30346,5433.908988338757
125,2019-05-06,7.26362,6261.616636875171
126,2019-05-07,6.9974,6032.121208828424
127,2019-05-08,6.59239,5682.98161258016
128,2019-05-09,6.13565,5289.248077135525
129,2019-05-10,5.65621,4875.945966014151
130,2019-05-11,6.19621,5341.4539336546095
131,2019-05-12,6.76777,5834.168255848278
132,2019-05-13,6.60374,5692.765900418529
133,2019-05-14,6.17729,5325.143913751355
134,2019-05-15,6.05743,5221.8183859710125
135,2019-05-16,6.11799,5274.024242490097
136,2019-05-17,5.53887,4774.792808749463
137,2019-05-18,5.44676,4695.389218195088
138,2019-05-19,6.19874,5343.634924688185
139,2019-05-20,6.02967,5197.887828227125
140,2019-05-21,5.87448,5064.106010638008
141,2019-05-22,5.67892,4895.523162208808
142,2019-05-23,5.49723,4738.8969721336325
143,2019-05-24,5.43415,4684.518745098891
144,2019-05-25,5.41774,4670.372475193372
145,2019-05-26,5.97163,5147.854342223694
146,2019-05-27,5.68901,4904.221264789349
147,2019-05-28,5.33826,4601.856598771033
148,2019-05-29,5.47831,4722.586952230377
149,2019-05-30,5.284,4555.0816685410855
150,2019-05-31,4.53203,3906.8445825659073
151,2019-06-01,5.09727,4394.110737434598
152,2019-06-02,5.5742,4805.249098558236
153,2019-06-03,5.48966,4732.371240068746
154,2019-06-04,5.03166,4337.551519366282
155,2019-06-05,5.06825,4369.093994432884
156,2019-06-06,5.23606,4513.754905636116
157,2019-06-07,4.97993,4292.957580169911
158,2019-06-08,5.05942,4361.48207711017
159,2019-06-09,5.42153,4673.639651484775
160,2019-06-10,5.42153,4673.639651484775
161,2019-06-11,5.1591,4447.411399729431
162,2019-06-12,5.16288,4450.6699555029145
163,2019-06-13,5.29284,4562.7022063817185
164,2019-06-14,5.53382,4770.439447200233
165,2019-06-15,5.47578,4720.405961196803
166,2019-06-16,6.24668,5384.961687593154
167,2019-06-17,5.90602,5091.295124155378
168,2019-06-18,6.02462,5193.534466677895
169,2019-06-19,5.64611,4867.239242915691
170,2019-06-20,6.12934,5283.808530328467
171,2019-06-21,5.62719,4850.929223012436
172,2019-06-22,5.742,4949.901389243549
173,2019-06-23,6.53309,5631.861941318902
174,2019-06-24,5.7521,4958.60811234201
175,2019-06-25,5.52625,4763.913715135347
176,2019-06-26,5.69532,4909.660811596407
177,2019-06-27,5.18559,4470.247151697572
178,2019-06-28,5.06447,4365.8354386594
179,2019-06-29,5.39377,4649.7090937408875
180,2019-06-30,5.8278,5023.865432990866
181,2019-07-01,5.55906,4792.197634428464
182,2019-07-02,5.53382,4770.439447200233
183,2019-07-03,5.36475,4624.692350739173
184,2019-07-04,5.30167,4570.314123704431
185,2019-07-05,6.45234,5562.251259120816
186,2019-07-06,6.14196,5294.687623942583
187,2019-07-07,6.72234,5795.005242941045
188,2019-07-08,10.64372,9175.437898766866
189,2019-07-09,6.86492,5917.916587433964
190,2019-07-10,6.14701,5299.0409854918125
191,2019-07-11,5.37485,4633.399073837633
192,2019-07-12,4.98372,4296.2247564613135
193,2019-07-13,5.22849,4507.22917357123
194,2019-07-14,6.04607,5212.025477614724
195,2019-07-15,5.54644,4781.318540814348
196,2019-07-16,5.30041,4569.227938446604
197,2019-07-17,5.15783,4446.316593953684
198,2019-07-18,5.14648,4436.532306115316
199,2019-07-19,4.91559,4237.493167877342
200,2019-07-20,5.37359,4632.312888579805
201,2019-07-21,5.5742,4805.249098558236
202,2019-07-22,5.09727,4394.110737434598
203,2019-07-23,5.15026,4439.790861888799
204,2019-07-24,5.00769,4316.888137913798
205,2019-07-25,4.88909,4214.648795391283
206,2019-07-26,4.4967,3876.3882927571344
207,2019-07-27,4.67586,4030.833491798736
208,2019-07-28,5.40639,4660.588187355003
209,2019-07-29,5.21209,4493.091524183631
210,2019-07-30,5.03419,4339.732510399857
211,2019-07-31,5.15657,4445.230408695857
212,2019-08-01,5.16667,4453.937131794317
213,2019-08-02,4.8033,4140.693372161884
214,2019-08-03,4.57997,3948.1713454708774
215,2019-08-04,5.42531,4676.898207258258
216,2019-08-05,4.94839,4265.76846665254
217,2019-08-06,5.50859,4748.68988048992
218,2019-08-07,5.11367,4408.248386822198
219,2019-08-08,5.31555,4582.279402576375
220,2019-08-09,5.01148,4320.1553142052
221,2019-08-10,4.90423,4227.700259521054
222,2019-08-11,5.12124,4414.774118887083
223,2019-08-12,5.18559,4470.247151697572
224,2019-08-13,6.03472,5202.241189776355
225,2019-08-14,5.15153,4440.8856676645455
226,2019-08-15,5.8114,5009.727783603267
227,2019-08-16,5.6234,4847.662046721033
228,2019-08-17,5.39251,4648.62290848306
229,2019-08-18,5.67766,4894.43697695098
230,2019-08-19,5.65747,4877.032151271978
231,2019-08-20,5.72939,4939.030916147352
232,2019-08-21,5.73822,4946.642833470066
233,2019-08-22,5.56663,4798.72336649335
234,2019-08-23,5.51363,4753.034621521231
235,2019-08-24,5.9956,5168.517723676179
236,2019-08-25,6.66683,5747.1527479711895
237,2019-08-26,6.55959,5654.706313804962
238,2019-08-27,6.5987,5688.421159387218
239,2019-08-28,6.54192,5639.473858641616
240,2019-08-29,6.33879,5464.36527814753
241,2019-08-30,6.22776,5368.6516676899
242,2019-08-31,6.4801,5586.181816864702
243,2019-09-01,7.65222,6596.609963217916
244,2019-09-02,7.09455,6115.86954041411
245,2019-09-03,7.55254,6510.6806405986545
246,2019-09-04,6.84094,5897.244585463561
247,2019-09-05,6.88132,5932.054236821564
248,2019-09-06,6.37285,5493.726762180556
249,2019-09-07,7.6396,6585.730869603799
250,2019-09-08,7.55128,6509.594455340827
251,2019-09-09,7.15763,6170.247767448852
252,2019-09-10,6.54697,5643.827220190846
253,2019-09-11,5.71298,4924.884646241834
254,2019-09-12,5.66378,4882.471698079036
255,2019-09-13,5.742,4949.901389243549
256,2019-09-14,7.56516,6521.55973421277
257,2019-09-15,8.70322,7502.626396532957
258,2019-09-16,8.21368,7080.617562313123
259,2019-09-17,7.25352,6252.90991377671
260,2019-09-18,7.32922,6318.167234425567
261,2019-09-19,7.18791,6196.350695708394
262,2019-09-20,7.03146,6061.48269286145
263,2019-09-21,7.6497,6594.43759270226
264,2019-09-22,9.3101,8025.7883880174795
265,2019-09-23,7.97648,6876.138877268091
266,2019-09-24,8.18592,7056.687004569236
267,2019-09-25,7.39609,6375.81263775171
268,2019-09-26,7.22576,6228.979356032823
269,2019-09-27,6.5823,5674.283509999619
270,2019-09-28,6.78795,5851.564461009361
271,2019-09-29,7.87806,6791.295739906658
272,2019-09-30,6.85104,5905.951308562021
273,2019-10-01,7.16773,6178.954490547311
274,2019-10-02,7.05291,6079.9737037982795
275,2019-10-03,7.50965,6473.7072392429145
276,2019-10-04,6.78038,5845.038728944475
277,2019-10-05,8.06353,6951.180485755318
278,2019-10-06,8.48747,7316.6387224247555
279,2019-10-07,8.29947,7154.572985542521
280,2019-10-08,7.98531,6883.7507945908055
281,2019-10-09,9.10192,7846.326445974163
282,2019-10-10,8.3777,7222.0112972249535
283,2019-10-11,7.49577,6461.741960370971
284,2019-10-12,7.98531,6883.7507945908055
285,2019-10-13,8.27172,7130.651048316554
286,2019-10-14,8.51901,7343.827835942126
287,2019-10-15,13.87241,11958.73589884293
288,2019-10-16,10.75348,9270.056703448749
289,2019-10-17,9.70122,8362.954084875879
290,2019-10-18,9.03126,7785.413866356616
291,2019-10-19,8.56569,7384.068413589268
292,2019-10-20,9.70753,8368.393631682939
293,2019-10-21,10.36236,8932.89100659035
294,2019-10-22,8.79406,7580.935181311585
295,2019-10-23,8.56191,7380.809857815784
296,2019-10-24,8.63382,7442.800002173239
297,2019-10-25,7.38474,6366.028349913341
298,2019-10-26,8.29443,7150.2282445112105
299,2019-10-27,11.71995,10103.203898792222
300,2019-10-28,10.64624,9177.610269282522
301,2019-10-29,10.31441,8891.55562316746
302,2019-10-30,9.44888,8145.423935701078
303,2019-10-31,8.14807,7024.058344244808
304,2019-11-01,8.70574,7504.798767048614
305,2019-11-02,10.65002,9180.868825056004
306,2019-11-03,10.45068,9009.027420853321
307,2019-11-04,9.47916,8171.52686396062
308,2019-11-05,9.21547,7944.212426947448
309,2019-11-06,9.35804,8067.115150922449
310,2019-11-07,9.5208,8207.422700576451
311,2019-11-08,9.88291,8519.580274951057
312,2019-11-09,10.42923,8990.536409916493
313,2019-11-10,11.97986,10327.259780031909
314,2019-11-11,11.15092,9612.670567632127
315,2019-11-12,10.04693,8660.974009862886
316,2019-11-13,10.20969,8801.281559516889
317,2019-11-14,10.92508,9417.984790943385
318,2019-11-15,10.56044,9103.646225535205
319,2019-11-16,10.87461,9374.47703700484
320,2019-11-17,12.27383,10580.677145304624
321,2019-11-18,11.34901,9783.434407094903
322,2019-11-19,11.47265,9890.018490648728
323,2019-11-20,10.32324,8899.167540490174
324,2019-11-21,9.623,8295.524393711366
325,2019-11-22,9.20285,7933.333333333332
326,2019-11-23,9.15995,7896.351311459674
327,2019-11-24,10.15418,8753.429064547032
328,2019-11-25,9.66968,8335.764971358509
329,2019-11-26,8.9278,7696.225987963872
330,2019-11-27,9.02243,7777.801949033904
331,2019-11-28,8.91645,7686.441700125503
332,2019-11-29,8.38148,7225.269852998436
333,2019-11-30,9.50818,8196.543606962334
334,2019-12-01,11.08657,9557.19753482164
335,2019-12-02,9.62047,8293.343402677792
336,2019-12-03,9.40977,8111.709090118821
337,2019-12-04,9.15995,7896.351311459674
338,2019-12-05,9.47033,8163.914946637907
339,2019-12-06,9.43627,8134.553462604881
340,2019-12-07,9.90436,8538.071285887885
341,2019-12-08,10.88218,9381.002769069726
342,2019-12-09,9.62047,8293.343402677792
343,2019-12-10,9.17762,7911.583766623019
344,2019-12-11,8.87733,7652.7182340253285
345,2019-12-12,8.55181,7372.103134717324
346,2019-12-13,7.81876,6740.176068645401
347,2019-12-14,8.49504,7323.164454489641
348,2019-12-15,9.08551,7832.180176068644
349,2019-12-16,8.59219,7406.912786075328
350,2019-12-17,8.21494,7081.703747570951
351,2019-12-18,8.14681,7022.97215898698
352,2019-12-19,7.79605,6720.598872450744
353,2019-12-20,7.77082,6698.849305740431
354,2019-12-21,8.45088,7285.096247358154
355,2019-12-22,9.31262,8027.960758533135
356,2019-12-23,8.35877,7205.692656803779
357,2019-12-24,7.59923,6550.929838763716
358,2019-12-25,9.06911,7818.042526681045
359,2019-12-26,8.63635,7444.980993206814
360,2019-12-27,8.27424,7132.823418832209
361,2019-12-28,8.71331,7511.324499113498
362,2019-12-29,9.39337,8097.5714407312225
363,2019-12-30,8.80037,7586.374728118642
364,2019-12-31,8.03956,6930.517104302833
365,2020-01-01,8.64139,7449.325734238124
366,2020-01-02,8.74107,7535.255056857386
367,2020-01-03,8.39662,7238.321317128208
368,2020-01-04,9.11201,7855.024548554704
369,2020-01-05,9.58389,8261.809548129111
370,2020-01-06,8.57579,7392.775136687728
371,2020-01-07,8.12914,7007.739703823633
372,2020-01-08,7.98026,6879.397433041576
373,2020-01-09,8.04461,6934.870465852064
374,2020-01-10,7.35193,6337.744430620224
375,2020-01-11,8.72214,7518.936416436211
376,2020-01-12,9.26341,7985.5391898524185
377,2020-01-13,8.25027,7112.160037379725
378,2020-01-14,7.82003,6741.270874421148
379,2020-01-15,7.67745,6618.359529928229
380,2020-01-16,7.4781,6446.509505207626
381,2020-01-17,7.19674,6203.962613031108
382,2020-01-18,7.88563,6797.821471971544
383,2020-01-19,8.77387,7563.530355632584
384,2020-01-20,8.15564,7030.584076309693
385,2020-01-21,7.31408,6305.115770295795
386,2020-01-22,7.4188,6395.389833946368
387,2020-01-23,7.18034,6189.824963643508
388,2020-01-24,6.78291,5847.21971997805
389,2020-01-25,7.49198,6458.474784079569
390,2020-01-26,9.6659,8332.506415585027
391,2020-01-27,10.66643,9195.015094961524
392,2020-01-28,8.842,7622.261944216556
393,2020-01-29,8.73097,7526.548333758925
394,2020-01-30,9.03,7784.327681098789
395,2020-01-31,7.95124,6854.38069003986
396,2020-02-01,8.99341,7752.785206032189
397,2020-02-02,9.3164,8031.219314306618
398,2020-02-03,8.58336,7399.300868752614
399,2020-02-04,8.09508,6978.378219790608
400,2020-02-05,8.08372,6968.585311434319
401,2020-02-06,8.23134,7095.84139695855
402,2020-02-07,7.97143,6871.7855157188615
403,2020-02-08,8.54929,7369.930764201668
404,2020-02-09,9.6129,8286.817670612907
405,2020-02-10,8.48999,7318.811092940411
406,2020-02-11,9.0792,7826.740629261587
407,2020-02-12,9.09182,7837.619722875703
408,2020-02-13,8.68051,7483.049200338301
409,2020-02-14,8.17583,7047.988901988694
410,2020-02-15,9.11706,7859.3779101039345
411,2020-02-16,9.54099,8224.827526255453
412,2020-02-17,8.51649,7341.65546542647
413,2020-02-18,7.91844,6826.105391264662
414,2020-02-19,7.52731,6488.931073888341
415,2020-02-20,7.59418,6546.576477214485
416,2020-02-21,6.47253,5579.656084799817
417,2020-02-22,7.13871,6153.937747545597
418,2020-02-23,7.30904,6300.771029264485
419,2020-02-24,6.5558,5651.439137513559
420,2020-02-25,6.89141,5940.752339402105
421,2020-02-26,6.86618,5919.002772691792
422,2020-02-27,6.78795,5851.564461009361
423,2020-02-28,6.8359,5892.89984443225
424,2020-02-29,7.52605,6487.844888630514
425,2020-03-01,8.21242,7079.531377055296
426,2020-03-02,7.14249,6157.19630331908
427,2020-03-03,7.46296,6433.4580410778535
428,2020-03-04,7.47053,6439.98377314274
429,2020-03-05,7.18034,6189.824963643508
430,2020-03-06,6.78417,5848.305905235877
431,2020-03-07,7.5374,6497.629176468883
432,2020-03-08,8.2162,7082.7899328287795
433,2020-03-09,7.72161,6656.427737059715
434,2020-03-10,7.91465,6822.83821497326
435,2020-03-11,7.5046,6469.353877693685
436,2020-03-12,6.8258,5884.193121333789
437,2020-03-13,6.79552,5858.090193074246
438,2020-03-14,7.53488,6495.456805953228
439,2020-03-15,7.89825,6808.70056558566
440,2020-03-16,7.12861,6145.231024447136
441,2020-03-17,6.95954,5999.483927986076
442,2020-03-18,7.04029,6069.094610184163
443,2020-03-19,6.92043,5965.76908240382
444,2020-03-20,6.45234,5562.251259120816
445,2020-03-21,7.76703,6695.582129449029
446,2020-03-22,8.22882,7093.669026442895
447,2020-03-23,7.50712,6471.52624820934
448,2020-03-24,7.44025,6413.880844883197
449,2020-03-25,7.35193,6337.744430620224
450,2020-03-26,7.45161,6423.6737532394845
451,2020-03-27,6.72865,5800.444789748103
452,2020-03-28,6.85356,5908.123679077677
453,2020-03-29,7.90204,6811.967741877063
454,2020-03-30,6.793,5855.917822558591
455,2020-03-31,6.81571,5875.495018753248
456,2020-04-01,7.23838,6239.858449646938
457,2020-04-02,6.7173,5790.660501909734
458,2020-04-03,6.52047,5620.982847704787
459,2020-04-04,7.19548,6202.87642777328
460,2020-04-05,7.53488,6495.456805953228
461,2020-04-06,6.78038,5845.038728944475
462,2020-04-07,6.77912,5843.952543686647
463,2020-04-08,6.88384,5934.226607337219
464,2020-04-09,6.48136,5587.26800212253
465,2020-04-10,6.24921,5387.142678626729
466,2020-04-11,7.14502,6159.377294352655
467,2020-04-12,7.62825,6575.946581765431
468,2020-04-13,7.02642,6057.137951830139
469,2020-04-14,6.74127,5811.323883362219
470,2020-04-15,7.37591,6358.416432590629
471,2020-04-16,6.14322,5295.77380920041
472,2020-04-17,6.66178,5742.79938642196
473,2020-04-18,6.77534,5840.693987913164
474,2020-04-19,7.65853,6602.049510024974
475,2020-04-20,6.52173,5622.069032962614
476,2020-04-21,6.44477,5555.72552705593
477,2020-04-22,6.36402,5486.114844857842
478,2020-04-23,6.4801,5586.181816864702
479,2020-04-24,6.11673,5272.93805723227
480,2020-04-25,7.00623,6039.733126151138
481,2020-04-26,7.59923,6550.929838763716
482,2020-04-27,7.17782,6187.652593127853
483,2020-04-28,6.74253,5812.410068620046
484,2020-04-29,6.29967,5430.6418120473545
485,2020-04-30,7.08193,6104.990446799994
486,2020-05-01,8.04209,6932.698095336407
487,2020-05-02,7.77965,6706.461223063145
488,2020-05-03,8.11905,6999.041601243092
489,2020-05-04,8.28181,7139.349150897095
490,2020-05-05,9.00476,7762.5694938705565
491,2020-05-06,8.68177,7484.135385596128
492,2020-05-07,7.73423,6667.3068306738305
493,2020-05-08,7.33932,6326.873957524027
494,2020-05-09,7.06931,6094.111353185878
495,2020-05-10,7.35067,6336.658245362396
496,2020-05-11,6.77912,5843.952543686647
497,2020-05-12,6.72739,5799.358604490275
498,2020-05-13,6.75641,5824.3753474919895
499,2020-05-14,6.51669,5617.724291931303
500,2020-05-15,6.46496,5573.130352734931
501,2020-05-16,6.7337,5804.798151297333
502,2020-05-17,7.23838,6239.858449646938
503,2020-05-18,6.94062,5983.173908082822
504,2020-05-19,6.72613,5798.272419232448
505,2020-05-20,6.23659,5376.263585012613
506,2020-05-21,6.28201,5415.417977401928
507,2020-05-22,5.90476,5090.208938897551
508,2020-05-23,6.12177,5277.282798263581
509,2020-05-24,7.2245,6227.893170774994
510,2020-05-25,6.29589,5427.383256273871
511,2020-05-26,6.02336,5192.448281420067
512,2020-05-27,6.04986,5215.292653906126
513,2020-05-28,5.16414,4451.756140760742
514,2020-05-29,5.26886,4542.030204411314
515,2020-05-30,5.62971,4853.101593528091
516,2020-05-31,6.19495,5340.367748396783
517,2020-06-01,5.8606,5052.140731766064
518,2020-06-02,5.78364,4985.79722585938
519,2020-06-03,6.08771,5247.921314230555
520,2020-06-04,6.31481,5443.693276177125
521,2020-06-05,5.88205,5070.6317427028935
522,2020-06-06,6.28327,5416.504162659755
523,2020-06-07,6.95954,5999.483927986076
524,2020-06-08,6.55706,5652.525322771387
525,2020-06-09,6.39304,5511.131587859558
526,2020-06-10,6.00317,5175.043455741065
527,2020-06-11,6.24416,5382.789317077499
528,2020-06-12,31.40629,27073.848572271992
529,2020-06-13,10.12011,8724.058959996088
530,2020-06-14,8.31461,7167.624449672293
531,2020-06-15,7.3431,6330.13251329751
532,2020-06-16,6.9381,5981.001537567166
533,2020-06-17,7.19044,6198.531686741969
534,2020-06-18,6.33626,5462.184287113955
535,2020-06-19,8.35751,7204.6064715459515
536,2020-06-20,7.16268,6174.601128998082
537,2020-06-21,7.32796,6317.081049167739
538,2020-06-22,6.92422,5969.036258695222
539,2020-06-23,6.25299,5390.401234400212
540,2020-06-24,6.03093,5198.974013484953
541,2020-06-25,5.67513,4892.255985917405
542,2020-06-26,6.08645,5246.835128972727
543,2020-06-27,6.27949,5413.245606886272
544,2020-06-28,6.77281,5838.512996879589
545,2020-06-29,6.25047,5388.228863884557
546,2020-06-30,5.68901,4904.221264789349
547,2020-07-01,5.43289,4683.432559841063
548,2020-07-02,5.51994,4758.474168328289
549,2020-07-03,5.52877,4766.086085651003
550,2020-07-04,5.62971,4853.101593528091
551,2020-07-05,6.2858,5418.68515369333
552,2020-07-06,5.80004,4999.93487524698
553,2020-07-07,5.50354,4744.33651894069
554,2020-07-08,5.42279,4674.725836742603
555,2020-07-09,5.34457,4607.296145578091
556,2020-07-10,4.80834,4145.038113193195
557,2020-07-11,5.42153,4673.639651484775
558,2020-07-12,5.91233,5096.734670962437
559,2020-07-13,5.45433,4701.914950259973
560,2020-07-14,5.26886,4542.030204411314
561,2020-07-15,5.04428,4348.430612980398
562,2020-07-16,4.88657,4212.476424875626
563,2020-07-17,4.83988,4172.227226710565
564,2020-07-18,5.13134,4423.4808419855435
565,2020-07-19,5.54265,4778.051364522947
566,2020-07-20,5.27139,4544.211195444889
567,2020-07-21,4.96479,4279.906116040139
568,2020-07-22,5.23227,4510.487729344713
569,2020-07-23,5.13008,4422.394656727716
570,2020-07-24,4.76671,4109.150897095284
571,2020-07-25,5.10484,4400.6364694994845
572,2020-07-26,5.66378,4882.471698079036
573,2020-07-27,5.13639,4427.834203534774
574,2020-07-28,4.73516,4081.953163059993
575,2020-07-29,4.77428,4115.676629160169
576,2020-07-30,4.82727,4161.356753614369
577,2020-07-31,4.60016,3965.5761711498785
578,2020-08-01,5.03419,4339.732510399857
579,2020-08-02,5.0304,4336.465334108455
580,2020-08-03,4.70236,4053.6778642847953
581,2020-08-04,4.99634,4307.103850075429
582,2020-08-05,4.90171,4225.527889005398
583,2020-08-06,4.71498,4064.556957898911
584,2020-08-07,4.73516,4081.953163059993
585,2020-08-08,5.0897,4387.585005369712
586,2020-08-09,5.67513,4892.255985917405
587,2020-08-10,5.49597,4737.810786875804
588,2020-08-11,5.2184,4498.531070990689
589,2020-08-12,5.28779,4558.348844832488
590,2020-08-13,5.00138,4311.44859110674
591,2020-08-14,4.42983,3818.742889430991
592,2020-08-15,4.62792,3989.5067288937657
593,2020-08-16,4.98372,4296.2247564613135
594,2020-08-17,5.46821,4713.880229131917
595,2020-08-18,5.03166,4337.551519366282
596,2020-08-19,4.98246,4295.138571203485
597,2020-08-20,5.01274,4321.241499463028
598,2020-08-21,4.68974,4042.798770670679
599,2020-08-22,5.12251,4415.868924662831
600,2020-08-23,5.7584,4964.039038631148
601,2020-08-24,5.24615,4522.4530082166575
602,2020-08-25,4.95218,4269.035642943943
603,2020-08-26,5.08087,4379.973088047
604,2020-08-27,5.1755,4461.54904911703
605,2020-08-28,4.70867,4059.1174110918532
606,2020-08-29,4.99003,4301.664303268371
607,2020-08-30,5.33826,4601.856598771033
608,2020-08-31,5.03166,4337.551519366282
609,2020-09-01,5.32943,4594.244681448319
610,2020-09-02,5.51363,4753.034621521231
611,2020-09-03,5.66125,4880.290707045462
612,2020-09-04,5.33321,4597.503237221802
613,2020-09-05,6.11547,5271.8518719744425
614,2020-09-06,7.18917,6197.436880966222
615,2020-09-07,7.99919,6895.716073462749
616,2020-09-08,6.25047,5388.228863884557
617,2020-09-09,6.47253,5579.656084799817
618,2020-09-10,6.26813,5403.4526985299835
619,2020-09-11,6.40566,5522.010681473674
620,2020-09-12,7.30147,6294.245297199599
621,2020-09-13,7.76577,6694.495944191201
622,2020-09-14,6.79048,5853.745452042935
623,2020-09-15,6.70594,5780.867593553446
624,2020-09-16,6.7009,5776.522852522135
625,2020-09-17,7.09707,6118.041910929766
626,2020-09-18,6.70342,5778.69522303779
627,2020-09-19,7.14502,6159.377294352655
628,2020-09-20,8.10643,6988.1625076289765
629,2020-09-21,7.73802,6670.574006965233
630,2020-09-22,7.67998,6620.540520961802
631,2020-09-23,7.25731,6256.177090068112
632,2020-09-24,7.38095,6362.76117362194
633,2020-09-25,6.70973,5784.134769844849
634,2020-09-26,7.33932,6326.873957524027
635,2020-09-27,8.35751,7204.6064715459515
636,2020-09-28,6.92422,5969.036258695222
637,2020-09-29,6.26939,5404.538883787811
638,2020-09-30,6.04733,5213.111662872551
639,2020-10-01,6.03598,5203.327375034183
640,2020-10-02,8.46349,7295.966720454351
641,2020-10-03,8.31335,7166.538264414465
642,2020-10-04,9.5801,8258.542371837708
643,2020-10-05,9.45645,8151.949667765964
644,2020-10-06,9.7151,8374.919363747824
645,2020-10-07,8.83822,7619.003388443072
646,2020-10-08,8.30326,7157.840161833924
647,2020-10-09,8.54046,7362.318846878955
648,2020-10-10,8.57957,7396.033692461212
649,2020-10-11,9.15238,7889.825579394789
650,2020-10-12,8.25784,7118.68576944461
651,2020-10-13,8.35246,7200.253109996722
652,2020-10-14,8.56065,7379.723672557958
653,2020-10-15,8.25531,7116.504778411035
654,2020-10-16,8.1304,7008.825889081461
655,2020-10-17,8.32344,7175.236366995006
656,2020-10-18,9.13093,7871.334568457958
657,2020-10-19,8.46097,7293.794349938696
658,2020-10-20,7.5967,6548.748847730141
659,2020-10-21,8.02694,6919.638010688717
660,2020-10-22,7.57526,6530.266457311231
661,2020-10-23,8.0711,6957.706217820203
662,2020-10-24,9.24575,7970.315355206991
663,2020-10-25,9.83496,8478.244891528167
664,2020-10-26,8.84831,7627.701491023613
665,2020-10-27,8.34111,7190.468822158353
666,2020-10-28,8.04587,6935.956651109892
667,2020-10-29,8.1569,7031.670261567521
668,2020-10-30,7.44404,6417.148021174599
669,2020-10-31,8.249,7111.065231603978
670,2020-11-01,10.0116,8630.517720054113
671,2020-11-02,9.02495,7779.974319549559
672,2020-11-03,9.49304,8183.492142832564
673,2020-11-04,9.55487,8236.792805127396
674,2020-11-05,9.28234,8001.857830273591
675,2020-11-06,8.78649,7574.4094492467
676,2020-11-07,9.09939,7844.145454940588
677,2020-11-08,10.41409,8977.48494578672
678,2020-11-09,9.49304,8183.492142832564
679,2020-11-10,9.02243,7777.801949033904
680,2020-11-11,9.12463,7865.90364216882
681,2020-11-12,8.23639,7100.1947585077805
682,2020-11-13,7.64339,6588.998045895202
683,2020-11-14,8.14807,7024.058344244808
684,2020-11-15,8.895,7667.950689188674
685,2020-11-16,7.92349,6830.458752813892
686,2020-11-17,7.47937,6447.604310983373
687,2020-11-18,7.02263,6053.870775538737
688,2020-11-19,7.16899,6180.0406758051395
689,2020-11-20,9.34038,8051.891316277021
690,2020-11-21,8.50639,7332.94874232801
691,2020-11-22,9.47033,8163.914946637907
692,2020-11-23,8.71457,7512.410684371326
693,2020-11-24,8.13545,7013.179250630692
694,2020-11-25,7.9462,6850.035949008549
695,2020-11-26,7.85914,6774.985720003404
696,2020-11-27,7.4024,6381.252184558768
697,2020-11-28,8.56948,7387.33558988067
698,2020-11-29,9.46529,8159.570205606596
699,2020-11-30,9.09939,7844.145454940588
700,2020-12-01,8.23134,7095.84139695855
701,2020-12-02,8.30073,7155.659170800349
702,2020-12-03,8.29064,7146.961068219808
703,2020-12-04,7.76199,6691.237388417718
704,2020-12-05,8.51649,7341.65546542647
705,2020-12-06,8.95808,7722.328916223416
706,2020-12-07,7.66736,6609.661427347687
707,2020-12-08,7.65096,6595.523777960088
708,2020-12-09,7.42764,6403.010371787001
709,2020-12-10,7.53362,6494.3706206954
710,2020-12-11,7.99162,6889.190341397863
711,2020-12-12,8.18592,7056.687004569236
712,2020-12-13,9.28234,8001.857830273591
713,2020-12-14,9.02621,7781.060504807388
714,2020-12-15,8.37139,7216.571750417895
715,2020-12-16,7.88059,6793.476730940233
716,2020-12-17,7.5475,6506.335899567343
717,2020-12-18,7.58661,6540.0507451496
718,2020-12-19,8.01937,6913.112278623832
719,2020-12-20,8.28055,7138.262965639266
720,2020-12-21,7.76577,6694.495944191201
721,2020-12-22,6.94945,5990.7858254055345
722,2020-12-23,6.81319,5873.322648237592
723,2020-12-24,6.58356,5675.369695257447
724,2020-12-25,7.45287,6424.759938497313
725,2020-12-26,7.12861,6145.231024447136
726,2020-12-27,7.40366,6382.338369816596
727,2020-12-28,7.18287,6192.0059546770835
728,2020-12-29,6.4965,5600.319466252302
729,2020-12-30,6.73244,5803.711966039506
730,2020-12-31,5.68775,4903.135079531522
731,2021-01-01,6.4536,5563.337444378642
732,2021-01-02,7.65348,6597.696148475743
733,2021-01-03,7.59292,6545.4902919566575
734,2021-01-04,6.39178,5510.04540260173
735,2021-01-05,6.54697,5643.827220190846
736,2021-01-06,6.15836,5308.8252733301815
737,2021-01-07,6.39809,5515.4849494087875
738,2021-01-08,6.68702,5764.557573650191
739,2021-01-09,7.63203,6579.205137538914
740,2021-01-10,8.15816,7032.7564468253495
741,2021-01-11,7.90582,6815.226297650546
742,2021-01-12,6.30977,5439.348535145815
743,2021-01-13,6.19874,5343.634924688185
744,2021-01-14,5.88836,5076.071289509951
745,2021-01-15,5.44803,4696.484023970835
746,2021-01-16,11.74771,10127.134456536109
747,2021-01-17,7.37338,6356.2354415570535
748,2021-01-18,6.20126,5345.807295203841
749,2021-01-19,6.28453,5417.590347917583
750,2021-01-20,5.7685,4972.745761729609
751,2021-01-21,5.63854,4860.713510850805
752,2021-01-22,5.51994,4758.474168328289
753,2021-01-23,6.34257,5467.623833921013
754,2021-01-24,6.95702,5997.311557470421
755,2021-01-25,6.02084,5190.275910904411
756,2021-01-26,5.95271,5131.54432232044
757,2021-01-27,5.76219,4967.306214922551
758,2021-01-28,5.40387,4658.415816839349
759,2021-01-29,5.50733,4747.603695232092
760,2021-01-30,6.31986,5448.0466377263565
761,2021-01-31,7.07814,6101.723270508592
762,2021-02-01,6.35645,5479.589112792956
763,2021-02-02,6.07888,5240.309396907841
764,2021-02-03,6.15458,5305.566717556699
765,2021-02-04,5.98677,5160.905806353466
766,2021-02-05,6.02967,5197.887828227125
767,2021-02-06,6.69585,5772.169490972905
768,2021-02-07,7.42259,6398.657010237769
769,2021-02-08,6.45108,5561.165073862988
770,2021-02-09,5.92243,5105.441394060897
771,2021-02-10,5.5742,4805.249098558236
772,2021-02-11,5.6827,4898.7817179822905
773,2021-02-12,6.15584,5306.652902814527
774,2021-02-13,7.71026,6646.643449221346
775,2021-02-14,8.53793,7360.13785584538
776,2021-02-15,7.22955,6232.246532324225
777,2021-02-16,6.55075,5647.0857759643295
778,2021-02-17,6.91034,5957.070979823278
779,2021-02-18,6.09023,5250.093684746211
780,2021-02-19,6.04607,5212.025477614724
781,2021-02-20,7.24974,6249.651358003227
782,2021-02-21,8.01937,6913.112278623832
783,2021-02-22,7.12735,6144.144839189308
784,2021-02-23,6.45234,5562.251259120816
785,2021-02-24,6.05238,5217.465024421782
786,2021-02-25,6.14827,5300.127170749641
787,2021-02-26,5.87574,5065.192195895836
788,2021-02-27,6.97847,6015.80256840725
789,2021-02-28,7.87428,6788.037184133175
790,2021-03-01,7.76703,6695.582129449029
791,2021-03-02,5.84546,5039.089267636294
792,2021-03-03,5.82023,5017.339700925981
793,2021-03-04,6.06121,5225.076941744495
794,2021-03-05,5.59312,4821.5591184614905
795,2021-03-06,7.22703,6230.074161808569
796,2021-03-07,8.07615,6962.059579369434
797,2021-03-08,6.77155,5837.426811621762
798,2021-03-09,6.36781,5489.382021149245
799,2021-03-10,6.40818,5524.183051989328
800,2021-03-11,6.41575,5530.708784054214
801,2021-03-12,6.28201,5415.417977401928
802,2021-03-13,7.0466,6074.534156991221
803,2021-03-14,7.70143,6639.031531898632
804,2021-03-15,7.25857,6257.2632753259395
805,2021-03-16,6.61636,5703.644994032646
806,2021-03-17,6.48641,5591.621363671761
807,2021-03-18,6.3186,5446.960452468528
808,2021-03-19,6.22397,5365.384491398497
809,2021-03-20,7.32039,6310.555317102853
810,2021-03-21,7.7582,6687.970212126315
811,2021-03-22,6.47,5577.475093766242
812,2021-03-23,6.08645,5246.835128972727
813,2021-03-24,5.98551,5159.8196210956385
814,2021-03-25,5.85934,5051.054546508238
815,2021-03-26,5.62971,4853.101593528091
816,2021-03-27,6.51669,5617.724291931303
817,2021-03-28,7.17151,6182.213046320795
818,2021-03-29,6.20126,5345.807295203841
819,2021-03-30,5.86186,5053.226917023892
820,2021-03-31,6.09276,5252.274675779785
821,2021-04-01,5.97163,5147.854342223694
822,2021-04-02,6.07888,5240.309396907841
823,2021-04-03,7.05291,6079.9737037982795
824,2021-04-04,7.38222,6363.8559793976865
825,2021-04-05,6.1407,5293.601438684755
826,2021-04-06,6.06121,5225.076941744495
827,2021-04-07,5.75083,4957.513306566262
828,2021-04-08,5.81013,5008.63297782752
829,2021-04-09,5.85429,5046.701184959006
830,2021-04-10,6.18738,5333.842016331897
831,2021-04-11,6.55706,5652.525322771387
832,2021-04-12,5.90855,5093.476115188953
833,2021-04-13,5.40639,4660.588187355003
834,2021-04-14,5.37485,4633.399073837633
835,2021-04-15,5.70541,4918.358914176948
836,2021-04-16,5.41144,4664.941548904234
837,2021-04-17,5.95018,5129.363331286865
838,2021-04-18,6.51164,5613.370930382073
839,2021-04-19,5.75714,4962.95285337332
840,2021-04-20,5.50859,4748.68988048992
841,2021-04-21,5.93126,5113.053311383611
842,2021-04-22,5.73443,4943.3756571786635
843,2021-04-23,5.61836,4843.317305689722
844,2021-04-24,6.1407,5293.601438684755
845,2021-04-25,6.96333,6002.751104277479
846,2021-04-26,6.19621,5341.4539336546095
847,2021-04-27,5.96406,5141.328610158809
848,2021-04-28,5.98299,5157.647250579983
849,2021-04-29,5.88962,5077.15747476778
850,2021-04-30,5.37863,4636.657629611116
851,2021-05-01,6.33248,5458.925731340472
852,2021-05-02,6.78164,5846.1249142023025
853,2021-05-03,6.75136,5820.02198594276
854,2021-05-04,5.96911,5145.681971708039
855,2021-05-05,6.38421,5503.519670536844
856,2021-05-06,6.11673,5272.93805723227
857,2021-05-07,6.18107,5328.402469524839
858,2021-05-08,6.54066,5638.387673383788
859,2021-05-09,6.36654,5488.287215373498
860,2021-05-10,5.73065,4940.11710140518
861,2021-05-11,5.27013,4543.125010187061
862,2021-05-12,5.50733,4747.603695232092
863,2021-05-13,6.13187,5285.989521362041
864,2021-05-14,5.48588,4729.112684295263
865,2021-05-15,5.66882,4886.816439110347
866,2021-05-16,7.21693,6221.367438710109
867,2021-05-17,6.14196,5294.687623942583
868,2021-05-18,5.50985,4749.776065747748
869,2021-05-19,6.64033,5724.30837548513
870,2021-05-20,5.85934,5051.054546508238
871,2021-05-21,5.21587,4496.350079957114
872,2021-05-22,5.64737,4868.325428173518
873,2021-05-23,6.12177,5277.282798263581
874,2021-05-24,5.34961,4611.640886609402
875,2021-05-25,5.12629,4419.127480436314
876,2021-05-26,4.90045,4224.4417037475705
877,2021-05-27,4.94208,4260.328919845482
878,2021-05-28,4.74021,4086.306524609224
879,2021-05-29,5.2777,4549.650742251947
880,2021-05-30,5.81518,5012.98633937675
881,2021-05-31,5.19821,4481.126245311688
882,2021-06-01,5.27643,4548.5559364762
883,2021-06-02,5.64233,4863.980687142208
884,2021-06-03,5.17928,4464.807604890514
885,2021-06-04,5.2083,4489.824347892229
886,2021-06-05,5.52877,4766.086085651003
887,2021-06-06,6.39935,5516.571134666616
888,2021-06-07,5.45055,4698.65639448649
889,2021-06-08,5.29031,4560.521215348143
890,2021-06-09,5.19947,4482.212430569515
891,2021-06-10,5.23858,4515.927276151771
892,2021-06-11,4.97615,4289.699024396427
893,2021-06-12,5.35971,4620.347609707862
894,2021-06-13,6.82328,5882.020750818133
895,2021-06-14,5.4619,4708.440682324859
896,2021-06-15,5.56284,4795.456190201948
897,2021-06-16,6.54192,5639.473858641616
898,2021-06-17,6.08014,5241.395582165669
899,2021-06-18,6.30724,5437.16754411224
900,2021-06-19,6.51543,5616.638106673476
901,2021-06-20,6.34762,5471.977195470244
902,2021-06-21,5.82275,5019.512071441636
903,2021-06-22,5.50354,4744.33651894069
904,2021-06-23,5.26508,4538.771648637831
905,2021-06-24,5.15783,4446.316593953684
906,2021-06-25,4.88404,4210.295433842052
907,2021-06-26,5.36854,4627.959527030575
908,2021-06-27,5.89341,5080.424651059183
909,2021-06-28,5.28148,4552.90929802543
910,2021-06-29,5.13512,4426.739397759027
911,2021-06-30,4.92694,4247.277455715711
912,2021-07-01,4.98877,4300.578118010543
913,2021-07-02,4.49796,3877.474478014962
914,2021-07-03,5.46947,4714.966414389745
915,2021-07-04,5.70667,4919.445099434776
916,2021-07-05,5.55779,4791.102828652717
917,2021-07-06,4.83358,4166.796300421427
918,2021-07-07,4.96606,4281.000921815886
919,2021-07-08,4.71119,4061.289781607509
920,2021-07-09,4.4475,3833.975344594337
921,2021-07-10,5.0304,4336.465334108455
922,2021-07-11,5.13639,4427.834203534774
923,2021-07-12,4.62161,3984.0671820867087
924,2021-07-13,4.45759,3842.673447174878
925,2021-07-14,4.71624,4065.643143156739
926,2021-07-15,4.45885,3843.759632432706
927,2021-07-16,4.32259,3726.2964552647636
928,2021-07-17,4.65946,4016.6958424111367
929,2021-07-18,4.86386,4192.89922868097
930,2021-07-19,4.41469,3805.69142530122
931,2021-07-20,4.28852,3696.9263507138185
932,2021-07-21,4.23553,3651.246226259618
933,2021-07-22,4.40586,3798.079507978506
934,2021-07-23,4.03744,3480.4823867968435
935,2021-07-24,4.37936,3775.2351354924467
936,2021-07-25,4.65063,4009.083925088423
937,2021-07-26,4.03618,3479.3962015390157
938,2021-07-27,4.09422,3529.4296875424457
939,2021-07-28,4.1245,3555.532615801989
940,2021-07-29,4.00968,3456.5518290529562
941,2021-07-30,3.67281,3166.152441906583
942,2021-07-31,3.87973,3344.5281986920713
943,2021-08-01,4.44245,3829.621983045107
944,2021-08-02,4.12702,3557.704986317644
945,2021-08-03,4.14343,3571.8512562231626
946,2021-08-04,4.30366,3709.9778148435894
947,2021-08-05,4.12576,3556.6188010598157
948,2021-08-06,3.92894,3386.949767372788
949,2021-08-07,4.17497,3599.040369740533
950,2021-08-08,4.57114,3940.5594281481635
951,2021-08-09,4.16614,3591.4284524178197
952,2021-08-10,4.30997,3715.4173616506478
953,2021-08-11,4.31376,3718.6845379420506
954,2021-08-12,4.25067,3664.29769038939
955,2021-08-13,4.05006,3491.3614804109593
956,2021-08-14,4.53329,3907.9307678237356
957,2021-08-15,4.92694,4247.277455715711
958,2021-08-16,5.11998,4413.687933629256
959,2021-08-17,4.75661,4100.444173996823
960,2021-08-18,4.43614,3824.182436238049
961,2021-08-19,4.61278,3976.455264763995
962,2021-08-20,4.39829,3791.553775913621
963,2021-08-21,5.0897,4387.585005369712
964,2021-08-22,5.41648,4669.286289935545
965,2021-08-23,5.37611,4634.485259095461
966,2021-08-24,5.12503,4418.041295178486
967,2021-08-25,5.16162,4449.583770245087
968,2021-08-26,4.94208,4260.328919845482
969,2021-08-27,5.21209,4493.091524183631
970,2021-08-28,5.70289,4916.1865436612925
971,2021-08-29,6.54318,5640.560043899444
972,2021-08-30,5.15657,4445.230408695857
973,2021-08-31,5.58429,4813.947201138777
974,2021-09-01,5.72308,4933.5913693402945
975,2021-09-02,5.88584,5073.898918994297
976,2021-09-03,5.54518,4780.232355556521
977,2021-09-04,6.14196,5294.687623942583
978,2021-09-05,7.06553,6090.852797412395
979,2021-09-06,6.41197,5527.450228280732
980,2021-09-07,6.36781,5489.382021149245
981,2021-09-08,5.82401,5020.598256699464
982,2021-09-09,6.04986,5215.292653906126
983,2021-09-10,5.96532,5142.4147954166365
984,2021-09-11,6.82959,5887.460297625191
985,2021-09-12,7.78848,6714.073140385858
986,2021-09-13,6.71604,5789.574316651906
987,2021-09-14,6.84852,5903.7789380463655
988,2021-09-15,6.07888,5240.309396907841
989,2021-09-16,6.0814,5242.481767423497
990,2021-09-17,5.66251,4881.376892303289
991,2021-09-18,6.35267,5476.330557019473
992,2021-09-19,6.34383,5468.71001917884
993,2021-09-20,5.29031,4560.521215348143
994,2021-09-21,5.5212,4759.560353586117
995,2021-09-22,7.27371,6270.314739455712
996,2021-09-23,7.09076,6112.602364122708
997,2021-09-24,6.57977,5672.102518966044
998,2021-09-25,7.19927,6206.143604064682
999,2021-09-26,7.64465,6590.0842311530305
1000,2021-09-27,6.51669,5617.724291931303
1001,2021-09-28,6.54066,5638.387673383788
1002,2021-09-29,6.50281,5605.75901305936
1003,2021-09-30,6.2164,5358.8587593336115
1004,2021-10-01,5.87827,5067.373186929411
1005,2021-10-02,6.52804,5627.508579769672
1006,2021-10-03,6.90782,5954.898609307624
1007,2021-10-04,7.32292,6312.736308136428
1008,2021-10-05,5.95271,5131.54432232044
1009,2021-10-06,5.97542,5151.121518515097
1010,2021-10-07,6.0385,5205.499745549838
1011,2021-10-08,5.71298,4924.884646241834
1012,2021-10-09,6.14953,5301.213356007468
1013,2021-10-10,7.36581,6349.709709492167
1014,2021-10-11,8.02821,6920.732816464464
1015,2021-10-12,7.24974,6249.651358003227
1016,2021-10-13,6.66178,5742.79938642196
1017,2021-10-14,6.29967,5430.6418120473545
1018,2021-10-15,6.29337,5425.210885758216
1019,2021-10-16,8.31714,7169.805440705868
1020,2021-10-17,9.55108,8233.525628835994
1021,2021-10-18,8.49504,7323.164454489641
1022,2021-10-19,8.0219,6915.293269657406
1023,2021-10-20,7.81246,6734.745142356262
1024,2021-10-21,7.4718,6441.0785789184865
1025,2021-10-22,7.30147,6294.245297199599
1026,2021-10-23,7.73928,6671.66019222306
1027,2021-10-24,8.64392,7451.506725271699
1028,2021-10-25,7.77334,6701.021676256087
1029,2021-10-26,7.00118,6035.379764601907
1030,2021-10-27,6.6315,5716.696458162416
1031,2021-10-28,6.63907,5723.222190227302
1032,2021-10-29,6.11925,5275.110427747925
1033,2021-10-30,7.1223,6139.7914776400785
1034,2021-10-31,7.73802,6670.574006965233
1035,2021-11-01,7.01127,6044.077867182448
1036,2021-11-02,6.87753,5928.787060530161
1037,2021-11-03,6.6315,5716.696458162416
1038,2021-11-04,6.58103,5673.188704223872
1039,2021-11-05,6.12177,5277.282798263581
1040,2021-11-06,7.14375,6158.282488576908
1041,2021-11-07,8.79027,7577.668005020183
1042,2021-11-08,8.68051,7483.049200338301
1043,2021-11-09,8.98962,7749.518029740786
1044,2021-11-10,8.74612,7539.608418406616
1045,2021-11-11,8.06101,6949.008115239662
1046,2021-11-12,7.76451,6693.409758933373
1047,2021-11-13,7.92349,6830.458752813892
1048,2021-11-14,8.32218,7174.150181737178
1049,2021-11-15,6.9381,5981.001537567166
1050,2021-11-16,6.98226,6019.069744698652
1051,2021-11-17,6.64033,5724.30837548513
1052,2021-11-18,6.35393,5477.416742277302
1053,2021-11-19,6.25551,5392.573604915868
1054,2021-11-20,7.11095,6130.0071898017095
1055,2021-11-21,7.86545,6780.425266810462
1056,2021-11-22,7.57273,6528.085466277656
1057,2021-11-23,8.04587,6935.956651109892
1058,2021-11-24,7.40493,6383.433175592343
1059,2021-11-25,6.72613,5798.272419232448
1060,2021-11-26,6.58734,5678.62825103093
1061,2021-11-27,7.42007,6396.4846397221145
1062,2021-11-28,8.45971,7292.708164680867
1063,2021-11-29,7.40871,6386.691731365826
1064,2021-11-30,7.17908,6188.73877838568
1065,2021-12-01,7.46801,6437.811402627084
1066,2021-12-02,7.14502,6159.377294352655
1067,2021-12-03,6.72992,5801.53959552385
1068,2021-12-04,7.1324,6148.498200738539
1069,2021-12-05,8.09255,6976.1972287570325
1070,2021-12-06,6.96585,6004.923474793134
1071,2021-12-07,6.99613,6031.026403052677
1072,2021-12-08,6.62646,5712.351717131105
1073,2021-12-09,6.67945,5758.031841585305
1074,2021-12-10,6.00317,5175.043455741065
1075,2021-12-11,7.14249,6157.19630331908
1076,2021-12-12,8.2591,7119.771954702437
1077,2021-12-13,7.28254,6277.926656778425
1078,2021-12-14,6.55328,5649.266766997904
1079,2021-12-15,6.24416,5382.789317077499
1080,2021-12-16,6.35393,5477.416742277302
1081,2021-12-17,6.59113,5681.895427322333
1082,2021-12-18,7.10843,6127.834819286054
1083,2021-12-19,8.58209,7398.2060629768675
1084,2021-12-20,6.90655,5953.803803531877
1085,2021-12-21,6.42963,5542.6740629261585
1086,2021-12-22,6.13691,5290.334262393352
1087,2021-12-23,6.21766,5359.94494459144
1088,2021-12-24,6.24416,5382.789317077499
1089,2021-12-25,7.18034,6189.824963643508
1090,2021-12-26,7.67998,6620.540520961802
1091,2021-12-27,7.61563,6565.067488151315
1092,2021-12-28,8.15564,7030.584076309693
1093,2021-12-29,7.12861,6145.231024447136
1094,2021-12-30,6.8094,5870.05547194619
1095,2021-12-31,6.45739,5566.604620670046
1096,2022-01-01,7.15763,6170.247767448852
1097,2022-01-02,8.20484,7072.997024472491
1098,2022-01-03,7.00875,6041.905496666793
1099,2022-01-04,6.83968,5896.158400205733
1100,2022-01-05,6.61762,5704.731179290473
1101,2022-01-06,6.08519,5245.748943714899
1102,2022-01-07,6.11547,5271.8518719744425
1103,2022-01-08,6.99992,6034.293579344079
1104,2022-01-09,7.8011,6724.952233999974
1105,2022-01-10,6.63403,5718.877449195991
1106,2022-01-11,6.70594,5780.867593553446
1107,2022-01-12,6.23154,5371.910223463383
1108,2022-01-13,6.39556,5513.3039583752125
1109,2022-01-14,6.00191,5173.957270483237
1110,2022-01-15,6.78417,5848.305905235877
1111,2022-01-16,7.15889,6171.333952706679
1112,2022-01-17,6.38926,5507.873032086074
1113,2022-01-18,5.97037,5146.768156965867
1114,2022-01-19,5.92369,5106.527579318725
1115,2022-01-20,5.89088,5078.243660025608
1116,2022-01-21,5.46947,4714.966414389745
1117,2022-01-22,6.56211,5656.878684320617
1118,2022-01-23,7.20305,6209.402159838166
1119,2022-01-24,5.86565,5056.494093315295
1120,2022-01-25,5.51237,4751.948436263403
1121,2022-01-26,5.48083,4724.759322746033
1122,2022-01-27,5.38242,4639.9248059025185
1123,2022-01-28,4.9711,4285.345662847197
1124,2022-01-29,5.76345,4968.392400180378
1125,2022-01-30,6.04355,5209.853107099068
1126,2022-01-31,5.37611,4634.485259095461
1127,2022-02-01,5.82149,5018.425886183808
1128,2022-02-02,6.93305,5976.648176017936
1129,2022-02-03,6.30724,5437.16754411224
1130,2022-02-04,6.10285,5260.972778360327
1131,2022-02-05,7.43899,6412.79465962537
1132,2022-02-06,7.37717,6359.502617848455
1133,2022-02-07,5.82149,5018.425886183808
1134,2022-02-08,5.58934,4818.300562688008
1135,2022-02-09,5.57798,4808.507654331719
1136,2022-02-10,5.4619,4708.440682324859
1137,2022-02-11,5.46317,4709.535488100606
1138,2022-02-12,6.46243,5570.949361701357
1139,2022-02-13,6.89646,5945.105700951335
1140,2022-02-14,5.94514,5125.018590255555
1141,2022-02-15,5.86313,5054.321722799639
1142,2022-02-16,5.76471,4969.478585438206
1143,2022-02-17,5.35214,4613.821877642977
1144,2022-02-18,5.36349,4623.606165481345
1145,2022-02-19,6.20126,5345.807295203841
1146,2022-02-20,7.28506,6280.09902729408
1147,2022-02-21,5.80509,5004.288236796209
1148,2022-02-22,5.69027,4905.307450047177
1149,2022-02-23,5.64485,4866.1530576578625
1150,2022-02-24,5.54518,4780.232355556521
1151,2022-02-25,5.52751,4764.999900393175
1152,2022-02-26,6.55706,5652.525322771387
1153,2022-02-27,6.94819,5989.699640147707
1154,2022-02-28,6.10033,5258.80040784467
1155,2022-03-01,7.64086,6586.817054861627
1156,2022-03-02,6.01705,5187.008734613009
1157,2022-03-03,5.86817,5058.66646383095
1158,2022-03-04,6.03598,5203.327375034183
1159,2022-03-05,6.55328,5649.266766997904
1160,2022-03-06,7.52731,6488.931073888341
1161,2022-03-07,6.21262,5355.600203560129
1162,2022-03-08,5.95018,5129.363331286865
1163,2022-03-09,6.30977,5439.348535145815
1164,2022-03-10,5.8606,5052.140731766064
1165,2022-03-11,6.63781,5722.136004969474
1166,2022-03-12,7.76325,6692.323573675546
1167,2022-03-13,8.48242,7312.285360875525
1168,2022-03-14,6.58734,5678.62825103093
1169,2022-03-15,6.00317,5175.043455741065
1170,2022-03-16,6.40692,5523.096866731501
1171,2022-03-17,6.31103,5440.434720403642
1172,2022-03-18,5.98046,5155.466259546408
1173,2022-03-19,6.95828,5998.397742728249
1174,2022-03-20,6.84473,5900.511761754963
1175,2022-03-21,5.45433,4701.914950259973
1176,2022-03-22,5.64737,4868.325428173518
1177,2022-03-23,5.9628,5140.242424900981
1178,2022-03-24,5.742,4949.901389243549
1179,2022-03-25,5.35718,4618.166618674287
1180,2022-03-26,6.58482,5676.455880515275
1181,2022-03-27,7.11473,6133.265745575192
1182,2022-03-28,5.9956,5168.517723676179
1183,2022-03-29,5.82023,5017.339700925981
1184,2022-03-30,5.86565,5056.494093315295
1185,2022-03-31,5.44046,4689.9582919059485
1186,2022-04-01,5.69658,4910.746996854235
1187,2022-04-02,6.24037,5379.522140786097
1188,2022-04-03,7.06427,6089.766612154567
1189,2022-04-04,6.16341,5313.178634879411
1190,2022-04-05,6.00822,5179.396817290295
1191,2022-04-06,6.03598,5203.327375034183
1192,2022-04-07,5.65873,4878.118336529807
1193,2022-04-08,5.81266,5010.813968861095
1194,2022-04-09,6.63655,5721.049819711647
1195,2022-04-10,7.92096,6828.277761780318
1196,2022-04-11,6.84725,5902.684132270619
1197,2022-04-12,7.07436,6098.464714735109
1198,2022-04-13,6.2328,5372.996408721211
1199,2022-04-14,5.82401,5020.598256699464
1200,2022-04-15,5.54265,4778.051364522947
1201,2022-04-16,6.40566,5522.010681473674
1202,2022-04-17,7.01254,6045.172672958196
1203,2022-04-18,6.15836,5308.8252733301815
1204,2022-04-19,6.25551,5392.573604915868
1205,2022-04-20,6.10285,5260.972778360327
1206,2022-04-21,6.01453,5184.836364097353
1207,2022-04-22,5.83284,5028.210174022178
1208,2022-04-23,6.41701,5531.794969312043
1209,2022-04-24,7.17151,6182.213046320795
1210,2022-04-25,6.17603,5324.057728493528
1211,2022-04-26,6.55454,5650.352952255732
1212,2022-04-27,6.58734,5678.62825103093
1213,2022-04-28,6.29967,5430.6418120473545
1214,2022-04-29,5.51616,4755.215612554806
1215,2022-04-30,6.07509,5237.042220616439
1216,2022-05-01,7.10086,6121.309087221168
1217,2022-05-02,6.30724,5437.16754411224
1218,2022-05-03,6.28075,5414.3317921441
1219,2022-05-04,6.12682,5281.6361598128115
1220,2022-05-05,7.26614,6263.789007390826
1221,2022-05-06,6.36276,5485.028659600014
1222,2022-05-07,6.91791,5963.5967118881645
1223,2022-05-08,7.63456,6581.386128572488
1224,2022-05-09,6.17981,5327.316284267011
1225,2022-05-10,5.93252,5114.139496641438
1226,2022-05-11,6.08897,5249.007499488383
1227,2022-05-12,5.70667,4919.445099434776
1228,2022-05-13,5.83663,5031.47735031358
1229,2022-05-14,5.9893,5163.086797387041
1230,2022-05-15,6.48767,5592.707548929588
1231,2022-05-16,5.96659,5143.509601192383
1232,2022-05-17,5.60574,4832.438212075606
1233,2022-05-18,5.53508,4771.5256324580605
1234,2022-05-19,5.3963,4651.890084774463
1235,2022-05-20,5.30167,4570.314123704431
1236,2022-05-21,5.88079,5069.545557445066
1237,2022-05-22,6.62267,5709.084540839704
1238,2022-05-23,6.03724,5204.4135602920105
1239,2022-05-24,5.83537,5030.391165055752
1240,2022-05-25,5.77733,4980.357679052322
1241,2022-05-26,5.28905,4559.435030090315
1242,2022-05-27,5.33952,4602.94278402886
1243,2022-05-28,5.61709,4842.222499913975
1244,2022-05-29,6.05364,5218.551209679609
1245,2022-05-30,5.41144,4664.941548904234
1246,2022-05-31,5.1654,4452.84232601857
1247,2022-06-01,6.29715,5428.469441531699
1248,2022-06-02,5.0733,4373.447355982114
1249,2022-06-03,4.66956,4025.402565509597
1250,2022-06-04,5.25499,4530.07354605729
1251,2022-06-05,5.42153,4673.639651484775
1252,2022-06-06,5.60826,4834.610582591262
1253,2022-06-07,4.70488,4055.850234800451
1254,2022-06-08,4.95596,4272.294198717426
1255,2022-06-09,9.44888,8145.423935701078
1256,2022-06-10,5.06321,4364.749253401573
1257,2022-06-11,5.20452,4486.565792118745
1258,2022-06-12,5.59312,4821.5591184614905
1259,2022-06-13,5.00895,4317.974323171626
1260,2022-06-14,5.61583,4841.136314656148
1261,2022-06-15,5.4026,4657.321011063601
1262,2022-06-16,5.47704,4721.4921464546305
1263,2022-06-17,6.03093,5198.974013484953
1264,2022-06-18,6.22776,5368.6516676899
1265,2022-06-19,6.51164,5613.370930382073
1266,2022-06-20,5.91738,5101.088032511667
1267,2022-06-21,5.62845,4852.015408270264
1268,2022-06-22,5.5641,4796.542375459775
1269,2022-06-23,5.42531,4676.898207258258
1270,2022-06-24,5.02662,4333.206778334972
1271,2022-06-25,5.23732,4514.841090893944
1272,2022-06-26,5.82149,5018.425886183808
1273,2022-06-27,5.70667,4919.445099434776
1274,2022-06-28,5.12251,4415.868924662831
1275,2022-06-29,5.09475,4391.938366918944
1276,2022-06-30,4.97741,4290.785209654255
1277,2022-07-01,4.69479,4047.15213221991
1278,2022-07-02,5.2676,4540.944019153486
1279,2022-07-03,5.83663,5031.47735031358
1280,2022-07-04,5.45181,4699.7425797443175
1281,2022-07-05,5.1919,4475.68669850463
1282,2022-07-06,5.34204,4605.1151545445155
1283,2022-07-07,4.83862,4171.141041452738
1284,2022-07-08,4.73643,4083.047968835741
1285,2022-07-09,5.21713,4497.436265214942
1286,2022-07-10,6.2593,5395.84078120727
1287,2022-07-11,4.91054,4233.139806328112
1288,2022-07-12,4.73769,4084.134154093568
1289,2022-07-13,4.62161,3984.0671820867087
1290,2022-07-14,4.32511,3728.4688257804187
1291,2022-07-15,4.3289,3731.7360020718215
1292,2022-07-16,4.68596,4039.540214897196
1293,2022-07-17,5.00895,4317.974323171626
1294,2022-07-18,4.56862,3938.3870576325085
1295,2022-07-19,4.45759,3842.673447174878
1296,2022-07-20,4.35161,3751.3131982664786
1297,2022-07-21,4.18506,3607.738472321074
1298,2022-07-22,4.24688,3661.030514097987
1299,2022-07-23,4.51815,3894.879303693964
1300,2022-07-24,4.82979,4163.529124130025
1301,2022-07-25,4.4374,3825.268621495877
1302,2022-07-26,4.35413,3753.4855687821337
1303,2022-07-27,4.31754,3721.9430937155335
1304,2022-07-28,4.18506,3607.738472321074
1305,2022-07-29,3.86333,3330.390549304472
1306,2022-07-30,4.10179,3535.955419607332
1307,2022-07-31,4.26707,3678.435339776989
1308,2022-08-01,4.50175,3880.741654306365
1309,2022-08-02,4.28852,3696.9263507138185
1310,2022-08-03,4.15983,3585.988905610762
1311,2022-08-04,3.81538,3289.0551658815834
1312,2022-08-05,3.85576,3323.864817239587
1313,2022-08-06,4.2759,3686.0472570997026
1314,2022-08-07,4.52194,3898.146479985366
1315,2022-08-08,4.3352,3737.166928360961
1316,2022-08-09,4.13964,3568.58407993176
1317,2022-08-10,4.24058,3655.5995878088484
1318,2022-08-11,4.16235,3588.161276126417
1319,2022-08-12,4.08791,3523.9901407353877
1320,2022-08-13,4.1573,3583.807914577187
1321,2022-08-14,4.52572,3901.4050357588494
1322,2022-08-15,4.86512,4193.985413938798
1323,2022-08-16,4.38567,3780.6746822995046
1324,2022-08-17,4.35665,3755.6579392977897
1325,2022-08-18,5.21713,4497.436265214942
1326,2022-08-19,4.97489,4288.6128391386
1327,2022-08-20,5.01274,4321.241499463028
1328,2022-08-21,5.11367,4408.248386822198
1329,2022-08-22,4.92694,4247.277455715711
1330,2022-08-23,5.14522,4435.446120857488
1331,2022-08-24,5.08087,4379.973088047
1332,2022-08-25,5.11746,4411.5155631136
1333,2022-08-26,5.41648,4669.286289935545
1334,2022-08-27,5.99939,5171.784899967582
1335,2022-08-28,6.70847,5783.048584587021
1336,2022-08-29,6.46622,5574.216537992759
1337,2022-08-30,6.64538,5728.66173703436
1338,2022-08-31,6.17603,5324.057728493528
1339,2022-09-01,5.86439,5055.4079080574675
1340,2022-09-02,5.85051,5043.442629185523
1341,2022-09-03,6.6416,5725.403181260877
1342,2022-09-04,7.29137,6285.538574101138
1343,2022-09-05,6.5293,5628.5947650275
1344,2022-09-06,6.26813,5403.4526985299835
1345,2022-09-07,5.88205,5070.6317427028935
1346,2022-09-08,5.52877,4766.086085651003
1347,2022-09-09,4.97363,4287.526653880772
1348,2022-09-10,5.12503,4418.041295178486
1349,2022-09-11,7.09455,6115.86954041411
1350,2022-09-12,8.03704,6928.344733787177
1351,2022-09-13,7.5046,6469.353877693685
1352,2022-09-14,6.41449,5529.622598796386
1353,2022-09-15,6.26939,5404.538883787811
1354,2022-09-16,6.1836,5330.583460558413
1355,2022-09-17,6.97595,6013.630197891594
1356,2022-09-18,7.45918,6430.199485304371
1357,2022-09-19,6.83085,5888.546482883019
1358,2022-09-20,7.27497,6271.400924713539
1359,2022-09-21,7.04029,6069.094610184163
1360,2022-09-22,6.84094,5897.244585463561
1361,2022-09-23,7.12104,6138.70529238225
1362,2022-09-24,7.6396,6585.730869603799
1363,2022-09-25,8.74107,7535.255056857386
1364,2022-09-26,7.66484,6607.489056832032
1365,2022-09-27,7.386,6367.114535171169
1366,2022-09-28,6.86618,5919.002772691792
1367,2022-09-29,6.44351,5554.639341798102
1368,2022-09-30,5.97037,5146.768156965867
1369,2022-10-01,6.69206,5768.902314681502
1370,2022-10-02,7.92727,6833.717308587376
1371,2022-10-03,8.50765,7334.034927585838
1372,2022-10-04,7.45035,6422.587567981657
1373,2022-10-05,7.5475,6506.335899567343
1374,2022-10-06,7.6661,6608.575242089859
1375,2022-10-07,7.09202,6113.688549380535
1376,2022-10-08,7.45161,6423.6737532394845
1377,2022-10-09,9.38075,8086.692347117107
1378,2022-10-10,10.84306,9347.27930296955
1379,2022-10-11,8.73097,7526.548333758925
1380,2022-10-12,7.98657,6884.836979848634
1381,2022-10-13,7.23838,6239.858449646938
1382,2022-10-14,6.96459,6003.837289535307
1383,2022-10-15,8.5556,7375.370311008726
1384,2022-10-16,8.66663,7471.0839214663565
1385,2022-10-17,8.10643,6988.1625076289765
1386,2022-10-18,8.21999,7086.057109120181
1387,2022-10-19,8.16321,7037.109808374578
1388,2022-10-20,7.34941,6335.572060104569
1389,2022-10-21,6.95324,5994.053001696938
1390,2022-10-22,7.19044,6198.531686741969
1391,2022-10-23,8.16826,7041.463169923809
1392,2022-10-24,8.18087,7052.333643020006
1393,2022-10-25,7.43394,6408.441298076139
1394,2022-10-26,7.17025,6181.126861062968
1395,2022-10-27,6.74379,5813.496253877874
1396,2022-10-28,7.68881,6628.152438284516
1397,2022-10-29,7.15511,6168.075396933195
1398,2022-10-30,7.09076,6112.602364122708
1399,2022-10-31,6.4637,5572.044167477104
1400,2022-11-01,6.78291,5847.21971997805
1401,2022-11-02,7.01884,6050.603599247334
1402,2022-11-03,6.92422,5969.036258695222
1403,2022-11-04,7.41754,6394.303648688539
1404,2022-11-05,7.96764,6868.518339427459
1405,2022-11-06,9.42617,8125.846739506421
1406,2022-11-07,8.12914,7007.739703823633
1407,2022-11-08,7.2346,6236.599893873456
1408,2022-11-09,7.04534,6073.447971733394
1409,2022-11-10,6.74884,5817.849615427105
1410,2022-11-11,8.11905,6999.041601243092
1411,2022-11-12,9.31893,8033.400305340193
1412,2022-11-13,9.09813,7843.05926968276
1413,2022-11-14,7.8339,6753.227532775172
1414,2022-11-15,7.56516,6521.55973421277
1415,2022-11-16,7.08698,6109.343808349224
1416,2022-11-17,6.54444,5641.646229157272
1417,2022-11-18,6.69837,5774.3418614885595
1418,2022-11-19,6.80309,5864.615925139132
1419,2022-11-20,7.61815,6567.239858666971
1420,2022-11-21,6.60122,5690.593529902873
1421,2022-11-22,6.63781,5722.136004969474
1422,2022-11-23,6.41197,5527.450228280732
1423,2022-11-24,5.96532,5142.4147954166365
1424,2022-11-25,5.41144,4664.941548904234
1425,2022-11-26,6.56085,5655.79249906279
1426,2022-11-27,7.81624,6738.003698129745
1427,2022-11-28,6.67945,5758.031841585305
1428,2022-11-29,6.80057,5862.443554623476
1429,2022-11-30,8.0711,6957.706217820203
1430,2022-12-01,7.75568,6685.79784161066
1431,2022-12-02,6.94188,5984.260093340649
1432,2022-12-03,6.63781,5722.136004969474
1433,2022-12-04,8.39158,7233.976576096897
1434,2022-12-05,7.51722,6480.232971307801
1435,2022-12-06,6.80436,5865.710730914879
1436,2022-12-07,6.82328,5882.020750818133
1437,2022-12-08,6.34383,5468.71001917884
1438,2022-12-09,6.13818,5291.429068169099
1439,2022-12-10,6.8687,5921.175143207447
1440,2022-12-11,7.92222,6829.363947038145
1441,2022-12-12,6.90655,5953.803803531877
1442,2022-12-13,6.658,5739.540830648476
1443,2022-12-14,6.71225,5786.307140360504
1444,2022-12-15,6.32617,5453.486184533414
1445,2022-12-16,6.25804,5394.754595949443
1446,2022-12-17,7.33553,6323.606781232625
1447,2022-12-18,7.83012,6749.968977001689
1448,2022-12-19,7.2838,6279.012842036253
1449,2022-12-20,6.88384,5934.226607337219
1450,2022-12-21,9.92707,8557.648482082543
1451,2022-12-22,11.67831,10067.30806217639
1452,2022-12-23,8.42186,7260.07950435644
1453,2022-12-24,8.13293,7011.006880115036
1454,2022-12-25,8.90887,7679.907347542699
1455,2022-12-26,7.09833,6119.128096187594
1456,2022-12-27,6.49398,5598.1470957366455
1457,2022-12-28,6.51921,5619.8966624469585
1458,2022-12-29,6.30977,5439.348535145815
1459,2022-12-30,6.80562,5866.796916172707
1460,2022-12-31,7.56264,6519.387363697115
1461,2023-01-01,7.30399,6296.417667715254
1462,2023-01-02,7.30777,6299.676223488737
1463,2023-01-03,7.28254,6277.926656778425
1464,2023-01-04,6.84978,5904.865123304193
1465,2023-01-05,6.50659,5609.017568832843
1466,2023-01-06,6.32491,5452.399999275586
1467,2023-01-07,6.85356,5908.123679077677
1468,2023-01-08,7.73549,6668.393015931659
1469,2023-01-09,6.49019,5594.879919445244
1470,2023-01-10,6.21009,5353.419212526554
1471,2023-01-11,5.6663,4884.644068594692
1472,2023-01-12,5.70037,4914.014173145638
1473,2023-01-13,5.81897,5016.253515668153
1474,2023-01-14,6.83716,5893.986029690077
1475,2023-01-15,7.15637,6169.161582191024
1476,2023-01-16,6.37538,5495.90775321413
1477,2023-01-17,5.71929,4930.324193048892
1478,2023-01-18,5.27643,4548.5559364762
1479,2023-01-19,4.92694,4247.277455715711
1480,2023-01-20,4.61656,3979.7138205374777
1481,2023-01-21,4.79573,4134.167640096998
1482,2023-01-22,5.24111,4518.108267185346
1483,2023-01-23,6.62519,5711.256911355358
1484,2023-01-24,7.29011,6284.4523888433105
1485,2023-01-25,5.6991,4912.91936736989
1486,2023-01-26,5.58807,4817.205756912261
1487,2023-01-27,5.29914,4568.133132670857
1488,2023-01-28,6.03598,5203.327375034183
1489,2023-01-29,6.38042,5500.252494245441
1490,2023-01-30,5.43541,4685.604930356719
1491,2023-01-31,5.25372,4528.978740281543
1492,2023-02-01,5.27013,4543.125010187061
1493,2023-02-02,5.29914,4568.133132670857
1494,2023-02-03,5.21966,4499.617256248517
1495,2023-02-04,5.97037,5146.768156965867
1496,2023-02-05,6.56337,5657.964869578445
1497,2023-02-06,5.98173,5156.561065322155
1498,2023-02-07,5.59186,4820.472933203662
1499,2023-02-08,5.46317,4709.535488100606
1500,2023-02-09,5.37106,4630.131897546231
1501,2023-02-10,5.337,4600.770413513204
1502,2023-02-11,6.06374,5227.25793277807
1503,2023-02-12,6.95197,5992.958195921191
1504,2023-02-13,5.9464,5126.104775513382
1505,2023-02-14,5.7092,4921.62609046835
1506,2023-02-15,5.51237,4751.948436263403
1507,2023-02-16,5.59943,4826.998665268548
1508,2023-02-17,5.37485,4633.399073837633
1509,2023-02-18,6.33753,5463.279092889702
1510,2023-02-19,7.16268,6174.601128998082
1511,2023-02-20,5.86691,5057.580278573122
1512,2023-02-21,5.52877,4766.086085651003
1513,2023-02-22,5.54896,4783.490911330005
1514,2023-02-23,5.40765,4661.674372612832
1515,2023-02-24,5.31933,4585.537958349859
1516,2023-02-25,6.25678,5393.668410691615
1517,2023-02-26,7.06427,6089.766612154567
1518,2023-02-27,5.80383,5003.202051538381
1519,2023-02-28,5.57041,4801.981922266833
1520,2023-03-01,7.08572,6108.257623091397
1521,2023-03-02,5.4127,4666.027734162061
1522,2023-03-03,5.46064,4707.354497067031
1523,2023-03-04,6.86744,5920.088957949621
1524,2023-03-05,7.61563,6565.067488151315
1525,2023-03-06,6.09402,5253.360861037613
1526,2023-03-07,6.34636,5470.8910102124155
1527,2023-03-08,5.90855,5093.476115188953
1528,2023-03-09,5.96659,5143.509601192383
1529,2023-03-10,5.85934,5051.054546508238
1530,2023-03-11,6.54823,5644.913405448674
1531,2023-03-12,7.27749,6273.573295229195
1532,2023-03-13,5.59564,4823.731488977146
1533,2023-03-14,5.35592,4617.0804334164595
1534,2023-03-15,5.75967,4965.133844406895
1535,2023-03-16,5.337,4600.770413513204
1536,2023-03-17,5.54391,4779.137549780774
1537,2023-03-18,6.64664,5729.7479222921875
1538,2023-03-19,7.4453,6418.234206432427
1539,2023-03-20,6.39556,5513.3039583752125
1540,2023-03-21,6.26435,5400.194142756501
1541,2023-03-22,5.60952,4835.696767849089
1542,2023-03-23,5.877,5066.278381153664
1543,2023-03-24,5.72686,4936.849925113778
1544,2023-03-25,6.20757,5351.246842010898
1545,2023-03-26,7.04786,6075.620342249049
1546,2023-03-27,5.96532,5142.4147954166365
1547,2023-03-28,5.51994,4758.474168328289
1548,2023-03-29,5.42405,4675.812022000431
1549,2023-03-30,5.14269,4433.2651298239125
1550,2023-03-31,5.1919,4475.68669850463
1551,2023-04-01,6.08897,5249.007499488383
1552,2023-04-02,6.81571,5875.495018753248
1553,2023-04-03,5.7521,4958.60811234201
1554,2023-04-04,5.58681,4816.119571654433
1555,2023-04-05,5.40387,4658.415816839349
1556,2023-04-06,5.1326,4424.567027243372
1557,2023-04-07,4.75661,4100.444173996823
1558,2023-04-08,5.44803,4696.484023970835
1559,2023-04-09,5.99182,5165.259167902696
1560,2023-04-10,5.43289,4683.432559841063
1561,2023-04-11,5.2184,4498.531070990689
1562,2023-04-12,5.40513,4659.502002097176
1563,2023-04-13,5.20704,4488.738162634401
1564,2023-04-14,5.20326,4485.479606860918
1565,2023-04-15,5.71929,4930.324193048892
1566,2023-04-16,6.34383,5468.71001917884
1567,2023-04-17,5.32186,4587.718949383433
1568,2023-04-18,5.20704,4488.738162634401
1569,2023-04-19,5.45055,4698.65639448649
1570,2023-04-20,5.14774,4437.618491373143
1571,2023-04-21,5.21335,4494.177709441459
1572,2023-04-22,5.43793,4687.777300872374
1573,2023-04-23,6.25299,5390.401234400212
1574,2023-04-24,5.62214,4846.575861463206
1575,2023-04-25,5.28274,4553.995483283258
1576,2023-04-26,4.86638,4195.071599196625
1577,2023-04-27,4.71119,4061.289781607509
1578,2023-04-28,4.75787,4101.530359254651
1579,2023-04-29,5.33069,4595.3308667061465
1580,2023-04-30,5.84041,5034.735906087063
1581,2023-05-01,6.40313,5519.829690440099
1582,2023-05-02,5.73569,4944.461842436491
1583,2023-05-03,5.20326,4485.479606860918
1584,2023-05-04,5.59943,4826.998665268548
1585,2023-05-05,6.0486,5214.206468648299
1586,2023-05-06,6.01201,5182.663993581698
1587,2023-05-07,6.33879,5464.36527814753
1588,2023-05-08,5.97163,5147.854342223694
1589,2023-05-09,5.20452,4486.565792118745
1590,2023-05-10,5.35466,4615.994248158631
1591,2023-05-11,5.25751,4532.245916572945
1592,2023-05-12,4.85503,4185.287311358256
1593,2023-05-13,5.11998,4413.687933629256
1594,2023-05-14,5.67766,4894.43697695098
1595,2023-05-15,5.36349,4623.606165481345
1596,2023-05-16,5.74957,4956.427121308435
1597,2023-05-17,5.58303,4812.86101588095
1598,2023-05-18,4.93073,4250.544632007113
1599,2023-05-19,4.86512,4193.985413938798
1600,2023-05-20,5.25877,4533.332101830773
1601,2023-05-21,5.63728,4859.627325592976
1602,2023-05-22,5.14774,4437.618491373143
1603,2023-05-23,4.88909,4214.648795391283
1604,2023-05-24,4.8689,4197.243969712281
1605,2023-05-25,4.4967,3876.3882927571344
1606,2023-05-26,4.12828,3558.7911715754717
1607,2023-05-27,4.57619,3944.9127896973946
1608,2023-05-28,5.11367,4408.248386822198
1609,2023-05-29,5.0897,4387.585005369712
1610,2023-05-30,4.69479,4047.15213221991
1611,2023-05-31,4.53834,3912.2841293729653
1612,2023-06-01,4.66956,4025.402565509597
1613,2023-06-02,4.24815,3662.1253198737345
1614,2023-06-03,4.7503,4095.0046271897654
1615,2023-06-04,4.76923,4111.323267610939
1616,2023-06-05,4.3945,3788.286599622218
1617,2023-06-06,4.98624,4298.397126976968
1618,2023-06-07,4.51184,3889.4397568869063
1619,2023-06-08,4.37053,3767.623218169733
1620,2023-06-09,4.2759,3686.0472570997026
1621,2023-06-10,4.30114,3707.8054443279343
1622,2023-06-11,4.67334,4028.66112128308
1623,2023-06-12,4.42226,3812.2171573661053
1624,2023-06-13,4.83358,4166.796300421427
1625,2023-06-14,5.76093,4966.220029664723
1626,2023-06-15,4.9383,4257.0703640719985
1627,2023-06-16,5.18181,4466.988595924088
1628,2023-06-17,4.90549,4228.786444778882
1629,2023-06-18,5.18685,4471.333336955399
1630,2023-06-19,4.83736,4170.054856194911
1631,2023-06-20,4.49923,3878.569283790709
1632,2023-06-21,4.37684,3773.0627649767907
1633,2023-06-22,4.51437,3891.6207479204813
1634,2023-06-23,4.38567,3780.6746822995046
1635,2023-06-24,4.54591,3918.8098614378514
1636,2023-06-25,4.83736,4170.054856194911
1637,2023-06-26,4.13586,3565.325524158277
1638,2023-06-27,4.18254,3605.566101805419
1639,2023-06-28,4.3352,3737.166928360961
1640,2023-06-29,4.00211,3450.0260969880705
1641,2023-06-30,4.01473,3460.9051906021864
1642,2023-07-01,4.40586,3798.079507978506
1643,2023-07-02,4.68848,4041.712585412852
1644,2023-07-03,4.23805,3653.418596775274
1645,2023-07-04,4.07908,3516.3782234126747
1646,2023-07-05,4.23427,3650.160041001791
1647,2023-07-06,4.19894,3619.703751193018
1648,2023-07-07,3.81664,3290.141351139411
1649,2023-07-08,3.98319,3433.716077084816
1650,2023-07-09,4.43866,3826.354806753704
1651,2023-07-10,3.9895,3439.155623891874
1652,2023-07-11,3.75104,3233.5907535890146
1653,2023-07-12,3.68038,3172.678173971469
1654,2023-07-13,3.48986,3008.4400665735793
1655,2023-07-14,3.57566,3082.4041103208965
1656,2023-07-15,3.84188,3311.8995383676433
1657,2023-07-16,4.06015,3500.0595829915005
1658,2023-07-17,3.72328,3209.6601958451274
1659,2023-07-18,3.31449,2857.2620438233807
1660,2023-07-19,3.36369,2899.674991986178
1661,2023-07-20,3.30439,2848.5553207249204
1662,2023-07-21,3.26023,2810.4871135934336
1663,2023-07-22,3.51762,3032.3706243174665
1664,2023-07-23,3.80907,3283.6156190745255
1665,2023-07-24,3.37883,2912.726456115949
1666,2023-07-25,3.4722,2993.2162319281524
1667,2023-07-26,3.45201,2975.811406249151
1668,2023-07-27,3.2615,2811.5819193691805
1669,2023-07-28,3.24635,2798.52183472149
1670,2023-07-29,3.36243,2898.58880672835
1671,2023-07-30,3.65136,3147.6614309697534
1672,2023-07-31,3.40785,2937.743199117664
1673,2023-08-01,3.8608,3328.2095582708976
1674,2023-08-02,3.6829,3174.8505444871244
1675,2023-08-03,3.46084,2983.4233235718643
1676,2023-08-04,3.05836,2636.464718357175
1677,2023-08-05,3.53402,3046.5082737050657
1678,2023-08-06,3.59963,3103.0674917733813
1679,2023-08-07,3.54286,3054.1288115456987
1680,2023-08-08,3.33215,2872.485878468807
1681,2023-08-09,3.38262,2915.993632407352
1682,2023-08-10,3.29178,2837.6848476287237
1683,2023-08-11,3.29935,2844.210579693609
1684,2023-08-12,3.63244,3131.3514110664987
1685,2023-08-13,3.97688,3428.276530277758
1686,2023-08-14,3.48986,3008.4400665735793
1687,2023-08-15,3.78384,3261.866052364213
1688,2023-08-16,3.48986,3008.4400665735793
1689,2023-08-17,3.40154,2932.303652310606
1690,2023-08-18,3.25771,2808.314743077778
1691,2023-08-19,3.66146,3156.368154068214
1692,2023-08-20,3.98445,3434.802262342643
1693,2023-08-21,3.55043,3060.654543610584
1694,2023-08-22,3.6072,3109.5932238382675
1695,2023-08-23,3.88225,3346.700569207727
1696,2023-08-24,3.6501,3146.575245711926
1697,2023-08-25,3.75987,3241.202670911728
1698,2023-08-26,3.98319,3433.716077084816
1699,2023-08-27,4.39955,3792.639961171448
1700,2023-08-28,4.10305,3537.0416048651587
1701,2023-08-29,4.39703,3790.4675906557927
1702,2023-08-30,4.1245,3555.532615801989
1703,2023-08-31,3.78384,3261.866052364213
1704,2023-09-01,4.07403,3512.0248618634437
1705,2023-09-02,4.46894,3852.457735013247
1706,2023-09-03,4.94965,4266.854651910368
1707,2023-09-04,4.61278,3976.455264763995
1708,2023-09-05,4.42857,3817.6567041731632
1709,2023-09-06,4.56736,3937.3008723746807
1710,2023-09-07,4.58754,3954.6970775357627
1711,2023-09-08,4.80077,4138.512381128309
1712,2023-09-09,5.14522,4435.446120857488
1713,2023-09-10,5.47452,4719.319775938975
1714,2023-09-11,4.81844,4153.744836291656
1715,2023-09-12,4.60016,3965.5761711498785
1716,2023-09-13,4.73138,4078.6946072865103
1717,2023-09-14,4.73769,4084.134154093568
1718,2023-09-15,4.84367,4175.494403001969
1719,2023-09-16,5.20199,4484.384801085171
1720,2023-09-17,5.38242,4639.9248059025185
1721,2023-09-18,4.94713,4264.682281394712
1722,2023-09-19,4.98372,4296.2247564613135
1723,2023-09-20,4.83736,4170.054856194911
1724,2023-09-21,4.9976,4308.190035333257
1725,2023-09-22,4.89792,4222.260712713995
1726,2023-09-23,5.55275,4786.758087621406
1727,2023-09-24,6.2429,5381.703131819671
1728,2023-09-25,5.35718,4618.166618674287
1729,2023-09-26,4.96606,4281.000921815886
1730,2023-09-27,4.42226,3812.2171573661053
1731,2023-09-28,3.97183,3423.923168728528
1732,2023-09-29,3.93146,3389.1221378884434
1733,2023-09-30,5.76345,4968.392400180378
1734,2023-10-01,6.71604,5789.574316651906
1735,2023-10-02,6.79174,5854.831637300763
1736,2023-10-03,7.6396,6585.730869603799
1737,2023-10-04,6.47505,5581.828455315473
1738,2023-10-05,6.53183,5630.775756061075
1739,2023-10-06,6.11294,5269.670880940867
1740,2023-10-07,6.66178,5742.79938642196
1741,2023-10-08,7.01884,6050.603599247334
1742,2023-10-09,7.55381,6511.775446374401
1743,2023-10-10,6.46243,5570.949361701357
1744,2023-10-11,6.3186,5446.960452468528
1745,2023-10-12,5.85556,5047.795990734753
1746,2023-10-13,5.7092,4921.62609046835
1747,2023-10-14,6.18738,5333.842016331897
1748,2023-10-15,6.86113,5914.649411142563
1749,2023-10-16,6.68954,5766.729944165847
1750,2023-10-17,6.43341,5545.932618699641
1751,2023-10-18,6.30598,5436.081358854412
1752,2023-10-19,6.37033,5491.5543916649
1753,2023-10-20,6.57094,5664.4906016433315
1754,2023-10-21,7.00623,6039.733126151138
1755,2023-10-22,7.60049,6552.016024021543
1756,2023-10-23,6.75767,5825.461532749818
1757,2023-10-24,5.99056,5164.172982644869
1758,2023-10-25,5.79499,4995.581513697749
1759,2023-10-26,5.35214,4613.821877642977
1760,2023-10-27,5.74453,4952.082380277124
1761,2023-10-28,5.42279,4674.725836742603
1762,2023-10-29,6.38926,5507.873032086074
1763,2023-10-30,5.45812,4705.182126551376
1764,2023-10-31,5.37737,4635.571444353289
1765,2023-11-01,5.74831,4955.340936050607
1766,2023-11-02,5.09601,4393.024552176771
1767,2023-11-03,5.02157,4328.8534167857415
1768,2023-11-04,5.64359,4865.066872400034
1769,2023-11-05,6.25173,5389.315049142385
1770,2023-11-06,5.8606,5052.140731766064
1771,2023-11-07,6.65926,5740.627015906303
1772,2023-11-08,6.28075,5414.3317921441
1773,2023-11-09,5.86439,5055.4079080574675
1774,2023-11-10,6.31734,5445.8742672107
1775,2023-11-11,7.09707,6118.041910929766
1776,2023-11-12,8.02694,6919.638010688717
1777,2023-11-13,7.47432,6443.250949434142
1778,2023-11-14,6.93179,5975.5619907601085
1779,2023-11-15,6.37159,5492.6405769227285
1780,2023-11-16,5.9956,5168.517723676179
1781,2023-11-17,6.22397,5365.384491398497
1782,2023-11-18,7.19801,6205.057418806855
1783,2023-11-19,7.56012,6517.21499318146
1784,2023-11-20,6.49145,5595.966104703072
1785,2023-11-21,6.2265,5367.565482432072
1786,2023-11-22,5.6827,4898.7817179822905
1787,2023-11-23,5.77228,4976.004317503092
1788,2023-11-24,6.27949,5413.245606886272
1789,2023-11-25,6.5293,5628.5947650275
1790,2023-11-26,6.93431,5977.734361275763
1791,2023-11-27,6.1571,5307.739088072353
1792,2023-11-28,5.88584,5073.898918994297
1793,2023-11-29,5.88331,5071.717927960722
1794,2023-11-30,5.59186,4820.472933203662
1795,2023-12-01,5.42027,4672.553466226947
1796,2023-12-02,5.88584,5073.898918994297
1797,2023-12-03,6.36024,5482.85628908436
1798,2023-12-04,5.5477,4782.404726072176
1799,2023-12-05,4.85376,4184.1925055825095
1800,2023-12-06,5.03293,4338.64632514203
1801,2023-12-07,4.73264,4079.780792544338
1802,2023-12-08,4.57367,3942.7404191817386
1803,2023-12-09,5.17802,4463.721419632686
1804,2023-12-10,5.57546,4806.335283816064
1805,2023-12-11,5.09727,4394.110737434598
1806,2023-12-12,4.77049,4112.4094528687665
1807,2023-12-13,4.76671,4109.150897095284
1808,2023-12-14,4.85124,4182.020135066854
1809,2023-12-15,4.77301,4114.581823384422
1810,2023-12-16,5.31176,4579.012226284973
1811,2023-12-17,6.1407,5293.601438684755
1812,2023-12-18,5.67135,4888.997430143922
1813,2023-12-19,5.76093,4966.220029664723
1814,2023-12-20,5.38368,4641.010991160347
1815,2023-12-21,5.41144,4664.941548904234
1816,2023-12-22,4.88278,4209.209248584225
1817,2023-12-23,5.37106,4630.131897546231
1818,2023-12-24,5.65873,4878.118336529807
1819,2023-12-25,5.70163,4915.100358403465
1820,2023-12-26,4.76418,4106.969906061709
1821,2023-12-27,4.59007,3956.8780685693378
1822,2023-12-28,4.37558,3771.976579718964
1823,2023-12-29,5.13386,4425.6532125012
1824,2023-12-30,5.89971,5085.85557734832
1825,2023-12-31,5.83663,5031.47735031358
1826,2024-01-01,5.41648,4669.286289935545
1827,2024-01-02,5.17297,4459.368058083456
1828,2024-01-03,5.33447,4598.589422479629
1829,2024-01-04,5.11241,4407.16220156437
1830,2024-01-05,4.80708,4143.951927935367
1831,2024-01-06,5.64107,4862.89450188438
1832,2024-01-07,5.92369,5106.527579318725
1833,2024-01-08,4.76292,4105.883720803881
1834,2024-01-09,4.7768,4117.848999675824
1835,2024-01-10,4.75661,4100.444173996823
1836,2024-01-11,4.59764,3963.4038006342234
1837,2024-01-12,4.39198,3786.114229106563
1838,2024-01-13,4.94334,4261.41510510331
1839,2024-01-14,6.16467,5314.264820137239
1840,2024-01-15,4.67082,4026.488750767425
1841,2024-01-16,4.27212,3682.7887013262193
1842,2024-01-17,4.47525,3857.897281820305
1843,2024-01-18,4.21282,3631.669030064961
1844,2024-01-19,3.79015,3267.305599171271
1845,2024-01-20,4.691,4043.884955928507
1846,2024-01-21,4.9383,4257.0703640719985
1847,2024-01-22,4.25193,3665.3838756472173
1848,2024-01-23,4.32511,3728.4688257804187
1849,2024-01-24,4.23679,3652.3324115174464
1850,2024-01-25,4.06141,3501.1457682493287
1851,2024-01-26,3.94408,3400.0012315025597
1852,2024-01-27,4.52824,3903.5774062745054
1853,2024-01-28,4.95848,4274.466569233081
1854,2024-01-29,4.18001,3603.385110771844
1855,2024-01-30,4.05637,3496.8010272180177
1856,2024-01-31,3.9794,3430.4489007934135
1857,2024-02-01,4.15226,3579.463173545876
1858,2024-02-02,4.37053,3767.623218169733
1859,2024-02-03,4.68217,4036.2730386057938
1860,2024-02-04,5.00517,4314.715767398142
1861,2024-02-05,4.28095,3690.4006186489323
1862,2024-02-06,4.19768,3618.61756593519
1863,2024-02-07,3.97814,3429.3627155355853
1864,2024-02-08,3.693,3183.5572675855847
1865,2024-02-09,3.828,3299.9342594956993
1866,2024-02-10,3.94534,3401.087416760387
1867,2024-02-11,5.04933,4352.78397452963
1868,2024-02-12,5.86313,5054.321722799639
1869,2024-02-13,5.36097,4621.433794965689
1870,2024-02-14,4.98372,4296.2247564613135
1871,2024-02-15,4.99634,4307.103850075429
1872,2024-02-16,4.57619,3944.9127896973946
1873,2024-02-17,5.34457,4607.296145578091
1874,2024-02-18,5.91359,5097.820856220264
1875,2024-02-19,4.9711,4285.345662847197
1876,2024-02-20,4.65946,4016.6958424111367
1877,2024-02-21,4.69731,4049.324502735565
1878,2024-02-22,4.33647,3738.2617341367077
1879,2024-02-23,4.05006,3491.3614804109593
1880,2024-02-24,4.83988,4172.227226710565
1881,2024-02-25,5.24994,4525.720184508059
1882,2024-02-26,4.32006,3724.1154642311885
1883,2024-02-27,4.52951,3904.6722120502523
1884,2024-02-28,4.11945,3551.179254252758
1885,2024-02-29,4.23553,3651.246226259618
1886,2024-03-01,4.82096,4155.917206807311
1887,2024-03-02,4.81717,4152.650030515909
1888,2024-03-03,5.57293,4804.154292782489
1889,2024-03-04,4.45254,3838.320085625648
1890,2024-03-05,4.45002,3836.147715109993
1891,2024-03-06,4.39577,3789.381405397965
1892,2024-03-07,4.2595,3671.9096077121035
1893,2024-03-08,4.39577,3789.381405397965
1894,2024-03-09,4.88531,4211.390239617799
1895,2024-03-10,5.65621,4875.945966014151
1896,2024-03-11,4.73895,4085.220339351396
1897,2024-03-12,4.61026,3974.2828942483397
1898,2024-03-13,4.4475,3833.975344594337
1899,2024-03-14,4.5396,3913.3703146307935
1900,2024-03-15,4.53581,3910.1031383393906
1901,2024-03-16,4.95975,4275.561375008828
1902,2024-03-17,5.85682,5048.882175992581
1903,2024-03-18,5.00769,4316.888137913798
1904,2024-03-19,4.99003,4301.664303268371
1905,2024-03-20,5.04933,4352.78397452963
1906,2024-03-21,4.53329,3907.9307678237356
1907,2024-03-22,4.38441,3779.588497041677
1908,2024-03-23,5.06447,4365.8354386594
1909,2024-03-24,5.77859,4981.44386431015
1910,2024-03-25,4.88404,4210.295433842052
1911,2024-03-26,4.46264,3847.026808724109
1912,2024-03-27,4.28978,3698.0125359716462
1913,2024-03-28,4.51437,3891.6207479204813
1914,2024-03-29,4.04501,3487.0081188617296
1915,2024-03-30,4.62161,3984.0671820867087
1916,2024-03-31,5.16288,4450.6699555029145
1917,2024-04-01,4.99634,4307.103850075429
1918,2024-04-02,4.97993,4292.957580169911
1919,2024-04-03,4.57745,3945.9989749552215
1920,2024-04-04,4.80708,4143.951927935367
1921,2024-04-05,4.5068,3885.095015855595
1922,2024-04-06,4.83736,4170.054856194911
1923,2024-04-07,5.24615,4522.4530082166575
1924,2024-04-08,5.05311,4356.0425303031125
1925,2024-04-09,4.41974,3810.04478685045
1926,2024-04-10,4.73769,4084.134154093568
1927,2024-04-11,4.26076,3672.9957929699312
1928,2024-04-12,4.5724,3941.6456134059918
1929,2024-04-13,4.65189,4010.170110346251
1930,2024-04-14,4.86638,4195.071599196625
1931,2024-04-15,4.66956,4025.402565509597
1932,2024-04-16,4.38315,3778.502311783849
1933,2024-04-17,4.74273,4088.4788951248793
1934,2024-04-18,4.11567,3547.920698479275
1935,2024-04-19,4.31249,3717.5897321663033
1936,2024-04-20,4.53203,3906.8445825659073
1937,2024-04-21,4.3453,3745.8736514594207
1938,2024-04-22,4.28978,3698.0125359716462
1939,2024-04-23,4.25446,3667.5648666807924
1940,2024-04-24,4.09043,3526.162511251043
1941,2024-04-25,4.07908,3516.3782234126747
1942,2024-04-26,4.05384,3494.6200361844426
1943,2024-04-27,4.20273,3622.97092748442
1944,2024-04-28,4.84746,4178.76157929337
1945,2024-04-29,4.40712,3799.165693236334
1946,2024-04-30,4.07656,3514.2058528970188
1947,2024-05-01,4.80203,4139.5985663861375
1948,2024-05-02,4.28852,3696.9263507138185
1949,2024-05-03,4.19011,3612.091833870304
1950,2024-05-04,4.1409,3569.670265189588
1951,2024-05-05,4.73264,4079.780792544338
1952,2024-05-06,4.61026,3974.2828942483397
1953,2024-05-07,4.30618,3712.1501853592454
1954,2024-05-08,4.16109,3587.075090868589
1955,2024-05-09,3.8545,3322.7786319817587
1956,2024-05-10,4.02861,3472.8704694741295
1957,2024-05-11,3.89866,3360.8468391132456
1958,2024-05-12,4.27086,3681.7025160683916
1959,2024-05-13,4.04501,3487.0081188617296
1960,2024-05-14,3.88982,3353.2263012726125
1961,2024-05-15,4.08413,3520.7315849619044
1962,2024-05-16,3.75356,3235.76312410467
1963,2024-05-17,3.60846,3110.679409096095
1964,2024-05-18,3.69174,3182.4710823277564
1965,2024-05-19,3.90244,3364.1053948867284
1966,2024-05-20,3.87973,3344.5281986920713
1967,2024-05-21,3.70183,3191.169184908298
1968,2024-05-22,3.94408,3400.0012315025597
1969,2024-05-23,3.70057,3190.0829996504704
1970,2024-05-24,3.58575,3091.1022129014377
1971,2024-05-25,3.76365,3244.4612266852114
1972,2024-05-26,4.00338,3451.1209027638174
1973,2024-05-27,3.55295,3062.8269141262394
1974,2024-05-28,3.62739,3126.998049517269
1975,2024-05-29,3.69931,3188.9968143926426
1976,2024-05-30,3.43056,2957.320395312321
1977,2024-05-31,3.48229,3001.9143345086936
1978,2024-06-01,3.77627,3255.3403202993272
1979,2024-06-02,3.73337,3218.358298425668
1980,2024-06-03,3.51131,3026.9310775104086
1981,2024-06-04,3.52771,3041.0687268980078
1982,2024-06-05,3.3801,2913.8212618916964
1983,2024-06-06,3.51005,3025.844892252581
1984,2024-06-07,3.17696,2738.7040608796906
1985,2024-06-08,3.45454,2977.9923972827255
1986,2024-06-09,3.66398,3158.5405245838697
1987,2024-06-10,3.57692,3083.4902955787243
1988,2024-06-11,4.08791,3523.9901407353877
1989,2024-06-12,3.85702,3324.9510024974143
1990,2024-06-13,4.10179,3535.955419607332
1991,2024-06-14,4.36675,3764.36466239625
1992,2024-06-15,3.91506,3374.9844885008447
1993,2024-06-16,3.92894,3386.949767372788
1994,2024-06-17,3.86964,3335.83009611153
1995,2024-06-18,3.92137,3380.4240353079026
1996,2024-06-19,3.89613,3358.6658480796705
1997,2024-06-20,3.66398,3158.5405245838697
1998,2024-06-21,3.63496,3133.5237815821542
1999,2024-06-22,3.3208,2862.7015906304387
2000,2024-06-23,3.69931,3188.9968143926426
2001,2024-06-24,3.53528,3047.5944589628934
2002,2024-06-25,3.21355,2770.2465359462917
2003,2024-06-26,3.25014,2801.7890110128924
2004,2024-06-27,3.12523,2694.110121683319
2005,2024-06-28,2.93219,2527.699643769774
2006,2024-06-29,3.23878,2791.9961026566043
2007,2024-06-30,3.21986,2775.6860827533496
2008,2024-07-01,3.40659,2936.6570138598368
2009,2024-07-02,2.94355,2537.492552126062
2010,2024-07-03,3.27159,2820.280021949722
2011,2024-07-04,3.16813,2731.0921435569776
2012,2024-07-05,3.20977,2766.9879801728084
2013,2024-07-06,3.25645,2807.2285578199503
2014,2024-07-07,3.37,2905.114538793236
2015,2024-07-08,3.1921,2751.7555250094624
2016,2024-07-09,3.06593,2642.990450422061
2017,2024-07-10,2.912,2510.2948180907724
2018,2024-07-11,2.92462,2521.1739117048883
2019,2024-07-12,3.17822,2739.790246137519
2020,2024-07-13,3.10504,2676.705296004317
2021,2024-07-14,3.3107,2853.9948675319783
2022,2024-07-15,3.37,2905.114538793236
2023,2024-07-16,3.14542,2711.5149473623205
2024,2024-07-17,3.06845,2645.1628209377163
2025,2024-07-18,3.05458,2633.2061625836923
2026,2024-07-19,2.88929,2490.7176218961154
2027,2024-07-20,2.92967,2525.527273254119
2028,2024-07-21,3.09621,2669.093378681604
2029,2024-07-22,3.08738,2661.4814613588906
2030,2024-07-23,2.9713,2561.41448935203
2031,2024-07-24,2.90443,2503.7690860258867
2032,2024-07-25,2.82621,2436.3393948613743
2033,2024-07-26,2.77826,2395.004011438485
2034,2024-07-27,2.66976,2301.47139201443
2035,2024-07-28,3.00158,2587.517417611573
2036,2024-07-29,2.65966,2292.7646689159697
2037,2024-07-30,2.58144,2225.3349777514572
2038,2024-07-31,2.6849,2314.5228561442013
2039,2024-08-01,2.64957,2284.0665663354284
2040,2024-08-02,2.65588,2289.5061131424864
2041,2024-08-03,2.642,2277.5408342705427
2042,2024-08-04,2.82495,2435.2532096035466
2043,2024-08-05,2.57891,2223.1539867178826
2044,2024-08-06,2.64326,2278.6270195283705
2045,2024-08-07,2.65335,2287.3251221089117
2046,2024-08-08,2.78205,2398.2711877298875
2047,2024-08-09,2.60541,2245.998359203942
2048,2024-08-10,2.72023,2344.9791459529742
2049,2024-08-11,2.83756,2446.123682699743
2050,2024-08-12,2.8199,2430.8998480543164
2051,2024-08-13,2.74672,2367.8148979211146
2052,2024-08-14,2.82368,2434.1584038277992
2053,2024-08-15,2.81233,2424.3741159894307
2054,2024-08-16,2.74924,2369.98726843677
2055,2024-08-17,2.81233,2424.3741159894307
2056,2024-08-18,2.98014,2569.0350271926627
2057,2024-08-19,2.83883,2447.21848847549
2058,2024-08-20,2.7177,2342.7981549193996
2059,2024-08-21,2.85649,2462.442323120917
2060,2024-08-22,2.71139,2337.358608112342
2061,2024-08-23,2.94228,2536.3977463503147
2062,2024-08-24,2.89055,2491.803807153943
2063,2024-08-25,2.99023,2577.733129773204
2064,2024-08-26,3.12523,2694.110121683319
2065,2024-08-27,3.17948,2740.876431395346
2066,2024-08-28,3.22743,2782.2118148182353
2067,2024-08-29,3.18705,2747.4021634602323
2068,2024-08-30,3.26654,2815.9266604004915
2069,2024-08-31,3.14416,2710.4287621044928
2070,2024-09-01,3.68038,3172.678173971469
2071,2024-09-02,3.34224,2881.1839810493484
2072,2024-09-03,3.43309,2959.501386345896
2073,2024-09-04,3.41921,2947.5361074739526
2074,2024-09-05,3.50248,3019.319160187695
2075,2024-09-06,3.78763,3265.1332286556153
2076,2024-09-07,3.74473,3228.1512067819567
2077,2024-09-08,3.83305,3304.2876210449294
2078,2024-09-09,3.73085,3216.185927910013
2079,2024-09-10,3.55169,3061.7407288684117
2080,2024-09-11,3.41416,2943.182745924722
2081,2024-09-12,3.27537,2823.538577723205
2082,2024-09-13,3.42804,2955.148024796666
2083,2024-09-14,3.12145,2690.8515659098357
2084,2024-09-15,3.32206,2863.7877758882664
2085,2024-09-16,3.06593,2642.990450422061
2086,2024-09-17,3.05584,2634.2923478415196
2087,2024-09-18,3.76491,3245.547411943039
2088,2024-09-19,3.78006,3258.60749659073
2089,2024-09-20,3.7952,3271.658960720501
2090,2024-09-21,4.37053,3767.623218169733
2091,2024-09-22,4.84746,4178.76157929337
2092,2024-09-23,4.48787,3868.7763754344214
2093,2024-09-24,4.48408,3865.5091991430186
2094,2024-09-25,3.86207,3329.304364046645
2095,2024-09-26,3.78006,3258.60749659073
2096,2024-09-27,3.83431,3305.373806302757
2097,2024-09-28,4.12955,3559.8859773512186
2098,2024-09-29,4.41343,3804.605240043392
2099,2024-09-30,4.18506,3607.738472321074
