,date,스튜디오 톰보이,스튜디오 톰보이_absolute
0,2019-01-01,1.33829,1692.8396623367132
1,2019-01-02,1.35387,1712.547230904965
2,2019-01-03,1.31205,1659.6479679059728
3,2019-01-04,1.19315,1509.2481025166812
4,2019-01-05,1.69911,2149.250759306976
5,2019-01-06,2.12635,2689.6783328050496
6,2019-01-07,2.09108,2645.06434413995
7,2019-01-08,1.89756,2400.275597713241
8,2019-01-09,1.74585,2208.3734650117317
9,2019-01-10,1.73847,2199.038300953086
10,2019-01-11,1.63761,2071.4577254849282
11,2019-01-12,1.75815,2223.9320717761416
12,2019-01-13,1.92708,2437.6162539478237
13,2019-01-14,1.55314,1964.609309762191
14,2019-01-15,1.58594,2006.0989278006161
15,2019-01-16,1.53838,1945.9389816448997
16,2019-01-17,1.41948,1795.539116255608
17,2019-01-18,1.34567,1702.1748263953587
18,2019-01-19,1.48344,1876.4438714305375
19,2019-01-20,1.85819,2350.4754067933386
20,2019-01-21,2.07796,2628.4684969245804
21,2019-01-22,1.77455,2244.676880795354
22,2019-01-23,1.71551,2169.9955683261887
23,2019-01-24,1.65975,2099.4632176608657
24,2019-01-25,1.35223,1710.472750003044
25,2019-01-26,1.50312,1901.3376422535925
26,2019-01-27,1.71305,2166.8838469733064
27,2019-01-28,1.44572,1828.7308106863481
28,2019-01-29,1.51378,1914.8217681160806
29,2019-01-30,1.37601,1740.552723080902
30,2019-01-31,1.62612,2056.9237098976873
31,2019-02-01,1.41948,1795.539116255608
32,2019-02-02,1.50722,1906.5238445083955
33,2019-02-03,1.64171,2076.6439277397317
34,2019-02-04,1.45638,1842.2149365488365
35,2019-02-05,1.46622,1854.661821960364
36,2019-02-06,1.98366,2509.1858450641075
37,2019-02-07,1.86393,2357.736089950063
38,2019-02-08,1.52608,1930.3803748804903
39,2019-02-09,1.87952,2377.456307792107
40,2019-02-10,2.07058,2619.133332865935
41,2019-02-11,1.70731,2159.6231638165823
42,2019-02-12,1.65729,2096.3514963079833
43,2019-02-13,1.4572,1843.252176999797
44,2019-02-14,1.30303,1648.2383229454058
45,2019-02-15,1.31697,1665.8714106117366
46,2019-02-16,1.65729,2096.3514963079833
47,2019-02-17,2.0304,2568.308550768864
48,2019-02-18,1.74093,2202.1500223059684
49,2019-02-19,1.63432,2067.2961144072938
50,2019-02-20,1.52936,1934.5293366843327
51,2019-02-21,1.57528,1992.614801938128
52,2019-02-22,1.56298,1977.0561951737186
53,2019-02-23,1.88034,2378.493548243068
54,2019-02-24,2.3371,2956.2617779757243
55,2019-02-25,2.15669,2728.0562294905935
56,2019-02-26,1.97218,2494.664478750659
57,2019-02-27,1.81145,2291.3527010885823
58,2019-02-28,1.8869,2386.7914718507527
59,2019-03-01,2.29035,2897.126422997176
60,2019-03-02,2.23787,2830.743034135696
61,2019-03-03,2.58967,3275.7444861453914
62,2019-03-04,1.88116,2379.530788694028
63,2019-03-05,1.94102,2455.2493416141547
64,2019-03-06,1.91232,2418.9459258305324
65,2019-03-07,1.81555,2296.5389033433858
66,2019-03-08,1.66549,2106.7239008175898
67,2019-03-09,2.15423,2724.944508137711
68,2019-03-10,2.37646,3006.0493196218345
69,2019-03-11,1.99842,2527.856173181399
70,2019-03-12,1.77701,2247.788602148236
71,2019-03-13,1.66221,2102.574939013747
72,2019-03-14,1.5105,1910.6728063122382
73,2019-03-15,1.66795,2109.8356221704717
74,2019-03-16,2.00498,2536.154096789084
75,2019-03-17,2.456,3106.661643365016
76,2019-03-18,1.932,2443.8396966535875
77,2019-03-19,1.80735,2286.1664988337793
78,2019-03-20,1.77865,2249.8630830501575
79,2019-03-21,1.71961,2175.1817705809917
80,2019-03-22,1.50558,1904.4493636064742
81,2019-03-23,1.78931,2263.3472089126453
82,2019-03-24,2.41582,3055.836861267945
83,2019-03-25,1.84753,2336.9912809308503
84,2019-03-26,1.71469,2168.958327875228
85,2019-03-27,1.59086,2012.3223705063801
86,2019-03-28,1.64335,2078.718408641653
87,2019-03-29,2.16735,2741.5403553530814
88,2019-03-30,2.26493,2864.9719690173965
89,2019-03-31,2.16817,2742.5775958040417
90,2019-04-01,1.82293,2305.8740674020314
91,2019-04-02,1.66713,2108.7983817195113
92,2019-04-03,1.66467,2105.6866603666294
93,2019-04-04,1.51542,1916.896249018002
94,2019-04-05,1.38667,1754.0368489433906
95,2019-04-06,1.5269,1931.4176153314506
96,2019-04-07,2.0345,2573.494753023667
97,2019-04-08,1.75487,2219.783109972299
98,2019-04-09,1.58676,2007.136168251577
99,2019-04-10,1.4982,1895.1141995478285
100,2019-04-11,1.44326,1825.6190893334663
101,2019-04-12,1.44818,1831.84253203923
102,2019-04-13,1.54576,1955.2741457035454
103,2019-04-14,1.69255,2140.952835699291
104,2019-04-15,1.37355,1737.4410017280204
105,2019-04-16,1.28827,1629.5679948281147
106,2019-04-17,1.12508,1423.1444958131567
107,2019-04-18,1.07178,1355.7238665007153
108,2019-04-19,0.93976,1188.7281538960535
109,2019-04-20,1.22841,1553.8494419079884
110,2019-04-21,1.37929,1744.7016848847447
111,2019-04-22,1.16444,1472.9320374592667
112,2019-04-23,1.1054,1398.2507249901012
113,2019-04-24,1.03242,1305.936324854605
114,2019-04-25,0.9824,1242.6646573460066
115,2019-04-26,0.98322,1243.7018977969672
116,2019-04-27,1.31697,1665.8714106117366
117,2019-04-28,1.50886,1908.598325410317
118,2019-04-29,1.21775,1540.3653160455003
119,2019-04-30,1.10294,1395.1390036372195
120,2019-05-01,1.35961,1719.8079140616896
121,2019-05-02,1.12344,1421.0700149112351
122,2019-05-03,1.14066,1442.8520643814086
123,2019-05-04,1.35059,1708.3982691011227
124,2019-05-05,1.36289,1723.956875865532
125,2019-05-06,1.531,1936.6038175862539
126,2019-05-07,1.21857,1541.4025564964606
127,2019-05-08,1.13164,1431.4424194208416
128,2019-05-09,1.11688,1412.7720913035503
129,2019-05-10,1.18823,1503.0246598109172
130,2019-05-11,1.25301,1584.9666554368073
131,2019-05-12,1.49,1884.7417950382223
132,2019-05-13,1.25629,1589.1156172406497
133,2019-05-14,1.12508,1423.1444958131567
134,2019-05-15,1.13328,1433.516900322763
135,2019-05-16,1.0931,1382.6921182256917
136,2019-05-17,1.02586,1297.63840124692
137,2019-05-18,1.13574,1436.6286216756448
138,2019-05-19,1.40718,1779.9805094911985
139,2019-05-20,1.07342,1357.7983474026366
140,2019-05-21,1.04554,1322.532172069975
141,2019-05-22,1.07424,1358.8355878535974
142,2019-05-23,0.97256,1230.2177719344788
143,2019-05-24,0.95288,1205.3240011114237
144,2019-05-25,1.08326,1370.2452328141642
145,2019-05-26,1.25547,1588.0783767896894
146,2019-05-27,1.01848,1288.3032371882744
147,2019-05-28,1.01438,1283.1170349334711
148,2019-05-29,1.0111,1278.9680731296287
149,2019-05-30,0.93319,1180.4175810145762
150,2019-05-31,0.84873,1073.5818145656312
151,2019-06-01,1.06686,1349.5004237949515
152,2019-06-02,1.24563,1575.6314913781616
153,2019-06-03,1.07096,1354.6866260497548
154,2019-06-04,0.9906,1253.0370618556128
155,2019-06-05,0.87497,1106.7735089963714
156,2019-06-06,1.16526,1473.9692779102274
157,2019-06-07,1.49082,1885.7790354891831
158,2019-06-08,1.26531,1600.5252622012167
159,2019-06-09,1.26367,1598.4507812992956
160,2019-06-10,1.07096,1354.6866260497548
161,2019-06-11,1.13164,1431.4424194208416
162,2019-06-12,1.02914,1301.7873630507625
163,2019-06-13,0.9865,1247.8508596008096
164,2019-06-14,0.99142,1254.0743023065734
165,2019-06-15,1.21283,1534.1418733397365
166,2019-06-16,1.23415,1561.110125064713
167,2019-06-17,1.38093,1746.776165786666
168,2019-06-18,1.17593,1487.4660530465078
169,2019-06-19,1.00044,1265.4839472671404
170,2019-06-20,1.1054,1398.2507249901012
171,2019-06-21,0.99388,1257.1860236594553
172,2019-06-22,1.19315,1509.2481025166812
173,2019-06-23,1.38257,1748.8506466885874
174,2019-06-24,1.09146,1380.6176373237706
175,2019-06-25,1.02504,1296.6011607959592
176,2019-06-26,1.07424,1358.8355878535974
177,2019-06-27,0.96436,1219.8453674248726
178,2019-06-28,1.00208,1267.5584281690617
179,2019-06-29,1.19069,1506.1363811637993
180,2019-06-30,1.39241,1761.2975321001147
181,2019-07-01,1.25055,1581.8549340839256
182,2019-07-02,1.06604,1348.4631833439912
183,2019-07-03,1.0603,1341.2025001872667
184,2019-07-04,1.10294,1395.1390036372195
185,2019-07-05,1.15624,1462.5596329496605
186,2019-07-06,1.50066,1898.2259209007107
187,2019-07-07,1.53756,1944.9017411939392
188,2019-07-08,1.23907,1567.3335677704765
189,2019-07-09,1.1218,1418.9955340093138
190,2019-07-10,1.09392,1383.7293586766525
191,2019-07-11,1.21693,1539.3280755945395
192,2019-07-12,1.12754,1426.2562171660384
193,2019-07-13,1.16444,1472.9320374592667
194,2019-07-14,1.35797,1717.7334331597683
195,2019-07-15,1.07834,1364.0217901084006
196,2019-07-16,1.1546,1460.4851520477393
197,2019-07-17,1.07916,1365.059030559361
198,2019-07-18,1.17019,1480.2053698897835
199,2019-07-19,1.01356,1282.0797944825106
200,2019-07-20,1.22595,1550.7377205551065
201,2019-07-21,1.40061,1771.6699366097212
202,2019-07-22,1.15788,1464.6341138515818
203,2019-07-23,1.15952,1466.7085947535031
204,2019-07-24,1.14968,1454.2617093419756
205,2019-07-25,1.12016,1416.9210531073927
206,2019-07-26,1.01684,1286.228756286353
207,2019-07-27,1.18905,1504.061900261878
208,2019-07-28,1.40718,1779.9805094911985
209,2019-07-29,1.19233,1508.2108620657204
210,2019-07-30,1.20299,1521.6949879282088
211,2019-07-31,1.27023,1606.7487049069807
212,2019-08-01,1.15788,1464.6341138515818
213,2019-08-02,1.18331,1496.8012171051537
214,2019-08-03,1.25875,1592.2273385935318
215,2019-08-04,1.39733,1767.5209748058787
216,2019-08-05,1.18905,1504.061900261878
217,2019-08-06,1.17347,1484.3543316936261
218,2019-08-07,1.15214,1457.3734306948572
219,2019-08-08,1.1341,1434.5541407737237
220,2019-08-09,1.16526,1473.9692779102274
221,2019-08-10,1.17101,1481.2426103407442
222,2019-08-11,1.45392,1839.1032151959546
223,2019-08-12,1.33501,1688.6907005328706
224,2019-08-13,1.27843,1617.121109416587
225,2019-08-14,1.27925,1618.1583498675477
226,2019-08-15,1.67943,2124.3569884839208
227,2019-08-16,1.46294,1850.5128601565214
228,2019-08-17,1.73355,2192.8148582473223
229,2019-08-18,1.80817,2287.20373928474
230,2019-08-19,1.62776,2058.998190799609
231,2019-08-20,1.70977,2162.734885169464
232,2019-08-21,1.5269,1931.4176153314506
233,2019-08-22,1.60808,2034.1044199765533
234,2019-08-23,1.56052,1973.9444738208367
235,2019-08-24,1.98776,2514.3720473189105
236,2019-08-25,2.32151,2936.5415601336804
237,2019-08-26,2.0345,2573.494753023667
238,2019-08-27,2.20343,2787.1789351953494
239,2019-08-28,1.92298,2432.4300516930207
240,2019-08-29,2.06566,2612.9098901601706
241,2019-08-30,2.11077,2669.9707642367975
242,2019-08-31,2.3658,2992.5651937593466
243,2019-09-01,2.77745,3513.272549415376
244,2019-09-02,2.58885,3274.7072456944306
245,2019-09-03,2.45436,3104.587162463095
246,2019-09-04,2.26985,2871.1954117231603
247,2019-09-05,2.18047,2758.1362025684516
248,2019-09-06,2.73645,3461.4105268673447
249,2019-09-07,2.47404,3129.48093328615
250,2019-09-08,2.87586,3637.754052804444
251,2019-09-09,2.24853,2844.227159998184
252,2019-09-10,2.02384,2560.0106271611785
253,2019-09-11,1.9853,2511.2603259660286
254,2019-09-12,1.97464,2497.7762001035403
255,2019-09-13,1.71797,2173.10728967907
256,2019-09-14,2.91768,3690.6533158034363
257,2019-09-15,3.28096,4150.176134126581
258,2019-09-16,2.50274,3165.7843490697724
259,2019-09-17,2.24443,2839.0409577433807
260,2019-09-18,2.53308,3204.162245755316
261,2019-09-19,2.14357,2711.460382275223
262,2019-09-20,2.05582,2600.4630047486435
263,2019-09-21,2.75531,3485.2670572394395
264,2019-09-22,3.35886,4248.7139769678415
265,2019-09-23,2.51422,3180.305715383221
266,2019-09-24,2.97098,3758.073945115878
267,2019-09-25,2.91194,3683.392632646712
268,2019-09-26,2.43304,3077.6189107381188
269,2019-09-27,2.39122,3024.7196477391262
270,2019-09-28,2.5011,3163.7098681678513
271,2019-09-29,2.80698,3550.625854923751
272,2019-09-30,2.23951,2832.8175150376173
273,2019-10-01,2.08288,2634.6919396303438
274,2019-10-02,1.97792,2501.925161907383
275,2019-10-03,2.62739,3323.4575468895805
276,2019-10-04,2.26001,2858.7485263116328
277,2019-10-05,2.70119,3416.8091874760376
278,2019-10-06,3.12187,3948.938837366426
279,2019-10-07,2.65117,3353.537519967439
280,2019-10-08,2.4929,3153.337463658245
281,2019-10-09,3.3687,4261.160862379369
282,2019-10-10,2.96114,3745.62705970435
283,2019-10-11,2.5216,3189.6408794418667
284,2019-10-12,2.83896,3591.078232511216
285,2019-10-13,3.14319,3975.907089091403
286,2019-10-14,2.81354,3558.9237785314367
287,2019-10-15,3.0128,3810.97320811487
288,2019-10-16,2.8857,3650.2009382159717
289,2019-10-17,2.71677,3436.516756044289
290,2019-10-18,2.69217,3405.3995425154703
291,2019-10-19,3.21535,4067.184248775938
292,2019-10-20,3.52205,4455.1374759827995
293,2019-10-21,2.68725,3399.176099809707
294,2019-10-22,2.4355,3080.7306320910006
295,2019-10-23,2.41582,3055.836861267945
296,2019-10-24,2.24771,2843.1899195472233
297,2019-10-25,2.34038,2960.410739779567
298,2019-10-26,3.27194,4138.766489166014
299,2019-10-27,4.2855,5420.846283648524
300,2019-10-28,3.67211,4644.952478508595
301,2019-10-29,3.43676,4347.251819809101
302,2019-10-30,3.31212,4189.591271263085
303,2019-10-31,3.09481,3914.7099024847253
304,2019-11-01,3.71967,4705.112424664311
305,2019-11-02,5.36958,6792.128756913649
306,2019-11-03,5.40485,6836.742745578748
307,2019-11-04,4.22072,5338.904288022635
308,2019-11-05,4.28058,5414.62284094276
309,2019-11-06,3.89024,4920.871087737915
310,2019-11-07,4.17561,5281.843413946008
311,2019-11-08,4.48887,5678.094564760554
312,2019-11-09,5.38435,6810.811734304733
313,2019-11-10,6.06415,7670.709366698681
314,2019-11-11,4.99073,6312.911019296045
315,2019-11-12,4.70782,5955.050414440835
316,2019-11-13,4.60039,5819.1592660912
317,2019-11-14,4.27812,5411.51111958988
318,2019-11-15,3.9665,5017.334449677254
319,2019-11-16,4.62171,5846.127517816177
320,2019-11-17,5.7919,7326.332887705959
321,2019-11-18,4.75538,6015.210360596551
322,2019-11-19,4.748,6005.875196537906
323,2019-11-20,4.16905,5273.545490338323
324,2019-11-21,4.22482,5344.090490277438
325,2019-11-22,3.44824,4361.77318612255
326,2019-11-23,4.10919,5197.826937418196
327,2019-11-24,5.2515,6642.766131975319
328,2019-11-25,4.18955,5299.476501612338
329,2019-11-26,3.61225,4569.233925588469
330,2019-11-27,3.65981,4629.393871744185
331,2019-11-28,3.51877,4450.988514178956
332,2019-11-29,3.08169,3898.1140552693555
333,2019-11-30,3.85088,4871.083546091805
334,2019-12-01,4.70946,5957.124895342756
335,2019-12-02,3.67047,4642.8779976066735
336,2019-12-03,3.35148,4239.378812909195
337,2019-12-04,3.3359,4219.671244340943
338,2019-12-05,3.4384,4349.326300711023
339,2019-12-06,3.04725,3854.5499563290086
340,2019-12-07,3.49416,4419.858651376346
341,2019-12-08,4.40194,5568.134427684934
342,2019-12-09,3.68031,4655.324883018201
343,2019-12-10,3.26373,4128.381435382616
344,2019-12-11,3.34574,4232.118129752472
345,2019-12-12,3.13007,3959.3112418760325
346,2019-12-13,2.84142,3594.189953864098
347,2019-12-14,3.52615,4460.3236782376025
348,2019-12-15,3.98783,5044.315350676024
349,2019-12-16,3.30064,4175.069904949636
350,2019-12-17,2.91358,3685.4671135486337
351,2019-12-18,2.92834,3704.1374416659246
352,2019-12-19,2.67413,3382.5802525943363
353,2019-12-20,2.63149,3328.6437491443835
354,2019-12-21,3.27932,4148.1016532246595
355,2019-12-22,4.15839,5260.061364475834
356,2019-12-23,3.3195,4198.926435321731
357,2019-12-24,2.65281,3355.61200086936
358,2019-12-25,3.56633,4511.1484603346735
359,2019-12-26,3.21371,4065.109767874017
360,2019-12-27,3.87384,4900.126278718702
361,2019-12-28,6.5734,8314.873634566611
362,2019-12-29,6.08876,7701.839229501293
363,2019-12-30,4.53725,5739.291751367231
364,2019-12-31,3.46628,4384.592476043684
365,2020-01-01,3.95092,4997.626881109002
366,2020-01-02,3.38264,4278.7939500457
367,2020-01-03,3.12105,3947.9015969154657
368,2020-01-04,4.56513,5774.557926699892
369,2020-01-05,4.46755,5651.126313035577
370,2020-01-06,3.30556,4181.2933476554
371,2020-01-07,3.03494,3838.9787002908074
372,2020-01-08,2.74793,3475.931893180794
373,2020-01-09,2.65363,3356.649241320321
374,2020-01-10,2.73153,3455.1870841615805
375,2020-01-11,3.3195,4198.926435321731
376,2020-01-12,4.36012,5515.235164685942
377,2020-01-13,3.64341,4608.649062724972
378,2020-01-14,3.06857,3881.518208053985
379,2020-01-15,2.83158,3581.7430684525707
380,2020-01-16,2.77089,3504.974625807691
381,2020-01-17,2.9677,3753.924983312035
382,2020-01-18,3.58847,4539.153952510611
383,2020-01-19,4.57989,5793.228254817183
384,2020-01-20,3.29244,4164.69750044003
385,2020-01-21,2.74465,3471.782931376951
386,2020-01-22,2.51176,3177.1939940303396
387,2020-01-23,2.53062,3201.0505244024334
388,2020-01-24,2.73727,3462.4477673183055
389,2020-01-25,2.81436,3559.961018982397
390,2020-01-26,3.58847,4539.153952510611
391,2020-01-27,4.05917,5134.555269909598
392,2020-01-28,3.17681,4018.4339475807888
393,2020-01-29,2.97344,3761.18566646876
394,2020-01-30,2.8488,3603.525117922744
395,2020-01-31,2.74301,3469.7084504750296
396,2020-02-01,3.23339,4090.003538697072
397,2020-02-02,3.73771,4727.931714585446
398,2020-02-03,2.71513,3434.442275142368
399,2020-02-04,2.54702,3221.7953334216463
400,2020-02-05,2.415,3054.7996208169848
401,2020-02-06,2.41746,3057.9113421698667
402,2020-02-07,2.44862,3097.3264793063704
403,2020-02-08,5.04567,6382.406129510408
404,2020-02-09,4.77342,6038.029650517685
405,2020-02-10,3.55567,4497.664334472185
406,2020-02-11,3.34492,4231.080889301511
407,2020-02-12,3.39576,4295.38979726107
408,2020-02-13,3.21207,4063.035286972096
409,2020-02-14,3.30802,4184.405069008282
410,2020-02-15,4.46591,5649.051832133656
411,2020-02-16,4.66681,5903.175742619011
412,2020-02-17,3.68687,4663.622806625886
413,2020-02-18,3.39084,4289.166354555306
414,2020-02-19,3.08743,3905.3747384260796
415,2020-02-20,3.05955,3870.1085630934185
416,2020-02-21,2.68069,3390.878176202021
417,2020-02-22,3.06693,3879.443727152064
418,2020-02-23,3.35558,4244.565015163998
419,2020-02-24,2.5503,3225.944295225489
420,2020-02-25,2.34038,2960.410739779567
421,2020-02-26,2.49454,3155.411944560166
422,2020-02-27,2.5052,3168.896070422654
423,2020-02-28,2.52652,3195.864322147631
424,2020-02-29,3.14565,3979.0188104442846
425,2020-03-01,3.58273,4531.893269353886
426,2020-03-02,2.72661,3448.963641455817
427,2020-03-03,2.70529,3421.995389730841
428,2020-03-04,2.78483,3522.6077134740217
429,2020-03-05,3.43676,4347.251819809101
430,2020-03-06,2.61509,3307.898940125171
431,2020-03-07,3.2744,4141.878210518896
432,2020-03-08,3.94436,4989.328957501318
433,2020-03-09,3.04725,3854.5499563290086
434,2020-03-10,3.05955,3870.1085630934185
435,2020-03-11,2.82256,3570.3334234920035
436,2020-03-12,2.90866,3679.2436708428695
437,2020-03-13,2.81764,3564.1099807862392
438,2020-03-14,3.58765,4538.11671205965
439,2020-03-15,4.04687,5118.996663145189
440,2020-03-16,3.01444,3813.047689016791
441,2020-03-17,2.90128,3669.908506784224
442,2020-03-18,2.9267,3702.0629607640035
443,2020-03-19,2.5052,3168.896070422654
444,2020-03-20,2.52898,3198.9760435005123
445,2020-03-21,3.26455,4129.418675833576
446,2020-03-22,3.67949,4654.28764256724
447,2020-03-23,2.84798,3602.487877471783
448,2020-03-24,2.98738,3778.8187541350903
449,2020-03-25,2.9636,3748.7387810572322
450,2020-03-26,3.04151,3847.2892731722845
451,2020-03-27,2.96196,3746.6643001553107
452,2020-03-28,3.06939,3882.5554485049456
453,2020-03-29,3.55239,4493.515372668343
454,2020-03-30,2.92834,3704.1374416659246
455,2020-03-31,2.71431,3433.4050346914073
456,2020-04-01,2.82256,3570.3334234920035
457,2020-04-02,2.67577,3384.654733496258
458,2020-04-03,2.3658,2992.5651937593466
459,2020-04-04,2.93162,3708.2864034697677
460,2020-04-05,3.07595,3890.853372112631
461,2020-04-06,2.69955,3414.734706574116
462,2020-04-07,2.59049,3276.781726596352
463,2020-04-08,2.71185,3430.293313338526
464,2020-04-09,2.54866,3223.8698143235674
465,2020-04-10,2.3658,2992.5651937593466
466,2020-04-11,2.61591,3308.936180576132
467,2020-04-12,3.05463,3863.8851203876543
468,2020-04-13,2.19113,2771.6203284309395
469,2020-04-14,1.99842,2527.856173181399
470,2020-04-15,2.37482,3003.974838719914
471,2020-04-16,1.97218,2494.664478750659
472,2020-04-17,1.77209,2241.565159442472
473,2020-04-18,2.46338,3115.9968074236617
474,2020-04-19,3.422,4328.58149169181
475,2020-04-20,2.30101,2910.6105488596645
476,2020-04-21,2.0345,2573.494753023667
477,2020-04-22,2.16161,2734.279672196357
478,2020-04-23,1.99596,2524.744451828517
479,2020-04-24,1.82539,2308.9857887549133
480,2020-04-25,2.51832,3185.4919176380245
481,2020-04-26,3.04397,3850.400994525166
482,2020-04-27,2.46584,3119.1085287765436
483,2020-04-28,2.21573,2802.737541959759
484,2020-04-29,1.9279,2438.6534943987845
485,2020-04-30,2.11077,2669.9707642367975
486,2020-05-01,1.99186,2519.558249573714
487,2020-05-02,2.10585,2663.7473215310342
488,2020-05-03,2.34448,2965.59694203437
489,2020-05-04,1.97628,2499.850681005462
490,2020-05-05,2.5339,3205.199486206276
491,2020-05-06,2.24361,2838.00371729242
492,2020-05-07,1.82047,2302.7623460491495
493,2020-05-08,1.64909,2085.9790917983773
494,2020-05-09,1.77045,2239.490678540551
495,2020-05-10,1.92954,2440.7279753007056
496,2020-05-11,1.71469,2168.958327875228
497,2020-05-12,1.45556,1841.1776960978757
498,2020-05-13,1.5351,1941.790019841057
499,2020-05-14,1.34895,1706.3237881992015
500,2020-05-15,1.22103,1544.5142778493428
501,2020-05-16,1.49164,1886.8162759401437
502,2020-05-17,1.70649,2158.5859233656215
503,2020-05-18,1.4572,1843.252176999797
504,2020-05-19,1.21775,1540.3653160455003
505,2020-05-20,1.21447,1536.2163542416577
506,2020-05-21,1.16034,1467.7458352044637
507,2020-05-22,1.13574,1436.6286216756448
508,2020-05-23,1.25629,1589.1156172406497
509,2020-05-24,1.42768,1805.9115207652144
510,2020-05-25,1.1177,1413.8093317545108
511,2020-05-26,1.20299,1521.6949879282088
512,2020-05-27,1.14722,1451.1499879890935
513,2020-05-28,1.06112,1342.2397406382272
514,2020-05-29,0.9414,1190.8026347979749
515,2020-05-30,1.26941,1605.71146445602
516,2020-05-31,1.35387,1712.547230904965
517,2020-06-01,1.27843,1617.121109416587
518,2020-06-02,1.16608,1475.0065183611882
519,2020-06-03,1.48836,1882.667314136301
520,2020-06-04,1.1095,1403.4369272449044
521,2020-06-05,1.19725,1514.4343047714842
522,2020-06-06,1.28007,1619.1955903185083
523,2020-06-07,1.41128,1785.1667117460017
524,2020-06-08,1.23005,1555.9239228099098
525,2020-06-09,1.31861,1667.9458915136581
526,2020-06-10,1.10376,1396.17624408818
527,2020-06-11,1.08736,1375.4314350689676
528,2020-06-12,1.04472,1321.4949316190146
529,2020-06-13,1.20873,1528.9556710849333
530,2020-06-14,1.28745,1628.530754377154
531,2020-06-15,1.11114,1405.5114081468257
532,2020-06-16,1.07014,1353.6493855987942
533,2020-06-17,0.99306,1256.1487832084947
534,2020-06-18,1.37929,1744.7016848847447
535,2020-06-19,1.04144,1317.3459698151719
536,2020-06-20,1.24235,1571.4825295743192
537,2020-06-21,1.32517,1676.243815121343
538,2020-06-22,1.16034,1467.7458352044637
539,2020-06-23,1.02914,1301.7873630507625
540,2020-06-24,1.02668,1298.6756416978806
541,2020-06-25,1.01684,1286.228756286353
542,2020-06-26,1.04718,1324.6066529718964
543,2020-06-27,1.17593,1487.4660530465078
544,2020-06-28,1.35469,1713.5844713559256
545,2020-06-29,1.08326,1370.2452328141642
546,2020-06-30,1.06194,1343.276981089188
547,2020-07-01,1.11852,1414.8465722054714
548,2020-07-02,1.02832,1300.7501225998017
549,2020-07-03,0.99388,1257.1860236594553
550,2020-07-04,1.11278,1407.585889048747
551,2020-07-05,1.34157,1696.9886241405557
552,2020-07-06,1.1095,1403.4369272449044
553,2020-07-07,1.13738,1438.7031025775661
554,2020-07-08,1.38749,1755.074089394351
555,2020-07-09,1.49574,1892.002478194947
556,2020-07-10,1.06276,1344.3142215401483
557,2020-07-11,1.21529,1537.2535946926182
558,2020-07-12,1.36371,1724.9941163164926
559,2020-07-13,0.99388,1257.1860236594553
560,2020-07-14,0.95862,1212.584684268148
561,2020-07-15,0.94632,1197.0260775037386
562,2020-07-16,0.91761,1160.7100124463243
563,2020-07-17,0.87333,1104.6990280944501
564,2020-07-18,0.99962,1264.4467068161796
565,2020-07-19,1.17429,1485.3915721445867
566,2020-07-20,1.01766,1287.2659967373136
567,2020-07-21,0.93319,1180.4175810145762
568,2020-07-22,0.91351,1155.5238101915213
569,2020-07-23,0.93566,1183.5419516412505
570,2020-07-24,0.96436,1219.8453674248726
571,2020-07-25,1.10376,1396.17624408818
572,2020-07-26,1.32517,1676.243815121343
573,2020-07-27,1.05128,1329.7928552266997
574,2020-07-28,1.00454,1270.6701495219436
575,2020-07-29,0.98404,1244.7391382479277
576,2020-07-30,0.966,1221.9198483267937
577,2020-07-31,0.88563,1120.2576348588598
578,2020-08-01,1.10786,1401.3624463429833
579,2020-08-02,1.26285,1597.413540848335
580,2020-08-03,1.01438,1283.1170349334711
581,2020-08-04,1.01028,1277.9308326786681
582,2020-08-05,0.97174,1229.1805314835183
583,2020-08-06,0.98896,1250.9625809536915
584,2020-08-07,0.966,1221.9198483267937
585,2020-08-08,1.37765,1742.6272039828236
586,2020-08-09,1.54494,1954.2369052525846
587,2020-08-10,1.25465,1587.0411363387286
588,2020-08-11,1.16444,1472.9320374592667
589,2020-08-12,1.20545,1524.8067092810907
590,2020-08-13,1.10868,1402.399686793944
591,2020-08-14,1.24481,1574.594250927201
592,2020-08-15,1.4203,1796.5763567065685
593,2020-08-16,1.56216,1976.018954722758
594,2020-08-17,1.5023,1900.3004018026318
595,2020-08-18,1.20955,1529.9929115358937
596,2020-08-19,1.14804,1452.1872284400542
597,2020-08-20,1.03488,1309.048046207487
598,2020-08-21,1.22103,1544.5142778493428
599,2020-08-22,1.31123,1658.6107274550122
600,2020-08-23,1.4039,1775.8315476873559
601,2020-08-24,1.15624,1462.5596329496605
602,2020-08-25,1.15214,1457.3734306948572
603,2020-08-26,1.24809,1578.7432127310435
604,2020-08-27,1.21939,1542.4397969474214
605,2020-08-28,1.11278,1407.585889048747
606,2020-08-29,1.53756,1944.9017411939392
607,2020-08-30,1.62776,2058.998190799609
608,2020-08-31,1.36617,1728.1058376693748
609,2020-09-01,1.38913,1757.1485702962723
610,2020-09-02,1.38175,1747.8134062376266
611,2020-09-03,1.43014,1809.023242118096
612,2020-09-04,1.47934,1871.2576691757342
613,2020-09-05,1.9771,2500.8879214564226
614,2020-09-06,2.62985,3326.5692682424624
615,2020-09-07,2.70283,3418.8836683779587
616,2020-09-08,2.09518,2650.2505463947537
617,2020-09-09,2.14193,2709.3859013733017
618,2020-09-10,1.82621,2310.023029205874
619,2020-09-11,1.85163,2342.1774831856537
620,2020-09-12,2.42402,3066.2092657775515
621,2020-09-13,2.83322,3583.8175493544913
622,2020-09-14,2.29363,2901.2753848010184
623,2020-09-15,1.99514,2523.707211377556
624,2020-09-16,2.01072,2543.4147799458083
625,2020-09-17,1.89756,2400.275597713241
626,2020-09-18,1.9689,2490.515516946816
627,2020-09-19,2.4437,3091.103036600607
628,2020-09-20,2.8324,3582.7803089035306
629,2020-09-21,2.38138,3012.2727623275987
630,2020-09-22,2.05664,2601.5002451996033
631,2020-09-23,2.14275,2710.423141824262
632,2020-09-24,2.06812,2616.0216115130524
633,2020-09-25,2.01072,2543.4147799458083
634,2020-09-26,2.5175,3184.4546771870637
635,2020-09-27,3.09973,3920.9333451904895
636,2020-09-28,2.17063,2745.689317156924
637,2020-09-29,1.79013,2264.384449363606
638,2020-09-30,1.9853,2511.2603259660286
639,2020-10-01,1.8869,2386.7914718507527
640,2020-10-02,2.64051,3340.0533941049507
641,2020-10-03,2.96114,3745.62705970435
642,2020-10-04,3.23913,4097.264221853797
643,2020-10-05,3.40068,4301.613239966833
644,2020-10-06,3.021,3821.3456126244764
645,2020-10-07,2.96934,3755.9994642139563
646,2020-10-08,3.04889,3856.62443723093
647,2020-10-09,3.65735,4626.282150391304
648,2020-10-10,3.66883,4640.803516704752
649,2020-10-11,4.14445,5242.428276809504
650,2020-10-12,3.3482,4235.229851105353
651,2020-10-13,3.60733,4563.010482882705
652,2020-10-14,3.8845,4913.610404581191
653,2020-10-15,4.05179,5125.220105850952
654,2020-10-16,3.7533,4747.65193242749
655,2020-10-17,4.08541,5167.746964340339
656,2020-10-18,4.86034,6147.977138319512
657,2020-10-19,3.89106,4921.908328188876
658,2020-10-20,3.43676,4347.251819809101
659,2020-10-21,3.51385,4444.7650714731935
660,2020-10-22,3.36378,4254.937419673605
661,2020-10-23,3.76068,4756.987096486136
662,2020-10-24,4.92103,6224.745580964392
663,2020-10-25,5.58033,7058.712202084324
664,2020-10-26,4.48313,5670.8338816038295
665,2020-10-27,4.10755,5195.752456516275
666,2020-10-28,4.91365,6215.4104169057455
667,2020-10-29,6.39463,8088.742566983402
668,2020-10-30,5.12603,6484.055693704549
669,2020-10-31,5.69022,7197.715071786842
670,2020-11-01,7.20564,9114.611320804843
671,2020-11-02,5.81076,7350.189418078055
672,2020-11-03,6.7374,8522.321724758738
673,2020-11-04,7.26469,9189.3052825478
674,2020-11-05,6.1068,7724.658519422427
675,2020-11-06,5.01369,6341.953751922943
676,2020-11-07,6.04037,7640.629393620824
677,2020-11-08,6.86287,8681.032163029508
678,2020-11-09,6.13304,7757.850213853168
679,2020-11-10,5.24002,6628.244765661871
680,2020-11-11,4.91857,6221.633859611509
681,2020-11-12,4.35192,5504.8627601763355
682,2020-11-13,4.00259,5062.985678793314
683,2020-11-14,4.85952,6146.939897868551
684,2020-11-15,5.13669,6497.539819567038
685,2020-11-16,4.11985,5211.311063280684
686,2020-11-17,3.61061,4567.159444686547
687,2020-11-18,3.39166,4290.203595006266
688,2020-11-19,3.18665,4030.8808329923168
689,2020-11-20,3.30884,4185.442309459243
690,2020-11-21,4.10017,5186.41729245763
691,2020-11-22,5.10307,6455.012961077651
692,2020-11-23,4.04851,5121.0711440471105
693,2020-11-24,3.82628,4839.966332562986
694,2020-11-25,4.06655,5143.890433968244
695,2020-11-26,4.01735,5081.656006910606
696,2020-11-27,4.07721,5157.374559830732
697,2020-11-28,4.48395,5671.87112205479
698,2020-11-29,5.01287,6340.916511471983
699,2020-11-30,3.90008,4933.317973149443
700,2020-12-01,3.85416,4875.232507895647
701,2020-12-02,3.71803,4703.037943762391
702,2020-12-03,3.78692,4790.178790916875
703,2020-12-04,3.02756,3829.6435362321613
704,2020-12-05,3.52205,4455.1374759827995
705,2020-12-06,3.97635,5029.7939843625745
706,2020-12-07,3.08087,3897.0768148183947
707,2020-12-08,2.81682,3563.0727403352785
708,2020-12-09,2.92014,3693.7650371563186
709,2020-12-10,2.68971,3402.2878211625884
710,2020-12-11,2.5421,3215.5718907158825
711,2020-12-12,2.83568,3586.9292707073732
712,2020-12-13,3.23175,4087.929057795151
713,2020-12-14,2.73071,3454.1498437106206
714,2020-12-15,2.51258,3178.2312344812995
715,2020-12-16,2.31331,2926.169155624074
716,2020-12-17,2.11979,2681.3804091973648
717,2020-12-18,2.36334,2989.4534724064647
718,2020-12-19,2.37974,3010.198281425677
719,2020-12-20,2.57409,3256.0369175771393
720,2020-12-21,2.07714,2627.4312564736197
721,2020-12-22,2.00006,2529.93065408332
722,2020-12-23,2.14439,2712.4976227261836
723,2020-12-24,1.90248,2406.499040419005
724,2020-12-25,2.23049,2821.40787007705
725,2020-12-26,2.3412,2961.4479802305277
726,2020-12-27,2.5216,3189.6408794418667
727,2020-12-28,2.03286,2571.4202721217453
728,2020-12-29,2.0345,2573.494753023667
729,2020-12-30,2.0591,2604.6119665524857
730,2020-12-31,1.78685,2260.2354875597634
731,2021-01-01,2.12143,2683.4548900992863
732,2021-01-02,2.39778,3033.017571346811
733,2021-01-03,2.66839,3375.3195694376122
734,2021-01-04,2.16735,2741.5403553530814
735,2021-01-05,2.16899,2743.6148362550025
736,2021-01-06,2.07058,2619.133332865935
737,2021-01-07,2.09518,2650.2505463947537
738,2021-01-08,2.10421,2661.6728406291127
739,2021-01-09,2.37974,3010.198281425677
740,2021-01-10,2.74055,3466.5967291221477
741,2021-01-11,2.07632,2626.394016022659
742,2021-01-12,1.89674,2399.2383572622807
743,2021-01-13,1.97956,2503.999642809304
744,2021-01-14,1.9771,2500.8879214564226
745,2021-01-15,1.82621,2310.023029205874
746,2021-01-16,2.37482,3003.974838719914
747,2021-01-17,2.77581,3511.198068513455
748,2021-01-18,2.07058,2619.133332865935
749,2021-01-19,1.87378,2370.195624635383
750,2021-01-20,1.89264,2394.0521550074773
751,2021-01-21,2.15095,2720.7955463338685
752,2021-01-22,2.5421,3215.5718907158825
753,2021-01-23,2.74465,3471.782931376951
754,2021-01-24,3.0128,3810.97320811487
755,2021-01-25,2.47158,3126.369211933268
756,2021-01-26,2.17063,2745.689317156924
757,2021-01-27,2.45928,3110.8106051688587
758,2021-01-28,2.33463,2953.1374073490506
759,2021-01-29,2.06894,2617.0588519640132
760,2021-01-30,2.92998,3706.211922567846
761,2021-01-31,3.04397,3850.400994525166
762,2021-02-01,2.42402,3066.2092657775515
763,2021-02-02,2.25263,2849.413362252987
764,2021-02-03,2.32889,2945.876724192326
765,2021-02-04,2.28789,2894.0147016442943
766,2021-02-05,1.95742,2475.994150633367
767,2021-02-06,2.78319,3520.5332325721006
768,2021-02-07,3.27686,4144.989931871778
769,2021-02-08,2.46666,3120.1457692275044
770,2021-02-09,2.17391,2749.8382789607663
771,2021-02-10,2.18949,2769.545847529019
772,2021-02-11,2.58393,3268.4838029886673
773,2021-02-12,2.69709,3411.6229852212346
774,2021-02-13,3.93206,4973.770350736908
775,2021-02-14,4.37652,5535.979973705155
776,2021-02-15,3.36952,4262.19810283033
777,2021-02-16,2.78975,3528.831156179786
778,2021-02-17,2.4478,3096.2892388554096
779,2021-02-18,2.52652,3195.864322147631
780,2021-02-19,2.33956,2959.3734993286066
781,2021-02-20,3.21617,4068.221489226899
782,2021-02-21,3.87384,4900.126278718702
783,2021-02-22,3.16205,3999.763619463497
784,2021-02-23,2.80369,3546.4642438461165
785,2021-02-24,2.74465,3471.782931376951
786,2021-02-25,3.49006,4414.672449121543
787,2021-02-26,2.92424,3698.951239411122
788,2021-02-27,3.73854,4728.981604310198
789,2021-02-28,4.39538,5559.83650407725
790,2021-03-01,4.31912,5463.373142137911
791,2021-03-02,2.79467,3535.0545988855497
792,2021-03-03,2.89144,3657.4616213726963
793,2021-03-04,2.99312,3786.0794372918144
794,2021-03-05,3.03166,3834.8297384869647
795,2021-03-06,4.02391,5089.953930518291
796,2021-03-07,4.62991,5856.499922325782
797,2021-03-08,4.39128,5554.650301822447
798,2021-03-09,3.60323,4557.824280627902
799,2021-03-10,3.44824,4361.77318612255
800,2021-03-11,3.51549,4446.839552375114
801,2021-03-12,3.28424,4154.325095930424
802,2021-03-13,5.26298,6657.287498288767
803,2021-03-14,5.22608,6610.611677995538
804,2021-03-15,3.88778,4917.759366385033
805,2021-03-16,3.53763,4474.845044551052
806,2021-03-17,3.34738,4234.192610654392
807,2021-03-18,4.11165,5200.938658771079
808,2021-03-19,3.20141,4049.5511611096076
809,2021-03-20,3.68031,4655.324883018201
810,2021-03-21,4.07721,5157.374559830732
811,2021-03-22,3.00788,3804.749765409106
812,2021-03-23,2.76843,3501.8629044548093
813,2021-03-24,2.80862,3552.7003358256725
814,2021-03-25,2.59213,3278.8562074982733
815,2021-03-26,2.41254,3051.6878994641024
816,2021-03-27,3.16943,4009.098783522143
817,2021-03-28,3.54501,4484.180208609697
818,2021-03-29,2.86438,3623.2326864909955
819,2021-03-30,2.51914,3186.5291580889852
820,2021-03-31,2.28051,2884.6795375856486
821,2021-04-01,2.16571,2739.46587445116
822,2021-04-02,2.17227,2747.763798058845
823,2021-04-03,2.63887,3337.978913203029
824,2021-04-04,3.01854,3818.233891271594
825,2021-04-05,2.16899,2743.6148362550025
826,2021-04-06,2.17883,2756.06172166653
827,2021-04-07,2.20999,2795.4768588030342
828,2021-04-08,2.05254,2596.314042944801
829,2021-04-09,1.85819,2350.4754067933386
830,2021-04-10,2.35842,2983.230029700701
831,2021-04-11,2.3863,3018.4962050333625
832,2021-04-12,1.84343,2331.805078676047
833,2021-04-13,1.83687,2323.507155068362
834,2021-04-14,1.98448,2510.2230855150683
835,2021-04-15,1.94676,2462.510024770879
836,2021-04-16,1.72863,2186.591415541559
837,2021-04-17,2.24115,2834.8919959395384
838,2021-04-18,2.37728,3007.0865600727952
839,2021-04-19,1.79833,2274.7568538732125
840,2021-04-20,1.79669,2272.682372971291
841,2021-04-21,1.73765,2198.0010605021253
842,2021-04-22,1.67697,2121.245267131039
843,2021-04-23,1.4285,1806.948761216175
844,2021-04-24,1.93938,2453.1748607122336
845,2021-04-25,2.17145,2746.726557607885
846,2021-04-26,1.52772,1932.4548557824114
847,2021-04-27,1.49656,1893.0397186459072
848,2021-04-28,1.59414,2016.4713323102226
849,2021-04-29,1.47032,1859.8480242151672
850,2021-04-30,1.34485,1701.1375859443983
851,2021-05-01,1.9607,2480.1431124372098
852,2021-05-02,2.19605,2777.8437711367037
853,2021-05-03,1.61136,2038.2533817803958
854,2021-05-04,1.42112,1797.613597157529
855,2021-05-05,1.87952,2377.456307792107
856,2021-05-06,1.4449,1827.6935702353876
857,2021-05-07,1.38585,1752.9996084924298
858,2021-05-08,1.62858,2060.035431250569
859,2021-05-09,1.83441,2320.3954337154805
860,2021-05-10,1.4695,1858.8107837642065
861,2021-05-11,1.44654,1829.7680511373087
862,2021-05-12,1.54166,1950.0879434487422
863,2021-05-13,1.87378,2370.195624635383
864,2021-05-14,1.69091,2138.8783547973694
865,2021-05-15,2.0058,2537.1913372400445
866,2021-05-16,2.00088,2530.9678945342807
867,2021-05-17,1.44654,1829.7680511373087
868,2021-05-18,1.33747,1691.8024218857524
869,2021-05-19,1.97874,2502.9624023583438
870,2021-05-20,1.61874,2047.5885458390417
871,2021-05-21,1.27843,1617.121109416587
872,2021-05-22,1.63432,2067.2961144072938
873,2021-05-23,1.66549,2106.7239008175898
874,2021-05-24,1.36453,1726.0313567674534
875,2021-05-25,1.22841,1553.8494419079884
876,2021-05-26,1.46622,1854.661821960364
877,2021-05-27,1.43014,1809.023242118096
878,2021-05-28,1.30631,1652.3872847492487
879,2021-05-29,1.54494,1954.2369052525846
880,2021-05-30,1.66795,2109.8356221704717
881,2021-05-31,1.47524,1866.071466920931
882,2021-06-01,1.4408,1822.5073679805846
883,2021-06-02,1.48426,1877.4811118814978
884,2021-06-03,1.45392,1839.1032151959546
885,2021-06-04,1.31533,1663.7969297098157
886,2021-06-05,1.66467,2105.6866603666294
887,2021-06-06,1.71961,2175.1817705809917
888,2021-06-07,1.52444,1928.305893978569
889,2021-06-08,1.57446,1991.5775614871675
890,2021-06-09,1.5515,1962.53482886027
891,2021-06-10,1.35305,1711.5099904540045
892,2021-06-11,1.34649,1703.2120668463194
893,2021-06-12,1.5515,1962.53482886027
894,2021-06-13,1.80653,2285.1292583828185
895,2021-06-14,1.45474,1840.1404556469151
896,2021-06-15,1.42768,1805.9115207652144
897,2021-06-16,1.86147,2354.624368597181
898,2021-06-17,2.4437,3091.103036600607
899,2021-06-18,1.67533,2119.1707862291173
900,2021-06-19,1.75733,2222.894831325181
901,2021-06-20,1.80243,2279.9430561280155
902,2021-06-21,1.48426,1877.4811118814978
903,2021-06-22,1.43998,1821.4701275296238
904,2021-06-23,1.26859,1604.6742240050596
905,2021-06-24,1.38913,1757.1485702962723
906,2021-06-25,1.31943,1668.9831319646187
907,2021-06-26,1.61628,2044.4768244861596
908,2021-06-27,1.68189,2127.4687098368026
909,2021-06-28,1.42604,1803.837039863293
910,2021-06-29,1.48016,1872.2949096266946
911,2021-06-30,1.28007,1619.1955903185083
912,2021-07-01,1.31041,1657.5734870040517
913,2021-07-02,1.15788,1464.6341138515818
914,2021-07-03,1.59496,2017.5085727611831
915,2021-07-04,1.81965,2301.7251055981887
916,2021-07-05,1.65483,2093.239774955102
917,2021-07-06,1.4039,1775.8315476873559
918,2021-07-07,1.28745,1628.530754377154
919,2021-07-08,1.10458,1397.2134845391406
920,2021-07-09,1.11278,1407.585889048747
921,2021-07-10,1.27269,1609.8604262598626
922,2021-07-11,1.30221,1647.2010824944455
923,2021-07-12,1.11114,1405.5114081468257
924,2021-07-13,1.10786,1401.3624463429833
925,2021-07-14,1.27925,1618.1583498675477
926,2021-07-15,1.32681,1678.3182960232643
927,2021-07-16,1.14968,1454.2617093419756
928,2021-07-17,1.36125,1721.882394963611
929,2021-07-18,1.37765,1742.6272039828236
930,2021-07-19,1.13082,1430.4051789698808
931,2021-07-20,1.19233,1508.2108620657204
932,2021-07-21,1.04554,1322.532172069975
933,2021-07-22,1.0439,1320.457691168054
934,2021-07-23,1.0685,1351.5749046968729
935,2021-07-24,1.18249,1495.7639766541931
936,2021-07-25,1.5064,1905.486604057435
937,2021-07-26,1.07178,1355.7238665007153
938,2021-07-27,1.0849,1372.3197137160855
939,2021-07-28,1.70157,2152.3624806598577
940,2021-07-29,1.45884,1845.3266579017181
941,2021-07-30,1.11934,1415.8838126564322
942,2021-07-31,1.47442,1865.0342264699705
943,2021-08-01,1.66057,2100.5004581118264
944,2021-08-02,1.26285,1597.413540848335
945,2021-08-03,1.34157,1696.9886241405557
946,2021-08-04,1.20791,1527.9184306339725
947,2021-08-05,1.06768,1350.537664245912
948,2021-08-06,1.12918,1428.3306980679597
949,2021-08-07,1.35879,1718.7706736107289
950,2021-08-08,1.53182,1937.6410580372146
951,2021-08-09,1.23005,1555.9239228099098
952,2021-08-10,1.27515,1612.9721476127445
953,2021-08-11,1.28253,1622.3073116713902
954,2021-08-12,1.34731,1704.2493072972802
955,2021-08-13,1.32763,1679.3555364742251
956,2021-08-14,1.61956,2048.6257862900025
957,2021-08-15,1.96562,2486.3665551429735
958,2021-08-16,2.05992,2605.6492070034465
959,2021-08-17,1.91724,2425.169368536296
960,2021-08-18,1.76799,2236.3789571876687
961,2021-08-19,2.05582,2600.4630047486435
962,2021-08-20,1.71715,2172.07004922811
963,2021-08-21,2.3412,2961.4479802305277
964,2021-08-22,2.57409,3256.0369175771393
965,2021-08-23,2.27559,2878.4560948798844
966,2021-08-24,2.15505,2725.981748588672
967,2021-08-25,2.16161,2734.279672196357
968,2021-08-26,1.9607,2480.1431124372098
969,2021-08-27,2.14521,2713.5348631771444
970,2021-08-28,2.55604,3233.204978382213
971,2021-08-29,2.98656,3777.7815136841295
972,2021-08-30,2.29363,2901.2753848010184
973,2021-08-31,2.45846,3109.7733647178984
974,2021-09-01,2.41254,3051.6878994641024
975,2021-09-02,2.52078,3188.603638990906
976,2021-09-03,2.34202,2962.4852206814885
977,2021-09-04,3.02264,3823.4200935263975
978,2021-09-05,3.32934,4211.373320733259
979,2021-09-06,2.64707,3348.3513177126356
980,2021-09-07,2.88652,3651.2381786669325
981,2021-09-08,2.55686,3234.242218833174
982,2021-09-09,2.4191,3059.9858230717873
983,2021-09-10,2.24361,2838.00371729242
984,2021-09-11,3.04151,3847.2892731722845
985,2021-09-12,3.54091,4478.994006354894
986,2021-09-13,2.56834,3248.763585146623
987,2021-09-14,2.51504,3181.342955834182
988,2021-09-15,2.22557,2815.184427371286
989,2021-09-16,2.19031,2770.583087979979
990,2021-09-17,2.10585,2663.7473215310342
991,2021-09-18,2.73727,3462.4477673183055
992,2021-09-19,2.93572,3713.4726057245703
993,2021-09-20,2.60607,3296.489295164604
994,2021-09-21,2.46256,3114.959566972701
995,2021-09-22,3.86482,4888.716633758136
996,2021-09-23,3.57043,4516.3346625894765
997,2021-09-24,3.32278,4203.0753971255735
998,2021-09-25,3.69917,4679.181413390296
999,2021-09-26,4.27484,5407.362157786037
1000,2021-09-27,3.3195,4198.926435321731
1001,2021-09-28,3.13581,3966.5719250327575
1002,2021-09-29,2.65773,3361.835443575124
1003,2021-09-30,2.46666,3120.1457692275044
1004,2021-10-01,2.45354,3103.549922012134
1005,2021-10-02,3.30064,4175.069904949636
1006,2021-10-03,3.48432,4407.411765964818
1007,2021-10-04,3.4999,4427.119334533069
1008,2021-10-05,2.56588,3245.6518637937406
1009,2021-10-06,2.4355,3080.7306320910006
1010,2021-10-07,2.4232,3065.1720253265908
1011,2021-10-08,2.31413,2927.2063960750347
1012,2021-10-09,3.26373,4128.381435382616
1013,2021-10-10,3.82628,4839.966332562986
1014,2021-10-11,4.22154,5339.941528473595
1015,2021-10-12,3.56551,4510.111219883713
1016,2021-10-13,3.01444,3813.047689016791
1017,2021-10-14,3.33426,4217.596763439023
1018,2021-10-15,3.7943,4799.513954975521
1019,2021-10-16,5.55819,7030.706709908387
1020,2021-10-17,7.45575,9430.982307621629
1021,2021-10-18,6.74396,8530.619648366423
1022,2021-10-19,5.62626,7116.810316611913
1023,2021-10-20,5.09077,6439.454354313242
1024,2021-10-21,4.82836,6107.524760732048
1025,2021-10-22,4.54217,5745.515194072995
1026,2021-10-23,6.55208,8287.905382841634
1027,2021-10-24,6.87353,8694.516288891995
1028,2021-10-25,6.87271,8693.479048441033
1029,2021-10-26,5.7796,7310.77428094155
1030,2021-10-27,5.12111,6477.832250998786
1031,2021-10-28,9.86174,12474.384932751836
1032,2021-10-29,6.02069,7615.735622797769
1033,2021-10-30,6.5652,8304.501230057005
1034,2021-10-31,6.94733,8787.867929478452
1035,2021-11-01,5.12029,6476.795010547825
1036,2021-11-02,4.76358,6025.582765106158
1037,2021-11-03,4.54217,5745.515194072995
1038,2021-11-04,4.55529,5762.111041288365
1039,2021-11-05,4.29452,5432.255928609092
1040,2021-11-06,6.61932,8372.959099820408
1041,2021-11-07,6.68984,8462.161778603022
1042,2021-11-08,5.95263,7529.644665368036
1043,2021-11-09,5.99363,7581.506687916067
1044,2021-11-10,6.41841,8118.822540061259
1045,2021-11-11,5.55737,7029.669469457426
1046,2021-11-12,5.45815,6904.16337489119
1047,2021-11-13,6.38151,8072.14671976803
1048,2021-11-14,7.24829,9168.560473528589
1049,2021-11-15,5.60001,7083.6059729073795
1050,2021-11-16,5.34908,6766.1977456396335
1051,2021-11-17,5.24986,6640.691651073397
1052,2021-11-18,4.55365,5760.036560386444
1053,2021-11-19,4.25434,5381.431146512021
1054,2021-11-20,4.81524,6090.928913516678
1055,2021-11-21,5.49177,6946.690233380576
1056,2021-11-22,5.41797,6853.33859279412
1057,2021-11-23,5.54261,7010.999141340135
1058,2021-11-24,5.01943,6349.214435079667
1059,2021-11-25,4.60613,5826.419949247925
1060,2021-11-26,4.50117,5693.653171524963
1061,2021-11-27,5.37861,6803.551051148009
1062,2021-11-28,6.58816,8333.543962683903
1063,2021-11-29,4.83,6109.5992416339695
1064,2021-11-30,4.28386,5418.7718027466035
1065,2021-12-01,4.32896,5475.820027549439
1066,2021-12-02,3.82382,4836.854611210104
1067,2021-12-03,3.58847,4539.153952510611
1068,2021-12-04,4.55037,5755.887598582602
1069,2021-12-05,5.86817,7422.808898919091
1070,2021-12-06,5.20722,6586.755147623445
1071,2021-12-07,4.21498,5331.64360486591
1072,2021-12-08,3.82874,4843.078053915868
1073,2021-12-09,3.68605,4662.585566174926
1074,2021-12-10,3.31048,4187.516790361164
1075,2021-12-11,4.39292,5556.724782724368
1076,2021-12-12,5.46471,6912.461298498875
1077,2021-12-13,4.43884,5614.810247978163
1078,2021-12-14,5.59755,7080.494251554498
1079,2021-12-15,3.89352,4925.020049541758
1080,2021-12-16,3.7902,4794.327752720718
1081,2021-12-17,3.79758,4803.662916779364
1082,2021-12-18,4.40276,5569.171668135895
1083,2021-12-19,5.06371,6405.225419431542
1084,2021-12-20,4.14199,5239.316555456621
1085,2021-12-21,3.67047,4642.8779976066735
1086,2021-12-22,3.40724,4309.9111635745185
1087,2021-12-23,3.65407,4622.1331885874615
1088,2021-12-24,3.41626,4321.320808535085
1089,2021-12-25,3.70819,4690.591058350863
1090,2021-12-26,4.43392,5608.586805272399
1091,2021-12-27,3.74018,4731.05608521212
1092,2021-12-28,3.31376,4191.665752165006
1093,2021-12-29,3.22519,4079.631134187466
1094,2021-12-30,3.10219,3924.045066543371
1095,2021-12-31,2.75367,3483.192576337518
1096,2022-01-01,3.83776,4854.4876988764345
1097,2022-01-02,4.88412,6178.057111397371
1098,2022-01-03,3.72787,4715.484829173918
1099,2022-01-04,3.60733,4563.010482882705
1100,2022-01-05,3.26373,4128.381435382616
1101,2022-01-06,3.22027,4073.4076914817024
1102,2022-01-07,3.14893,3983.167772248127
1103,2022-01-08,4.06081,5136.629750811519
1104,2022-01-09,4.64959,5881.393693148838
1105,2022-01-10,3.741,4732.093325663081
1106,2022-01-11,3.60405,4558.861521078863
1107,2022-01-12,3.46054,4377.331792886959
1108,2022-01-13,3.41954,4325.469770338928
1109,2022-01-14,2.91768,3690.6533158034363
1110,2022-01-15,3.90254,4936.429694502325
1111,2022-01-16,4.45607,5636.604946722129
1112,2022-01-17,3.44578,4358.661464769669
1113,2022-01-18,3.41216,4316.134606280282
1114,2022-01-19,3.15221,3987.31673405197
1115,2022-01-20,3.17435,4015.322226227907
1116,2022-01-21,3.55977,4502.850536726988
1117,2022-01-22,4.15347,5253.837921770071
1118,2022-01-23,5.08503,6432.193671156518
1119,2022-01-24,3.62701,4587.90425370576
1120,2022-01-25,3.21125,4061.9980465211356
1121,2022-01-26,2.80862,3552.7003358256725
1122,2022-01-27,2.74957,3478.0063740827145
1123,2022-01-28,2.62165,3316.196863732856
1124,2022-01-29,5.06699,6409.374381235383
1125,2022-01-30,4.18299,5291.178578004654
1126,2022-01-31,3.76478,4762.173298740939
1127,2022-02-01,3.74018,4731.05608521212
1128,2022-02-02,4.69142,5934.305605421622
1129,2022-02-03,3.55649,4498.701574923146
1130,2022-02-04,3.53107,4466.547120943366
1131,2022-02-05,4.18873,5298.4392611613775
1132,2022-02-06,5.08995,6438.417113862281
1133,2022-02-07,3.57863,4526.707067099083
1134,2022-02-08,3.34492,4231.080889301511
1135,2022-02-09,3.75576,4750.763653780372
1136,2022-02-10,4.37734,5537.017214156116
1137,2022-02-11,3.67703,4651.175921214359
1138,2022-02-12,4.72176,5972.683502107166
1139,2022-02-13,5.27528,6672.846105053178
1140,2022-02-14,3.91976,4958.211743972499
1141,2022-02-15,3.20223,4050.5884015605684
1142,2022-02-16,3.3195,4198.926435321731
1143,2022-02-17,3.23503,4092.0780195989937
1144,2022-02-18,3.10711,3930.268509249135
1145,2022-02-19,4.21662,5333.718085767831
1146,2022-02-20,5.11373,6468.49708694014
1147,2022-02-21,3.61799,4576.494608745194
1148,2022-02-22,3.72951,4717.559310075839
1149,2022-02-23,3.22601,4080.6683746384265
1150,2022-02-24,3.24815,4108.6738668143635
1151,2022-02-25,3.21207,4063.035286972096
1152,2022-02-26,4.44541,5623.12082085964
1153,2022-02-27,4.81032,6084.7054708109135
1154,2022-02-28,3.87138,4897.014557365821
1155,2022-03-01,5.45077,6894.828210832545
1156,2022-03-02,3.87138,4897.014557365821
1157,2022-03-03,3.79922,4805.737397681285
1158,2022-03-04,3.74592,4738.316768368844
1159,2022-03-05,5.21952,6602.313754387854
1160,2022-03-06,5.82552,7368.859746195346
1161,2022-03-07,3.74018,4731.05608521212
1162,2022-03-08,3.72705,4714.447588722957
1163,2022-03-09,4.40604,5573.320629939738
1164,2022-03-10,5.53277,6998.552255928608
1165,2022-03-11,4.17725,5283.917894847929
1166,2022-03-12,5.52703,6991.291572771883
1167,2022-03-13,5.76238,7288.992231471378
1168,2022-03-14,3.94272,4987.254476599396
1169,2022-03-15,3.64095,4605.537341372091
1170,2022-03-16,3.84514,4863.822862935081
1171,2022-03-17,4.04851,5121.0711440471105
1172,2022-03-18,4.2609,5389.729070119706
1173,2022-03-19,6.0904,7703.913710403214
1174,2022-03-20,5.99773,7586.692890170871
1175,2022-03-21,4.77834,6044.2530932234495
1176,2022-03-22,4.15511,5255.912402671992
1177,2022-03-23,3.94026,4984.142755246514
1178,2022-03-24,3.61389,4571.308406490391
1179,2022-03-25,3.7615,4758.024336937096
1180,2022-03-26,4.79064,6059.811699987858
1181,2022-03-27,5.354,6772.421188345398
1182,2022-03-28,3.9296,4970.658629384026
1183,2022-03-29,3.72623,4713.4103482719975
1184,2022-03-30,3.61717,4575.457368294233
1185,2022-03-31,3.18665,4030.8808329923168
1186,2022-04-01,3.00952,3806.8242463110278
1187,2022-04-02,3.98209,5037.054667519298
1188,2022-04-03,4.43228,5606.512324370478
1189,2022-04-04,3.47448,4394.964880553291
1190,2022-04-05,3.37936,4274.644988241857
1191,2022-04-06,3.19813,4045.402199305765
1192,2022-04-07,3.04397,3850.400994525166
1193,2022-04-08,2.70037,3415.7719470250768
1194,2022-04-09,3.49334,4418.821410925385
1195,2022-04-10,3.46874,4387.704197396566
1196,2022-04-11,2.5544,3231.130497480292
1197,2022-04-12,2.497,3158.523665913048
1198,2022-04-13,2.36744,2994.639674661268
1199,2022-04-14,2.00006,2529.93065408332
1200,2022-04-15,2.17719,2753.987240764609
1201,2022-04-16,2.78647,3524.6821943759433
1202,2022-04-17,2.82666,3575.5196257468065
1203,2022-04-18,2.21737,2804.81202286168
1204,2022-04-19,2.17555,2751.9127598626874
1205,2022-04-20,2.12717,2690.7155732560104
1206,2022-04-21,1.97054,2492.5899978487373
1207,2022-04-22,1.80571,2284.0920179318578
1208,2022-04-23,2.25263,2849.413362252987
1209,2022-04-24,2.75531,3485.2670572394395
1210,2022-04-25,2.19605,2777.8437711367037
1211,2022-04-26,2.10256,2659.5857104533993
1212,2022-04-27,2.10256,2659.5857104533993
1213,2022-04-28,2.00088,2530.9678945342807
1214,2022-04-29,1.78521,2258.1610066578423
1215,2022-04-30,2.14767,2716.6465845300263
1216,2022-05-01,2.64215,3342.127875006872
1217,2022-05-02,2.05664,2601.5002451996033
1218,2022-05-03,2.00006,2529.93065408332
1219,2022-05-04,1.85491,2346.326444989496
1220,2022-05-05,2.20917,2794.4396183520735
1221,2022-05-06,2.14521,2713.5348631771444
1222,2022-05-07,2.26821,2869.1209308212387
1223,2022-05-08,2.56752,3247.726344695662
1224,2022-05-09,2.07304,2622.2450542188167
1225,2022-05-10,1.88526,2384.7169909488316
1226,2022-05-11,1.83359,2319.3581932645197
1227,2022-05-12,3.12351,3951.0133182683476
1228,2022-05-13,1.86639,2360.847811302945
1229,2022-05-14,2.40434,3041.3154949544964
1230,2022-05-15,2.57245,3253.962436675218
1231,2022-05-16,2.28461,2889.8657398404516
1232,2022-05-17,2.16817,2742.5775958040417
1233,2022-05-18,2.18047,2758.1362025684516
1234,2022-05-19,2.19113,2771.6203284309395
1235,2022-05-20,2.03778,2577.6437148275095
1236,2022-05-21,2.43878,3084.879593894843
1237,2022-05-22,2.71431,3433.4050346914073
1238,2022-05-23,2.52078,3188.603638990906
1239,2022-05-24,2.40188,3038.203773601614
1240,2022-05-25,1.94184,2456.2865820651155
1241,2022-05-26,2.02712,2564.159588965021
1242,2022-05-27,1.92052,2429.318330340139
1243,2022-05-28,2.25591,2853.5623240568298
1244,2022-05-29,2.71021,3428.2188324366043
1245,2022-05-30,1.77947,2250.900323501118
1246,2022-05-31,1.69501,2144.0645570521724
1247,2022-06-01,2.32725,2943.8022432904045
1248,2022-06-02,1.77045,2239.490678540551
1249,2022-06-03,1.69173,2139.91559524833
1250,2022-06-04,2.06894,2617.0588519640132
1251,2022-06-05,2.09846,2654.3995081985963
1252,2022-06-06,2.14111,2708.348660922341
1253,2022-06-07,1.66795,2109.8356221704717
1254,2022-06-08,1.88444,2383.679750497871
1255,2022-06-09,3.03166,3834.8297384869647
1256,2022-06-10,2.00088,2530.9678945342807
1257,2022-06-11,2.09272,2647.1388250418713
1258,2022-06-12,2.29527,2903.34986570294
1259,2022-06-13,1.79341,2268.5334111674483
1260,2022-06-14,1.78357,2256.0865257559212
1261,2022-06-15,1.81391,2294.464422441464
1262,2022-06-16,1.91396,2421.020406732454
1263,2022-06-17,1.62448,2054.8492289957658
1264,2022-06-18,2.014,2547.5637417496505
1265,2022-06-19,2.20179,2785.104454293428
1266,2022-06-20,1.82539,2308.9857887549133
1267,2022-06-21,1.74503,2207.3362245607714
1268,2022-06-22,1.79833,2274.7568538732125
1269,2022-06-23,1.54822,1958.385867056427
1270,2022-06-24,1.48508,1878.5183523324586
1271,2022-06-25,1.81965,2301.7251055981887
1272,2022-06-26,2.00088,2530.9678945342807
1273,2022-06-27,1.64581,2081.8301299945347
1274,2022-06-28,1.70157,2152.3624806598577
1275,2022-06-29,1.79587,2271.6451325203307
1276,2022-06-30,1.61054,2037.2161413294355
1277,2022-07-01,2.07878,2629.505737375541
1278,2022-07-02,1.97382,2496.73895965258
1279,2022-07-03,2.26001,2858.7485263116328
1280,2022-07-04,1.72207,2178.2934919338736
1281,2022-07-05,1.81637,2297.5761437943465
1282,2022-07-06,1.64007,2074.56944683781
1283,2022-07-07,1.61956,2048.6257862900025
1284,2022-07-08,1.52854,1933.4920962333722
1285,2022-07-09,1.90084,2404.4245595170837
1286,2022-07-10,2.11405,2674.1197260406407
1287,2022-07-11,1.52526,1929.3431344295295
1288,2022-07-12,1.64089,2075.606687288771
1289,2022-07-13,1.62038,2049.663026740963
1290,2022-07-14,1.84507,2333.8795595779684
1291,2022-07-15,1.53264,1938.6782984881752
1292,2022-07-16,1.66467,2105.6866603666294
1293,2022-07-17,2.37482,3003.974838719914
1294,2022-07-18,1.9607,2480.1431124372098
1295,2022-07-19,1.86065,2353.5871281462205
1296,2022-07-20,1.76635,2234.3044762857476
1297,2022-07-21,1.53756,1944.9017411939392
1298,2022-07-22,1.6335,2066.258873956333
1299,2022-07-23,1.9484,2464.5845056728003
1300,2022-07-24,2.18703,2766.4341261761365
1301,2022-07-25,2.0837,2635.7291800813045
1302,2022-07-26,3.11695,3942.7153946606627
1303,2022-07-27,1.65893,2098.425977209905
1304,2022-07-28,1.71961,2175.1817705809917
1305,2022-07-29,1.60398,2028.9182177217501
1306,2022-07-30,1.69173,2139.91559524833
1307,2022-07-31,1.96562,2486.3665551429735
1308,2022-08-01,1.58266,2001.9499659967737
1309,2022-08-02,1.59168,2013.3596109573407
1310,2022-08-03,1.5802,1998.838244643892
1311,2022-08-04,1.6335,2066.258873956333
1312,2022-08-05,1.60398,2028.9182177217501
1313,2022-08-06,1.82621,2310.023029205874
1314,2022-08-07,2.10503,2662.7100810800735
1315,2022-08-08,1.70895,2161.6976447185034
1316,2022-08-09,1.73273,2191.777617796362
1317,2022-08-10,1.93528,2447.98865845743
1318,2022-08-11,1.84507,2333.8795595779684
1319,2022-08-12,1.73929,2200.075541404047
1320,2022-08-13,2.06402,2610.83540925825
1321,2022-08-14,2.43058,3074.5071893852364
1322,2022-08-15,2.50766,3172.007791775536
1323,2022-08-16,2.0755,2625.356775571698
1324,2022-08-17,2.04434,2585.9416384351944
1325,2022-08-18,2.05664,2601.5002451996033
1326,2022-08-19,1.99022,2517.483768671793
1327,2022-08-20,2.25099,2847.3388813510655
1328,2022-08-21,2.65445,3357.6864817712817
1329,2022-08-22,2.18539,2764.3596452742154
1330,2022-08-23,2.36416,2990.4907128574255
1331,2022-08-24,2.33381,2952.10016689809
1332,2022-08-25,2.29691,2905.424346604861
1333,2022-08-26,2.23459,2826.594072331853
1334,2022-08-27,2.80862,3552.7003358256725
1335,2022-08-28,3.29326,4165.734740890991
1336,2022-08-29,2.97344,3761.18566646876
1337,2022-08-30,3.10629,3929.2312687981744
1338,2022-08-31,2.88488,3649.1636977650114
1339,2022-09-01,2.52488,3193.7898412457093
1340,2022-09-02,2.53308,3204.162245755316
1341,2022-09-03,3.2908,4162.623019538109
1342,2022-09-04,4.17233,5277.694452142165
1343,2022-09-05,3.54583,4485.217449060658
1344,2022-09-06,3.22683,4081.7056150893873
1345,2022-09-07,2.60935,3300.6382569684465
1346,2022-09-08,2.54456,3218.683612068765
1347,2022-09-09,2.75285,3482.155335886557
1348,2022-09-10,3.04069,3846.2520327213238
1349,2022-09-11,4.39948,5565.022706332053
1350,2022-09-12,4.871,6161.461264182001
1351,2022-09-13,3.70819,4690.591058350863
1352,2022-09-14,3.26045,4124.232473578773
1353,2022-09-15,3.11285,3937.5291924058592
1354,2022-09-16,3.01198,3809.935967663909
1355,2022-09-17,3.59175,4543.302914314453
1356,2022-09-18,4.02883,5096.1773732240545
1357,2022-09-19,3.12433,3952.0505587193084
1358,2022-09-20,3.36132,4251.825698320723
1359,2022-09-21,3.35394,4242.490534262078
1360,2022-09-22,3.18009,4022.582909384631
1361,2022-09-23,2.95786,3741.4780979005077
1362,2022-09-24,3.62865,4589.978734607682
1363,2022-09-25,4.47575,5661.498717545183
1364,2022-09-26,3.31294,4190.628511714046
1365,2022-09-27,3.05135,3859.7361585838116
1366,2022-09-28,2.939,3717.621567528413
1367,2022-09-29,2.71103,3429.256072887565
1368,2022-09-30,2.17719,2753.987240764609
1369,2022-10-01,2.47568,3131.5554141880716
1370,2022-10-02,3.02264,3823.4200935263975
1371,2022-10-03,3.27522,4142.9154509698565
1372,2022-10-04,2.46338,3115.9968074236617
1373,2022-10-05,2.91686,3689.616075352476
1374,2022-10-06,2.84634,3600.4133965698616
1375,2022-10-07,2.61755,3311.010661478053
1376,2022-10-08,2.81518,3560.9982594333574
1377,2022-10-09,3.92468,4964.435186678262
1378,2022-10-10,4.71028,5958.1621357937165
1379,2022-10-11,3.98947,5046.389831577944
1380,2022-10-12,3.23093,4086.8918173441903
1381,2022-10-13,2.77581,3511.198068513455
1382,2022-10-14,2.4437,3091.103036600607
1383,2022-10-15,3.54747,4487.291929962579
1384,2022-10-16,3.56633,4511.1484603346735
1385,2022-10-17,3.23831,4096.226981402836
1386,2022-10-18,3.66637,4637.6917953518705
1387,2022-10-19,3.59913,4552.638078373099
1388,2022-10-20,3.16615,4004.9498217183004
1389,2022-10-21,2.94966,3731.1056933909017
1390,2022-10-22,3.52041,4453.062995080878
1391,2022-10-23,4.12477,5217.5345059864485
1392,2022-10-24,3.43676,4347.251819809101
1393,2022-10-25,3.48022,4402.225563710015
1394,2022-10-26,3.98947,5046.389831577944
1395,2022-10-27,4.57005,5780.781369405657
1396,2022-10-28,3.91484,4951.988301266734
1397,2022-10-29,4.21006,5325.420162160147
1398,2022-10-30,4.2322,5353.425654336083
1399,2022-10-31,3.58929,4540.191192961572
1400,2022-11-01,3.34082,4225.894687046707
1401,2022-11-02,3.62291,4582.718051450957
1402,2022-11-03,3.65899,4628.356631293225
1403,2022-11-04,4.09607,5181.231090202827
1404,2022-11-05,4.8792,6171.833668691607
1405,2022-11-06,5.80502,7342.92873492133
1406,2022-11-07,7.32209,9261.912114115046
1407,2022-11-08,4.38144,5542.203416410918
1408,2022-11-09,3.71885,4704.075184213351
1409,2022-11-10,3.62537,4585.82977280384
1410,2022-11-11,3.15959,3996.6518981106155
1411,2022-11-12,3.48596,4409.486246866739
1412,2022-11-13,4.49215,5682.243526564396
1413,2022-11-14,3.60651,4561.973242431744
1414,2022-11-15,3.55731,4499.738815374107
1415,2022-11-16,3.61635,4574.420127843272
1416,2022-11-17,3.17927,4021.54566893367
1417,2022-11-18,3.13663,3967.6091654837173
1418,2022-11-19,3.62783,4588.941494156721
1419,2022-11-20,4.18135,5289.104097102732
1420,2022-11-21,3.18993,4035.0297947961585
1421,2022-11-22,3.15713,3993.5401767577337
1422,2022-11-23,2.95704,3740.440857449547
1423,2022-11-24,2.83486,3585.8920302564125
1424,2022-11-25,2.58721,3272.632764792509
1425,2022-11-26,3.51713,4448.914033277036
1426,2022-11-27,4.07475,5154.26283847785
1427,2022-11-28,3.33426,4217.596763439023
1428,2022-11-29,3.18829,4032.9553138942374
1429,2022-11-30,3.75986,4755.949856035175
1430,2022-12-01,3.37198,4265.309824183211
1431,2022-12-02,2.93654,3714.509846175531
1432,2022-12-03,3.37608,4270.496026438014
1433,2022-12-04,4.35602,5510.048962431139
1434,2022-12-05,3.43922,4350.363541161983
1435,2022-12-06,3.13581,3966.5719250327575
1436,2022-12-07,2.91358,3685.4671135486337
1437,2022-12-08,2.84142,3594.189953864098
1438,2022-12-09,2.72333,3444.814679651974
1439,2022-12-10,3.34902,4236.267091556314
1440,2022-12-11,4.10427,5191.603494712433
1441,2022-12-12,3.18829,4032.9553138942374
1442,2022-12-13,2.9062,3676.131949489988
1443,2022-12-14,2.9431,3722.807769783216
1444,2022-12-15,2.72907,3452.075362808699
1445,2022-12-16,2.46338,3115.9968074236617
1446,2022-12-17,3.10957,3933.380230602017
1447,2022-12-18,3.741,4732.093325663081
1448,2022-12-19,2.89718,3664.722304529421
1449,2022-12-20,2.60525,3295.452054713643
1450,2022-12-21,2.49454,3155.411944560166
1451,2022-12-22,2.27641,2879.493335330845
1452,2022-12-23,2.28051,2884.6795375856486
1453,2022-12-24,2.59787,3286.116890654998
1454,2022-12-25,3.01526,3814.084929467752
1455,2022-12-26,2.60771,3298.5637760665254
1456,2022-12-27,2.35104,2973.894865642055
1457,2022-12-28,2.88734,3652.2754191178933
1458,2022-12-29,2.50438,3167.8588299716935
1459,2022-12-30,2.38302,3014.3472432295202
1460,2022-12-31,2.44288,3090.0657961496463
1461,2023-01-01,2.57819,3261.2231198319428
1462,2023-01-02,2.38958,3022.645166837205
1463,2023-01-03,2.41828,3058.9485826208274
1464,2023-01-04,3.30802,4184.405069008282
1465,2023-01-05,2.62083,3315.1596232818956
1466,2023-01-06,2.24853,2844.227159998184
1467,2023-01-07,2.79467,3535.0545988855497
1468,2023-01-08,3.19977,4047.4766802076865
1469,2023-01-09,2.60853,3299.601016517486
1470,2023-01-10,2.38384,3015.3844836804806
1471,2023-01-11,2.4314,3075.544429836197
1472,2023-01-12,2.12143,2683.4548900992863
1473,2023-01-13,1.95332,2470.807948378564
1474,2023-01-14,2.39532,3029.905849993929
1475,2023-01-15,2.64215,3342.127875006872
1476,2023-01-16,2.11815,2679.305928295443
1477,2023-01-17,2.0468,2589.0533597880762
1478,2023-01-18,1.89674,2399.2383572622807
1479,2023-01-19,1.78767,2261.272728010724
1480,2023-01-20,1.73929,2200.075541404047
1481,2023-01-21,1.81473,2295.501662892425
1482,2023-01-22,1.76881,2237.4161976386295
1483,2023-01-23,2.51832,3185.4919176380245
1484,2023-01-24,3.02018,3820.3083721735156
1485,2023-01-25,2.32315,2938.6160410356015
1486,2023-01-26,2.12471,2687.603851903128
1487,2023-01-27,1.97464,2497.7762001035403
1488,2023-01-28,2.43386,3078.656151189079
1489,2023-01-29,2.86602,3625.3071673929167
1490,2023-01-30,2.4109,3049.6134185621813
1491,2023-01-31,2.13045,2694.864535059853
1492,2023-02-01,2.08042,2631.5802182774623
1493,2023-02-02,2.03286,2571.4202721217453
1494,2023-02-03,1.80817,2287.20373928474
1495,2023-02-04,2.35514,2979.0810678968583
1496,2023-02-05,2.87504,3636.7168123534834
1497,2023-02-06,2.0714,2620.170573316895
1498,2023-02-07,2.20015,2783.0299733915062
1499,2023-02-08,2.14439,2712.4976227261836
1500,2023-02-09,1.98284,2508.1486046131467
1501,2023-02-10,2.01728,2551.712703553493
1502,2023-02-11,2.78155,3518.4587516701795
1503,2023-02-12,3.49088,4415.7096895725035
1504,2023-02-13,2.85208,3607.674079726586
1505,2023-02-14,2.62739,3323.4575468895805
1506,2023-02-15,2.38384,3015.3844836804806
1507,2023-02-16,2.21983,2807.923744214562
1508,2023-02-17,2.12799,2691.752813706971
1509,2023-02-18,3.20551,4054.7373633644106
1510,2023-02-19,3.95256,4999.701362010924
1511,2023-02-20,2.65937,3363.909924477045
1512,2023-02-21,2.3822,3013.3100027785595
1513,2023-02-22,2.4396,3085.9168343458036
1514,2023-02-23,2.39942,3035.0920522487327
1515,2023-02-24,2.00744,2539.2658181419656
1516,2023-02-25,2.78565,3523.6449539249825
1517,2023-02-26,3.42856,4336.879415299495
1518,2023-02-27,2.57163,3252.9251962242574
1519,2023-02-28,2.51586,3182.380196285142
1520,2023-03-01,3.48514,4408.449006415779
1521,2023-03-02,2.16571,2739.46587445116
1522,2023-03-03,2.12881,2692.7900541579315
1523,2023-03-04,3.68277,4658.436604371083
1524,2023-03-05,4.16823,5272.508249887363
1525,2023-03-06,2.85454,3610.785801079468
1526,2023-03-07,2.77089,3504.974625807691
1527,2023-03-08,3.36542,4257.011900575526
1528,2023-03-09,3.70901,4691.628298801824
1529,2023-03-10,2.57409,3256.0369175771393
1530,2023-03-11,2.77663,3512.2353089644157
1531,2023-03-12,3.12761,3956.1995205231506
1532,2023-03-13,2.415,3054.7996208169848
1533,2023-03-14,2.9185,3691.690556254397
1534,2023-03-15,2.43714,3082.8051129929213
1535,2023-03-16,2.21327,2799.625820606877
1536,2023-03-17,2.13701,2703.162458667538
1537,2023-03-18,3.68769,4664.660047076847
1538,2023-03-19,3.55075,4491.440891766421
1539,2023-03-20,2.51012,3175.119513128418
1540,2023-03-21,2.40106,3037.1665331506542
1541,2023-03-22,2.33135,2948.988445545208
1542,2023-03-23,2.19195,2772.6575688819003
1543,2023-03-24,2.01482,2548.6009822006113
1544,2023-03-25,2.63641,3334.8671918501477
1545,2023-03-26,2.91604,3688.5788349015156
1546,2023-03-27,2.09354,2648.176065492832
1547,2023-03-28,1.97382,2496.73895965258
1548,2023-03-29,1.84917,2339.0657618327714
1549,2023-03-30,1.84425,2332.8423191270076
1550,2023-03-31,1.74667,2209.4107054626925
1551,2023-04-01,2.0181,2552.749944004454
1552,2023-04-02,2.39942,3035.0920522487327
1553,2023-04-03,1.84425,2332.8423191270076
1554,2023-04-04,1.9279,2438.6534943987845
1555,2023-04-05,1.61136,2038.2533817803958
1556,2023-04-06,1.62448,2054.8492289957658
1557,2023-04-07,1.59168,2013.3596109573407
1558,2023-04-08,2.10256,2659.5857104533993
1559,2023-04-09,2.40926,3047.53893766026
1560,2023-04-10,1.80243,2279.9430561280155
1561,2023-04-11,1.74667,2209.4107054626925
1562,2023-04-12,1.73683,2196.963820051165
1563,2023-04-13,1.58266,2001.9499659967737
1564,2023-04-14,1.68599,2132.6549120916056
1565,2023-04-15,1.87706,2374.344586439225
1566,2023-04-16,2.10831,2666.8590428839157
1567,2023-04-17,1.63186,2064.184393054412
1568,2023-04-18,1.69747,2147.1762784050547
1569,2023-04-19,1.58512,2005.0616873496558
1570,2023-04-20,1.40226,1773.7570667854347
1571,2023-04-21,1.39487,1764.4092534529968
1572,2023-04-22,1.69009,2137.841114346409
1573,2023-04-23,1.79915,2275.794094324173
1574,2023-04-24,1.52936,1934.5293366843327
1575,2023-04-25,1.46212,1849.475619705561
1576,2023-04-26,1.37929,1744.7016848847447
1577,2023-04-27,1.32845,1680.3927769251854
1578,2023-04-28,1.34075,1695.951383689595
1579,2023-04-29,1.66303,2103.612179464708
1580,2023-04-30,1.73109,2189.7031368944404
1581,2023-05-01,1.65319,2091.1652940531803
1582,2023-05-02,1.38339,1749.8878871395477
1583,2023-05-03,1.45802,1844.2894174507578
1584,2023-05-04,1.27023,1606.7487049069807
1585,2023-05-05,1.47114,1860.8852646661276
1586,2023-05-06,1.5392,1946.97622209586
1587,2023-05-07,1.63022,2062.1099121524903
1588,2023-05-08,1.4285,1806.948761216175
1589,2023-05-09,1.44326,1825.6190893334663
1590,2023-05-10,1.43096,1810.0604825690568
1591,2023-05-11,1.38175,1747.8134062376266
1592,2023-05-12,1.4326,1812.1349634709782
1593,2023-05-13,1.58266,2001.9499659967737
1594,2023-05-14,1.79505,2270.60789206937
1595,2023-05-15,1.4982,1895.1141995478285
1596,2023-05-16,1.66303,2103.612179464708
1597,2023-05-17,1.51542,1916.896249018002
1598,2023-05-18,1.42522,1802.7997994123323
1599,2023-05-19,1.42522,1802.7997994123323
1600,2023-05-20,1.58922,2010.247889604459
1601,2023-05-21,1.78111,2252.974804403039
1602,2023-05-22,1.46868,1857.773543313246
1603,2023-05-23,1.60398,2028.9182177217501
1604,2023-05-24,1.54084,1949.0507029977816
1605,2023-05-25,1.28171,1621.2700712204294
1606,2023-05-26,1.21201,1533.1046328887758
1607,2023-05-27,1.32599,1677.2810555723036
1608,2023-05-28,1.6089,2035.1416604275141
1609,2023-05-29,1.70403,2155.4742020127396
1610,2023-05-30,1.36781,1730.1803185712959
1611,2023-05-31,1.41456,1789.3156735498442
1612,2023-06-01,1.33829,1692.8396623367132
1613,2023-06-02,1.18003,1492.652255301311
1614,2023-06-03,1.43014,1809.023242118096
1615,2023-06-04,1.54904,1959.4231075073878
1616,2023-06-05,1.31451,1662.759689258855
1617,2023-06-06,1.5269,1931.4176153314506
1618,2023-06-07,1.26941,1605.71146445602
1619,2023-06-08,1.29975,1644.0893611415634
1620,2023-06-09,1.16116,1468.7830756554242
1621,2023-06-10,1.27105,1607.7859453579413
1622,2023-06-11,1.43588,1816.2839252748206
1623,2023-06-12,1.20955,1529.9929115358937
1624,2023-06-13,1.21529,1537.2535946926182
1625,2023-06-14,1.19725,1514.4343047714842
1626,2023-06-15,1.24481,1574.594250927201
1627,2023-06-16,1.1341,1434.5541407737237
1628,2023-06-17,1.21693,1539.3280755945395
1629,2023-06-18,1.64089,2075.606687288771
1630,2023-06-19,1.1259,1424.181736264117
1631,2023-06-20,1.12836,1427.2934576169991
1632,2023-06-21,1.09146,1380.6176373237706
1633,2023-06-22,1.41702,1792.427394902726
1634,2023-06-23,1.19233,1508.2108620657204
1635,2023-06-24,1.20545,1524.8067092810907
1636,2023-06-25,1.35223,1710.472750003044
1637,2023-06-26,1.10622,1399.287965441062
1638,2023-06-27,1.15378,1459.4479115967786
1639,2023-06-28,1.09966,1390.990041833377
1640,2023-06-29,0.9906,1253.0370618556128
1641,2023-06-30,0.92171,1165.8962147011275
1642,2023-07-01,1.17265,1483.3170912426654
1643,2023-07-02,1.26121,1595.3390599464137
1644,2023-07-03,1.03488,1309.048046207487
1645,2023-07-04,1.00454,1270.6701495219436
1646,2023-07-05,1.00864,1275.8563517767466
1647,2023-07-06,0.91187,1153.4493292895997
1648,2023-07-07,0.91187,1153.4493292895997
1649,2023-07-08,1.10294,1395.1390036372195
1650,2023-07-09,1.19889,1516.5087856734056
1651,2023-07-10,0.9537,1206.3612415623843
1652,2023-07-11,0.90613,1146.1886461328754
1653,2023-07-12,0.97748,1236.4412146402426
1654,2023-07-13,1.007,1273.7818708748252
1655,2023-07-14,0.89875,1136.8534820742298
1656,2023-07-15,1.0972,1387.878320480495
1657,2023-07-16,1.20135,1519.6205070262874
1658,2023-07-17,0.99142,1254.0743023065734
1659,2023-07-18,0.96846,1225.0315696796756
1660,2023-07-19,1.01848,1288.3032371882744
1661,2023-07-20,0.9537,1206.3612415623843
1662,2023-07-21,0.85447,1080.8424977223556
1663,2023-07-22,0.93484,1182.5047111902898
1664,2023-07-23,1.10704,1400.3252058920227
1665,2023-07-24,1.03898,1314.2342484622902
1666,2023-07-25,0.90449,1144.1141652309543
1667,2023-07-26,0.83889,1061.1349291541037
1668,2023-07-27,0.88399,1118.1831539569384
1669,2023-07-28,0.83643,1058.0232078012216
1670,2023-07-29,0.91843,1161.7472528972849
1671,2023-07-30,1.02012,1290.3777180901955
1672,2023-07-31,0.86841,1098.4755853886863
1673,2023-08-01,0.95452,1207.398482013345
1674,2023-08-02,0.89711,1134.7790011723084
1675,2023-08-03,0.86595,1095.3638640358045
1676,2023-08-04,0.87251,1103.6617876434896
1677,2023-08-05,1.01356,1282.0797944825106
1678,2023-08-06,1.13492,1435.591381224684
1679,2023-08-07,0.99716,1261.334985463298
1680,2023-08-08,0.9537,1206.3612415623843
1681,2023-08-09,0.9865,1247.8508596008096
1682,2023-08-10,0.95616,1209.4729629152662
1683,2023-08-11,0.96272,1217.7708865229513
1684,2023-08-12,1.1505,1455.2989497929361
1685,2023-08-13,1.31943,1668.9831319646187
1686,2023-08-14,1.15952,1466.7085947535031
1687,2023-08-15,1.43752,1818.3584061767417
1688,2023-08-16,1.1382,1439.7403430285267
1689,2023-08-17,1.00372,1269.6329090709828
1690,2023-08-18,1.00864,1275.8563517767466
1691,2023-08-19,1.13082,1430.4051789698808
1692,2023-08-20,1.30877,1655.4990061021304
1693,2023-08-21,1.14312,1445.9637857342902
1694,2023-08-22,1.21447,1536.2163542416577
1695,2023-08-23,1.21201,1533.1046328887758
1696,2023-08-24,1.15296,1458.410671145818
1697,2023-08-25,1.19643,1513.397064320524
1698,2023-08-26,1.39733,1767.5209748058787
1699,2023-08-27,1.54986,1960.4603479583486
1700,2023-08-28,1.38175,1747.8134062376266
1701,2023-08-29,1.57446,1991.5775614871675
1702,2023-08-30,1.42522,1802.7997994123323
1703,2023-08-31,1.37847,1743.6644444337842
1704,2023-09-01,1.26203,1596.3763003973743
1705,2023-09-02,1.5146,1915.8590085670412
1706,2023-09-03,1.77947,2250.900323501118
1707,2023-09-04,1.36371,1724.9941163164926
1708,2023-09-05,1.24645,1576.6687318291224
1709,2023-09-06,1.29893,1643.0521206906026
1710,2023-09-07,1.38913,1757.1485702962723
1711,2023-09-08,1.39979,1770.6326961587606
1712,2023-09-09,1.67123,2113.9845839743143
1713,2023-09-10,2.05746,2602.537485650564
1714,2023-09-11,1.50722,1906.5238445083955
1715,2023-09-12,1.39897,1769.5954557078
1716,2023-09-13,1.36289,1723.956875865532
1717,2023-09-14,1.37437,1738.4782421789812
1718,2023-09-15,1.54986,1960.4603479583486
1719,2023-09-16,1.82375,2306.9113078529917
1720,2023-09-17,2.16489,2738.4286340001995
1721,2023-09-18,1.61628,2044.4768244861596
1722,2023-09-19,1.40472,1776.8687881383166
1723,2023-09-20,1.4777,1869.183188273813
1724,2023-09-21,1.82211,2304.8368269510706
1725,2023-09-22,1.64827,2084.9418513474166
1726,2023-09-23,2.00416,2535.1168563381234
1727,2023-09-24,2.26657,2867.046449919318
1728,2023-09-25,1.68107,2126.431469385842
1729,2023-09-26,1.62202,2051.7375076428843
1730,2023-09-27,1.37519,1739.5154826299415
1731,2023-09-28,1.44326,1825.6190893334663
1732,2023-09-29,1.30631,1652.3872847492487
1733,2023-09-30,2.16079,2733.242431745396
1734,2023-10-01,2.50602,3169.9333108736146
1735,2023-10-02,2.60935,3300.6382569684465
1736,2023-10-03,3.01362,3812.0104485658308
1737,2023-10-04,2.09436,2649.213305943793
1738,2023-10-05,2.33792,2957.299018426685
1739,2023-10-06,2.01892,2553.7871844554147
1740,2023-10-07,2.31331,2926.169155624074
1741,2023-10-08,2.70447,3420.95814927988
1742,2023-10-09,2.85372,3609.748560628507
1743,2023-10-10,2.22393,2813.1099464693652
1744,2023-10-11,2.10339,2660.6356001781523
1745,2023-10-12,2.04926,2592.1650811409577
1746,2023-10-13,1.79997,2276.8313347751337
1747,2023-10-14,2.31413,2927.2063960750347
1748,2023-10-15,2.81436,3559.961018982397
1749,2023-10-16,2.25263,2849.413362252987
1750,2023-10-17,2.32889,2945.876724192326
1751,2023-10-18,2.20097,2784.067213842467
1752,2023-10-19,2.23541,2827.631312782814
1753,2023-10-20,2.29445,2902.312625251979
1754,2023-10-21,2.86274,3621.1582055890744
1755,2023-10-22,3.3031,4178.181626302518
1756,2023-10-23,2.52078,3188.603638990906
1757,2023-10-24,2.52652,3195.864322147631
1758,2023-10-25,2.07304,2622.2450542188167
1759,2023-10-26,1.81719,2298.613384245307
1760,2023-10-27,1.92954,2440.7279753007056
1761,2023-10-28,2.51504,3181.342955834182
1762,2023-10-29,2.63559,3333.829951399187
1763,2023-10-30,2.27641,2879.493335330845
1764,2023-10-31,2.07468,2624.3195351207373
1765,2023-11-01,2.06156,2607.7236879053676
1766,2023-11-02,1.9361,2449.025898908391
1767,2023-11-03,2.22065,2808.9609846655226
1768,2023-11-04,2.87422,3635.6795719025235
1769,2023-11-05,3.26373,4128.381435382616
1770,2023-11-06,3.06529,3877.3692462501426
1771,2023-11-07,3.59831,4551.600837922138
1772,2023-11-08,3.82874,4843.078053915868
1773,2023-11-09,3.07759,3892.927853014552
1774,2023-11-10,3.4179,4323.395289437007
1775,2023-11-11,4.25024,5376.244944257217
1776,2023-11-12,4.9038,6202.950882220426
1777,2023-11-13,4.26172,5390.766310570667
1778,2023-11-14,3.81808,4829.59392805338
1779,2023-11-15,3.37854,4273.607747790897
1780,2023-11-16,3.35558,4244.565015163998
1781,2023-11-17,3.37608,4270.496026438014
1782,2023-11-18,5.70334,7214.310919002211
1783,2023-11-19,4.88002,6172.870909142568
1784,2023-11-20,3.48678,4410.5234873177
1785,2023-11-21,3.05135,3859.7361585838116
1786,2023-11-22,3.05217,3860.7733990347724
1787,2023-11-23,2.79303,3532.980117983628
1788,2023-11-24,2.92998,3706.211922567846
1789,2023-11-25,3.51549,4446.839552375114
1790,2023-11-26,3.80168,4808.849119034167
1791,2023-11-27,3.29326,4165.734740890991
1792,2023-11-28,3.22847,4083.780095991309
1793,2023-11-29,2.97836,3767.409109174523
1794,2023-11-30,2.71759,3437.55399649525
1795,2023-12-01,2.58147,3265.372081635785
1796,2023-12-02,2.95458,3737.329136096665
1797,2023-12-03,3.46218,4379.406273788881
1798,2023-12-04,2.66593,3372.2078480847304
1799,2023-12-05,2.49454,3155.411944560166
1800,2023-12-06,2.46256,3114.959566972701
1801,2023-12-07,2.35678,2981.15554879878
1802,2023-12-08,2.19769,2779.918252038625
1803,2023-12-09,2.62329,3318.271344634777
1804,2023-12-10,2.99312,3786.0794372918144
1805,2023-12-11,2.37072,2998.7886364651104
1806,2023-12-12,2.20261,2786.1416947443886
1807,2023-12-13,2.27969,2883.642297134688
1808,2023-12-14,2.73727,3462.4477673183055
1809,2023-12-15,2.63395,3331.755470497266
1810,2023-12-16,3.09317,3912.6354215828046
1811,2023-12-17,3.31376,4191.665752165006
1812,2023-12-18,2.73809,3463.4850077692663
1813,2023-12-19,2.58475,3269.5210434396276
1814,2023-12-20,2.35514,2979.0810678968583
1815,2023-12-21,2.20835,2793.4023779011127
1816,2023-12-22,1.98448,2510.2230855150683
1817,2023-12-23,2.50192,3164.7471086188116
1818,2023-12-24,2.70939,3427.1815919856435
1819,2023-12-25,2.68807,3400.213340260668
1820,2023-12-26,2.18375,2762.285164372294
1821,2023-12-27,2.02056,2555.8616653573363
1822,2023-12-28,1.97464,2497.7762001035403
1823,2023-12-29,1.8746,2371.2328650863433
1824,2023-12-30,2.23377,2825.5568318808923
1825,2023-12-31,2.40188,3038.203773601614
1826,2024-01-01,2.33463,2953.1374073490506
1827,2024-01-02,2.13701,2703.162458667538
1828,2024-01-03,1.96808,2489.4782764958554
1829,2024-01-04,1.9607,2480.1431124372098
1830,2024-01-05,1.77209,2241.565159442472
1831,2024-01-06,2.22065,2808.9609846655226
1832,2024-01-07,2.62575,3321.3830659876594
1833,2024-01-08,1.77455,2244.676880795354
1834,2024-01-09,1.71469,2168.958327875228
1835,2024-01-10,1.84917,2339.0657618327714
1836,2024-01-11,1.74995,2213.5596672665347
1837,2024-01-12,1.72699,2184.5169346396374
1838,2024-01-13,2.08042,2631.5802182774623
1839,2024-01-14,2.73809,3463.4850077692663
1840,2024-01-15,1.90166,2405.461799968044
1841,2024-01-16,1.85901,2351.5126472442994
1842,2024-01-17,1.85737,2349.438166342378
1843,2024-01-18,1.68763,2134.7293929935267
1844,2024-01-19,1.72207,2178.2934919338736
1845,2024-01-20,1.96726,2488.4410360448946
1846,2024-01-21,2.3412,2961.4479802305277
1847,2024-01-22,1.90166,2405.461799968044
1848,2024-01-23,1.71961,2175.1817705809917
1849,2024-01-24,1.65237,2090.1280536022196
1850,2024-01-25,1.66139,2101.5376985627868
1851,2024-01-26,1.67451,2118.133545778157
1852,2024-01-27,1.97136,2493.627238299698
1853,2024-01-28,2.28625,2891.9402207423727
1854,2024-01-29,1.86968,2365.0094223805795
1855,2024-01-30,1.63843,2072.494965935889
1856,2024-01-31,1.70813,2160.6604042675426
1857,2024-02-01,1.61546,2043.439584035199
1858,2024-02-02,1.64007,2074.56944683781
1859,2024-02-03,1.98366,2509.1858450641075
1860,2024-02-04,2.25017,2846.3016409001048
1861,2024-02-05,1.86968,2365.0094223805795
1862,2024-02-06,1.84097,2328.6933573231654
1863,2024-02-07,1.93036,2441.7652157516663
1864,2024-02-08,1.68353,2129.5431907387238
1865,2024-02-09,1.68353,2129.5431907387238
1866,2024-02-10,1.57528,1992.614801938128
1867,2024-02-11,2.43796,3083.842353443882
1868,2024-02-12,2.70529,3421.995389730841
1869,2024-02-13,2.29445,2902.312625251979
1870,2024-02-14,2.22229,2811.0354655674437
1871,2024-02-15,2.03204,2570.3830316707845
1872,2024-02-16,1.81801,2299.650624696267
1873,2024-02-17,2.28953,2896.089182546216
1874,2024-02-18,2.62493,3320.3458255366986
1875,2024-02-19,2.00498,2536.154096789084
1876,2024-02-20,1.91806,2426.206608987257
1877,2024-02-21,1.89674,2399.2383572622807
1878,2024-02-22,1.79751,2273.7196134222518
1879,2024-02-23,1.58758,2008.1734087025377
1880,2024-02-24,2.27477,2877.4188544289245
1881,2024-02-25,2.51176,3177.1939940303396
1882,2024-02-26,1.98694,2513.3348068679497
1883,2024-02-27,2.01072,2543.4147799458083
1884,2024-02-28,1.85327,2344.251964087575
1885,2024-02-29,1.73601,2195.926579600204
1886,2024-03-01,2.17227,2747.763798058845
1887,2024-03-02,2.34612,2967.6714229362915
1888,2024-03-03,2.59295,3279.893447949234
1889,2024-03-04,2.01564,2549.638222651572
1890,2024-03-05,1.92954,2440.7279753007056
1891,2024-03-06,1.89592,2398.20111681132
1892,2024-03-07,1.88772,2387.8287123017135
1893,2024-03-08,1.89592,2398.20111681132
1894,2024-03-09,2.4724,3127.406452384229
1895,2024-03-10,2.81272,3557.886538080476
1896,2024-03-11,2.19277,2773.6948093328606
1897,2024-03-12,1.97382,2496.73895965258
1898,2024-03-13,2.07714,2627.4312564736197
1899,2024-03-14,2.06402,2610.83540925825
1900,2024-03-15,1.9935,2521.632730475635
1901,2024-03-16,2.4478,3096.2892388554096
1902,2024-03-17,3.0169,3816.1594103696734
1903,2024-03-18,2.19769,2779.918252038625
1904,2024-03-19,2.10092,2657.5112295514778
1905,2024-03-20,1.97464,2497.7762001035403
1906,2024-03-21,1.83277,2318.320952813559
1907,2024-03-22,2.03942,2579.71819572943
1908,2024-03-23,2.898,3665.7595449803816
1909,2024-03-24,3.01608,3815.1221699187126
1910,2024-03-25,2.16571,2739.46587445116
1911,2024-03-26,2.0673,2614.9843710620917
1912,2024-03-27,1.98284,2508.1486046131467
1913,2024-03-28,1.97382,2496.73895965258
1914,2024-03-29,1.77537,2245.7141212463143
1915,2024-03-30,2.18211,2760.210683470373
1916,2024-03-31,2.51422,3180.305715383221
1917,2024-04-01,1.99596,2524.744451828517
1918,2024-04-02,1.89182,2393.014914556517
1919,2024-04-03,1.76143,2228.081033579984
1920,2024-04-04,1.70977,2162.734885169464
1921,2024-04-05,1.55232,1963.5720693112303
1922,2024-04-06,1.89592,2398.20111681132
1923,2024-04-07,1.91396,2421.020406732454
1924,2024-04-08,1.74175,2203.1872627569287
1925,2024-04-09,1.53018,1935.5665771352935
1926,2024-04-10,2.26083,2859.7857667625935
1927,2024-04-11,1.58348,2002.9872064477345
1928,2024-04-12,1.59988,2023.7320154669471
1929,2024-04-13,1.56872,1984.316878330443
1930,2024-04-14,1.76225,2229.1182740309446
1931,2024-04-15,1.36617,1728.1058376693748
1932,2024-04-16,1.43834,1819.3956466277025
1933,2024-04-17,1.45556,1841.1776960978757
1934,2024-04-18,1.36453,1726.0313567674534
1935,2024-04-19,1.43588,1816.2839252748206
1936,2024-04-20,1.52608,1930.3803748804903
1937,2024-04-21,1.5802,1998.838244643892
1938,2024-04-22,1.33255,1685.5789791799887
1939,2024-04-23,1.33583,1689.7279409838313
1940,2024-04-24,1.21775,1540.3653160455003
1941,2024-04-25,1.572,1988.4658401342856
1942,2024-04-26,1.26531,1600.5252622012167
1943,2024-04-27,1.65811,2097.388736758944
1944,2024-04-28,1.76717,2235.3417167367083
1945,2024-04-29,1.4654,1853.6245815094035
1946,2024-04-30,1.29893,1643.0521206906026
1947,2024-05-01,1.55396,1965.6465502131516
1948,2024-05-02,1.31041,1657.5734870040517
1949,2024-05-03,1.24399,1573.5570104762403
1950,2024-05-04,1.32435,1675.2065746703822
1951,2024-05-05,1.40308,1774.7943072363955
1952,2024-05-06,1.8746,2371.2328650863433
1953,2024-05-07,1.27679,1615.0466285146658
1954,2024-05-08,1.30713,1653.424525200209
1955,2024-05-09,1.38749,1755.074089394351
1956,2024-05-10,1.24153,1570.4452891233586
1957,2024-05-11,1.38011,1745.7389253357053
1958,2024-05-12,1.54412,1953.199664801624
1959,2024-05-13,1.27925,1618.1583498675477
1960,2024-05-14,1.31205,1659.6479679059728
1961,2024-05-15,1.57036,1986.3913592323643
1962,2024-05-16,1.26695,1602.599743103138
1963,2024-05-17,1.25957,1593.2645790444926
1964,2024-05-18,1.43096,1810.0604825690568
1965,2024-05-19,1.68845,2135.7666334444875
1966,2024-05-20,1.27269,1609.8604262598626
1967,2024-05-21,1.31123,1658.6107274550122
1968,2024-05-22,1.30057,1645.1266015925241
1969,2024-05-23,1.28007,1619.1955903185083
1970,2024-05-24,1.18413,1497.8384575561142
1971,2024-05-25,1.38503,1751.962368041469
1972,2024-05-26,1.4695,1858.8107837642065
1973,2024-05-27,1.20627,1525.8439497320512
1974,2024-05-28,1.32681,1678.3182960232643
1975,2024-05-29,1.24563,1575.6314913781616
1976,2024-05-30,1.13656,1437.6658621266054
1977,2024-05-31,1.07096,1354.6866260497548
1978,2024-06-01,1.38093,1746.776165786666
1979,2024-06-02,1.47606,1867.1087073718916
1980,2024-06-03,1.17429,1485.3915721445867
1981,2024-06-04,1.19233,1508.2108620657204
1982,2024-06-05,1.13738,1438.7031025775661
1983,2024-06-06,1.43506,1815.24668482386
1984,2024-06-07,1.1013,1393.0645227352982
1985,2024-06-08,1.34485,1701.1375859443983
1986,2024-06-09,1.41292,1787.2411926479228
1987,2024-06-10,1.17675,1488.5032934974686
1988,2024-06-11,1.16034,1467.7458352044637
1989,2024-06-12,1.18003,1492.652255301311
1990,2024-06-13,1.06768,1350.537664245912
1991,2024-06-14,1.03652,1311.1225271094083
1992,2024-06-15,1.21447,1536.2163542416577
1993,2024-06-16,1.44982,1833.9170129411516
1994,2024-06-17,1.0767,1361.947309206479
1995,2024-06-18,1.05046,1328.7556147757389
1996,2024-06-19,1.10622,1399.287965441062
1997,2024-06-20,1.03078,1303.8618439526838
1998,2024-06-21,1.13984,1441.8148239304478
1999,2024-06-22,1.19889,1516.5087856734056
2000,2024-06-23,1.35633,1715.6589522578472
2001,2024-06-24,1.06358,1345.351461991109
2002,2024-06-25,1.0439,1320.457691168054
2003,2024-06-26,1.0398,1315.2714889132508
2004,2024-06-27,0.93648,1184.579192092211
2005,2024-06-28,0.85939,1087.0659404281193
2006,2024-06-29,1.14968,1454.2617093419756
2007,2024-06-30,1.20217,1520.6577474772482
2008,2024-07-01,0.99962,1264.4467068161796
2009,2024-07-02,0.98158,1241.6274168950458
2010,2024-07-03,0.9455,1195.988837052778
2011,2024-07-04,1.00618,1272.744630423865
2012,2024-07-05,1.0029,1268.5956686200223
2013,2024-07-06,1.1382,1439.7403430285267
2014,2024-07-07,1.27023,1606.7487049069807
2015,2024-07-08,0.98158,1241.6274168950458
2016,2024-07-09,0.97994,1239.5529359931247
2017,2024-07-10,0.97748,1236.4412146402426
2018,2024-07-11,0.87907,1111.9597112511747
2019,2024-07-12,0.85283,1078.7680168204342
2020,2024-07-13,1.09228,1381.6548777747312
2021,2024-07-14,1.20463,1523.76946883013
2022,2024-07-15,0.87415,1105.7362685454107
2023,2024-07-16,0.95042,1202.2122797585419
2024,2024-07-17,0.88891,1124.4065966627022
2025,2024-07-18,0.84381,1067.3583718598672
2026,2024-07-19,0.96846,1225.0315696796756
2027,2024-07-20,1.11524,1410.697610401629
2028,2024-07-21,1.22349,1547.6259992022246
2029,2024-07-22,1.08572,1373.356954167046
2030,2024-07-23,0.87169,1102.6245471925288
2031,2024-07-24,0.93073,1177.3058596616943
2032,2024-07-25,0.83397,1054.9114864483397
2033,2024-07-26,0.90613,1146.1886461328754
2034,2024-07-27,0.98568,1246.813619149849
2035,2024-07-28,1.0439,1320.457691168054
2036,2024-07-29,0.87333,1104.6990280944501
2037,2024-07-30,0.83397,1054.9114864483397
2038,2024-07-31,0.90285,1142.039684329033
2039,2024-08-01,0.82577,1044.5390819387335
2040,2024-08-02,0.84381,1067.3583718598672
2041,2024-08-03,0.9578,1211.5474438171875
2042,2024-08-04,1.0685,1351.5749046968729
2043,2024-08-05,0.89137,1127.518318015584
2044,2024-08-06,0.92335,1167.9706956030486
2045,2024-08-07,0.88317,1117.1459135059777
2046,2024-08-08,0.88809,1123.3693562117417
2047,2024-08-09,0.90777,1148.2631270347968
2048,2024-08-10,1.0439,1320.457691168054
2049,2024-08-11,1.18659,1500.9501789089961
2050,2024-08-12,1.00782,1274.819111325786
2051,2024-08-13,0.93812,1186.6536729941322
2052,2024-08-14,0.93566,1183.5419516412505
2053,2024-08-15,1.21529,1537.2535946926182
2054,2024-08-16,1.04226,1318.3832102661327
2055,2024-08-17,1.17101,1481.2426103407442
2056,2024-08-18,1.24973,1580.8176936329648
2057,2024-08-19,1.00864,1275.8563517767466
2058,2024-08-20,1.09556,1385.8038395785738
2059,2024-08-21,1.1054,1398.2507249901012
2060,2024-08-22,1.03078,1303.8618439526838
2061,2024-08-23,1.18741,1501.987419359957
2062,2024-08-24,1.33583,1689.7279409838313
2063,2024-08-25,1.49164,1886.8162759401437
2064,2024-08-26,1.24891,1579.780453182004
2065,2024-08-27,1.29073,1632.6797161809964
2066,2024-08-28,1.40472,1776.8687881383166
2067,2024-08-29,1.27351,1610.8976667108232
2068,2024-08-30,1.15788,1464.6341138515818
2069,2024-08-31,1.42604,1803.837039863293
2070,2024-09-01,1.72617,2183.4796941886766
2071,2024-09-02,1.36535,1727.0685972184142
2072,2024-09-03,1.33091,1683.5044982780676
2073,2024-09-04,1.21939,1542.4397969474214
2074,2024-09-05,1.21775,1540.3653160455003
2075,2024-09-06,1.25629,1589.1156172406497
2076,2024-09-07,1.50804,1907.5610849593563
2077,2024-09-08,1.973,2495.701719201619
2078,2024-09-09,1.66221,2102.574939013747
2079,2024-09-10,1.31943,1668.9831319646187
2080,2024-09-11,1.25793,1591.190098142571
2081,2024-09-12,1.24071,1569.4080486723979
2082,2024-09-13,1.13984,1441.8148239304478
2083,2024-09-14,1.37355,1737.4410017280204
2084,2024-09-15,1.5515,1962.53482886027
2085,2024-09-16,1.4613,1848.4383792546002
2086,2024-09-17,1.33337,1686.6162196309492
2087,2024-09-18,1.6335,2066.258873956333
2088,2024-09-19,1.46294,1850.5128601565214
2089,2024-09-20,1.5474,1957.3486266054667
2090,2024-09-21,1.98612,2512.2975664169894
2091,2024-09-22,2.0878,2640.915382336108
2092,2024-09-23,1.75897,2224.969312227102
2093,2024-09-24,1.81801,2299.650624696267
2094,2024-09-25,1.63679,2070.420485033968
2095,2024-09-26,1.50312,1901.3376422535925
2096,2024-09-27,1.40226,1773.7570667854347
2097,2024-09-28,1.6335,2066.258873956333
2098,2024-09-29,1.89346,2395.0893954584376
2099,2024-09-30,1.56462,1979.1306760756397
