,date,스톤 아일랜드,스톤 아일랜드_absolute
0,2019-01-01,7.42177,11831.38992006995
1,2019-01-02,7.45327,11881.605540128536
2,2019-01-03,6.95064,11080.33960012706
3,2019-01-04,6.75183,10763.407300957304
4,2019-01-05,7.48897,11938.516576194932
5,2019-01-06,7.98319,12726.375742714099
6,2019-01-07,7.29296,11626.047887697052
7,2019-01-08,7.05845,11252.2045524609
8,2019-01-09,6.90024,10999.994608033323
9,2019-01-10,6.55582,10450.938612459424
10,2019-01-11,6.32481,10082.674790563116
11,2019-01-12,6.47392,10320.378000307102
12,2019-01-13,7.33426,11691.886145107195
13,2019-01-14,6.94084,11064.7169627755
14,2019-01-15,6.77423,10799.116186332298
15,2019-01-16,6.66993,10632.846688804984
16,2019-01-17,6.50822,10375.057231037563
17,2019-01-18,6.22121,9917.521195703772
18,2019-01-19,6.72803,10725.466610246374
19,2019-01-20,7.76268,12374.85046083732
20,2019-01-21,6.87224,10955.35850131458
21,2019-01-22,6.49632,10356.086885682098
22,2019-01-23,6.1771,9847.203386155068
23,2019-01-24,6.40812,10215.48314951806
24,2019-01-25,6.1624,9823.769430127728
25,2019-01-26,6.69653,10675.25099018779
26,2019-01-27,7.17815,11443.023908683523
27,2019-01-28,7.13055,11367.142527261663
28,2019-01-29,8.0042,12759.868764219844
29,2019-01-30,6.62793,10565.89252872687
30,2019-01-31,6.25131,9965.50501042642
31,2019-02-01,6.38221,10174.178809336538
32,2019-02-02,7.21806,11506.646302224417
33,2019-02-03,8.31291,13251.99778226066
34,2019-02-04,8.57822,13674.940834887426
35,2019-02-05,10.31991,16451.450145993353
36,2019-02-06,10.61253,16917.929344137578
37,2019-02-07,10.64893,16975.956282871943
38,2019-02-08,9.40217,14988.437982419839
39,2019-02-09,9.10115,14508.567952259991
40,2019-02-10,9.49317,15133.50532925575
41,2019-02-11,8.71333,13890.32599127204
42,2019-02-12,9.18865,14648.055785756062
43,2019-02-13,8.37521,13351.31311970986
44,2019-02-14,7.71018,12291.15776073968
45,2019-02-15,8.44592,13464.035230641368
46,2019-02-16,8.60973,13725.172396412698
47,2019-02-17,8.72103,13902.600920619698
48,2019-02-18,8.28001,13199.550356866139
49,2019-02-19,7.88589,12571.26527186647
50,2019-02-20,8.1134,12933.949580422937
51,2019-02-21,8.1113,12930.60187241903
52,2019-02-22,7.64648,12189.610617954542
53,2019-02-23,8.22611,13113.625851432558
54,2019-02-24,9.43577,15042.001310482328
55,2019-02-25,8.96814,14296.53050387928
56,2019-02-26,8.182,13043.308041883854
57,2019-02-27,8.0861,12890.429376372163
58,2019-02-28,7.94959,12672.81241465161
59,2019-03-01,9.27826,14790.907268722718
60,2019-03-02,9.45677,15075.478390521386
61,2019-03-03,10.0763,16063.10007607361
62,2019-03-04,8.35141,13313.37242899893
63,2019-03-05,7.68358,12248.753459356874
64,2019-03-06,7.45887,11890.532761472285
65,2019-03-07,7.48827,11937.400673526963
66,2019-03-08,7.39446,11787.853774552492
67,2019-03-09,9.09065,14491.829412240462
68,2019-03-10,10.29821,16416.857163286324
69,2019-03-11,8.60553,13718.476980404885
70,2019-03-12,8.1358,12969.65846579793
71,2019-03-13,7.90549,12602.51054656959
72,2019-03-14,7.80819,12447.400075721962
73,2019-03-15,8.60833,13722.94059107676
74,2019-03-16,11.47567,18293.901099609542
75,2019-03-17,11.01785,17564.06887182474
76,2019-03-18,9.08995,14490.713509572493
77,2019-03-19,8.72313,13905.9486286236
78,2019-03-20,8.57052,13662.665905539772
79,2019-03-21,7.74308,12343.605186134202
80,2019-03-22,7.64578,12188.494715286573
81,2019-03-23,8.90374,14193.867458426175
82,2019-03-24,10.30521,16428.016189966012
83,2019-03-25,8.72663,13911.528141963445
84,2019-03-26,7.86489,12537.788191827414
85,2019-03-27,7.40077,11797.912840030893
86,2019-03-28,7.21806,11506.646302224417
87,2019-03-29,7.32166,11671.799897083762
88,2019-03-30,9.56877,15254.022817396355
89,2019-03-31,11.11305,17715.831634668462
90,2019-04-01,9.59537,15296.42711877916
91,2019-04-02,9.39796,14981.72662494534
92,2019-04-03,8.89044,14172.665307734771
93,2019-04-04,8.22611,13113.625851432558
94,2019-04-05,7.97549,12714.100813366445
95,2019-04-06,9.76548,15567.607408562202
96,2019-04-07,11.52887,18378.709702375152
97,2019-04-08,9.83059,15671.402298149966
98,2019-04-09,9.12705,14549.856350974827
99,2019-04-10,8.85264,14112.406563664468
100,2019-04-11,8.49912,13548.843833406978
101,2019-04-12,8.28841,13212.941188881761
102,2019-04-13,9.27686,14788.67546338678
103,2019-04-14,10.34301,16488.274934036315
104,2019-04-15,8.47182,13505.323629356204
105,2019-04-16,7.83899,12496.499793112578
106,2019-04-17,7.92159,12628.176307932868
107,2019-04-18,7.82359,12471.949934417271
108,2019-04-19,7.52887,12002.12302826914
109,2019-04-20,9.12705,14549.856350974827
110,2019-04-21,9.93559,15838.787698345246
111,2019-04-22,7.64088,12180.683396610793
112,2019-04-23,7.30416,11643.90233038455
113,2019-04-24,6.97724,11122.743901509864
114,2019-04-25,6.78193,10811.391115679953
115,2019-04-26,6.51102,10379.520841709438
116,2019-04-27,7.36926,11747.681278505623
117,2019-04-28,8.42352,13428.326345266376
118,2019-04-29,7.40147,11799.028742698862
119,2019-04-30,6.75883,10774.566327636989
120,2019-05-01,7.18795,11458.646546035083
121,2019-05-02,6.43472,10257.887450900866
122,2019-05-03,6.1365,9782.48103141289
123,2019-05-04,7.03605,11216.495667085908
124,2019-05-05,7.36786,11745.449473169687
125,2019-05-06,7.39446,11787.853774552492
126,2019-05-07,6.44172,10269.04647758055
127,2019-05-08,5.88099,9375.160616137684
128,2019-05-09,5.43857,8669.87824704819
129,2019-05-10,5.44137,8674.341857720063
130,2019-05-11,6.32341,10080.44298522718
131,2019-05-12,6.95624,11089.266821470808
132,2019-05-13,5.94119,9471.128245582979
133,2019-05-14,5.60098,8928.783607483578
134,2019-05-15,5.39306,8597.328632163548
135,2019-05-16,5.39796,8605.139950839328
136,2019-05-17,5.14665,8204.514951571931
137,2019-05-18,5.78858,9227.845522499149
138,2019-05-19,6.49702,10357.202788350067
139,2019-05-20,5.10465,8137.560791493818
140,2019-05-21,5.22016,8321.700673175314
141,2019-05-22,4.90444,7818.396686988127
142,2019-05-23,4.95134,7893.16216574202
143,2019-05-24,4.72313,7529.361954517586
144,2019-05-25,5.01225,7990.261639321969
145,2019-05-26,5.33006,8496.897392046376
146,2019-05-27,4.91984,7842.946545683434
147,2019-05-28,4.54812,7250.370346058762
148,2019-05-29,4.50752,7185.647991316588
149,2019-05-30,4.53832,7234.747708707202
150,2019-05-31,4.1799,6663.3736597739335
151,2019-06-01,4.94714,7886.466749734208
152,2019-06-02,5.32096,8482.390657362786
153,2019-06-03,4.62233,7368.671970330114
154,2019-06-04,4.30661,6865.367984142927
155,2019-06-05,3.97619,6338.630041928399
156,2019-06-06,4.72243,7528.246051849618
157,2019-06-07,4.82674,7694.531490843618
158,2019-06-08,4.64683,7407.7285637090135
159,2019-06-09,5.16485,8233.528420939114
160,2019-06-10,4.79593,7645.415831986316
161,2019-06-11,4.38921,6997.044498963216
162,2019-06-12,4.52152,7207.966044675957
163,2019-06-13,4.68743,7472.45091845119
164,2019-06-14,4.1792,6662.257757105965
165,2019-06-15,4.55162,7255.949859398605
166,2019-06-16,4.63283,7385.410510349643
167,2019-06-17,4.21351,6716.95292930311
168,2019-06-18,4.22821,6740.386885330448
169,2019-06-19,4.119,6566.290127660669
170,2019-06-20,3.86209,6156.737907049525
171,2019-06-21,3.77598,6019.4659374227085
172,2019-06-22,4.61253,7353.049332978554
173,2019-06-23,5.35526,8537.069888093245
174,2019-06-24,4.25201,6778.32757604138
175,2019-06-25,4.0063,6386.629798117733
176,2019-06-26,4.53412,7228.052292699391
177,2019-06-27,4.26111,6792.834310724971
178,2019-06-28,4.32971,6902.192772185889
179,2019-06-29,4.72943,7539.405078529303
180,2019-06-30,4.97794,7935.566467124825
181,2019-07-01,4.31431,6877.64291349058
182,2019-07-02,4.46622,7119.809733906442
183,2019-07-03,6.71613,10706.496264890908
184,2019-07-04,6.76653,10786.841256984644
185,2019-07-05,5.42387,8646.444291020849
186,2019-07-06,5.44207,8675.457760388032
187,2019-07-07,5.57997,8895.290585977837
188,2019-07-08,4.88064,7780.4559962771955
189,2019-07-09,4.23451,6750.430009342166
190,2019-07-10,4.62653,7375.367386337925
191,2019-07-11,4.60483,7340.7744036309
192,2019-07-12,4.22331,6732.575566654668
193,2019-07-13,4.83934,7714.617738867051
194,2019-07-14,5.17255,8245.803350286767
195,2019-07-15,4.86944,7762.601553589699
196,2019-07-16,4.71753,7520.434733173838
197,2019-07-17,4.76793,7600.779725267573
198,2019-07-18,5.04935,8049.404480724302
199,2019-07-19,4.91564,7836.251129675623
200,2019-07-20,5.12985,8177.733287540686
201,2019-07-21,5.30066,8450.029479991697
202,2019-07-22,5.07805,8095.156490111013
203,2019-07-23,5.01085,7988.029833986031
204,2019-07-24,4.91914,7841.830643015465
205,2019-07-25,6.1561,9813.72630611601
206,2019-07-26,5.00595,7980.218515310253
207,2019-07-27,5.16415,8232.412518271145
208,2019-07-28,5.43647,8666.530539044283
209,2019-07-29,5.27546,8409.85698394483
210,2019-07-30,5.22926,8336.207407858905
211,2019-07-31,4.75533,7580.693477244139
212,2019-08-01,4.53762,7233.631806039235
213,2019-08-02,4.34651,6928.974436217135
214,2019-08-03,4.64333,7402.14905036917
215,2019-08-04,4.93524,7867.496404378743
216,2019-08-05,4.53482,7229.16819536736
217,2019-08-06,4.83724,7711.2700308631465
218,2019-08-07,4.89184,7798.310438964693
219,2019-08-08,4.61603,7358.628846318398
220,2019-08-09,4.63143,7383.178705013705
221,2019-08-10,4.70843,7505.927998490246
222,2019-08-11,5.32026,8481.274754694818
223,2019-08-12,5.50647,8778.120805841138
224,2019-08-13,5.46937,8718.977964438804
225,2019-08-14,5.06125,8068.374826079768
226,2019-08-15,5.75498,9174.282194436659
227,2019-08-16,5.26356,8390.886638589365
228,2019-08-17,5.38746,8588.401410819799
229,2019-08-18,5.84879,9323.82909341113
230,2019-08-19,5.79558,9239.004549178835
231,2019-08-20,5.75148,9168.702681096816
232,2019-08-21,5.89849,9403.058182836898
233,2019-08-22,5.68358,9060.460122303866
234,2019-08-23,5.37906,8575.010578804176
235,2019-08-24,6.0945,9715.526871334778
236,2019-08-25,7.19845,11475.385086054612
237,2019-08-26,6.59432,10512.313259197694
238,2019-08-27,6.91704,11026.776272064568
239,2019-08-28,7.04865,11236.581915109342
240,2019-08-29,7.24116,11543.471090267378
241,2019-08-30,6.85264,10924.113226611462
242,2019-08-31,7.07805,11283.44982716402
243,2019-09-01,8.66223,13808.865096510337
244,2019-09-02,8.27651,13193.970843526295
245,2019-09-03,9.03045,14395.861782795168
246,2019-09-04,8.23521,13128.13258611615
247,2019-09-05,8.29891,13229.679728901287
248,2019-09-06,7.92089,12627.0604052649
249,2019-09-07,9.48617,15122.346302576065
250,2019-09-08,10.32761,16463.725075341008
251,2019-09-09,9.32656,14867.90455281255
252,2019-09-10,8.32901,13277.663543623936
253,2019-09-11,7.57087,12069.077188347252
254,2019-09-12,10.1722,16215.978741585302
255,2019-09-13,11.44627,18247.033187554865
256,2019-09-14,11.48057,18301.712418285326
257,2019-09-15,11.71508,18675.555753521476
258,2019-09-16,10.55582,16827.52528656544
259,2019-09-17,9.35386,14911.424756863322
260,2019-09-18,10.99684,17530.575850319
261,2019-09-19,10.26531,16364.409737891805
262,2019-09-20,9.65278,15387.947079019266
263,2019-09-21,11.37276,18129.84746595148
264,2019-09-22,13.53027,21569.234844764098
265,2019-09-23,11.58907,18474.67733182045
266,2019-09-24,11.12565,17735.917882691898
267,2019-09-25,10.35421,16506.129376723813
268,2019-09-26,9.74938,15541.941647198926
269,2019-09-27,9.18235,14638.012661744342
270,2019-09-28,9.92299,15818.701450321812
271,2019-09-29,10.91914,17406.71065417449
272,2019-09-30,9.76968,15574.302824570013
273,2019-10-01,10.1876,16240.52860028061
274,2019-10-02,9.40637,14995.133398427652
275,2019-10-03,9.95939,15876.72838905618
276,2019-10-04,9.69898,15461.596655105192
277,2019-10-05,9.71718,15490.610124472374
278,2019-10-06,10.72803,17102.05328435239
279,2019-10-07,10.61533,16922.392954809453
280,2019-10-08,10.1813,16230.485476268894
281,2019-10-09,10.77283,17173.471055102378
282,2019-10-10,10.48442,16713.703214432648
283,2019-10-11,9.11585,14532.00190828733
284,2019-10-12,9.69408,15453.78533642941
285,2019-10-13,10.73713,17116.56001903598
286,2019-10-14,10.0798,16068.679589413454
287,2019-10-15,9.79838,15620.054833956725
288,2019-10-16,9.49947,15143.548453267469
289,2019-10-17,9.79278,15611.127612612978
290,2019-10-18,9.46727,15092.216930540913
291,2019-10-19,9.90759,15794.151591626505
292,2019-10-20,11.02695,17578.57560650833
293,2019-10-21,9.81869,15652.431952794499
294,2019-10-22,9.11865,14536.465518959205
295,2019-10-23,8.90234,14191.635653090238
296,2019-10-24,8.39131,13376.978881073139
297,2019-10-25,7.89009,12577.960687874282
298,2019-10-26,9.23416,14720.6054006407
299,2019-10-27,10.72873,17103.169187020358
300,2019-10-28,10.0301,15989.450499987684
301,2019-10-29,9.43157,15035.305894474519
302,2019-10-30,9.10885,14520.842881607645
303,2019-10-31,7.97339,12710.75310536254
304,2019-11-01,8.71613,13894.789601943916
305,2019-11-02,10.63423,16952.522326844603
306,2019-11-03,10.80854,17230.398032635458
307,2019-11-04,9.62898,15350.006388308335
308,2019-11-05,9.08225,14478.43858022484
309,2019-11-06,9.05705,14438.266084177973
310,2019-11-07,8.97724,14311.03723856287
311,2019-11-08,8.62583,13750.838157775974
312,2019-11-09,9.83759,15682.56132482965
313,2019-11-10,10.63493,16953.638229512573
314,2019-11-11,9.19005,14650.287591091996
315,2019-11-12,8.72523,13909.296336627507
316,2019-11-13,8.91564,14212.837803781638
317,2019-11-14,8.70353,13874.703353920482
318,2019-11-15,8.42982,13438.369469278092
319,2019-11-16,9.01995,14379.123242775639
320,2019-11-17,10.63353,16951.406424176635
321,2019-11-18,9.66468,15406.917424374733
322,2019-11-19,8.97654,14309.921335894902
323,2019-11-20,8.56422,13652.622781528056
324,2019-11-21,8.14,12976.353881805742
325,2019-11-22,8.0546,12840.213756313578
326,2019-11-23,8.63353,13763.113087123627
327,2019-11-24,10.38991,16563.040412790207
328,2019-11-25,9.27896,14792.023171390687
329,2019-11-26,8.51102,13567.814178762444
330,2019-11-27,8.43052,13439.48537194606
331,2019-11-28,8.0357,12810.084384278427
332,2019-11-29,8.29681,13226.332020897384
333,2019-11-30,9.26216,14765.241507359442
334,2019-12-01,10.71893,17087.546549668798
335,2019-12-02,9.19985,14665.910228443556
336,2019-12-03,9.08085,14476.206774888902
337,2019-12-04,8.60903,13724.056493744729
338,2019-12-05,8.86244,14128.029201016028
339,2019-12-06,8.34091,13296.6338889794
340,2019-12-07,9.33566,14882.411287496143
341,2019-12-08,10.0182,15970.480154632221
342,2019-12-09,8.83934,14091.204412973066
343,2019-12-10,8.1204,12945.108607102622
344,2019-12-11,7.69688,12269.955610048277
345,2019-12-12,7.37836,11762.188013189214
346,2019-12-13,6.84144,10906.258783923966
347,2019-12-14,7.96989,12705.173592022698
348,2019-12-15,9.08015,14475.090872220933
349,2019-12-16,7.89009,12577.960687874282
350,2019-12-17,7.56387,12057.918161667567
351,2019-12-18,7.86069,12531.092775819603
352,2019-12-19,7.51277,11976.457266905862
353,2019-12-20,7.32656,11679.611215759542
354,2019-12-21,8.21631,13098.003214080998
355,2019-12-22,9.30836,14838.891083445367
356,2019-12-23,8.67903,13835.646760541582
357,2019-12-24,8.0007,12754.28925088
358,2019-12-25,9.31886,14855.629623464896
359,2019-12-26,9.52467,15183.720949314336
360,2019-12-27,8.73643,13927.150779315005
361,2019-12-28,8.65103,13791.010653822841
362,2019-12-29,9.42597,15026.378673130768
363,2019-12-30,8.64893,13787.662945818935
364,2019-12-31,7.73118,12324.634840778735
365,2020-01-01,8.1757,13033.264917872139
366,2020-01-02,8.98564,14324.428070578495
367,2020-01-03,8.31151,13249.765976924722
368,2020-01-04,8.54392,13620.261604156967
369,2020-01-05,9.13265,14558.783572318574
370,2020-01-06,8.61883,13739.679131096289
371,2020-01-07,8.71963,13900.36911528376
372,2020-01-08,8.41442,13413.819610582785
373,2020-01-09,8.1834,13045.539847219792
374,2020-01-10,7.98529,12729.723450718006
375,2020-01-11,8.37101,13344.61770370205
376,2020-01-12,9.89779,15778.528954274945
377,2020-01-13,9.20826,14679.317001925863
378,2020-01-14,8.50402,13556.65515208276
379,2020-01-15,8.1617,13010.946864512765
380,2020-01-16,8.1953,13064.510192575257
381,2020-01-17,7.51977,11987.616293585548
382,2020-01-18,7.95169,12676.160122655516
383,2020-01-19,9.33776,14885.758995500046
384,2020-01-20,8.91424,14210.6059984457
385,2020-01-21,8.25411,13158.261958151303
386,2020-01-22,8.41092,13408.240097242942
387,2020-01-23,8.31081,13248.650074256753
388,2020-01-24,8.72313,13905.9486286236
389,2020-01-25,11.26356,17955.766649748388
390,2020-01-26,11.16765,17802.87204277001
391,2020-01-27,11.45257,18257.076311566583
392,2020-01-28,10.96044,17472.548911584636
393,2020-01-29,10.1834,16233.8331842728
394,2020-01-30,9.16415,14608.99919237716
395,2020-01-31,8.1183,12941.760899098716
396,2020-02-01,9.12005,14538.697324295143
397,2020-02-02,9.62618,15345.54277763646
398,2020-02-03,9.43367,15038.653602478422
399,2020-02-04,8.78473,14004.148063404833
400,2020-02-05,8.75813,13961.743762022028
401,2020-02-06,8.29261,13219.63660488957
402,2020-02-07,7.87189,12548.947218507099
403,2020-02-08,8.78193,13999.684452732958
404,2020-02-09,9.90269,15786.340272950723
405,2020-02-10,9.45887,15078.826098525291
406,2020-02-11,9.44837,15062.087558505764
407,2020-02-12,9.45467,15072.13068251748
408,2020-02-13,8.81204,14047.684208922292
409,2020-02-14,8.61813,13738.56322842832
410,2020-02-15,9.35666,14915.888367535197
411,2020-02-16,10.0154,15966.016543960346
412,2020-02-17,8.85334,14113.522466332437
413,2020-02-18,8.81274,14048.80011159026
414,2020-02-19,8.45432,13477.42606265699
415,2020-02-20,7.83409,12488.688474436798
416,2020-02-21,7.87329,12551.179023843037
417,2020-02-22,8.1407,12977.469784473711
418,2020-02-23,8.27931,13198.43445419817
419,2020-02-24,8.0994,12911.631527063564
420,2020-02-25,8.39691,13385.906102416886
421,2020-02-26,8.0378,12813.432092282334
422,2020-02-27,8.042,12820.127508290143
423,2020-02-28,7.62688,12158.365343251422
424,2020-02-29,8.35771,13323.415553010647
425,2020-03-01,9.66748,15411.381035046605
426,2020-03-02,8.27231,13187.275427518482
427,2020-03-03,8.65383,13795.474264494713
428,2020-03-04,8.53692,13609.102577477282
429,2020-03-05,8.26601,13177.232303506766
430,2020-03-06,8.28491,13207.361675541917
431,2020-03-07,8.93734,14247.430786488665
432,2020-03-08,9.64228,15371.208538999737
433,2020-03-09,9.19915,14664.794325775587
434,2020-03-10,9.17605,14627.969537732626
435,2020-03-11,8.78893,14010.843479412646
436,2020-03-12,7.94959,12672.81241465161
437,2020-03-13,7.54147,12022.209276292573
438,2020-03-14,8.57262,13666.013613543679
439,2020-03-15,9.66608,15409.149229710667
440,2020-03-16,8.43752,13450.644398625745
441,2020-03-17,8.1785,13037.72852854401
442,2020-03-18,8.0203,12785.53452558312
443,2020-03-19,7.73188,12325.750743446704
444,2020-03-20,7.26706,11584.759488982214
445,2020-03-21,8.07,12864.763615008886
446,2020-03-22,8.74833,13946.121124670468
447,2020-03-23,7.82919,12480.877155761018
448,2020-03-24,7.62338,12152.78582991158
449,2020-03-25,7.33496,11693.002047775164
450,2020-03-26,7.37766,11761.072110521245
451,2020-03-27,7.10675,11329.20183655073
452,2020-03-28,7.36226,11736.522251825938
453,2020-03-29,8.0476,12829.054729633892
454,2020-03-30,7.60378,12121.54055520846
455,2020-03-31,7.18445,11453.06703269524
456,2020-04-01,6.92824,11044.630714752064
457,2020-04-02,6.87434,10958.706209318487
458,2020-04-03,6.86314,10940.851766630989
459,2020-04-04,7.60168,12118.192847204553
460,2020-04-05,8.33461,13286.590764967683
461,2020-04-06,7.40987,11812.419574714484
462,2020-04-07,6.91914,11030.123980068473
463,2020-04-08,6.93174,11050.210228091906
464,2020-04-09,6.66783,10629.49898080108
465,2020-04-10,6.42142,10236.685300209463
466,2020-04-11,7.38816,11777.810650540774
467,2020-04-12,8.1995,13071.205608583068
468,2020-04-13,7.18305,11450.835227359303
469,2020-04-14,6.76373,10782.377646312769
470,2020-04-15,7.02835,11204.220737738253
471,2020-04-16,6.60693,10532.415448687814
472,2020-04-17,6.85824,10933.04044795521
473,2020-04-18,7.05425,11245.509136453089
474,2020-04-19,8.47952,13517.598558703861
475,2020-04-20,7.12005,11350.403987242134
476,2020-04-21,6.93944,11062.485157439562
477,2020-04-22,6.68743,10660.744255504198
478,2020-04-23,6.46482,10305.871265623511
479,2020-04-24,6.40812,10215.48314951806
480,2020-04-25,7.37906,11763.303915857183
481,2020-04-26,8.35491,13318.951942338772
482,2020-04-27,7.29856,11634.9751090408
483,2020-04-28,6.64403,10591.558290090146
484,2020-04-29,6.39481,10194.265057359971
485,2020-04-30,6.86244,10939.735863963022
486,2020-05-01,7.08085,11287.913437835894
487,2020-05-02,7.03185,11209.800251078097
488,2020-05-03,7.61498,12139.394997895957
489,2020-05-04,7.04655,11233.234207105435
490,2020-05-05,8.60133,13711.781564397075
491,2020-05-06,7.57927,12082.468020362876
492,2020-05-07,6.67553,10641.773910148733
493,2020-05-08,6.26601,9988.938966453758
494,2020-05-09,6.79663,10834.825071707293
495,2020-05-10,7.10745,11330.317739218699
496,2020-05-11,6.1211,9757.931172717583
497,2020-05-12,5.86489,9349.494854774408
498,2020-05-13,5.70458,9093.937202342924
499,2020-05-14,5.46027,8704.471229755214
500,2020-05-15,5.39796,8605.139950839328
501,2020-05-16,5.80469,9253.527225329111
502,2020-05-17,6.1554,9812.610403448041
503,2020-05-18,6.36121,10140.701729297482
504,2020-05-19,6.37661,10165.25158799279
505,2020-05-20,7.09415,11309.115588527296
506,2020-05-21,5.57647,8889.711072637992
507,2020-05-22,5.79558,9239.004549178835
508,2020-05-23,6.0077,9577.154940506676
509,2020-05-24,6.57682,10484.41569249848
510,2020-05-25,6.38151,10173.062906668569
511,2020-05-26,6.0651,9668.6589592801
512,2020-05-27,5.41337,8629.70575100132
513,2020-05-28,4.93104,7860.800988370932
514,2020-05-29,4.75673,7582.925282580077
515,2020-05-30,5.08435,8105.199614122729
516,2020-05-31,5.35456,8535.953985425276
517,2020-06-01,4.56702,7280.499718093914
518,2020-06-02,4.65873,7426.698909064479
519,2020-06-03,4.33741,6914.467701533544
520,2020-06-04,4.28001,6822.963682760122
521,2020-06-05,3.89639,6211.417137779984
522,2020-06-06,4.48792,7154.402716613467
523,2020-06-07,5.00945,7985.798028650095
524,2020-06-08,4.29681,6849.7453467913665
525,2020-06-09,3.95939,6311.848377897154
526,2020-06-10,3.98599,6354.252679279959
527,2020-06-11,3.71438,5921.266502641475
528,2020-06-12,3.50717,5590.943371456098
529,2020-06-13,4.0644,6479.249719559122
530,2020-06-14,4.40602,7023.842104461146
531,2020-06-15,4.36751,6962.451516256191
532,2020-06-16,3.66608,5844.269218551645
533,2020-06-17,3.49737,5575.320734104539
534,2020-06-18,3.60588,5748.30158910635
535,2020-06-19,3.27336,5218.215938887916
536,2020-06-20,3.90059,6218.112553787795
537,2020-06-21,4.35211,6937.901657560882
538,2020-06-22,3.82569,6098.71096831516
539,2020-06-23,3.57297,5695.838222245143
540,2020-06-24,4.0266,6418.99097548882
541,2020-06-25,3.63108,5788.474085153217
542,2020-06-26,3.62688,5781.778669145406
543,2020-06-27,3.86839,6166.781031061242
544,2020-06-28,4.1379,6596.41949969582
545,2020-06-29,3.85089,6138.8834643620285
546,2020-06-30,3.50087,5580.900247444381
547,2020-07-01,3.61288,5759.460615786035
548,2020-07-02,3.35386,5346.5447457043
549,2020-07-03,3.10605,4951.499259776748
550,2020-07-04,3.71858,5927.961918649287
551,2020-07-05,3.94539,6289.530324537784
552,2020-07-06,3.85929,6152.274296377651
553,2020-07-07,4.32481,6894.381453510109
554,2020-07-08,4.1358,6593.071791691914
555,2020-07-09,3.78788,6038.436282778173
556,2020-07-10,3.65628,5828.646581200086
557,2020-07-11,3.88029,6185.751376416708
558,2020-07-12,4.48722,7153.286813945499
559,2020-07-13,4.33181,6905.540480189795
560,2020-07-14,4.36821,6963.56741892416
561,2020-07-15,4.1533,6620.9693583911285
562,2020-07-16,3.84809,6134.419853690154
563,2020-07-17,3.87189,6172.3605444010855
564,2020-07-18,4.091,6521.654020941927
565,2020-07-19,4.46552,7118.693831238473
566,2020-07-20,4.35351,6940.13346289682
567,2020-07-21,4.1036,6541.740268965362
568,2020-07-22,4.1176,6564.058322324733
569,2020-07-23,4.0777,6500.451870250525
570,2020-07-24,4.1568,6626.548871730971
571,2020-07-25,4.1526,6619.85345572316
572,2020-07-26,4.67063,7445.669254419945
573,2020-07-27,4.42492,7053.971476496297
574,2020-07-28,4.22261,6731.459663986701
575,2020-07-29,4.32201,6889.917842838235
576,2020-07-30,4.0336,6430.150002168506
577,2020-07-31,3.76338,5999.379689399274
578,2020-08-01,4.23241,6747.08230133826
579,2020-08-02,4.59502,7325.135824812655
580,2020-08-03,4.93594,7868.612307046712
581,2020-08-04,4.84354,7721.313154874862
582,2020-08-05,4.70283,7497.000777146497
583,2020-08-06,4.90374,7817.280784320158
584,2020-08-07,4.37171,6969.146932264002
585,2020-08-08,4.54462,7244.79083271892
586,2020-08-09,4.90724,7822.8602976600005
587,2020-08-10,5.01645,7996.95705532978
588,2020-08-11,5.05005,8050.520383392271
589,2020-08-12,4.47042,7126.505149914253
590,2020-08-13,4.28421,6829.659098767933
591,2020-08-14,4.0,6376.586674106015
592,2020-08-15,4.1057,6545.0879769692665
593,2020-08-16,4.48792,7154.402716613467
594,2020-08-17,4.75673,7582.925282580077
595,2020-08-18,4.40182,7017.146688453335
596,2020-08-19,4.59012,7317.324506136875
597,2020-08-20,4.48582,7151.055008609562
598,2020-08-21,4.54742,7249.254443390794
599,2020-08-22,4.64683,7407.7285637090135
600,2020-08-23,5.09695,8125.285862146163
601,2020-08-24,4.99824,7967.927644495912
602,2020-08-25,5.17675,8252.498766294579
603,2020-08-26,5.17465,8249.151058290672
604,2020-08-27,5.21806,8318.352965171409
605,2020-08-28,4.74903,7570.650353232423
606,2020-08-29,5.13895,8192.240022224278
607,2020-08-30,5.59467,8918.724542005175
608,2020-08-31,5.43507,8664.298733708345
609,2020-09-01,5.80609,9255.759030665049
610,2020-09-02,6.21771,9911.94168236393
611,2020-09-03,5.98179,9535.850600325155
612,2020-09-04,5.97969,9532.502892321249
613,2020-09-05,6.73713,10739.973344929964
614,2020-09-06,8.35631,13321.18374767471
615,2020-09-07,8.92194,14222.880927793354
616,2020-09-08,7.78998,12418.370664888094
617,2020-09-09,7.46447,11899.459982816034
618,2020-09-10,7.54637,12030.020594968351
619,2020-09-11,7.78368,12408.327540876378
620,2020-09-12,8.1582,13005.367351172925
621,2020-09-13,8.86034,14124.681493012124
622,2020-09-14,8.021,12786.650428251089
623,2020-09-15,8.33181,13282.127154295811
624,2020-09-16,9.32446,14864.556844808645
625,2020-09-17,8.83164,14078.929483625412
626,2020-09-18,8.21981,13103.582727420842
627,2020-09-19,8.63143,13759.76537911972
628,2020-09-20,9.90619,15791.919786290568
629,2020-09-21,9.33146,14875.71587148833
630,2020-09-22,8.70353,13874.703353920482
631,2020-09-23,8.71403,13891.44189394001
632,2020-09-24,8.39971,13390.369713088761
633,2020-09-25,8.0378,12813.432092282334
634,2020-09-26,8.79943,14027.582019432173
635,2020-09-27,9.73678,15521.85539917549
636,2020-09-28,8.38921,13373.631173069232
637,2020-09-29,8.0196,12784.418622915151
638,2020-09-30,8.59222,13697.258888246795
639,2020-10-01,9.15505,14594.492457693568
640,2020-10-02,9.57647,15266.297746744009
641,2020-10-03,10.53482,16794.048206526382
642,2020-10-04,11.47077,18286.089780933766
643,2020-10-05,11.04795,17612.052686547388
644,2020-10-06,10.59222,16885.5522252998
645,2020-10-07,9.94049,15846.599017021026
646,2020-10-08,8.56072,13647.043268188212
647,2020-10-09,9.42177,15019.683257122959
648,2020-10-10,9.70458,15470.523876448939
649,2020-10-11,10.76933,17167.891541762532
650,2020-10-12,9.66818,15412.496937714574
651,2020-10-13,9.38326,14958.292668918002
652,2020-10-14,9.18515,14642.476272416217
653,2020-10-15,9.14455,14577.753917674041
654,2020-10-16,9.47287,15101.144151884662
655,2020-10-17,9.39376,14975.031208937531
656,2020-10-18,11.33356,18067.356916545243
657,2020-10-19,9.97339,15899.046442415549
658,2020-10-20,9.09555,14499.64073091624
659,2020-10-21,9.09345,14496.293022912338
660,2020-10-22,8.87084,14141.42003303165
661,2020-10-23,8.85334,14113.522466332437
662,2020-10-24,9.77948,15589.925461921574
663,2020-10-25,11.16275,17795.060724094234
664,2020-10-26,10.26461,16363.293835223836
665,2020-10-27,9.40077,14986.206177083901
666,2020-10-28,8.65313,13794.358361826748
667,2020-10-29,7.71718,12302.316787419364
668,2020-10-30,7.00105,11160.70053368748
669,2020-10-31,7.76478,12378.198168841227
670,2020-11-01,9.35736,14917.004270203166
671,2020-11-02,8.0847,12888.197571036226
672,2020-11-03,8.36961,13342.385898366112
673,2020-11-04,8.38781,13371.399367733295
674,2020-11-05,8.0175,12781.070914911244
675,2020-11-06,7.66608,12220.85589265766
676,2020-11-07,8.63563,13766.460795127534
677,2020-11-08,9.98879,15923.596301110856
678,2020-11-09,8.99054,14332.239389254273
679,2020-11-10,8.0588,12846.90917232139
680,2020-11-11,7.82919,12480.877155761018
681,2020-11-12,7.53937,12018.861568288667
682,2020-11-13,6.88414,10974.328846670047
683,2020-11-14,8.25481,13159.37786081927
684,2020-11-15,9.29716,14821.03664075787
685,2020-11-16,8.25061,13152.682444811458
686,2020-11-17,7.86839,12543.367705167257
687,2020-11-18,7.59327,12104.786073722247
688,2020-11-19,7.89359,12583.540201214126
689,2020-11-20,8.77283,13985.17771804937
690,2020-11-21,11.70808,18664.39672684179
691,2020-11-22,10.57402,16856.538755932623
692,2020-11-23,8.83164,14078.929483625412
693,2020-11-24,7.97339,12710.75310536254
694,2020-11-25,7.72068,12307.896300759206
695,2020-11-26,7.45957,11891.648664140253
696,2020-11-27,7.60518,12123.772360544397
697,2020-11-28,9.03605,14404.789004138915
698,2020-11-29,10.0196,15972.71195996816
699,2020-11-30,7.93419,12648.262555956302
700,2020-12-01,8.0784,12878.15444702451
701,2020-12-02,7.53097,12005.470736273044
702,2020-12-03,7.16625,11424.053563328058
703,2020-12-04,7.27756,11601.498029001743
704,2020-12-05,7.69198,12262.144291372497
705,2020-12-06,8.47322,13507.555434692142
706,2020-12-07,8.24991,13151.56654214349
707,2020-12-08,8.41022,13407.124194574973
708,2020-12-09,7.57717,12079.12031235897
709,2020-12-10,7.82849,12479.761253093051
710,2020-12-11,6.62863,10567.00843139484
711,2020-12-12,7.16905,11428.517173999933
712,2020-12-13,8.27511,13191.739038190357
713,2020-12-14,7.42807,11841.433044081667
714,2020-12-15,6.74553,10753.364176945586
715,2020-12-16,6.68183,10651.81703416045
716,2020-12-17,6.34301,10111.688259930299
717,2020-12-18,5.95519,9493.44629894235
718,2020-12-19,7.08435,11293.492951175736
719,2020-12-20,7.66258,12215.276379317818
720,2020-12-21,6.59362,10511.197356529725
721,2020-12-22,6.51872,10391.795771057092
722,2020-12-23,6.0924,9712.179163330871
723,2020-12-24,6.1106,9741.192632698054
724,2020-12-25,6.82114,10873.897606552877
725,2020-12-26,8.20791,13084.612382065376
726,2020-12-27,8.20441,13079.032868725531
727,2020-12-28,6.42422,10241.148910881337
728,2020-12-29,5.92579,9446.578386887672
729,2020-12-30,5.88169,9376.276518805653
730,2020-12-31,5.55687,8858.465797934874
731,2021-01-01,6.27721,10006.793409141255
732,2021-01-02,7.04585,11232.118304437467
733,2021-01-03,7.39516,11788.96967722046
734,2021-01-04,6.27511,10003.445701137349
735,2021-01-05,5.79768,9242.35225718274
736,2021-01-06,5.75428,9173.16629176869
737,2021-01-07,5.49317,8756.918655149735
738,2021-01-08,5.50087,8769.193584497389
739,2021-01-09,6.52922,10408.534311076619
740,2021-01-10,7.19215,11465.341962042894
741,2021-01-11,6.0553,9653.03632192854
742,2021-01-12,5.73538,9143.03691973354
743,2021-01-13,5.88729,9385.203740149402
744,2021-01-14,6.49072,10347.15966433835
745,2021-01-15,6.1211,9757.931172717583
746,2021-01-16,6.43822,10263.466964240708
747,2021-01-17,6.90164,11002.22641336926
748,2021-01-18,6.23241,9935.375638391268
749,2021-01-19,5.87959,9372.928810801748
750,2021-01-20,5.63808,8987.926448885912
751,2021-01-21,5.51067,8784.816221848949
752,2021-01-22,5.45397,8694.428105743496
753,2021-01-23,6.41582,10227.758078865714
754,2021-01-24,7.61848,12144.9745112358
755,2021-01-25,6.24851,9961.041399754544
756,2021-01-26,5.85509,9333.872217422846
757,2021-01-27,5.48057,8736.832407126301
758,2021-01-28,5.36226,8548.22891477293
759,2021-01-29,5.85789,9338.335828094721
760,2021-01-30,6.20861,9897.434947680338
761,2021-01-31,6.85544,10928.576837283335
762,2021-02-01,6.24501,9955.461886414701
763,2021-02-02,6.1365,9782.48103141289
764,2021-02-03,5.74028,9150.84823840932
765,2021-02-04,5.92089,9438.767068211891
766,2021-02-05,5.95939,9500.141714950161
767,2021-02-06,7.24396,11547.934700939253
768,2021-02-07,8.63423,13764.228989791596
769,2021-02-08,6.84354,10909.60649192787
770,2021-02-09,6.0826,9696.556525979313
771,2021-02-10,5.97409,9523.575670977501
772,2021-02-11,6.94924,11078.107794791122
773,2021-02-12,7.84809,12511.00652779617
774,2021-02-13,8.78963,14011.959382080615
775,2021-02-14,9.71508,15487.262416468468
776,2021-02-15,7.57437,12074.656701687096
777,2021-02-16,7.05145,11241.045525781215
778,2021-02-17,6.59292,10510.081453861758
779,2021-02-18,6.0273,9608.400215209796
780,2021-02-19,5.84179,9312.670066731444
781,2021-02-20,6.66223,10620.57175945733
782,2021-02-21,7.74798,12351.416504809982
783,2021-02-22,6.31781,10071.515763883432
784,2021-02-23,5.74938,9165.354973092912
785,2021-02-24,5.45327,8693.312203075528
786,2021-02-25,5.72138,9120.718866374169
787,2021-02-26,5.42737,8652.023804360691
788,2021-02-27,6.41092,10219.946760189934
789,2021-02-28,7.38676,11775.578845204836
790,2021-03-01,7.46447,11899.459982816034
791,2021-03-02,5.88869,9387.43554548534
792,2021-03-03,6.1183,9753.467562045707
793,2021-03-04,6.098,9721.10638467462
794,2021-03-05,5.96079,9502.373520286099
795,2021-03-06,7.19635,11472.037378050705
796,2021-03-07,8.69863,13866.892035244702
797,2021-03-08,6.84774,10916.301907935682
798,2021-03-09,6.59152,10507.84964852582
799,2021-03-10,6.55512,10449.822709791455
800,2021-03-11,6.37171,10157.44026931701
801,2021-03-12,6.76933,10791.304867656518
802,2021-03-13,8.79103,14014.19118741655
803,2021-03-14,8.88904,14170.433502398833
804,2021-03-15,7.43997,11860.403389437133
805,2021-03-16,6.90024,10999.994608033323
806,2021-03-17,6.95974,11094.84633481065
807,2021-03-18,6.84144,10906.258783923966
808,2021-03-19,7.15435,11405.083217972593
809,2021-03-20,8.0889,12894.892987044039
810,2021-03-21,9.12845,14552.088156310765
811,2021-03-22,7.18935,11460.87835137102
812,2021-03-23,6.47252,10318.146194971167
813,2021-03-24,6.29681,10038.038683844374
814,2021-03-25,6.44662,10276.85779625633
815,2021-03-26,6.0035,9570.459524498865
816,2021-03-27,7.35386,11723.131419810315
817,2021-03-28,8.37941,13358.008535717672
818,2021-03-29,6.82464,10879.47711989272
819,2021-03-30,6.32761,10087.138401234992
820,2021-03-31,5.88799,9386.31964281737
821,2021-04-01,5.92649,9447.69428955564
822,2021-04-02,5.96359,9506.837130957972
823,2021-04-03,7.39866,11794.549190560303
824,2021-04-04,8.0021,12756.521056215937
825,2021-04-05,6.42422,10241.148910881337
826,2021-04-06,6.1309,9773.553810069141
827,2021-04-07,5.70108,9088.35768900308
828,2021-04-08,5.45677,8698.89171641537
829,2021-04-09,5.51137,8785.932124516918
830,2021-04-10,6.70843,10694.221335543254
831,2021-04-11,7.48197,11927.357549515245
832,2021-04-12,6.154,9810.378598112104
833,2021-04-13,5.63668,8985.694643549974
834,2021-04-14,5.67868,9052.648803628086
835,2021-04-15,5.56037,8864.045311274716
836,2021-04-16,5.31676,8475.695241354975
837,2021-04-17,7.99439,12744.230185401597
838,2021-04-18,8.96884,14297.646406547248
839,2021-04-19,6.36121,10140.701729297482
840,2021-04-20,5.79768,9242.35225718274
841,2021-04-21,5.37206,8563.85155212449
842,2021-04-22,5.13265,8182.19689821256
843,2021-04-23,4.90094,7812.817173648285
844,2021-04-24,6.0021,9568.22771916293
845,2021-04-25,6.26741,9991.170771789695
846,2021-04-26,5.36506,8552.692525444805
847,2021-04-27,5.30136,8451.145382659666
848,2021-04-28,4.98564,7947.841396472479
849,2021-04-29,4.86944,7762.601553589699
850,2021-04-30,4.70703,7503.696193154309
851,2021-05-01,6.1645,9827.117138131633
852,2021-05-02,6.73783,10741.089247597933
853,2021-05-03,5.55267,8851.770381927063
854,2021-05-04,5.05565,8059.4476047360195
855,2021-05-05,5.82779,9290.352013372074
856,2021-05-06,5.07035,8082.88156076336
857,2021-05-07,4.91564,7836.251129675623
858,2021-05-08,5.74658,9160.891362421036
859,2021-05-09,6.0896,9707.715552658998
860,2021-05-10,5.48057,8736.832407126301
861,2021-05-11,5.30836,8462.304409339353
862,2021-05-12,4.84074,7716.849544202989
863,2021-05-13,5.66258,9026.98304226481
864,2021-05-14,4.48512,7149.939105941593
865,2021-05-15,5.07385,8088.461074103202
866,2021-05-16,5.45817,8701.123521751308
867,2021-05-17,4.59712,7328.483532816562
868,2021-05-18,4.29541,6847.513541455431
869,2021-05-19,4.63213,7384.294607681674
870,2021-05-20,4.31361,6876.527010822611
871,2021-05-21,4.1932,6684.575810465336
872,2021-05-22,4.25901,6789.486602721065
873,2021-05-23,4.70353,7498.116679814466
874,2021-05-24,4.0672,6483.713330230996
875,2021-05-25,4.1022,6539.508463629424
876,2021-05-26,3.95449,6304.037059221374
877,2021-05-27,3.81099,6075.277012287821
878,2021-05-28,3.85929,6152.274296377651
879,2021-05-29,9.05285,14431.57066817016
880,2021-05-30,6.76793,10789.07306232058
881,2021-05-31,4.25761,6787.254797385128
882,2021-06-01,4.0665,6482.597427563027
883,2021-06-02,3.92999,6264.980465842475
884,2021-06-03,3.96569,6321.891501908871
885,2021-06-04,3.60518,5747.185686438381
886,2021-06-05,3.98949,6359.832192619801
887,2021-06-06,4.66503,7436.742033076196
888,2021-06-07,3.93839,6278.371297858098
889,2021-06-08,3.62548,5779.546863809469
890,2021-06-09,3.27616,5222.679549559791
891,2021-06-10,3.24396,5171.348026833238
892,2021-06-11,3.19495,5093.218898608753
893,2021-06-12,3.54987,5659.01343420218
894,2021-06-13,3.93139,6267.212271178412
895,2021-06-14,3.46937,5530.684627385796
896,2021-06-15,3.23766,5161.30490282152
897,2021-06-16,3.16975,5053.046402561886
898,2021-06-17,3.15015,5021.801127858766
899,2021-06-18,2.84844,4540.831136497634
900,2021-06-19,3.30906,5275.126974954313
901,2021-06-20,4.27441,6814.036461416373
902,2021-06-21,3.35596,5349.892453708206
903,2021-06-22,3.16625,5047.4668892220425
904,2021-06-23,3.03465,4837.677187643955
905,2021-06-24,2.96464,4726.070979380414
906,2021-06-25,2.68463,4279.693970726308
907,2021-06-26,3.31536,5285.17009896603
908,2021-06-27,3.46027,5516.177892702205
909,2021-06-28,3.01785,4810.895523612709
910,2021-06-29,2.83934,4526.324401814043
911,2021-06-30,2.86524,4567.61280052888
912,2021-07-01,2.95834,4716.027855368698
913,2021-07-02,2.91774,4651.305500626521
914,2021-07-03,3.38816,5401.22397643476
915,2021-07-04,3.97269,6333.0505285885565
916,2021-07-05,3.32236,5296.329125645716
917,2021-07-06,3.25726,5192.55017752464
918,2021-07-07,3.06545,4886.7769050345705
919,2021-07-08,3.14175,5008.410295843143
920,2021-07-09,2.79453,4454.8906895973705
921,2021-07-10,3.00875,4796.388788929118
922,2021-07-11,3.29926,5259.5043376027525
923,2021-07-12,2.89534,4615.5966152515275
924,2021-07-13,3.03045,4830.981771636144
925,2021-07-14,3.12705,4984.976339815804
926,2021-07-15,2.79663,4458.238397601276
927,2021-07-16,2.90794,4635.682863274961
928,2021-07-17,3.05215,4865.574754343169
929,2021-07-18,3.58767,5719.272178272482
930,2021-07-19,2.96324,4723.839174044477
931,2021-07-20,3.05425,4868.9224623470745
932,2021-07-21,2.76303,4404.675069538786
933,2021-07-22,2.85614,4553.106065845289
934,2021-07-23,2.76233,4403.5591668708175
935,2021-07-24,3.00175,4785.2297622494325
936,2021-07-25,3.15855,5035.191959874389
937,2021-07-26,3.11445,4964.89009179237
938,2021-07-27,2.93384,4676.971261989798
939,2021-07-28,3.22016,5133.407336122306
940,2021-07-29,3.09275,4930.297109085345
941,2021-07-30,3.09345,4931.413011753313
942,2021-07-31,3.22926,5147.914070805898
943,2021-08-01,3.52957,5626.652256831092
944,2021-08-02,3.21736,5128.943725450433
945,2021-08-03,3.19075,5086.523482600942
946,2021-08-04,3.18725,5080.9439692610995
947,2021-08-05,3.22086,5134.523238790275
948,2021-08-06,3.05915,4876.733781022854
949,2021-08-07,3.36086,5357.703772383986
950,2021-08-08,3.85719,6148.926588373745
951,2021-08-09,3.50717,5590.943371456098
952,2021-08-10,3.67658,5861.007758571173
953,2021-08-11,3.61218,5758.3447131180665
954,2021-08-12,3.53657,5637.811283510778
955,2021-08-13,3.52887,5625.536354163123
956,2021-08-14,3.99649,6370.991219299487
957,2021-08-15,4.32691,6897.729161514015
958,2021-08-16,4.20791,6708.025707959361
959,2021-08-17,3.97899,6343.093652600273
960,2021-08-18,4.29891,6853.093054795273
961,2021-08-19,4.32271,6891.033745506204
962,2021-08-20,3.94469,6288.414421869815
963,2021-08-21,4.89674,7806.121757640473
964,2021-08-22,4.97374,7928.871051117014
965,2021-08-23,4.73853,7553.911813212894
966,2021-08-24,4.95204,7894.278068409988
967,2021-08-25,4.78403,7626.44548663085
968,2021-08-26,5.04865,8048.288578056334
969,2021-08-27,5.03115,8020.39101135712
970,2021-08-28,4.98984,7954.53681248029
971,2021-08-29,5.61428,8949.98575817498
972,2021-08-30,5.07595,8091.808782107107
973,2021-08-31,5.19425,8280.396332993792
974,2021-09-01,5.30276,8453.377187995604
975,2021-09-02,5.27826,8414.320594616705
976,2021-09-03,5.06965,8081.765658095391
977,2021-09-04,5.63878,8989.042351553879
978,2021-09-05,6.41862,10232.221689537588
979,2021-09-06,5.83479,9301.511040051759
980,2021-09-07,6.007,9576.039037838707
981,2021-09-08,5.85019,9326.060898747066
982,2021-09-09,5.33776,8509.172321394031
983,2021-09-10,5.17535,8250.266960958641
984,2021-09-11,5.64298,8995.73776756169
985,2021-09-12,6.22821,9928.680222383457
986,2021-09-13,5.39656,8602.90814550339
987,2021-09-14,5.17185,8244.687447618799
988,2021-09-15,6.70913,10695.337238211223
989,2021-09-16,6.0091,9579.386745842614
990,2021-09-17,5.43647,8666.530539044283
991,2021-09-18,6.0021,9568.22771916293
992,2021-09-19,6.22121,9917.521195703772
993,2021-09-20,6.36261,10142.93353463342
994,2021-09-21,7.57297,12072.424896351158
995,2021-09-22,7.35386,11723.131419810315
996,2021-09-23,7.08575,11295.724756511674
997,2021-09-24,6.69093,10666.32376884404
998,2021-09-25,7.04445,11229.88649910153
999,2021-09-26,7.57787,12080.236215026938
1000,2021-09-27,6.90304,11004.458218705196
1001,2021-09-28,6.33321,10096.06562257874
1002,2021-09-29,6.049,9642.993197916823
1003,2021-09-30,5.56737,8875.204337954403
1004,2021-10-01,5.61498,8951.101660842949
1005,2021-10-02,5.98039,9533.618794989217
1006,2021-10-03,6.28281,10015.720630485002
1007,2021-10-04,6.35981,10138.469923961546
1008,2021-10-05,5.38466,8583.937800147925
1009,2021-10-06,5.29996,8448.913577323729
1010,2021-10-07,6.27861,10009.025214477191
1011,2021-10-08,5.21736,8317.23706250344
1012,2021-10-09,5.81169,9264.686252008796
1013,2021-10-10,6.55162,10444.243196451613
1014,2021-10-11,7.20896,11492.139567540826
1015,2021-10-12,8.1547,12999.78783783308
1016,2021-10-13,6.35561,10131.774507953734
1017,2021-10-14,5.96079,9502.373520286099
1018,2021-10-15,5.66258,9026.98304226481
1019,2021-10-16,7.48617,11934.052965523058
1020,2021-10-17,9.04025,14411.484420146728
1021,2021-10-18,7.88589,12571.26527186647
1022,2021-10-19,7.48337,11929.589354851183
1023,2021-10-20,7.30556,11646.134135720486
1024,2021-10-21,7.03745,11218.727472421844
1025,2021-10-22,6.59922,10520.124577873474
1026,2021-10-23,7.08715,11297.956561847612
1027,2021-10-24,8.0518,12835.750145641703
1028,2021-10-25,6.76093,10777.914035640895
1029,2021-10-26,6.80294,10844.884137185694
1030,2021-10-27,6.1372,9783.596934080859
1031,2021-10-28,5.95729,9496.794006946257
1032,2021-10-29,5.88519,9381.856032145495
1033,2021-10-30,6.23941,9946.534665070954
1034,2021-10-31,7.14875,11396.155996628844
1035,2021-11-01,5.84319,9314.901872067381
1036,2021-11-02,5.47287,8724.557477778648
1037,2021-11-03,5.30556,8457.840798667477
1038,2021-11-04,5.53797,8828.336425899723
1039,2021-11-05,5.23276,8341.786921198747
1040,2021-11-06,6.0147,9588.313967186363
1041,2021-11-07,6.98914,11141.71424686533
1042,2021-11-08,6.70633,10690.87362753935
1043,2021-11-09,6.43892,10264.582866908677
1044,2021-11-10,6.38151,10173.062906668569
1045,2021-11-11,6.0182,9593.893480526205
1046,2021-11-12,5.82919,9292.58381870801
1047,2021-11-13,6.74343,10750.016468941682
1048,2021-11-14,6.96604,11104.889458822367
1049,2021-11-15,6.0693,9675.35437528791
1050,2021-11-16,5.81309,9266.918057344734
1051,2021-11-17,5.61708,8954.449368846854
1052,2021-11-18,5.67378,9044.837484952306
1053,2021-11-19,5.14665,8204.514951571931
1054,2021-11-20,5.75778,9178.745805108534
1055,2021-11-21,6.67553,10641.773910148733
1056,2021-11-22,6.1414,9790.29235008867
1057,2021-11-23,6.1498,9803.683182104292
1058,2021-11-24,5.75288,9170.934486432754
1059,2021-11-25,5.63738,8986.810546217943
1060,2021-11-26,5.61848,8956.681174182791
1061,2021-11-27,6.1897,9867.289634178502
1062,2021-11-28,6.86174,10938.619961295053
1063,2021-11-29,5.89009,9389.667350821275
1064,2021-11-30,5.79278,9234.54093850696
1065,2021-12-01,6.0049,9572.691329834803
1066,2021-12-02,5.34686,8523.679056077623
1067,2021-12-03,5.73048,9135.22560105776
1068,2021-12-04,6.87084,10953.126695978644
1069,2021-12-05,7.78018,12402.748027536534
1070,2021-12-06,6.0231,9601.704799201985
1071,2021-12-07,5.46657,8714.51435376693
1072,2021-12-08,5.21106,8307.193938491722
1073,2021-12-09,5.13125,8179.965092876622
1074,2021-12-10,4.92824,7856.337377699057
1075,2021-12-11,5.57087,8880.783851294245
1076,2021-12-12,7.47357,11913.966717499623
1077,2021-12-13,5.90689,9416.44901485252
1078,2021-12-14,5.42107,8641.980680348976
1079,2021-12-15,5.00385,7976.870807306346
1080,2021-12-16,5.03955,8033.7818433727425
1081,2021-12-17,4.93594,7868.612307046712
1082,2021-12-18,5.49107,8753.570947145829
1083,2021-12-19,7.02415,11197.525321730442
1084,2021-12-20,5.65838,9020.287626256999
1085,2021-12-21,5.20196,8292.687203808131
1086,2021-12-22,4.77073,7605.243335939448
1087,2021-12-23,15.14525,24143.749831501034
1088,2021-12-24,9.89219,15769.601732931194
1089,2021-12-25,7.83759,12494.26798777664
1090,2021-12-26,7.10955,11333.665447222606
1091,2021-12-27,6.42772,10246.728424221179
1092,2021-12-28,5.53377,8821.641009891911
1093,2021-12-29,5.19705,8284.859943665666
1094,2021-12-30,4.82744,7695.647393511586
1095,2021-12-31,4.52082,7206.850142007988
1096,2022-01-01,5.12145,8164.342455525064
1097,2022-01-02,5.99579,9558.168653684526
1098,2022-01-03,5.12005,8162.110650189126
1099,2022-01-04,4.64753,7408.844466376982
1100,2022-01-05,4.49702,7168.909451297059
1101,2022-01-06,4.33951,6917.815409537448
1102,2022-01-07,4.44452,7085.216751199417
1103,2022-01-08,5.12425,8168.8060661969375
1104,2022-01-09,5.66118,9024.751236928872
1105,2022-01-10,4.64263,7401.033147701202
1106,2022-01-11,4.74133,7558.375423884768
1107,2022-01-12,4.93384,7865.2645990428055
1108,2022-01-13,4.54182,7240.327222047046
1109,2022-01-14,4.58382,7307.281382125159
1110,2022-01-15,5.21666,8316.121159835471
1111,2022-01-16,5.90409,9411.985404180647
1112,2022-01-17,5.13545,8186.6605088844335
1113,2022-01-18,4.70633,7502.580290486341
1114,2022-01-19,4.95484,7898.7416790818625
1115,2022-01-20,4.69863,7490.305361138686
1116,2022-01-21,4.52712,7216.893266019706
1117,2022-01-22,4.99474,7962.34813115607
1118,2022-01-23,5.91459,9428.723944200174
1119,2022-01-24,4.77423,7610.8228492792905
1120,2022-01-25,4.60763,7345.238014302776
1121,2022-01-26,4.66433,7435.626130408227
1122,2022-01-27,4.51592,7199.03882333221
1123,2022-01-28,4.38921,6997.044498963216
1124,2022-01-29,4.79943,7650.995345326159
1125,2022-01-30,4.93874,7873.0759177185855
1126,2022-01-31,5.13545,8186.6605088844335
1127,2022-02-01,5.76268,9186.557123784312
1128,2022-02-02,5.80119,9247.947711989269
1129,2022-02-03,5.46447,8711.166645763025
1130,2022-02-04,5.06685,8077.302047423515
1131,2022-02-05,5.55337,8852.886284595032
1132,2022-02-06,5.87609,9367.349297461904
1133,2022-02-07,4.95064,7892.046263074051
1134,2022-02-08,4.44102,7079.637237859574
1135,2022-02-09,4.50192,7176.720769972839
1136,2022-02-10,4.43752,7074.057724519732
1137,2022-02-11,4.42002,7046.160157820517
1138,2022-02-12,5.05425,8057.215799400082
1139,2022-02-13,5.48547,8744.643725802081
1140,2022-02-14,4.95274,7895.393971077957
1141,2022-02-15,4.87994,7779.340093609228
1142,2022-02-16,4.89954,7810.585368312347
1143,2022-02-17,4.50332,7178.952575308776
1144,2022-02-18,4.43332,7067.362308511921
1145,2022-02-19,5.35736,8540.41759609715
1146,2022-02-20,5.61428,8949.98575817498
1147,2022-02-21,4.52082,7206.850142007988
1148,2022-02-22,4.37381,6972.494640267907
1149,2022-02-23,4.60693,7344.122111634807
1150,2022-02-24,4.30311,6859.788470803084
1151,2022-02-25,4.36051,6951.2924895765045
1152,2022-02-26,5.01295,7991.3775419899375
1153,2022-02-27,5.41827,8637.5170696771
1154,2022-02-28,4.87574,7772.644677601416
1155,2022-03-01,5.74518,9158.6595570851
1156,2022-03-02,4.82744,7695.647393511586
1157,2022-03-03,4.87154,7765.949261593605
1158,2022-03-04,4.94644,7885.35084706624
1159,2022-03-05,5.61428,8949.98575817498
1160,2022-03-06,6.1953,9876.216855522249
1161,2022-03-07,4.98354,7944.493688468572
1162,2022-03-08,4.97304,7927.755148449045
1163,2022-03-09,5.38256,8580.590092144019
1164,2022-03-10,4.89674,7806.121757640473
1165,2022-03-11,5.09485,8121.938154142258
1166,2022-03-12,6.24571,9956.57778908267
1167,2022-03-13,8.77283,13985.17771804937
1168,2022-03-14,6.084,9698.788331315249
1169,2022-03-15,5.36016,8544.881206769025
1170,2022-03-16,5.35456,8535.953985425276
1171,2022-03-17,5.47917,8734.600601790364
1172,2022-03-18,5.89499,9397.478669497055
1173,2022-03-19,7.21666,11504.41449688848
1174,2022-03-20,7.00105,11160.70053368748
1175,2022-03-21,5.85089,9327.176801415035
1176,2022-03-22,5.25096,8370.800390565932
1177,2022-03-23,5.10255,8134.213083489912
1178,2022-03-24,4.67063,7445.669254419945
1179,2022-03-25,5.43997,8672.110052384125
1180,2022-03-26,6.54322,10430.85236443599
1181,2022-03-27,7.53867,12017.745665620698
1182,2022-03-28,5.42597,8649.791999024756
1183,2022-03-29,5.38956,8591.749118823705
1184,2022-03-30,5.27056,8402.04566526905
1185,2022-03-31,5.12285,8166.574260861
1186,2022-04-01,5.16905,8240.223836946925
1187,2022-04-02,6.1456,9796.987766096481
1188,2022-04-03,6.75673,10771.218619633084
1189,2022-04-04,5.57507,8887.479267302057
1190,2022-04-05,5.07805,8095.156490111013
1191,2022-04-06,4.75043,7572.882158568359
1192,2022-04-07,4.62023,7365.3242623262095
1193,2022-04-08,4.51802,7202.386531336115
1194,2022-04-09,5.20126,8291.571301140164
1195,2022-04-10,5.80049,9246.8318093213
1196,2022-04-11,4.77143,7606.359238607416
1197,2022-04-12,4.66573,7437.857935744165
1198,2022-04-13,4.34651,6928.974436217135
1199,2022-04-14,4.34721,6930.090338885102
1200,2022-04-15,4.27231,6810.688753412468
1201,2022-04-16,5.29506,8441.10225864795
1202,2022-04-17,5.62618,8968.956103530445
1203,2022-04-18,4.60693,7344.122111634807
1204,2022-04-19,4.23801,6756.0095226820085
1205,2022-04-20,4.41372,7036.1170338087995
1206,2022-04-21,4.25551,6783.907089381222
1207,2022-04-22,3.92649,6259.400952502632
1208,2022-04-23,4.82394,7690.067880171743
1209,2022-04-24,5.16135,8227.94890759927
1210,2022-04-25,4.26531,6799.529726732782
1211,2022-04-26,4.0616,6474.786108887249
1212,2022-04-27,3.91529,6241.546509815135
1213,2022-04-28,4.0623,6475.902011555216
1214,2022-04-29,4.0518,6459.163471535689
1215,2022-04-30,4.56702,7280.499718093914
1216,2022-05-01,4.95484,7898.7416790818625
1217,2022-05-02,4.26251,6795.066116060908
1218,2022-05-03,4.0609,6473.67020621928
1219,2022-05-04,3.73118,5948.048166672721
1220,2022-05-05,4.31291,6875.411108154643
1221,2022-05-06,3.94679,6291.76212987372
1222,2022-05-07,4.51732,7201.270628668146
1223,2022-05-08,5.22716,8332.859699854998
1224,2022-05-09,4.32901,6901.07686951792
1225,2022-05-10,4.1484,6613.158039715348
1226,2022-05-11,4.1666,6642.171509082531
1227,2022-05-12,4.27791,6819.615974756217
1228,2022-05-13,5.46097,8705.587132423181
1229,2022-05-14,9.96569,15886.771513067895
1230,2022-05-15,5.20266,8293.8031064761
1231,2022-05-16,3.89429,6208.069429776078
1232,2022-05-17,3.61288,5759.460615786035
1233,2022-05-18,3.56317,5680.215584893583
1234,2022-05-19,3.41267,5440.296511280344
1235,2022-05-20,3.30976,5276.242877622281
1236,2022-05-21,3.57507,5699.185930249048
1237,2022-05-22,3.81309,6078.624720291727
1238,2022-05-23,3.28106,5230.490868235571
1239,2022-05-24,3.01645,4808.663718276773
1240,2022-05-25,2.97164,4737.230006060099
1241,2022-05-26,2.93594,4680.318969993704
1242,2022-05-27,2.83234,4515.165375134357
1243,2022-05-28,3.17465,5060.857721237666
1244,2022-05-29,3.47077,5532.916432721734
1245,2022-05-30,3.24676,5175.811637505111
1246,2022-05-31,2.91564,4647.957792622616
1247,2022-06-01,3.37626,5382.253631079294
1248,2022-06-02,2.87434,4582.119535212471
1249,2022-06-03,2.73993,4367.850281495824
1250,2022-06-04,2.95764,4714.911952700729
1251,2022-06-05,3.48337,5553.002680745168
1252,2022-06-06,3.26846,5210.404620212137
1253,2022-06-07,2.79663,4458.238397601276
1254,2022-06-08,2.92054,4655.769111298396
1255,2022-06-09,2.68463,4279.693970726308
1256,2022-06-10,2.60903,4159.176482585704
1257,2022-06-11,2.79033,4448.195273589559
1258,2022-06-12,3.11935,4972.701410468149
1259,2022-06-13,2.65803,4237.289669343503
1260,2022-06-14,2.72523,4344.416325468484
1261,2022-06-15,2.48932,3968.341184896397
1262,2022-06-16,2.63353,4198.233075964604
1263,2022-06-17,2.51942,4016.324999619045
1264,2022-06-18,2.81764,4491.731419107018
1265,2022-06-19,2.97304,4739.461811396037
1266,2022-06-20,2.52922,4031.947636970604
1267,2022-06-21,2.44732,3901.3870248182834
1268,2022-06-22,2.54042,4049.8020796581013
1269,2022-06-23,2.44242,3893.5757061425033
1270,2022-06-24,2.60203,4148.017455906019
1271,2022-06-25,3.08715,4921.369887741596
1272,2022-06-26,3.19215,5088.755287936879
1273,2022-06-27,2.72453,4343.300422800516
1274,2022-06-28,2.64893,4222.782934659912
1275,2022-06-29,2.56912,4095.5540890448115
1276,2022-06-30,2.69933,4303.127926753647
1277,2022-07-01,2.47392,3943.7913262010884
1278,2022-07-02,2.73153,4354.4594494802
1279,2022-07-03,2.91774,4651.305500626521
1280,2022-07-04,2.53062,4034.1794423065407
1281,2022-07-05,3.10745,4953.7310651126845
1282,2022-07-06,2.50612,3995.122848927642
1283,2022-07-07,2.47322,3942.67542353312
1284,2022-07-08,2.49422,3976.152503572176
1285,2022-07-09,2.55092,4066.5406196776294
1286,2022-07-10,2.84214,4530.7880124859175
1287,2022-07-11,2.57122,4098.901797048717
1288,2022-07-12,2.48442,3960.529866220617
1289,2022-07-13,2.64473,4216.087518652101
1290,2022-07-14,2.42772,3870.1417501151636
1291,2022-07-15,2.40252,3829.969254068296
1292,2022-07-16,2.43752,3885.7643874667237
1293,2022-07-17,2.69863,4302.0120240856795
1294,2022-07-18,2.46692,3932.6322995214027
1295,2022-07-19,2.41022,3842.24418341595
1296,2022-07-20,2.48582,3962.7616715565537
1297,2022-07-21,2.39971,3825.4897019297364
1298,2022-07-22,2.33741,3726.1743644805356
1299,2022-07-23,2.55092,4066.5406196776294
1300,2022-07-24,2.78753,4443.731662917685
1301,2022-07-25,2.41232,3845.5918914198555
1302,2022-07-26,2.42912,3872.3735554511013
1303,2022-07-27,2.43472,3881.3007767948493
1304,2022-07-28,2.34231,3733.985683156315
1305,2022-07-29,2.21981,3538.7027162618183
1306,2022-07-30,2.40812,3838.8964754120443
1307,2022-07-31,2.58382,4118.988045072151
1308,2022-08-01,2.38011,3794.2444272266175
1309,2022-08-02,2.54532,4057.6133983338805
1310,2022-08-03,2.52572,4026.3681236307616
1311,2022-08-04,2.52432,4024.136318294824
1312,2022-08-05,2.37871,3792.01262189068
1313,2022-08-06,2.53482,4040.8748583143524
1314,2022-08-07,2.76443,4406.906874874723
1315,2022-08-08,2.52782,4029.715831634667
1316,2022-08-09,2.46762,3933.7482021893716
1317,2022-08-10,2.41862,3855.6350154315733
1318,2022-08-11,2.50892,3999.586459599516
1319,2022-08-12,2.39481,3817.678383253957
1320,2022-08-13,2.70353,4309.82334276146
1321,2022-08-14,2.96604,4728.302784716351
1322,2022-08-15,2.95344,4708.2165366929175
1323,2022-08-16,2.77213,4419.181804222378
1324,2022-08-17,2.82044,4496.195029778893
1325,2022-08-18,2.78543,4440.383954913779
1326,2022-08-19,2.68953,4287.505289402088
1327,2022-08-20,2.86384,4565.380995192943
1328,2022-08-21,3.37486,5380.021825743357
1329,2022-08-22,3.13965,5005.0625878392375
1330,2022-08-23,3.19145,5087.639385268911
1331,2022-08-24,3.32446,5299.676833649622
1332,2022-08-25,3.34966,5339.849329696489
1333,2022-08-26,3.23136,5151.261778809803
1334,2022-08-27,3.78438,6032.856769438331
1335,2022-08-28,4.31221,6874.2952054866755
1336,2022-08-29,4.154,6622.085261059096
1337,2022-08-30,4.27021,6807.3410454085615
1338,2022-08-31,4.1008,6537.276658293486
1339,2022-09-01,3.69828,5895.600741278198
1340,2022-09-02,3.56037,5675.751974221708
1341,2022-09-03,3.85299,6142.231172365934
1342,2022-09-04,4.54392,7243.674930050951
1343,2022-09-05,4.22261,6731.459663986701
1344,2022-09-06,4.0266,6418.99097548882
1345,2022-09-07,3.88519,6193.562695092488
1346,2022-09-08,3.47007,5531.800530053765
1347,2022-09-09,3.53867,5641.158991514683
1348,2022-09-10,3.92719,6260.5168551706
1349,2022-09-11,4.40042,7014.914883117399
1350,2022-09-12,4.62373,7370.903775666052
1351,2022-09-13,4.1134,6557.362906316922
1352,2022-09-14,3.75848,5991.568370723494
1353,2022-09-15,3.57577,5700.301832917016
1354,2022-09-16,3.37066,5373.326409735545
1355,2022-09-17,3.66328,5839.805607879771
1356,2022-09-18,4.23801,6756.0095226820085
1357,2022-09-19,3.73818,5959.207193352406
1358,2022-09-20,4.0077,6388.861603453669
1359,2022-09-21,3.96849,6326.355112580745
1360,2022-09-22,3.92439,6256.053244498726
1361,2022-09-23,3.73678,5956.975388016469
1362,2022-09-24,4.1351,6591.955889023947
1363,2022-09-25,4.81554,7676.677048156121
1364,2022-09-26,4.41512,7038.348839144737
1365,2022-09-27,3.78508,6033.972672106299
1366,2022-09-28,3.89919,6215.880748451858
1367,2022-09-29,3.48267,5551.8867780772
1368,2022-09-30,3.50997,5595.406982127973
1369,2022-10-01,3.89359,6206.95352710811
1370,2022-10-02,4.45362,7099.723485883008
1371,2022-10-03,4.54112,7239.211319379077
1372,2022-10-04,4.1414,6601.999013035663
1373,2022-10-05,4.54182,7240.327222047046
1374,2022-10-06,4.27161,6809.572850744499
1375,2022-10-07,4.1085,6549.551587641142
1376,2022-10-08,4.39201,7001.5081096350905
1377,2022-10-09,5.26636,8395.350249261239
1378,2022-10-10,6.1267,9766.85839406133
1379,2022-10-11,5.18375,8263.657792974263
1380,2022-10-12,4.74413,7562.839034556643
1381,2022-10-13,4.37871,6980.305958943687
1382,2022-10-14,4.0973,6531.697144953644
1383,2022-10-15,4.68393,7466.8714051113475
1384,2022-10-16,5.13405,8184.428703548498
1385,2022-10-17,4.75673,7582.925282580077
1386,2022-10-18,4.86104,7749.210721574076
1387,2022-10-19,4.70493,7500.348485150404
1388,2022-10-20,4.34721,6930.090338885102
1389,2022-10-21,4.0231,6413.411462148978
1390,2022-10-22,4.40602,7023.842104461146
1391,2022-10-23,4.96184,7909.900705761547
1392,2022-10-24,4.54952,7252.6021513947
1393,2022-10-25,4.45992,7109.766609894726
1394,2022-10-26,4.33811,6915.583604201513
1395,2022-10-27,4.0658,6481.48152489506
1396,2022-10-28,3.78438,6032.856769438331
1397,2022-10-29,4.35071,6935.669852224946
1398,2022-10-30,4.0161,6402.252435469291
1399,2022-10-31,3.84389,6127.724437682343
1400,2022-11-01,4.0196,6407.831948809134
1401,2022-11-02,4.1463,6609.810331711443
1402,2022-11-03,4.1764,6657.794146434091
1403,2022-11-04,4.79873,7649.87944265819
1404,2022-11-05,5.05005,8050.520383392271
1405,2022-11-06,5.43437,8663.182831040378
1406,2022-11-07,4.59082,7318.440408804844
1407,2022-11-08,4.1855,6672.300881117682
1408,2022-11-09,3.97829,6341.9777499323045
1409,2022-11-10,3.87259,6173.476447069053
1410,2022-11-11,3.90059,6218.112553787795
1411,2022-11-12,4.36471,6957.987905584316
1412,2022-11-13,5.04025,8034.897746040711
1413,2022-11-14,4.29401,6845.281736119493
1414,2022-11-15,4.126,6577.449154340356
1415,2022-11-16,4.1092,6550.667490309111
1416,2022-11-17,3.82989,6105.4063843229715
1417,2022-11-18,3.78718,6037.320380110205
1418,2022-11-19,3.96219,6316.3119885690285
1419,2022-11-20,4.32481,6894.381453510109
1420,2022-11-21,3.83479,6113.2177029987515
1421,2022-11-22,3.68638,5876.630395922733
1422,2022-11-23,3.37486,5380.021825743357
1423,2022-11-24,3.15645,5031.844251870483
1424,2022-11-25,3.16765,5049.69869455798
1425,2022-11-26,3.74938,5977.061636039903
1426,2022-11-27,4.42772,7058.435087168172
1427,2022-11-28,3.36086,5357.703772383986
1428,2022-11-29,3.44977,5499.439352682677
1429,2022-11-30,4.189,6677.880394457525
1430,2022-12-01,4.1946,6686.807615801274
1431,2022-12-02,3.92859,6262.748660506538
1432,2022-12-03,3.70108,5900.064351950073
1433,2022-12-04,4.70563,7501.464387818372
1434,2022-12-05,4.31431,6877.64291349058
1435,2022-12-06,4.189,6677.880394457525
1436,2022-12-07,3.81309,6078.624720291727
1437,2022-12-08,3.70808,5911.223378629758
1438,2022-12-09,3.42947,5467.078175311589
1439,2022-12-10,3.86629,6163.433323057337
1440,2022-12-11,4.29821,6851.977152127304
1441,2022-12-12,3.75288,5982.641149379746
1442,2022-12-13,3.62968,5786.24227981728
1443,2022-12-14,3.62828,5784.010474481343
1444,2022-12-15,4.87784,7775.992385605321
1445,2022-12-16,4.1463,6609.810331711443
1446,2022-12-17,3.93489,6272.791784518255
1447,2022-12-18,4.31781,6883.2224268304235
1448,2022-12-19,4.049,6454.699860863815
1449,2022-12-20,3.72908,5944.700458668815
1450,2022-12-21,3.53097,5628.884062167029
1451,2022-12-22,3.53517,5635.579478174841
1452,2022-12-23,3.57717,5702.533638252954
1453,2022-12-24,3.80259,6061.8861802721985
1454,2022-12-25,4.0098,6392.2093114575755
1455,2022-12-26,3.57157,5693.606416909205
1456,2022-12-27,3.32516,5300.7927363175895
1457,2022-12-28,3.22156,5135.639141458244
1458,2022-12-29,3.09485,4933.644817089251
1459,2022-12-30,2.99824,4779.634307442905
1460,2022-12-31,3.16555,5046.350986554075
1461,2023-01-01,3.35456,5347.660648372269
1462,2023-01-02,3.00315,4787.46156758537
1463,2023-01-03,3.13965,5005.0625878392375
1464,2023-01-04,2.96464,4726.070979380414
1465,2023-01-05,3.09905,4940.340233097062
1466,2023-01-06,3.04795,4858.879338335358
1467,2023-01-07,3.32866,5306.372249657433
1468,2023-01-08,3.73958,5961.438998688343
1469,2023-01-09,3.10465,4949.26745444081
1470,2023-01-10,3.17115,5055.2782078978225
1471,2023-01-11,3.01225,4801.968302268961
1472,2023-01-12,3.03955,4845.488506319735
1473,2023-01-13,3.14875,5019.56932252283
1474,2023-01-14,3.33216,5311.951762997275
1475,2023-01-15,3.78018,6026.16135343052
1476,2023-01-16,3.12005,4973.817313136118
1477,2023-01-17,3.15715,5032.960154538452
1478,2023-01-18,2.91774,4651.305500626521
1479,2023-01-19,2.91634,4649.0736952905845
1480,2023-01-20,2.93524,4679.203067325735
1481,2023-01-21,3.24046,5165.7685134933945
1482,2023-01-22,3.91249,6237.082899143261
1483,2023-01-23,4.098,6532.813047621613
1484,2023-01-24,4.43122,7064.014600508014
1485,2023-01-25,3.77878,6023.929548094582
1486,2023-01-26,3.40147,5422.442068592847
1487,2023-01-27,3.28036,5229.374965567602
1488,2023-01-28,3.72068,5931.309626653193
1489,2023-01-29,3.83409,6112.101800330784
1490,2023-01-30,3.51487,5603.218300803753
1491,2023-01-31,3.17815,5066.437234577508
1492,2023-02-01,3.17115,5055.2782078978225
1493,2023-02-02,3.11305,4962.6582864564325
1494,2023-02-03,3.06545,4886.7769050345705
1495,2023-02-04,3.49597,5573.088928768601
1496,2023-02-05,3.90409,6223.692067127638
1497,2023-02-06,3.26286,5201.477398868388
1498,2023-02-07,3.19075,5086.523482600942
1499,2023-02-08,3.10465,4949.26745444081
1500,2023-02-09,3.14315,5010.642101179081
1501,2023-02-10,3.68708,5877.746298590701
1502,2023-02-11,4.23451,6750.430009342166
1503,2023-02-12,4.95064,7892.046263074051
1504,2023-02-13,4.20161,6697.982583947643
1505,2023-02-14,4.091,6521.654020941927
1506,2023-02-15,4.80364,7657.706702800654
1507,2023-02-16,19.70388,31410.87465904601
1508,2023-02-17,19.35876,30860.702760804143
1509,2023-02-18,8.32621,13273.19993295206
1510,2023-02-19,7.43017,11844.780752085573
1511,2023-02-20,8.0693,12863.647712340919
1512,2023-02-21,5.23556,8346.250531870623
1513,2023-02-22,3.95869,6310.732475229185
1514,2023-02-23,3.93349,6270.559979182318
1515,2023-02-24,3.83479,6113.2177029987515
1516,2023-02-25,4.56982,7284.963328765788
1517,2023-02-26,5.39236,8596.212729495579
1518,2023-02-27,4.28211,6826.311390764028
1519,2023-02-28,3.93139,6267.212271178412
1520,2023-03-01,5.01435,7993.609347325875
1521,2023-03-02,3.78648,6036.204477442237
1522,2023-03-03,3.89359,6206.95352710811
1523,2023-03-04,5.07525,8090.692879439138
1524,2023-03-05,5.99649,9559.284556352495
1525,2023-03-06,4.55722,7264.877080742354
1526,2023-03-07,4.55442,7260.41347007048
1527,2023-03-08,4.53762,7233.631806039235
1528,2023-03-09,3.64648,5813.023943848526
1529,2023-03-10,3.33916,5323.110789676961
1530,2023-03-11,3.96429,6319.659696572934
1531,2023-03-12,4.33881,6916.69950686948
1532,2023-03-13,3.72138,5932.425529321161
1533,2023-03-14,3.80469,6065.233888276104
1534,2023-03-15,3.28106,5230.490868235571
1535,2023-03-16,3.15505,5029.6124465345465
1536,2023-03-17,3.29156,5247.229408255099
1537,2023-03-18,4.0882,6517.190410270053
1538,2023-03-19,4.51242,7193.459309992366
1539,2023-03-20,3.40847,5433.601095272533
1540,2023-03-21,3.56107,5676.867876889677
1541,2023-03-22,3.26076,5198.129690864483
1542,2023-03-23,3.23276,5153.49358414574
1543,2023-03-24,3.23976,5164.652610825426
1544,2023-03-25,3.84879,6135.535756358123
1545,2023-03-26,4.89044,7796.078633628756
1546,2023-03-27,3.57577,5700.301832917016
1547,2023-03-28,3.31676,5287.401904301967
1548,2023-03-29,3.30346,5266.199753610565
1549,2023-03-30,3.01015,4798.620594265055
1550,2023-03-31,2.93034,4671.391748649956
1551,2023-04-01,3.33636,5318.647179005086
1552,2023-04-02,3.91879,6247.126023154978
1553,2023-04-03,3.26986,5212.636425548074
1554,2023-04-04,3.14245,5009.526198511112
1555,2023-04-05,3.26286,5201.477398868388
1556,2023-04-06,3.09555,4934.760719757219
1557,2023-04-07,3.03255,4834.32947964005
1558,2023-04-08,3.56667,5685.795098233425
1559,2023-04-09,3.81309,6078.624720291727
1560,2023-04-10,3.18935,5084.291677265005
1561,2023-04-11,3.12635,4983.860437147835
1562,2023-04-12,3.07595,4903.5154450540995
1563,2023-04-13,3.02275,4818.7068422884895
1564,2023-04-14,2.98984,4766.243475427283
1565,2023-04-15,3.64018,5802.980819836809
1566,2023-04-16,3.90269,6221.460261791702
1567,2023-04-17,3.17115,5055.2782078978225
1568,2023-04-18,2.87434,4582.119535212471
1569,2023-04-19,2.71613,4329.909590784893
1570,2023-04-20,2.72663,4346.648130804421
1571,2023-04-21,2.79383,4453.774786929402
1572,2023-04-22,3.14385,5011.758003847049
1573,2023-04-23,3.39096,5405.687587106634
1574,2023-04-24,2.80154,4466.065657743742
1575,2023-04-25,2.85894,4557.569676517163
1576,2023-04-26,2.72453,4343.300422800516
1577,2023-04-27,2.75813,4396.863750863006
1578,2023-04-28,2.50402,3991.775140923736
1579,2023-04-29,2.99544,4775.170696771031
1580,2023-04-30,3.26916,5211.520522880105
1581,2023-05-01,3.19005,5085.407579932973
1582,2023-05-02,2.81834,4492.847321774987
1583,2023-05-03,2.51872,4015.209096951076
1584,2023-05-04,2.29051,3651.408885726642
1585,2023-05-05,2.83794,4524.092596478106
1586,2023-05-06,3.05355,4867.806559679106
1587,2023-05-07,3.45187,5502.787060686583
1588,2023-05-08,2.56912,4095.5540890448115
1589,2023-05-09,2.54042,4049.8020796581013
1590,2023-05-10,2.40882,3840.012378080013
1591,2023-05-11,2.27231,3622.39541635946
1592,2023-05-12,2.21001,3523.0800789102586
1593,2023-05-13,2.65663,4235.0578640075655
1594,2023-05-14,2.72873,4349.995838808327
1595,2023-05-15,2.41722,3853.4032100956356
1596,2023-05-16,2.25341,3592.2660443243094
1597,2023-05-17,2.1449,3419.285189322498
1598,2023-05-18,2.035,3244.0884704514356
1599,2023-05-19,2.1491,3425.980605330309
1600,2023-05-20,2.30241,3670.3792310821077
1601,2023-05-21,2.60903,4159.176482585704
1602,2023-05-22,2.21771,3535.3550082579127
1603,2023-05-23,2.1918,3494.0506680763915
1604,2023-05-24,1.99369,3178.2342715746054
1605,2023-05-25,1.88239,3000.8057473676054
1606,2023-05-26,1.82429,2908.185825926216
1607,2023-05-27,2.0,3188.2933370530077
1608,2023-05-28,2.37311,3783.085400546932
1609,2023-05-29,2.52922,4031.947636970604
1610,2023-05-30,2.0714,3302.1154091858
1611,2023-05-31,1.83899,2931.619781953555
1612,2023-06-01,1.86349,2970.676375332455
1613,2023-06-02,1.77038,2822.245379025952
1614,2023-06-03,1.96849,3138.0617755277376
1615,2023-06-04,2.1666,3453.878172029523
1616,2023-06-05,1.95169,3111.2801114964923
1617,2023-06-06,2.1225,3383.5763039475046
1618,2023-06-07,1.88449,3004.1534553715114
1619,2023-06-08,1.75708,2801.0432283345494
1620,2023-06-09,1.74728,2785.4205909829893
1621,2023-06-10,1.82779,2913.7653392660586
1622,2023-06-11,1.92789,3073.3394207855617
1623,2023-06-12,1.72208,2745.248094936122
1624,2023-06-13,1.73888,2772.029758967367
1625,2023-06-14,1.58627,2528.747035883537
1626,2023-06-15,1.60378,2556.6605440494363
1627,2023-06-16,1.59957,2549.9491865749396
1628,2023-06-17,1.73538,2766.450245627524
1629,2023-06-18,1.89919,3027.5874113988507
1630,2023-06-19,1.64368,2620.266996123644
1631,2023-06-20,1.65488,2638.1214388111407
1632,2023-06-21,1.56457,2494.154053176512
1633,2023-06-22,1.55057,2471.835999817141
1634,2023-06-23,1.52467,2430.5476011023047
1635,2023-06-24,1.63808,2611.3397747798954
1636,2023-06-25,1.81799,2898.1427019144985
1637,2023-06-26,1.67588,2671.5985188501973
1638,2023-06-27,1.60378,2556.6605440494363
1639,2023-06-28,1.51627,2417.156769086682
1640,2023-06-29,1.56667,2497.501761180418
1641,2023-06-30,1.49877,2389.259202387468
1642,2023-07-01,1.63738,2610.223872111927
1643,2023-07-02,1.82289,2905.9540205902786
1644,2023-07-03,1.57927,2517.5880092038515
1645,2023-07-04,1.57227,2506.4289825241663
1646,2023-07-05,1.54777,2467.372389145267
1647,2023-07-06,1.44417,2302.218794285921
1648,2023-07-07,1.53727,2450.6338491257384
1649,2023-07-08,1.58977,2534.32654922338
1650,2023-07-09,1.77738,2833.404405705637
1651,2023-07-10,1.61218,2570.051376065059
1652,2023-07-11,1.51837,2420.5044770905874
1653,2023-07-12,1.56247,2490.8063451726066
1654,2023-07-13,1.53307,2443.938433117927
1655,2023-07-14,1.52677,2433.8953091062103
1656,2023-07-15,1.77388,2827.8248923657943
1657,2023-07-16,1.76758,2817.7817683540775
1658,2023-07-17,1.59817,2547.717381239003
1659,2023-07-18,1.53447,2446.1702384538644
1660,2023-07-19,1.49107,2376.984273039814
1661,2023-07-20,1.51627,2417.156769086682
1662,2023-07-21,1.55827,2484.1109291647954
1663,2023-07-22,1.80889,2883.6359672309077
1664,2023-07-23,1.82849,2914.881241934027
1665,2023-07-24,1.67168,2664.903102842386
1666,2023-07-25,1.77108,2823.3612816939203
1667,2023-07-26,1.85089,2950.5901273090208
1668,2023-07-27,1.57787,2515.3562038679147
1669,2023-07-28,1.59327,2539.906062563223
1670,2023-07-29,1.64088,2615.8033854517694
1671,2023-07-30,1.69828,2707.307404225191
1672,2023-07-31,1.70318,2715.1187229009706
1673,2023-08-01,1.69898,2708.4233068931594
1674,2023-08-02,1.61078,2567.819570729122
1675,2023-08-03,1.55827,2484.1109291647954
1676,2023-08-04,1.47357,2349.0867063406004
1677,2023-08-05,1.60028,2551.0810307095935
1678,2023-08-06,1.70528,2718.4664309048762
1679,2023-08-07,1.61428,2573.3990840689644
1680,2023-08-08,1.58277,2523.1675225436943
1681,2023-08-09,1.90829,3042.094146082442
1682,2023-08-10,1.89079,3014.1965793832283
1683,2023-08-11,1.82779,2913.7653392660586
1684,2023-08-12,1.88939,3011.964774047291
1685,2023-08-13,2.0651,3292.0722851740834
1686,2023-08-14,1.91529,3053.2531727621276
1687,2023-08-15,2.1568,3438.2555346779636
1688,2023-08-16,1.79768,2865.7655830767253
1689,2023-08-17,1.84879,2947.242419305115
1690,2023-08-18,1.85789,2961.7491539887064
1691,2023-08-19,1.89569,3022.0078980590083
1692,2023-08-20,1.97899,3154.800315547266
1693,2023-08-21,1.85509,2957.285543316832
1694,2023-08-22,1.90969,3044.325951418379
1695,2023-08-23,1.95519,3116.859624836335
1696,2023-08-24,2.0084,3201.68416906863
1697,2023-08-25,1.99369,3178.2342715746054
1698,2023-08-26,2.0056,3197.2205583967557
1699,2023-08-27,2.23101,3556.557158949315
1700,2023-08-28,2.0672,3295.419993177989
1701,2023-08-29,2.34511,3738.4492938281896
1702,2023-08-30,2.29331,3655.8724963985164
1703,2023-08-31,2.1477,3423.7487999943723
1704,2023-09-01,2.1904,3491.818862740454
1705,2023-09-02,2.46062,3922.589175509686
1706,2023-09-03,2.63703,4203.812589304447
1707,2023-09-04,3.19355,5090.987093272816
1708,2023-09-05,2.95764,4714.911952700729
1709,2023-09-06,2.63143,4194.885367960698
1710,2023-09-07,2.68463,4279.693970726308
1711,2023-09-08,2.55232,4068.772425013566
1712,2023-09-09,2.77983,4431.456733570031
1713,2023-09-10,2.91774,4651.305500626521
1714,2023-09-11,2.54182,4052.033884994038
1715,2023-09-12,2.22541,3547.629937605567
1716,2023-09-13,2.34021,3730.6379751524096
1717,2023-09-14,2.29891,3664.7997177422644
1718,2023-09-15,2.39691,3821.0260912578624
1719,2023-09-16,2.66433,4247.33279335522
1720,2023-09-17,3.25446,5188.086566852766
1721,2023-09-18,2.97374,4740.577714064006
1722,2023-09-19,2.62583,4185.95814661695
1723,2023-09-20,2.72873,4349.995838808327
1724,2023-09-21,2.69933,4303.127926753647
1725,2023-09-22,3.05635,4872.27017035098
1726,2023-09-23,3.06335,4883.429197030665
1727,2023-09-24,3.39656,5414.614808450382
1728,2023-09-25,3.02625,4824.286355628333
1729,2023-09-26,2.86944,4574.308216536691
1730,2023-09-27,2.58592,4122.335753076057
1731,2023-09-28,2.73713,4363.386670823949
1732,2023-09-29,2.80434,4470.529268415616
1733,2023-09-30,3.17325,5058.625915901728
1734,2023-10-01,3.51627,5605.4501061396895
1735,2023-10-02,3.75148,5980.409344043808
1736,2023-10-03,4.99894,7969.043547163881
1737,2023-10-04,10.042,16008.420845343151
1738,2023-10-05,7.36086,11734.29044649
1739,2023-10-06,5.58487,8903.101904653615
1740,2023-10-07,3.71998,5930.193723985224
1741,2023-10-08,3.97829,6341.9777499323045
1742,2023-10-09,4.25411,6781.675284045285
1743,2023-10-10,3.85369,6143.347075033902
1744,2023-10-11,3.48057,5548.539070073294
1745,2023-10-12,3.38956,5403.455781770696
1746,2023-10-13,3.10955,4957.07877311659
1747,2023-10-14,3.60378,5744.953881102444
1748,2023-10-15,3.87679,6180.1718630768655
1749,2023-10-16,3.42807,5464.846369975652
1750,2023-10-17,3.38606,5397.876268430854
1751,2023-10-18,3.37906,5386.717241751168
1752,2023-10-19,3.21456,5124.480114778558
1753,2023-10-20,3.37556,5381.137728411326
1754,2023-10-21,3.78298,6030.624964102393
1755,2023-10-22,4.0623,6475.902011555216
1756,2023-10-23,3.58557,5715.924470268576
1757,2023-10-24,3.71578,5923.498307977413
1758,2023-10-25,3.25726,5192.55017752464
1759,2023-10-26,3.70878,5912.339281297727
1760,2023-10-27,4.0483,6453.583958195846
1761,2023-10-28,5.34686,8523.679056077623
1762,2023-10-29,3.86979,6169.01283639718
1763,2023-10-30,3.22296,5137.870946794181
1764,2023-10-31,3.03745,4842.14079831583
1765,2023-11-01,3.04795,4858.879338335358
1766,2023-11-02,2.81624,4489.499613771081
1767,2023-11-03,2.80084,4464.949755075773
1768,2023-11-04,3.21666,5127.827822782464
1769,2023-11-05,3.45047,5500.555255350646
1770,2023-11-06,3.22996,5149.029973473866
1771,2023-11-07,3.74168,5964.786706692249
1772,2023-11-08,3.44417,5490.512131338929
1773,2023-11-09,3.26636,5207.056912208232
1774,2023-11-10,3.39166,5406.803489774602
1775,2023-11-11,3.95449,6304.037059221374
1776,2023-11-12,4.60623,7343.006208966838
1777,2023-11-13,4.54042,7238.095416711109
1778,2023-11-14,4.1372,6595.3035970278515
1779,2023-11-15,3.91319,6238.19880181123
1780,2023-11-16,3.73188,5949.164069340689
1781,2023-11-17,3.82359,6095.363260311255
1782,2023-11-18,4.30311,6859.788470803084
1783,2023-11-19,4.46832,7123.157441910348
1784,2023-11-20,3.84109,6123.260827010468
1785,2023-11-21,3.56457,5682.447390229519
1786,2023-11-22,3.24956,5180.275248176986
1787,2023-11-23,3.20896,5115.552893434809
1788,2023-11-24,3.47777,5544.07545940142
1789,2023-11-25,3.76968,6009.422813410992
1790,2023-11-26,4.1498,6615.389845051285
1791,2023-11-27,3.54987,5659.01343420218
1792,2023-11-28,3.35876,5354.35606438008
1793,2023-11-29,3.27896,5227.143160231665
1794,2023-11-30,3.36926,5371.094604399608
1795,2023-12-01,3.26076,5198.129690864483
1796,2023-12-02,3.60728,5750.533394442286
1797,2023-12-03,3.97549,6337.514139260431
1798,2023-12-04,3.39306,5409.03529511054
1799,2023-12-05,3.29436,5251.693018926973
1800,2023-12-06,3.12495,4981.628631811898
1801,2023-12-07,3.00455,4789.693372921307
1802,2023-12-08,2.73923,4366.734378827855
1803,2023-12-09,3.02485,4822.054550292395
1804,2023-12-10,3.22716,5144.566362801992
1805,2023-12-11,2.88624,4601.089880567936
1806,2023-12-12,2.72313,4341.068617464578
1807,2023-12-13,2.69793,4300.896121417711
1808,2023-12-14,2.55442,4072.1201330174717
1809,2023-12-15,2.57892,4111.176726396371
1810,2023-12-16,3.14455,5012.873906515018
1811,2023-12-17,4.1568,6626.548871730971
1812,2023-12-18,3.42527,5460.382759303778
1813,2023-12-19,3.15855,5035.191959874389
1814,2023-12-20,3.03745,4842.14079831583
1815,2023-12-21,3.02065,4815.359134284584
1816,2023-12-22,2.99124,4768.475280763219
1817,2023-12-23,3.33006,5308.60405499337
1818,2023-12-24,3.50157,5582.01615011235
1819,2023-12-25,3.56667,5685.795098233425
1820,2023-12-26,3.17255,5057.51001323376
1821,2023-12-27,3.00805,4795.272886261149
1822,2023-12-28,2.70073,4305.359732089585
1823,2023-12-29,2.82394,4501.774543118735
1824,2023-12-30,3.27616,5222.679549559791
1825,2023-12-31,3.23766,5161.30490282152
1826,2024-01-01,2.69653,4298.664316081774
1827,2024-01-02,2.54742,4060.961106337786
1828,2024-01-03,2.53902,4047.5702743221636
1829,2024-01-04,2.45502,3913.661954165938
1830,2024-01-05,2.37731,3789.780816554743
1831,2024-01-06,2.75113,4385.704724183321
1832,2024-01-07,3.07875,4907.979055725974
1833,2024-01-08,2.42702,3869.0258474471957
1834,2024-01-09,2.42212,3861.2145287714156
1835,2024-01-10,2.45292,3910.3142461620323
1836,2024-01-11,2.55582,4074.3519383534094
1837,2024-01-12,2.54882,4063.1929116737238
1838,2024-01-13,2.84984,4543.062941833572
1839,2024-01-14,3.26286,5201.477398868388
1840,2024-01-15,2.71893,4334.373201456767
1841,2024-01-16,2.49282,3973.9206982362393
1842,2024-01-17,2.49772,3981.7320169120194
1843,2024-01-18,2.39551,3818.7942859219247
1844,2024-01-19,2.37101,3779.737692543026
1845,2024-01-20,2.53902,4047.5702743221636
1846,2024-01-21,2.83724,4522.9766938101375
1847,2024-01-22,2.79873,4461.586105605182
1848,2024-01-23,2.81834,4492.847321774987
1849,2024-01-24,2.63913,4207.160297308353
1850,2024-01-25,2.30521,3674.842841753982
1851,2024-01-26,2.30871,3680.4223550938245
1852,2024-01-27,2.75743,4395.7478481950375
1853,2024-01-28,3.11655,4968.237799796276
1854,2024-01-29,2.70213,4307.591537425522
1855,2024-01-30,2.52292,4021.904512958887
1856,2024-01-31,2.43962,3889.1120954706294
1857,2024-02-01,2.59012,4129.031169083868
1858,2024-02-02,2.42212,3861.2145287714156
1859,2024-02-03,2.68183,4275.230360054434
1860,2024-02-04,3.19355,5090.987093272816
1861,2024-02-05,2.69303,4293.084802741931
1862,2024-02-06,2.60203,4148.017455906019
1863,2024-02-07,2.31361,3688.233673769605
1864,2024-02-08,2.38081,3795.3603298945854
1865,2024-02-09,2.66083,4241.753280015377
1866,2024-02-10,2.94504,4694.825704677295
1867,2024-02-11,3.32236,5296.329125645716
1868,2024-02-12,3.45397,5506.134768690488
1869,2024-02-13,3.10465,4949.26745444081
1870,2024-02-14,2.85614,4553.106065845289
1871,2024-02-15,2.57892,4111.176726396371
1872,2024-02-16,2.58032,4113.408531732308
1873,2024-02-17,2.90444,4630.103349935119
1874,2024-02-18,3.46867,5529.5687247178275
1875,2024-02-19,2.87784,4587.699048552314
1876,2024-02-20,2.53762,4045.338468986227
1877,2024-02-21,2.50542,3994.0069462596734
1878,2024-02-22,2.52152,4019.6727076229504
1879,2024-02-23,2.58802,4125.683461079962
1880,2024-02-24,2.98354,4756.200351415566
1881,2024-02-25,3.43647,5478.237201991275
1882,2024-02-26,2.64473,4216.087518652101
1883,2024-02-27,2.66153,4242.869182683346
1884,2024-02-28,2.47252,3941.559520865151
1885,2024-02-29,2.53062,4034.1794423065407
1886,2024-03-01,2.94154,4689.246191337452
1887,2024-03-02,3.33776,5320.878984341023
1888,2024-03-03,3.33916,5323.110789676961
1889,2024-03-04,2.53552,4041.990760982321
1890,2024-03-05,2.56772,4093.3222837088742
1891,2024-03-06,2.57682,4107.8290183924655
1892,2024-03-07,2.60413,4151.365163909924
1893,2024-03-08,2.57472,4104.48131038856
1894,2024-03-09,3.17325,5058.625915901728
1895,2024-03-10,3.46797,5528.45282204986
1896,2024-03-11,2.84914,4541.947039165603
1897,2024-03-12,2.70563,4313.171050765365
1898,2024-03-13,2.75393,4390.168334855195
1899,2024-03-14,2.62513,4184.842243948981
1900,2024-03-15,2.57122,4098.901797048717
1901,2024-03-16,3.00245,4786.345664917401
1902,2024-03-17,3.47847,5545.191362069388
1903,2024-03-18,2.76373,4405.790972206754
1904,2024-03-19,2.55372,4071.004230349504
1905,2024-03-20,2.50892,3999.586459599516
1906,2024-03-21,2.37311,3783.085400546932
1907,2024-03-22,2.32341,3703.8563111211643
1908,2024-03-23,2.81974,4495.079127110924
1909,2024-03-24,3.35736,5352.1242590441425
1910,2024-03-25,2.74833,4381.241113511446
1911,2024-03-26,2.60903,4159.176482585704
1912,2024-03-27,2.34861,3744.028807168032
1913,2024-03-28,2.25691,3597.845557664152
1914,2024-03-29,2.35421,3752.956028511781
1915,2024-03-30,2.73783,4364.502573491918
1916,2024-03-31,2.93734,4682.550775329641
1917,2024-04-01,2.50402,3991.775140923736
1918,2024-04-02,2.31641,3692.6972844414786
1919,2024-04-03,2.43402,3880.1848741268805
1920,2024-04-04,2.43542,3882.416679462818
1921,2024-04-05,2.49212,3972.8047955682705
1922,2024-04-06,2.55722,4076.583743689346
1923,2024-04-07,2.81974,4495.079127110924
1924,2024-04-08,2.50682,3996.23875159561
1925,2024-04-09,2.34581,3739.5651964961585
1926,2024-04-10,2.66433,4247.33279335522
1927,2024-04-11,2.36191,3765.2309578594345
1928,2024-04-12,2.35141,3748.4924178399065
1929,2024-04-13,2.42492,3865.67813944329
1930,2024-04-14,2.53902,4047.5702743221636
1931,2024-04-15,2.25761,3598.9614603321206
1932,2024-04-16,2.1932,3496.2824734123283
1933,2024-04-17,2.23381,3561.0207696211896
1934,2024-04-18,2.0539,3274.2178424865865
1935,2024-04-19,2.07,3299.8836038498625
1936,2024-04-20,2.37171,3780.8535952109946
1937,2024-04-21,2.30941,3681.5382577617934
1938,2024-04-22,2.1372,3407.010259974844
1939,2024-04-23,1.98669,3167.07524489492
1940,2024-04-24,1.94679,3103.4687928207127
1941,2024-04-25,1.92579,3069.9917127816557
1942,2024-04-26,1.92999,3076.6871287894674
1943,2024-04-27,2.0427,3256.363399799089
1944,2024-04-28,2.21981,3538.7027162618183
1945,2024-04-29,1.97899,3154.800315547266
1946,2024-04-30,1.86139,2967.3286673285493
1947,2024-05-01,2.1001,3347.8674185725104
1948,2024-05-02,1.89499,3020.8919953910395
1949,2024-05-03,1.73118,2759.754829619713
1950,2024-05-04,1.93209,3080.034836793373
1951,2024-05-05,2.1603,3443.835048017806
1952,2024-05-06,2.0882,3328.8970732170455
1953,2024-05-07,1.81939,2900.3745072504357
1954,2024-05-08,1.77458,2828.940795033763
1955,2024-05-09,1.73818,2770.9138562993985
1956,2024-05-10,1.66888,2660.4394921705116
1957,2024-05-11,1.92929,3075.5712261214985
1958,2024-05-12,2.098,3344.5197105686048
1959,2024-05-13,1.90409,3035.3987300746307
1960,2024-05-14,1.74308,2778.725174975178
1961,2024-05-15,2.0273,3231.813541103781
1962,2024-05-16,1.84319,2938.3151979613667
1963,2024-05-17,1.73818,2770.9138562993985
1964,2024-05-18,1.69338,2699.4960855494114
1965,2024-05-19,1.89429,3019.776092723071
1966,2024-05-20,1.84739,2945.010613969178
1967,2024-05-21,1.72768,2754.1753162798705
1968,2024-05-22,1.75008,2789.884201654864
1969,2024-05-23,1.56317,2491.922247840575
1970,2024-05-24,1.57857,2516.472106535883
1971,2024-05-25,1.67868,2676.0621295220712
1972,2024-05-26,1.79978,2869.113291080631
1973,2024-05-27,1.60658,2561.1241547213103
1974,2024-05-28,1.47987,2359.129830352317
1975,2024-05-29,1.55057,2471.835999817141
1976,2024-05-30,1.55967,2486.342734500732
1977,2024-05-31,1.48057,2360.2457330202856
1978,2024-06-01,1.58697,2529.862938551506
1979,2024-06-02,1.79278,2857.9542644009457
1980,2024-06-03,2.0721,3303.231311853768
1981,2024-06-04,1.96429,3131.3663595199264
1982,2024-06-05,2.0385,3249.667983791278
1983,2024-06-06,1.72558,2750.8276082759644
1984,2024-06-07,1.61148,2568.9354733970904
1985,2024-06-08,1.72978,2757.523024283776
1986,2024-06-09,1.82149,2903.722215254342
1987,2024-06-10,1.70878,2724.045944244719
1988,2024-06-11,2.1274,3391.3876226232846
1989,2024-06-12,6.35701,10134.00631328967
1990,2024-06-13,4.59362,7322.904019476718
1991,2024-06-14,1.83269,2921.576657941838
1992,2024-06-15,1.96289,3129.134554183989
1993,2024-06-16,1.75988,2805.506839006424
1994,2024-06-17,2.35701,3757.4196391836545
1995,2024-06-18,1.79908,2867.9973884126625
1996,2024-06-19,1.62548,2591.2535267564617
1997,2024-06-20,1.48197,2362.477538356223
1998,2024-06-21,1.40497,2239.7282448796823
1999,2024-06-22,1.63528,2606.8761641080214
2000,2024-06-23,1.51417,2413.809061082776
2001,2024-06-24,1.42597,2273.205324918739
2002,2024-06-25,1.34966,2151.555992643481
2003,2024-06-26,1.17255,1869.216676180752
2004,2024-06-27,1.26426,2015.4158671513176
2005,2024-06-28,1.26426,2015.4158671513176
2006,2024-06-29,1.49177,2378.100175707783
2007,2024-06-30,1.51347,2412.693158414808
2008,2024-07-01,1.33636,2130.3538419520787
2009,2024-07-02,1.40357,2237.496439543745
2010,2024-07-03,1.41687,2258.6985902351475
2011,2024-07-04,1.22226,1948.4617070732045
2012,2024-07-05,1.19145,1899.3460482159028
2013,2024-07-06,1.55057,2471.835999817141
2014,2024-07-07,1.61988,2582.326305412713
2015,2024-07-08,1.22996,1960.7366364208585
2016,2024-07-09,1.19845,1910.5050748955885
2017,2024-07-10,1.19425,1903.8096588877772
2018,2024-07-11,1.33636,2130.3538419520787
2019,2024-07-12,1.34056,2137.04925795989
2020,2024-07-13,1.31326,2093.5290539091166
2021,2024-07-14,1.43297,2284.3643515984245
2022,2024-07-15,1.32376,2110.2675939286446
2023,2024-07-16,1.37836,2197.308002030192
2024,2024-07-17,1.81449,2892.5631885746557
2025,2024-07-18,1.57157,2505.3130798561974
2026,2024-07-19,1.45677,2322.305042309355
2027,2024-07-20,1.36366,2173.8740460028525
2028,2024-07-21,1.51207,2410.4613530788706
2029,2024-07-22,1.40357,2237.496439543745
2030,2024-07-23,1.30626,2082.370027229431
2031,2024-07-24,1.20336,1918.3323350380535
2032,2024-07-25,1.17605,1874.796189520595
2033,2024-07-26,1.14175,1820.1169587901359
2034,2024-07-27,1.35456,2159.367311319261
2035,2024-07-28,1.39866,2229.66917940128
2036,2024-07-29,1.28596,2050.0088498583427
2037,2024-07-30,1.28176,2043.3134338505315
2038,2024-07-31,1.17885,1879.259800192469
2039,2024-08-01,1.37416,2190.6125860223806
2040,2024-08-02,1.24746,1988.6342031200725
2041,2024-08-03,1.30206,2075.6746112216197
2042,2024-08-04,1.35386,2158.2514086512924
2043,2024-08-05,1.27896,2038.8498231786575
2044,2024-08-06,1.46377,2333.4640689890407
2045,2024-08-07,1.53167,2441.7066277819904
2046,2024-08-08,1.45817,2324.5368476452923
2047,2024-08-09,1.39796,2228.5532767333116
2048,2024-08-10,1.45117,2313.3778209656066
2049,2024-08-11,1.46937,2342.391290332789
2050,2024-08-12,1.44487,2303.3346969538898
2051,2024-08-13,1.45397,2317.8414316374806
2052,2024-08-14,1.40497,2239.7282448796823
2053,2024-08-15,1.46657,2337.9276796609147
2054,2024-08-16,1.41687,2258.6985902351475
2055,2024-08-17,1.46517,2335.695874324978
2056,2024-08-18,1.62618,2592.36942942443
2057,2024-08-19,1.44627,2305.5665022898265
2058,2024-08-20,1.45047,2312.2619182976377
2059,2024-08-21,1.52047,2423.8521850944935
2060,2024-08-22,1.60728,2562.240057389279
2061,2024-08-23,1.42247,2267.625811578896
2062,2024-08-24,1.52607,2432.779406438242
2063,2024-08-25,2.0497,3267.522426478775
2064,2024-08-26,1.71648,2736.320873592373
2065,2024-08-27,1.53167,2441.7066277819904
2066,2024-08-28,1.62058,2583.4422080806817
2067,2024-08-29,1.58907,2533.2106465554116
2068,2024-08-30,1.63598,2607.9920667759898
2069,2024-08-31,1.65768,2642.585049483015
2070,2024-09-01,1.95589,3117.9755275043035
2071,2024-09-02,1.76128,2807.7386443423607
2072,2024-09-03,1.80609,2879.1723565590332
2073,2024-09-04,1.82989,2917.113047269964
2074,2024-09-05,1.69758,2706.1915015572226
2075,2024-09-06,1.63248,2602.412553436147
2076,2024-09-07,1.80749,2881.4041618949705
2077,2024-09-08,2.0448,3259.711107802995
2078,2024-09-09,1.81449,2892.5631885746557
2079,2024-09-10,2.20161,3509.689246894636
2080,2024-09-11,1.84879,2947.242419305115
2081,2024-09-12,1.77528,2830.0566977017315
2082,2024-09-13,1.63948,2613.5715801158326
2083,2024-09-14,1.75218,2793.23190965877
2084,2024-09-15,1.91529,3053.2531727621276
2085,2024-09-16,1.88029,2997.4580393636998
2086,2024-09-17,1.77178,2824.4771843618887
2087,2024-09-18,2.1967,3501.8619867521707
2088,2024-09-19,2.44802,3902.5029274862522
2089,2024-09-20,2.96114,4720.491466040571
2090,2024-09-21,2.48792,3966.1093795604593
2091,2024-09-22,2.63423,4199.348978632573
2092,2024-09-23,2.52152,4019.6727076229504
2093,2024-09-24,2.46622,3931.516396853434
2094,2024-09-25,2.43402,3880.1848741268805
2095,2024-09-26,4.40252,7018.262591121304
2096,2024-09-27,2.37871,3792.01262189068
2097,2024-09-28,2.43682,3884.648484798755
2098,2024-09-29,2.73363,4357.807157484106
2099,2024-09-30,2.25621,3596.729654996183
