,date,시리즈,시리즈_absolute
0,2019-01-01,17.62679,2066.925176716988
1,2019-01-02,19.64593,2303.690424462967
2,2019-01-03,17.72248,2078.1458283591787
3,2019-01-04,16.22009,1901.974913731624
4,2019-01-05,17.52153,2054.582342650137
5,2019-01-06,20.5933,2414.77944887787
6,2019-01-07,19.46411,2282.370130998832
7,2019-01-08,19.42583,2277.8814013001897
8,2019-01-09,22.77511,2670.619452634249
9,2019-01-10,21.94258,2572.996617315271
10,2019-01-11,22.41148,2627.980038310393
11,2019-01-12,21.27272,2494.4485380066935
12,2019-01-13,24.39234,2860.2565563577296
13,2019-01-14,24.83253,2911.873430078869
14,2019-01-15,24.04784,2819.86033427878
15,2019-01-16,22.56459,2645.933784500546
16,2019-01-17,22.32535,2617.8803964884482
17,2019-01-18,22.48803,2636.956325103262
18,2019-01-19,22.50717,2639.200689952583
19,2019-01-20,24.36363,2856.890009083748
20,2019-01-21,24.36363,2856.890009083748
21,2019-01-22,23.85645,2797.4178583899843
22,2019-01-23,23.79904,2790.6859364464362
23,2019-01-24,23.62679,2770.4878254069613
24,2019-01-25,23.13875,2713.260039562519
25,2019-01-26,23.08133,2706.526945014556
26,2019-01-27,26.18181,3070.0905985162703
27,2019-01-28,25.30143,2966.8568510739906
28,2019-01-29,25.47368,2987.0549621134655
29,2019-01-30,23.35885,2739.069062725296
30,2019-01-31,25.01435,2933.1937235430046
31,2019-02-01,24.622,2887.1865893407526
32,2019-02-02,24.31578,2851.2790969604453
33,2019-02-03,26.74641,3136.295843757997
34,2019-02-04,25.1866,2953.3918345824786
35,2019-02-05,22.61244,2651.5446966238487
36,2019-02-06,25.49282,2989.299326962786
37,2019-02-07,27.04306,3171.0811537136437
38,2019-02-08,25.64593,3007.25307315294
39,2019-02-09,23.95215,2808.6396826365894
40,2019-02-10,26.3732,3092.533074405066
41,2019-02-11,25.88516,3035.3052885606235
42,2019-02-12,24.13397,2829.959976100725
43,2019-02-13,24.17224,2834.447533194952
44,2019-02-14,23.75119,2785.075024323133
45,2019-02-15,24.42105,2863.623103631711
46,2019-02-16,23.76076,2786.197206747794
47,2019-02-17,25.311,2967.979033498651
48,2019-02-18,25.62679,3005.0087083036187
49,2019-02-19,25.78947,3024.0846369184333
50,2019-02-20,24.38277,2859.134373933069
51,2019-02-21,24.13397,2829.959976100725
52,2019-02-22,24.00956,2815.371604580138
53,2019-02-23,24.20095,2837.8140804689338
54,2019-02-24,27.85645,3266.4596241832996
55,2019-02-25,28.9665,3396.6245772130173
56,2019-02-26,27.97129,3279.9258132792256
57,2019-02-27,28.16267,3302.367116563607
58,2019-02-28,27.17703,3186.790535054476
59,2019-03-01,28.99521,3399.9911244869986
60,2019-03-02,29.99043,3516.6910610252044
61,2019-03-03,32.77511,3843.2238671175364
62,2019-03-04,28.03827,3287.779917647435
63,2019-03-05,27.24401,3194.644639422685
64,2019-03-06,26.43062,3099.266168953029
65,2019-03-07,25.96172,3044.2827479579078
66,2019-03-08,26.44019,3100.3883513776896
67,2019-03-09,29.14832,3417.9448706771523
68,2019-03-10,33.9043,3975.633184996575
69,2019-03-11,28.57416,3350.61861561518
70,2019-03-12,28.16267,3302.367116563607
71,2019-03-13,26.28708,3082.434605187536
72,2019-03-14,24.51674,2874.8437552739015
73,2019-03-15,24.14354,2831.0821585253852
74,2019-03-16,25.89473,3036.427470985284
75,2019-03-17,29.99043,3516.6910610252044
76,2019-03-18,29.33014,3439.2651641412876
77,2019-03-19,28.32535,3321.443045178421
78,2019-03-20,29.50239,3459.4632751807617
79,2019-03-21,27.36842,3209.233010943272
80,2019-03-22,26.25837,3079.068057913554
81,2019-03-23,26.43062,3099.266168953029
82,2019-03-24,28.50717,3342.763338642556
83,2019-03-25,28.75598,3371.938909079315
84,2019-03-26,26.51674,3109.364638170559
85,2019-03-27,27.04306,3171.0811537136437
86,2019-03-28,24.80382,2908.506882804888
87,2019-03-29,25.20574,2955.6361994318
88,2019-03-30,25.38755,2976.955320291521
89,2019-03-31,27.82775,3263.094249513733
90,2019-04-01,27.4354,3217.087115311481
91,2019-04-02,26.98564,3164.3480591656803
92,2019-04-03,25.1866,2953.3918345824786
93,2019-04-04,24.36363,2856.890009083748
94,2019-04-05,23.35885,2739.069062725296
95,2019-04-06,23.79904,2790.6859364464362
96,2019-04-07,27.72248,3250.7502428424673
97,2019-04-08,26.89952,3154.2495899481505
98,2019-04-09,24.8421,2912.9956125035296
99,2019-04-10,25.25358,2961.245938950688
100,2019-04-11,24.61244,2886.0655795205066
101,2019-04-12,23.44497,2749.1675319428264
102,2019-04-13,22.00956,2580.8507216834805
103,2019-04-14,26.85167,3148.638677824848
104,2019-04-15,25.08133,2941.0478279112135
105,2019-04-16,23.7799,2788.441571597115
106,2019-04-17,24.7177,2898.4084135873577
107,2019-04-18,22.00956,2580.8507216834805
108,2019-04-19,23.41626,2745.8009846688446
109,2019-04-20,22.22009,2605.5375624215967
110,2019-04-21,24.57416,2881.5768498218645
111,2019-04-22,24.67942,2893.9196838887156
112,2019-04-23,23.41626,2745.8009846688446
113,2019-04-24,23.03349,2700.917205495668
114,2019-04-25,24.4976,2872.59939042458
115,2019-04-26,22.25837,2610.026292120239
116,2019-04-27,20.46889,2400.1910773572836
117,2019-04-28,23.72248,2781.708477049152
118,2019-04-29,24.04784,2819.86033427878
119,2019-04-30,21.49282,2520.2575611694706
120,2019-05-01,23.05263,2703.161570344989
121,2019-05-02,22.36363,2622.3691261870904
122,2019-05-03,23.00478,2697.5506582216863
123,2019-05-04,20.50717,2404.6798070559253
124,2019-05-05,21.17703,2483.227886364503
125,2019-05-06,25.04306,2936.560270816986
126,2019-05-07,24.27751,2846.7915398662176
127,2019-05-08,22.42105,2629.1022207350534
128,2019-05-09,21.32057,2500.059450129996
129,2019-05-10,22.46889,2634.711960253941
130,2019-05-11,19.60765,2299.2016947643247
131,2019-05-12,21.76076,2551.676323851136
132,2019-05-13,24.25837,2844.5471750168967
133,2019-05-14,21.55023,2526.9894831130196
134,2019-05-15,22.68899,2660.5209834167185
135,2019-05-16,21.92344,2570.7522524659503
136,2019-05-17,20.51674,2405.801989480586
137,2019-05-18,19.67464,2307.0569717369485
138,2019-05-19,21.39712,2509.035736922866
139,2019-05-20,21.99043,2578.6075294385737
140,2019-05-21,21.48325,2519.1353787448106
141,2019-05-22,21.67464,2541.577854633606
142,2019-05-23,20.0,2345.2088289665767
143,2019-05-24,19.79904,2321.644170653121
144,2019-05-25,16.88038,1979.4008106155409
145,2019-05-26,19.23444,2255.438925411394
146,2019-05-27,22.10526,2592.0725459300857
147,2019-05-28,20.69856,2427.1222829447215
148,2019-05-29,20.80382,2439.4651170115726
149,2019-05-30,19.35885,2270.027296931981
150,2019-05-31,18.88038,2213.9216935121985
151,2019-06-01,17.10047,2005.208661173904
152,2019-06-02,20.74641,2432.733195068024
153,2019-06-03,21.96172,2575.2409821645924
154,2019-06-04,20.56459,2411.4129016038887
155,2019-06-05,21.27272,2494.4485380066935
156,2019-06-06,20.42105,2394.5813378383955
157,2019-06-07,19.91387,2335.109187144632
158,2019-06-08,18.31578,2147.7164482704725
159,2019-06-09,20.10526,2357.5516630334278
160,2019-06-10,20.42105,2394.5813378383955
161,2019-06-11,18.34449,2151.0829955444538
162,2019-06-12,19.22488,2254.317915591148
163,2019-06-13,19.34928,2268.9051145073204
164,2019-06-14,17.78947,2086.0011053318026
165,2019-06-15,17.23444,2020.9180425147363
166,2019-06-16,18.55502,2175.7698362825704
167,2019-06-17,20.45933,2399.0700675370376
168,2019-06-18,20.07655,2354.1851157594465
169,2019-06-19,19.79904,2321.644170653121
170,2019-06-20,19.78947,2320.52198822846
171,2019-06-21,19.27272,2259.927655110036
172,2019-06-22,16.7177,1960.324882000727
173,2019-06-23,18.11483,2124.1529625614307
174,2019-06-24,20.46889,2400.1910773572836
175,2019-06-25,20.14354,2362.04039273207
176,2019-06-26,19.54066,2291.3464177917012
177,2019-06-27,18.53588,2173.5254714332495
178,2019-06-28,18.31578,2147.7164482704725
179,2019-06-29,18.31578,2147.7164482704725
180,2019-06-30,21.64593,2538.2113073596247
181,2019-07-01,21.49282,2520.2575611694706
182,2019-07-02,19.54066,2291.3464177917012
183,2019-07-03,18.57416,2178.0142011318912
184,2019-07-04,18.89952,2216.16605836152
185,2019-07-05,18.67942,2190.357035198743
186,2019-07-06,17.85645,2093.855209700011
187,2019-07-07,20.79425,2438.342934586912
188,2019-07-08,21.51196,2522.501926018792
189,2019-07-09,19.23444,2255.438925411394
190,2019-07-10,21.30143,2497.8150852806752
191,2019-07-11,19.98086,2342.964464117256
192,2019-07-12,18.53588,2173.5254714332495
193,2019-07-13,17.36842,2036.6285964599836
194,2019-07-14,20.1244,2359.796027882749
195,2019-07-15,20.68899,2426.0001005200606
196,2019-07-16,20.41148,2393.459155413735
197,2019-07-17,20.64114,2420.389188396758
198,2019-07-18,20.52631,2406.9241719052466
199,2019-07-19,19.73205,2313.788893680497
200,2019-07-20,17.99043,2109.5657636452584
201,2019-07-21,19.80861,2322.7663530777813
202,2019-07-22,20.44976,2397.947885112377
203,2019-07-23,20.40191,2392.3369729890746
204,2019-07-24,20.31578,2382.23733116713
205,2019-07-25,24.78468,2906.262517955567
206,2019-07-26,20.40191,2392.3369729890746
207,2019-07-27,17.52153,2054.582342650137
208,2019-07-28,19.48325,2284.6144958481527
209,2019-07-29,19.95215,2339.597916843274
210,2019-07-30,21.97129,2576.363164589253
211,2019-07-31,20.45933,2399.0700675370376
212,2019-08-01,19.44497,2280.125766149511
213,2019-08-02,18.74641,2198.212312171366
214,2019-08-03,17.75119,2081.5123756331604
215,2019-08-04,20.39234,2391.214790564414
216,2019-08-05,20.42105,2394.5813378383955
217,2019-08-06,21.311,2498.9372677053357
218,2019-08-07,20.11483,2358.6738454580886
219,2019-08-08,21.49282,2520.2575611694706
220,2019-08-09,19.62679,2301.446059613646
221,2019-08-10,17.11004,2006.3308435985643
222,2019-08-11,19.61722,2300.3238771889855
223,2019-08-12,21.05263,2468.640687448331
224,2019-08-13,20.5933,2414.77944887787
225,2019-08-14,20.0287,2348.574203636144
226,2019-08-15,22.05741,2586.461633806783
227,2019-08-16,20.94736,2456.2966807770654
228,2019-08-17,18.04784,2116.2976855888073
229,2019-08-18,20.54545,2409.1685367545674
230,2019-08-19,23.48325,2753.656261641468
231,2019-08-20,21.04306,2467.5185050236705
232,2019-08-21,21.37799,2506.7925446779595
233,2019-08-22,20.2488,2374.383226798921
234,2019-08-23,22.76555,2669.498442814003
235,2019-08-24,19.7799,2319.3998058037996
236,2019-08-25,21.57894,2530.356030387001
237,2019-08-26,23.76076,2786.197206747794
238,2019-08-27,23.26315,2727.847238478691
239,2019-08-28,22.79425,2672.8638174835696
240,2019-08-29,22.72727,2665.0097131153607
241,2019-08-30,21.87559,2565.1413403426477
242,2019-08-31,21.17703,2483.227886364503
243,2019-09-01,25.14832,2948.903104883837
244,2019-09-02,25.15789,2950.0252873084974
245,2019-09-03,26.09569,3059.9921292987406
246,2019-09-04,25.66507,3009.497438002261
247,2019-09-05,25.02392,2934.315905967665
248,2019-09-06,25.13875,2947.7809224591765
249,2019-09-07,46.78468,5485.992229818801
250,2019-09-08,39.15789,4591.671467585102
251,2019-09-09,31.49282,3692.861975652759
252,2019-09-10,30.68899,3598.604515003349
253,2019-09-11,30.4976,3576.1620391145534
254,2019-09-12,30.36363,3560.452657773721
255,2019-09-13,25.33971,2971.3455807726327
256,2019-09-14,29.16746,3420.189235526473
257,2019-09-15,33.52153,3930.7494058233983
258,2019-09-16,30.31578,3554.8417456504185
259,2019-09-17,28.79425,3376.426466173543
260,2019-09-18,27.54066,3229.429949378332
261,2019-09-19,26.78468,3140.7834008522245
262,2019-09-20,26.41148,3097.0218041037083
263,2019-09-21,27.07177,3174.447700987625
264,2019-09-22,33.71291,3953.1907091077796
265,2019-09-23,30.69856,3599.7266974280096
266,2019-09-24,29.95215,3512.202331326562
267,2019-09-25,29.7799,3492.004220287088
268,2019-09-26,27.88516,3269.8261714572814
269,2019-09-27,27.59808,3236.163043926295
270,2019-09-28,26.98564,3164.3480591656803
271,2019-09-29,29.35885,3442.631711415269
272,2019-09-30,28.23923,3311.344575960891
273,2019-10-01,28.3732,3327.0539573017236
274,2019-10-02,29.02392,3403.3576717609803
275,2019-10-03,28.87081,3385.4039255708262
276,2019-10-04,27.7799,3257.4833373904303
277,2019-10-05,26.57416,3116.097732718522
278,2019-10-06,31.39712,3681.6401514061545
279,2019-10-07,32.1244,3766.921325262695
280,2019-10-08,30.74641,3605.337609551312
281,2019-10-09,33.99043,3985.73282681852
282,2019-10-10,31.73205,3720.914191060443
283,2019-10-11,30.3732,3561.5748401983815
284,2019-10-12,30.26794,3549.2320061315304
285,2019-10-13,33.93301,3978.999732270557
286,2019-10-14,32.56459,3818.538198983835
287,2019-10-15,29.59808,3470.683926822953
288,2019-10-16,31.79904,3728.769468033067
289,2019-10-17,30.36363,3560.452657773721
290,2019-10-18,30.32535,3555.963928075079
291,2019-10-19,27.17703,3186.790535054476
292,2019-10-20,31.64593,3710.815721842913
293,2019-10-21,33.29186,3903.818200235961
294,2019-10-22,33.20574,3893.7197310184306
295,2019-10-23,33.1866,3891.4753661691093
296,2019-10-24,32.44019,3803.951000067663
297,2019-10-25,32.75598,3840.9806748726305
298,2019-10-26,30.73684,3604.215427126652
299,2019-10-27,36.82296,4317.876545034155
300,2019-10-28,36.28708,4255.039019670825
301,2019-10-29,34.31578,4023.8835114437334
302,2019-10-30,35.12918,4119.263154517804
303,2019-10-31,30.95693,3630.0232776850144
304,2019-11-01,30.5933,3587.3838633611585
305,2019-11-02,32.30622,3788.2416187268304
306,2019-11-03,34.90909,4093.4553039594416
307,2019-11-04,34.48803,4044.0816224832083
308,2019-11-05,33.85645,3970.022272873273
309,2019-11-06,33.85645,3970.022272873273
310,2019-11-07,32.60287,3823.026928682477
311,2019-11-08,32.622,3825.2701209273832
312,2019-11-09,32.81339,3847.7125968161786
313,2019-11-10,38.21052,4480.5824431701985
314,2019-11-11,37.15789,4357.150584688444
315,2019-11-12,33.62679,3943.0922398902494
316,2019-11-13,36.74641,4308.900258241285
317,2019-11-14,35.27272,4136.094718283297
318,2019-11-15,33.47368,3925.138493700096
319,2019-11-16,32.83253,3849.9569616655
320,2019-11-17,36.79425,4314.509997760173
321,2019-11-18,38.48803,4513.123388276524
322,2019-11-19,35.56937,4170.880028238944
323,2019-11-20,33.5598,3935.2369629176264
324,2019-11-21,32.19138,3774.775429630904
325,2019-11-22,31.311,3671.5416821886242
326,2019-11-23,28.87081,3385.4039255708262
327,2019-11-24,33.81818,3965.534715779045
328,2019-11-25,34.99521,4103.553773176972
329,2019-11-26,31.48325,3691.7397932280987
330,2019-11-27,30.68899,3598.604515003349
331,2019-11-28,28.36363,3325.931774877063
332,2019-11-29,27.89473,3270.948353881942
333,2019-11-30,28.03827,3287.779917647435
334,2019-12-01,32.30622,3788.2416187268304
335,2019-12-02,30.97607,3632.267642534335
336,2019-12-03,29.0622,3407.8464014596225
337,2019-12-04,28.47846,3339.3967913685747
338,2019-12-05,27.33014,3204.7442812446297
339,2019-12-06,27.96172,3278.803630854565
340,2019-12-07,27.6555,3242.896138474258
341,2019-12-08,30.81339,3613.191713919521
342,2019-12-09,31.54066,3698.4717151716472
343,2019-12-10,28.88038,3386.526107995487
344,2019-12-11,27.86602,3267.58180660796
345,2019-12-12,28.65071,3359.5949024080496
346,2019-12-13,29.87559,3503.2248719292784
347,2019-12-14,26.14354,3065.603041422043
348,2019-12-15,29.7799,3492.004220287088
349,2019-12-16,29.97129,3514.4466961758835
350,2019-12-17,29.75119,3488.6376730131065
351,2019-12-18,28.92822,3392.135847514375
352,2019-12-19,27.11004,3178.9352580818527
353,2019-12-20,26.55502,3113.853367869201
354,2019-12-21,26.55502,3113.853367869201
355,2019-12-22,31.0909,3645.732659025847
356,2019-12-23,32.27751,3784.8750714528483
357,2019-12-24,31.30143,3670.419499763964
358,2019-12-25,33.62679,3943.0922398902494
359,2019-12-26,29.88516,3504.347054353939
360,2019-12-27,27.311,3202.499916395309
361,2019-12-28,26.86124,3149.7608602495084
362,2019-12-29,29.10047,3412.33395855385
363,2019-12-30,28.63157,3357.3505375587283
364,2019-12-31,26.27751,3081.3124227628755
365,2020-01-01,26.79425,3141.905583276885
366,2020-01-02,26.86124,3149.7608602495084
367,2020-01-03,26.46889,3103.7537260472564
368,2020-01-04,25.87559,3034.183106135963
369,2020-01-05,29.51196,3460.5854576054226
370,2020-01-06,27.51196,3226.0645747087647
371,2020-01-07,28.05741,3290.024282496756
372,2020-01-08,25.94258,3042.0383831085865
373,2020-01-09,25.46411,2985.932779688805
374,2020-01-10,25.56937,2998.2756137556557
375,2020-01-11,24.45933,2868.111833330353
376,2020-01-12,29.35885,3442.631711415269
377,2020-01-13,28.04784,3288.9021000720954
378,2020-01-14,25.84688,3030.8165588619813
379,2020-01-15,25.73205,3017.3515423704703
380,2020-01-16,24.88995,2918.606524626832
381,2020-01-17,24.81339,2909.629065229548
382,2020-01-18,24.56459,2880.454667397204
383,2020-01-19,27.21531,3191.2792647531182
384,2020-01-20,27.60765,3237.2852263509553
385,2020-01-21,26.28708,3082.434605187536
386,2020-01-22,24.44976,2866.9896509056925
387,2020-01-23,26.92822,3157.6149646177173
388,2020-01-24,26.35406,3090.288709555745
389,2020-01-25,24.4976,2872.59939042458
390,2020-01-26,26.53588,3111.60900301988
391,2020-01-27,28.65071,3359.5949024080496
392,2020-01-28,28.94736,3394.380212363696
393,2020-01-29,29.33014,3439.2651641412876
394,2020-01-30,27.19617,3189.034899903797
395,2020-01-31,24.66985,2892.797501464055
396,2020-02-01,25.311,2967.979033498651
397,2020-02-02,26.67942,3128.4405667853734
398,2020-02-03,27.37799,3210.3551933679323
399,2020-02-04,28.27751,3315.833305659533
400,2020-02-05,28.82296,3379.7930134475237
401,2020-02-06,26.26794,3080.190240338215
402,2020-02-07,26.38277,3093.6552568297266
403,2020-02-08,26.57416,3116.097732718522
404,2020-02-09,30.89952,3623.291355741466
405,2020-02-10,31.16746,3654.710118423131
406,2020-02-11,30.10526,3530.1560775167163
407,2020-02-12,32.20095,3775.8976120555644
408,2020-02-13,32.10526,3764.6769604133738
409,2020-02-14,29.38755,3445.997086084836
410,2020-02-15,30.38277,3562.697022623042
411,2020-02-16,30.85167,3617.6804436181633
412,2020-02-17,28.55502,3348.3742507658585
413,2020-02-18,27.4354,3217.087115311481
414,2020-02-19,25.99043,3047.649295231889
415,2020-02-20,26.61244,3120.586462417164
416,2020-02-21,26.26794,3080.190240338215
417,2020-02-22,26.83253,3146.3943129755266
418,2020-02-23,26.89952,3154.2495899481505
419,2020-02-24,25.87559,3034.183106135963
420,2020-02-25,27.94258,3276.5592660052444
421,2020-02-26,25.51196,2991.543691812107
422,2020-02-27,28.2488,3312.4667583855517
423,2020-02-28,28.17224,3303.4892989882674
424,2020-02-29,27.01435,3167.714606439662
425,2020-03-01,29.81818,3496.49294998573
426,2020-03-02,28.67942,3362.961449682031
427,2020-03-03,27.97129,3279.9258132792256
428,2020-03-04,28.47846,3339.3967913685747
429,2020-03-05,28.70813,3366.3279969560126
430,2020-03-06,27.97129,3279.9258132792256
431,2020-03-07,28.9665,3396.6245772130173
432,2020-03-08,29.51196,3460.5854576054226
433,2020-03-09,31.34928,3676.0304118872664
434,2020-03-10,30.39234,3563.8192050477023
435,2020-03-11,29.38755,3445.997086084836
436,2020-03-12,28.04784,3288.9021000720954
437,2020-03-13,27.13875,3182.3018053558344
438,2020-03-14,26.07655,3057.7477644494193
439,2020-03-15,30.0,3517.813243449865
440,2020-03-16,27.78947,3258.6055198150907
441,2020-03-17,27.01435,3167.714606439662
442,2020-03-18,27.93301,3275.437083580584
443,2020-03-19,26.85167,3148.638677824848
444,2020-03-20,28.23923,3311.344575960891
445,2020-03-21,27.94258,3276.5592660052444
446,2020-03-22,29.1866,3422.433600375794
447,2020-03-23,30.04784,3523.4229829687533
448,2020-03-24,28.45933,3337.1535991236683
449,2020-03-25,29.82775,3497.6151324103907
450,2020-03-26,28.64114,3358.4727199833887
451,2020-03-27,26.64114,3123.9518370867313
452,2020-03-28,25.40669,2979.1996851408417
453,2020-03-29,28.42105,3332.664869425026
454,2020-03-30,27.05263,3172.203336138304
455,2020-03-31,26.28708,3082.434605187536
456,2020-04-01,29.03349,3404.4798541856408
457,2020-04-02,29.36842,3443.7538938399293
458,2020-04-03,27.1866,3187.9127174791365
459,2020-04-04,27.6555,3242.896138474258
460,2020-04-05,29.96172,3513.324513751223
461,2020-04-06,31.79904,3728.769468033067
462,2020-04-07,30.66985,3596.360150154028
463,2020-04-08,30.44019,3569.430117171005
464,2020-04-09,28.32535,3321.443045178421
465,2020-04-10,29.33014,3439.2651641412876
466,2020-04-11,29.38755,3445.997086084836
467,2020-04-12,30.69856,3599.7266974280096
468,2020-04-13,29.82775,3497.6151324103907
469,2020-04-14,28.38277,3328.1761397263845
470,2020-04-15,26.58373,3117.219915143183
471,2020-04-16,27.66507,3244.018320898919
472,2020-04-17,27.58851,3235.0408615016345
473,2020-04-18,24.61244,2886.0655795205066
474,2020-04-19,28.63157,3357.3505375587283
475,2020-04-20,27.69377,3247.3836955684856
476,2020-04-21,26.86124,3149.7608602495084
477,2020-04-22,26.15311,3066.7252238467036
478,2020-04-23,26.0287,3052.1368523261167
479,2020-04-24,24.4976,2872.59939042458
480,2020-04-25,24.53588,2877.0881201232223
481,2020-04-26,27.99043,3282.170178128547
482,2020-04-27,26.70813,3131.8071140593547
483,2020-04-28,24.8421,2912.9956125035296
484,2020-04-29,24.45933,2868.111833330353
485,2020-04-30,22.53588,2642.567237226565
486,2020-05-01,23.79904,2790.6859364464362
487,2020-05-02,23.94258,2807.517500211929
488,2020-05-03,27.58851,3235.0408615016345
489,2020-05-04,25.92344,3039.7940182592656
490,2020-05-05,24.83253,2911.873430078869
491,2020-05-06,25.0909,2942.170010335874
492,2020-05-07,23.59808,2767.1212781329796
493,2020-05-08,23.42583,2746.923167093505
494,2020-05-09,23.77033,2787.3193891724545
495,2020-05-10,23.73205,2782.8306594738124
496,2020-05-11,23.84688,2796.295675965324
497,2020-05-12,23.93301,2806.3953177872686
498,2020-05-13,24.34449,2854.645644234427
499,2020-05-14,23.91387,2804.1509529379473
500,2020-05-15,24.2488,2843.4249925922363
501,2020-05-16,20.65071,2421.511370821419
502,2020-05-17,22.99521,2696.428475797026
503,2020-05-18,24.46889,2869.232843150599
504,2020-05-19,22.74641,2667.2540779646815
505,2020-05-20,24.32535,2852.4012793851057
506,2020-05-21,24.05741,2820.9825167034405
507,2020-05-22,23.99043,2813.1284123352316
508,2020-05-23,21.45454,2515.768831470829
509,2020-05-24,23.9043,2803.028770513287
510,2020-05-25,24.40191,2861.37873878239
511,2020-05-26,26.23923,3076.8236930642333
512,2020-05-27,33.84688,3968.900090448612
513,2020-05-28,29.20574,3424.6779652251153
514,2020-05-29,24.39234,2860.2565563577296
515,2020-05-30,20.86124,2446.198211559535
516,2020-05-31,22.41148,2627.980038310393
517,2020-06-01,23.89473,2801.9065880886264
518,2020-06-02,23.72248,2781.708477049152
519,2020-06-03,24.99521,2930.9493586936833
520,2020-06-04,24.65071,2890.5531366147343
521,2020-06-05,23.38755,2742.434437394863
522,2020-06-06,22.26794,2611.1484745448997
523,2020-06-07,24.34449,2854.645644234427
524,2020-06-08,24.50717,2873.7215728492406
525,2020-06-09,22.9665,2693.061928523044
526,2020-06-10,23.24401,2725.6028736293697
527,2020-06-11,24.88038,2917.484342202172
528,2020-06-12,22.05741,2586.461633806783
529,2020-06-13,20.16267,2364.2835849769763
530,2020-06-14,23.14832,2714.382221987179
531,2020-06-15,22.66985,2658.2766185673972
532,2020-06-16,22.94736,2690.8175636737233
533,2020-06-17,24.48803,2871.4772079999198
534,2020-06-18,23.67464,2776.098737530264
535,2020-06-19,22.29665,2614.515021818881
536,2020-06-20,20.0287,2348.574203636144
537,2020-06-21,21.311,2498.9372677053357
538,2020-06-22,23.10047,2708.771309863877
539,2020-06-23,20.622,2418.144823547437
540,2020-06-24,22.92822,2688.573198824402
541,2020-06-25,23.71291,2780.5862946244915
542,2020-06-26,21.44497,2514.6466490461685
543,2020-06-27,18.9665,2224.020162729729
544,2020-06-28,22.29665,2614.515021818881
545,2020-06-29,23.73205,2782.8306594738124
546,2020-06-30,22.86124,2680.719094456193
547,2020-07-01,21.12918,2477.6169742412008
548,2020-07-02,21.59808,2532.600395236322
549,2020-07-03,20.8421,2443.9538467102143
550,2020-07-04,18.76555,2200.4566770206875
551,2020-07-05,20.64114,2420.389188396758
552,2020-07-06,20.622,2418.144823547437
553,2020-07-07,22.05741,2586.461633806783
554,2020-07-08,21.56937,2529.2338479623404
555,2020-07-09,21.85645,2562.8969754933264
556,2020-07-10,19.48325,2284.6144958481527
557,2020-07-11,18.66985,2189.234852774082
558,2020-07-12,23.45454,2750.289714367487
559,2020-07-13,23.19617,2719.9931341104816
560,2020-07-14,22.91866,2687.452189004156
561,2020-07-15,22.2488,2608.9041096955784
562,2020-07-16,22.17224,2599.926650298294
563,2020-07-17,21.42583,2512.4022841968476
564,2020-07-18,19.10047,2239.7295440705616
565,2020-07-19,20.93779,2455.174498352405
566,2020-07-20,22.94736,2690.8175636737233
567,2020-07-21,22.25837,2610.026292120239
568,2020-07-22,22.16267,2598.8044678736337
569,2020-07-23,24.56459,2880.454667397204
570,2020-07-24,22.44019,2631.346585584374
571,2020-07-25,25.0909,2942.170010335874
572,2020-07-26,25.76076,3020.7180896444515
573,2020-07-27,24.88995,2918.606524626832
574,2020-07-28,22.97607,2694.1841109477045
575,2020-07-29,23.63636,2771.6100078316217
576,2020-07-30,21.75119,2550.554141426476
577,2020-07-31,20.33492,2384.481696016451
578,2020-08-01,20.81339,2440.5872994362326
579,2020-08-02,21.44497,2514.6466490461685
580,2020-08-03,21.56937,2529.2338479623404
581,2020-08-04,21.32057,2500.059450129996
582,2020-08-05,22.67942,2659.398800992058
583,2020-08-06,22.39234,2625.7356734610717
584,2020-08-07,20.48803,2402.4354422066044
585,2020-08-08,21.24401,2491.0819907327123
586,2020-08-09,22.0,2579.729711863234
587,2020-08-10,22.10526,2592.0725459300857
588,2020-08-11,21.6555,2539.333489784285
589,2020-08-12,22.65071,2656.0322537180764
590,2020-08-13,21.33971,2502.3038149793174
591,2020-08-14,20.53588,2408.046354329907
592,2020-08-15,19.00478,2228.508892428371
593,2020-08-16,19.95215,2339.597916843274
594,2020-08-17,21.1866,2484.3500687891633
595,2020-08-18,20.2488,2374.383226798921
596,2020-08-19,21.20574,2486.5944336384846
597,2020-08-20,21.33971,2502.3038149793174
598,2020-08-21,21.34928,2503.425997403978
599,2020-08-22,20.52631,2406.9241719052466
600,2020-08-23,21.33971,2502.3038149793174
601,2020-08-24,20.70813,2428.244465369382
602,2020-08-25,23.12918,2712.1378571378586
603,2020-08-26,23.74162,2783.952841898473
604,2020-08-27,23.27272,2728.9694209033514
605,2020-08-28,23.14832,2714.382221987179
606,2020-08-29,24.47846,2870.3550255752593
607,2020-08-30,24.63157,2888.308771765413
608,2020-08-31,23.36842,2740.1912451499566
609,2020-09-01,25.27272,2963.490303800009
610,2020-09-02,27.00478,3166.5924240150016
611,2020-09-03,26.0,3048.77147765655
612,2020-09-04,24.94736,2925.3384465703807
613,2020-09-05,25.88516,3035.3052885606235
614,2020-09-06,29.13875,3416.822688252492
615,2020-09-07,30.40191,3564.9413874723627
616,2020-09-08,28.57416,3350.61861561518
617,2020-09-09,29.55023,3465.0730146996502
618,2020-09-10,31.54066,3698.4717151716472
619,2020-09-11,30.60287,3588.506045785819
620,2020-09-12,28.67942,3362.961449682031
621,2020-09-13,30.52631,3579.5285863885347
622,2020-09-14,29.05263,3406.7242190349616
623,2020-09-15,27.9043,3272.070536306602
624,2020-09-16,29.46411,3454.9745454821204
625,2020-09-17,28.38277,3328.1761397263845
626,2020-09-18,28.82296,3379.7930134475237
627,2020-09-19,28.35406,3324.8095924524027
628,2020-09-20,31.21531,3660.3210305464336
629,2020-09-21,31.23444,3662.56422279134
630,2020-09-22,30.23923,3545.8654588575487
631,2020-09-23,30.10526,3530.1560775167163
632,2020-09-24,30.70813,3600.84887985267
633,2020-09-25,33.98086,3984.6106443938593
634,2020-09-26,37.84688,4437.941856241928
635,2020-09-27,40.08612,4700.516127150683
636,2020-09-28,36.53588,4284.213417503169
637,2020-09-29,34.98564,4102.4315907523105
638,2020-09-30,37.55023,4403.156546286281
639,2020-10-01,32.15311,3770.287872536676
640,2020-10-02,34.05741,3993.5869311867286
641,2020-10-03,37.36842,4381.83742542656
642,2020-10-04,43.11961,5056.224503679775
643,2020-10-05,39.5598,4638.799611607599
644,2020-10-06,33.25358,3899.3294705373187
645,2020-10-07,33.96172,3982.3662795445384
646,2020-10-08,31.96172,3747.8453966478805
647,2020-10-09,30.50717,3577.284221539214
648,2020-10-10,32.8421,3851.0791440901608
649,2020-10-11,37.29186,4372.859966029276
650,2020-10-12,33.61722,3941.9700574655894
651,2020-10-13,32.15311,3770.287872536676
652,2020-10-14,32.3732,3796.0957230950385
653,2020-10-15,30.40191,3564.9413874723627
654,2020-10-16,30.76555,3607.5819744006335
655,2020-10-17,29.63636,3475.1726565215945
656,2020-10-18,30.91866,3625.5357205907867
657,2020-10-19,31.42583,3685.0066986801357
658,2020-10-20,29.49282,3458.3410927561013
659,2020-10-21,29.05263,3406.7242190349616
660,2020-10-22,30.38277,3562.697022623042
661,2020-10-23,29.75119,3488.6376730131065
662,2020-10-24,31.25358,3664.808587640661
663,2020-10-25,35.13875,4120.385336942465
664,2020-10-26,31.56937,3701.838262445629
665,2020-10-27,29.77033,3490.8820378624273
666,2020-10-28,30.42105,3567.185752321684
667,2020-10-29,28.51674,3343.885521067217
668,2020-10-30,28.43062,3333.787051849687
669,2020-10-31,29.34928,3441.5095289906085
670,2020-11-01,34.17224,4007.0519476782406
671,2020-11-02,30.18181,3539.1323643095857
672,2020-11-03,31.34928,3676.0304118872664
673,2020-11-04,30.32535,3555.963928075079
674,2020-11-05,29.93301,3509.9579664772414
675,2020-11-06,27.46411,3220.4536625854626
676,2020-11-07,27.81818,3261.9720670890724
677,2020-11-08,33.91387,3976.7553674212363
678,2020-11-09,30.43062,3568.3079347463445
679,2020-11-10,28.05741,3290.024282496756
680,2020-11-11,29.45454,3453.8523630574596
681,2020-11-12,29.04306,3405.602036610301
682,2020-11-13,26.8421,3147.516495400187
683,2020-11-14,25.77033,3021.840272069112
684,2020-11-15,31.22488,3661.443212971094
685,2020-11-16,28.66985,3361.8392672573705
686,2020-11-17,29.0909,3411.2117761291893
687,2020-11-18,27.82775,3263.094249513733
688,2020-11-19,27.99043,3282.170178128547
689,2020-11-20,28.61244,3355.107345313822
690,2020-11-21,28.72727,3368.5723618053335
691,2020-11-22,31.75119,3723.158555909764
692,2020-11-23,29.13875,3416.822688252492
693,2020-11-24,29.67464,3479.6613862202366
694,2020-11-25,31.9043,3741.1123020999175
695,2020-11-26,29.58851,3469.561744398292
696,2020-11-27,29.08133,3410.089593704529
697,2020-11-28,29.13875,3416.822688252492
698,2020-11-29,30.81339,3613.191713919521
699,2020-11-30,29.11961,3414.578323403171
700,2020-12-01,27.41626,3214.84275046216
701,2020-12-02,27.24401,3194.644639422685
702,2020-12-03,28.35406,3324.8095924524027
703,2020-12-04,29.30143,3435.898616867306
704,2020-12-05,28.78468,3375.3042837488824
705,2020-12-06,28.50717,3342.763338642556
706,2020-12-07,28.67942,3362.961449682031
707,2020-12-08,27.51196,3226.0645747087647
708,2020-12-09,29.07177,3408.968583884283
709,2020-12-10,27.39712,3212.598385612839
710,2020-12-11,26.52631,3110.4868205952193
711,2020-12-12,25.98086,3046.5271128072286
712,2020-12-13,29.38755,3445.997086084836
713,2020-12-14,28.94736,3394.380212363696
714,2020-12-15,27.58851,3235.0408615016345
715,2020-12-16,28.38277,3328.1761397263845
716,2020-12-17,27.48325,3222.6980274347834
717,2020-12-18,26.10526,3061.114311723401
718,2020-12-19,26.77511,3139.661218427564
719,2020-12-20,26.79425,3141.905583276885
720,2020-12-21,26.77511,3139.661218427564
721,2020-12-22,26.99521,3165.470241590341
722,2020-12-23,28.98564,3398.868942062338
723,2020-12-24,28.04784,3288.9021000720954
724,2020-12-25,27.24401,3194.644639422685
725,2020-12-26,26.93779,3158.7371470423777
726,2020-12-27,27.24401,3194.644639422685
727,2020-12-28,26.81339,3144.149948126206
728,2020-12-29,27.0622,3173.3255185629646
729,2020-12-30,28.27751,3315.833305659533
730,2020-12-31,26.0287,3052.1368523261167
731,2021-01-01,27.34928,3206.988646093951
732,2021-01-02,27.14832,3183.4239877804944
733,2021-01-03,28.05741,3290.024282496756
734,2021-01-04,24.8421,2912.9956125035296
735,2021-01-05,24.36363,2856.890009083748
736,2021-01-06,27.05263,3172.203336138304
737,2021-01-07,25.51196,2991.543691812107
738,2021-01-08,26.20095,3072.334963365591
739,2021-01-09,24.00956,2815.371604580138
740,2021-01-10,26.622,3121.70747223741
741,2021-01-11,26.07655,3057.7477644494193
742,2021-01-12,24.98564,2929.827176269023
743,2021-01-13,26.19138,3071.2127809409308
744,2021-01-14,26.23923,3076.8236930642333
745,2021-01-15,24.29665,2849.035904715539
746,2021-01-16,25.55023,2996.031248906335
747,2021-01-17,26.70813,3131.8071140593547
748,2021-01-18,24.47846,2870.3550255752593
749,2021-01-19,24.86124,2915.2399773528505
750,2021-01-20,31.21531,3660.3210305464336
751,2021-01-21,26.57416,3116.097732718522
752,2021-01-22,25.73205,3017.3515423704703
753,2021-01-23,25.56937,2998.2756137556557
754,2021-01-24,27.29186,3200.2555515459876
755,2021-01-25,32.38277,3797.2179055197
756,2021-01-26,27.79904,3259.7277022397516
757,2021-01-27,26.14354,3065.603041422043
758,2021-01-28,25.71291,3015.107177521149
759,2021-01-29,25.35885,2973.5899456219536
760,2021-01-30,25.0622,2938.804635666307
761,2021-01-31,26.64114,3123.9518370867313
762,2021-02-01,27.05263,3172.203336138304
763,2021-02-02,25.74162,3018.4737247951307
764,2021-02-03,25.55023,2996.031248906335
765,2021-02-04,24.40191,2861.37873878239
766,2021-02-05,23.0622,2704.2837527696493
767,2021-02-06,24.30622,2850.1580871401993
768,2021-02-07,26.60287,3119.4642799925036
769,2021-02-08,25.59808,3001.6421610296375
770,2021-02-09,25.10047,2943.292192760535
771,2021-02-10,26.92822,3157.6149646177173
772,2021-02-11,27.07177,3174.447700987625
773,2021-02-12,25.15789,2950.0252873084974
774,2021-02-13,28.74641,3370.8167266546548
775,2021-02-14,32.40191,3799.4622703690206
776,2021-02-15,29.39712,3447.1192685094966
777,2021-02-16,27.47368,3221.575845010123
778,2021-02-17,27.48325,3222.6980274347834
779,2021-02-18,26.28708,3082.434605187536
780,2021-02-19,25.33971,2971.3455807726327
781,2021-02-20,26.88995,3153.1274075234896
782,2021-02-21,29.91387,3507.7136016279205
783,2021-02-22,27.57894,3233.918679076974
784,2021-02-23,24.81339,2909.629065229548
785,2021-02-24,25.92344,3039.7940182592656
786,2021-02-25,29.99043,3516.6910610252044
787,2021-02-26,25.9043,3037.5496534099443
788,2021-02-27,26.16267,3067.846233666949
789,2021-02-28,27.79904,3259.7277022397516
790,2021-03-01,29.92344,3508.835784052581
791,2021-03-02,26.16267,3067.846233666949
792,2021-03-03,26.64114,3123.9518370867313
793,2021-03-04,26.34449,3089.1665271310844
794,2021-03-05,26.44976,3101.51053380235
795,2021-03-06,27.46411,3220.4536625854626
796,2021-03-07,29.0909,3411.2117761291893
797,2021-03-08,27.95215,3277.681448429905
798,2021-03-09,27.11004,3178.9352580818527
799,2021-03-10,27.35885,3208.1108285186115
800,2021-03-11,26.16267,3067.846233666949
801,2021-03-12,27.73205,3251.8724252671277
802,2021-03-13,26.51674,3109.364638170559
803,2021-03-14,30.09569,3529.033895092056
804,2021-03-15,28.77511,3374.1821013242215
805,2021-03-16,28.06698,3291.1464649214167
806,2021-03-17,29.00478,3401.113306911659
807,2021-03-18,32.54545,3816.293834134514
808,2021-03-19,32.78468,3844.3460495421978
809,2021-03-20,32.2488,3781.5085241788674
810,2021-03-21,33.26315,3900.4516529619796
811,2021-03-22,32.87081,3854.4456913641416
812,2021-03-23,31.20574,3659.1988481217727
813,2021-03-24,29.67464,3479.6613862202366
814,2021-03-25,29.25358,3430.2877047440033
815,2021-03-26,29.21531,3425.8001476497757
816,2021-03-27,29.83732,3498.7373148350507
817,2021-03-28,31.89473,3739.990119675257
818,2021-03-29,31.01435,3636.7563722329774
819,2021-03-30,29.60765,3471.806109247613
820,2021-03-31,29.62679,3474.050474096934
821,2021-04-01,28.0287,3286.6577352227746
822,2021-04-02,28.05741,3290.024282496756
823,2021-04-03,31.17703,3655.8323008477914
824,2021-04-04,29.95215,3512.202331326562
825,2021-04-05,28.4976,3341.6411562178955
826,2021-04-06,28.27751,3315.833305659533
827,2021-04-07,28.66985,3361.8392672573705
828,2021-04-08,28.86124,3384.281743146166
829,2021-04-09,27.92344,3274.314901155923
830,2021-04-10,25.85645,3031.9387412866417
831,2021-04-11,29.32057,3438.1429817166268
832,2021-04-12,30.18181,3539.1323643095857
833,2021-04-13,28.77511,3374.1821013242215
834,2021-04-14,28.42105,3332.664869425026
835,2021-04-15,28.55502,3348.3742507658585
836,2021-04-16,28.73684,3369.694544229994
837,2021-04-17,25.96172,3044.2827479579078
838,2021-04-18,27.98086,3281.0479957038865
839,2021-04-19,29.12918,3415.7005058278314
840,2021-04-20,27.97129,3279.9258132792256
841,2021-04-21,30.28708,3551.4763709808512
842,2021-04-22,29.39712,3447.1192685094966
843,2021-04-23,29.30143,3435.898616867306
844,2021-04-24,26.61244,3120.586462417164
845,2021-04-25,28.26794,3314.7111232348725
846,2021-04-26,33.11961,3883.6200891964863
847,2021-04-27,30.61244,3589.6282282104794
848,2021-04-28,27.89473,3270.948353881942
849,2021-04-29,28.81339,3378.6708310228632
850,2021-04-30,27.28229,3199.133369121327
851,2021-05-01,25.59808,3001.6421610296375
852,2021-05-02,26.80382,3143.0277657015454
853,2021-05-03,27.85645,3266.4596241832996
854,2021-05-04,28.05741,3290.024282496756
855,2021-05-05,25.78947,3024.0846369184333
856,2021-05-06,27.85645,3266.4596241832996
857,2021-05-07,27.15789,3184.546170205155
858,2021-05-08,23.70334,2779.4641121998307
859,2021-05-09,27.311,3202.499916395309
860,2021-05-10,28.88038,3386.526107995487
861,2021-05-11,26.40191,3095.8996216790474
862,2021-05-12,26.41148,3097.0218041037083
863,2021-05-13,26.42105,3098.1439865283687
864,2021-05-14,26.10526,3061.114311723401
865,2021-05-15,25.29186,2965.73466864933
866,2021-05-16,27.77033,3256.36115496577
867,2021-05-17,28.22966,3310.2223935362304
868,2021-05-18,25.26315,2962.3681213753484
869,2021-05-19,24.17224,2834.447533194952
870,2021-05-20,28.05741,3290.024282496756
871,2021-05-21,26.21052,3073.4571457902516
872,2021-05-22,22.7177,2663.8875306907
873,2021-05-23,26.57416,3116.097732718522
874,2021-05-24,27.64593,3241.7739560495975
875,2021-05-25,29.27272,3432.532069593324
876,2021-05-26,26.61244,3120.586462417164
877,2021-05-27,27.21531,3191.2792647531182
878,2021-05-28,26.95693,3160.981511891699
879,2021-05-29,24.74641,2901.7749608613394
880,2021-05-30,25.61722,3003.8865258789583
881,2021-05-31,26.86124,3149.7608602495084
882,2021-06-01,26.88038,3152.005225098829
883,2021-06-02,27.28229,3199.133369121327
884,2021-06-03,27.5598,3231.6743142276528
885,2021-06-04,26.86124,3149.7608602495084
886,2021-06-05,22.94736,2690.8175636737233
887,2021-06-06,25.58851,3000.5199786049766
888,2021-06-07,28.05741,3290.024282496756
889,2021-06-08,27.95215,3277.681448429905
890,2021-06-09,27.67464,3245.140503323579
891,2021-06-10,28.41148,3331.5426870003657
892,2021-06-11,28.16267,3302.367116563607
893,2021-06-12,23.96172,2809.76186506125
894,2021-06-13,25.9043,3037.5496534099443
895,2021-06-14,28.31578,3320.3208627537606
896,2021-06-15,27.48325,3222.6980274347834
897,2021-06-16,28.26794,3314.7111232348725
898,2021-06-17,27.33971,3205.86646366929
899,2021-06-18,27.27272,3198.0111866966668
900,2021-06-19,24.10526,2826.593428826743
901,2021-06-20,25.29186,2965.73466864933
902,2021-06-21,28.5933,3352.8629804645007
903,2021-06-22,28.16267,3302.367116563607
904,2021-06-23,27.95215,3277.681448429905
905,2021-06-24,26.23923,3076.8236930642333
906,2021-06-25,26.75598,3137.4180261826573
907,2021-06-26,23.02392,2699.795023071007
908,2021-06-27,25.0909,2942.170010335874
909,2021-06-28,27.1866,3187.9127174791365
910,2021-06-29,26.33492,3088.044344706424
911,2021-06-30,27.02392,3168.8367888643224
912,2021-07-01,25.87559,3034.183106135963
913,2021-07-02,24.03827,2818.7381518541197
914,2021-07-03,24.44019,2865.867468481032
915,2021-07-04,25.54066,2994.909066481674
916,2021-07-05,28.23923,3311.344575960891
917,2021-07-06,27.5598,3231.6743142276528
918,2021-07-07,27.87559,3268.7039890326205
919,2021-07-08,27.04306,3171.0811537136437
920,2021-07-09,26.7177,3132.929296484015
921,2021-07-10,25.08133,2941.0478279112135
922,2021-07-11,27.23444,3193.5224569980246
923,2021-07-12,28.61244,3355.107345313822
924,2021-07-13,29.02392,3403.3576717609803
925,2021-07-14,33.57894,3937.4813277669473
926,2021-07-15,28.33492,3322.565227603082
927,2021-07-16,27.78947,3258.6055198150907
928,2021-07-17,23.91387,2804.1509529379473
929,2021-07-18,26.18181,3070.0905985162703
930,2021-07-19,26.58373,3117.219915143183
931,2021-07-20,27.92344,3274.314901155923
932,2021-07-21,26.70813,3131.8071140593547
933,2021-07-22,27.34928,3206.988646093951
934,2021-07-23,25.26315,2962.3681213753484
935,2021-07-24,23.49282,2754.7784440661285
936,2021-07-25,28.56459,3349.4964331905194
937,2021-07-26,26.43062,3099.266168953029
938,2021-07-27,26.92822,3157.6149646177173
939,2021-07-28,27.87559,3268.7039890326205
940,2021-07-29,27.51196,3226.0645747087647
941,2021-07-30,25.83732,3029.6955490417354
942,2021-07-31,23.97129,2810.8840474859103
943,2021-08-01,26.46889,3103.7537260472564
944,2021-08-02,27.02392,3168.8367888643224
945,2021-08-03,27.68421,3246.2626857482396
946,2021-08-04,26.72727,3134.051478908676
947,2021-08-05,28.39234,3329.298322151045
948,2021-08-06,26.57416,3116.097732718522
949,2021-08-07,23.22488,2723.3596813844633
950,2021-08-08,24.60287,2884.9433970958457
951,2021-08-09,27.39712,3212.598385612839
952,2021-08-10,26.75598,3137.4180261826573
953,2021-08-11,29.51196,3460.5854576054226
954,2021-08-12,29.47368,3456.096727906781
955,2021-08-13,28.31578,3320.3208627537606
956,2021-08-14,26.88038,3152.005225098829
957,2021-08-15,28.67942,3362.961449682031
958,2021-08-16,30.09569,3529.033895092056
959,2021-08-17,30.44976,3570.5522995956653
960,2021-08-18,31.37799,3679.3969591612477
961,2021-08-19,29.23444,3428.0433398946825
962,2021-08-20,29.96172,3513.324513751223
963,2021-08-21,28.86124,3384.281743146166
964,2021-08-22,28.69856,3365.205814531352
965,2021-08-23,31.5311,3697.3507053514013
966,2021-08-24,30.34449,3558.2082929243998
967,2021-08-25,34.82296,4083.3556621374973
968,2021-08-26,36.00956,4222.496901960084
969,2021-08-27,34.77511,4077.7447500141943
970,2021-08-28,30.55502,3582.8951336625164
971,2021-08-29,31.44497,3687.251063529457
972,2021-08-30,32.3732,3796.0957230950385
973,2021-08-31,31.84688,3734.3792075519546
974,2021-09-01,33.12918,3884.7422716211463
975,2021-09-02,32.30622,3788.2416187268304
976,2021-09-03,31.85645,3735.501389976615
977,2021-09-04,30.15311,3535.766989640019
978,2021-09-05,32.95693,3864.544160581672
979,2021-09-06,33.98086,3984.6106443938593
980,2021-09-07,34.76555,4076.6237401939484
981,2021-09-08,34.70813,4069.890645645985
982,2021-09-09,32.61244,3824.1491111071373
983,2021-09-10,32.10526,3764.6769604133738
984,2021-09-11,30.20095,3541.3767291589065
985,2021-09-12,32.70813,3835.3697627493275
986,2021-09-13,33.91387,3976.7553674212363
987,2021-09-14,32.86124,3853.3235089394816
988,2021-09-15,32.00956,3753.4551361667686
989,2021-09-16,34.15311,4004.8087554333338
990,2021-09-17,33.61722,3941.9700574655894
991,2021-09-18,32.25837,3782.6307066035274
992,2021-09-19,32.2488,3781.5085241788674
993,2021-09-20,31.99043,3751.2119439218623
994,2021-09-21,30.64114,3592.9936028800466
995,2021-09-22,37.14832,4356.0284022637825
996,2021-09-23,38.72727,4541.176776288621
997,2021-09-24,34.87081,4088.9665742607995
998,2021-09-25,36.60287,4292.068694475793
999,2021-09-26,37.40669,4386.324982520788
1000,2021-09-27,38.01913,4458.139967281402
1001,2021-09-28,34.10526,3999.1978433100317
1002,2021-09-29,35.47368,4159.659376596754
1003,2021-09-30,35.27272,4136.094718283297
1004,2021-10-01,34.16267,4005.9297652535797
1005,2021-10-02,30.77511,3608.7029842208794
1006,2021-10-03,30.39234,3563.8192050477023
1007,2021-10-04,36.39234,4267.381853737675
1008,2021-10-05,32.47846,3808.43855716189
1009,2021-10-06,33.07177,3878.0103496775982
1010,2021-10-07,32.1244,3766.921325262695
1011,2021-10-08,33.16746,3889.2310013197884
1012,2021-10-09,30.31578,3554.8417456504185
1013,2021-10-10,37.66507,4416.622735382207
1014,2021-10-11,37.89473,4443.552768365231
1015,2021-10-12,35.35885,4146.194360105242
1016,2021-10-13,35.80861,4198.933416251042
1017,2021-10-14,37.20574,4362.761496811746
1018,2021-10-15,34.66028,4064.279733522683
1019,2021-10-16,36.47846,4277.480322955205
1020,2021-10-17,41.47368,4863.222025286726
1021,2021-10-18,40.22966,4717.347690916177
1022,2021-10-19,39.00478,4573.717721394947
1023,2021-10-20,54.06698,6339.917942577967
1024,2021-10-21,38.74641,4543.421141137943
1025,2021-10-22,39.08133,4582.694008187817
1026,2021-10-23,35.72248,4188.8337744290975
1027,2021-10-24,38.7177,4540.054593863962
1028,2021-10-25,40.56459,4756.621730570466
1029,2021-10-26,37.48325,4395.302441918072
1030,2021-10-27,46.53588,5456.817831986456
1031,2021-10-28,34.72727,4072.1350104953062
1032,2021-10-29,34.44019,4038.4718829643202
1033,2021-10-30,31.74162,3722.0363734851035
1034,2021-10-31,36.63157,4295.43406914536
1035,2021-11-01,38.76555,4545.665505987264
1036,2021-11-02,37.47368,4394.1802594934115
1037,2021-11-03,39.77033,4663.486452345715
1038,2021-11-04,36.66985,4299.922798844001
1039,2021-11-05,34.22966,4013.785042226204
1040,2021-11-06,32.70813,3835.3697627493275
1041,2021-11-07,37.25358,4368.371236330634
1042,2021-11-08,38.57416,4523.223030098468
1043,2021-11-09,39.08133,4582.694008187817
1044,2021-11-10,46.23923,5422.03252203081
1045,2021-11-11,38.88038,4559.130522478776
1046,2021-11-12,35.73205,4189.955956853759
1047,2021-11-13,34.22009,4012.6628598015427
1048,2021-11-14,36.04784,4226.985631658727
1049,2021-11-15,40.56459,4756.621730570466
1050,2021-11-16,38.91866,4563.619252177417
1051,2021-11-17,44.44019,5211.076297447608
1052,2021-11-18,38.21052,4480.5824431701985
1053,2021-11-19,36.77511,4312.265632910852
1054,2021-11-20,33.33971,3909.429112359263
1055,2021-11-21,36.75598,4310.022440665945
1056,2021-11-22,37.85645,4439.064038666588
1057,2021-11-23,36.75598,4310.022440665945
1058,2021-11-24,36.18181,4242.6950129995585
1059,2021-11-25,37.96172,4451.408045337854
1060,2021-11-26,35.66507,4182.101852485549
1061,2021-11-27,32.05741,3759.0660482900707
1062,2021-11-28,36.41148,4269.626218586996
1063,2021-11-29,37.6555,4415.5005529575465
1064,2021-11-30,36.58373,4289.824329626471
1065,2021-12-01,39.95215,4684.806745809851
1066,2021-12-02,35.82775,4201.177781100364
1067,2021-12-03,36.22009,4247.1837426982
1068,2021-12-04,33.79904,3963.290350929724
1069,2021-12-05,35.64593,4179.857487636228
1070,2021-12-06,35.48325,4160.781559021414
1071,2021-12-07,34.07655,3995.8312960360495
1072,2021-12-08,37.07177,4347.052115470913
1073,2021-12-09,34.86124,4087.8443918361395
1074,2021-12-10,35.07177,4112.531232574256
1075,2021-12-11,33.0622,3876.8881672529374
1076,2021-12-12,33.39712,3916.161034302812
1077,2021-12-13,35.87559,4206.787520619252
1078,2021-12-14,35.4354,4155.170646898112
1079,2021-12-15,37.7799,4430.087751873718
1080,2021-12-16,35.94258,4214.642797591875
1081,2021-12-17,35.72248,4188.8337744290975
1082,2021-12-18,31.75119,3723.158555909764
1083,2021-12-19,33.88516,3973.388820147254
1084,2021-12-20,35.34928,4145.072177680581
1085,2021-12-21,33.311,3906.0625650852817
1086,2021-12-22,33.33971,3909.429112359263
1087,2021-12-23,36.06698,4229.229996508047
1088,2021-12-24,34.9665,4100.187225902991
1089,2021-12-25,37.35885,4380.7152430019
1090,2021-12-26,36.5933,4290.946512051131
1091,2021-12-27,36.55502,4286.45778235249
1092,2021-12-28,33.62679,3943.0922398902494
1093,2021-12-29,35.56937,4170.880028238944
1094,2021-12-30,33.26315,3900.4516529619796
1095,2021-12-31,31.4354,3686.128881104796
1096,2022-01-01,29.69377,3481.9045784651435
1097,2022-01-02,32.13397,3768.043507687355
1098,2022-01-03,34.8421,4085.600026986818
1099,2022-01-04,33.56937,3936.3591453422864
1100,2022-01-05,33.0909,3880.253541922504
1101,2022-01-06,33.61722,3941.9700574655894
1102,2022-01-07,33.94258,3980.121914695217
1103,2022-01-08,32.98564,3867.910707855653
1104,2022-01-09,33.00478,3870.155072704974
1105,2022-01-10,34.35406,4028.3722411423755
1106,2022-01-11,33.93301,3978.999732270557
1107,2022-01-12,32.76555,3842.1028572972905
1108,2022-01-13,34.90909,4093.4553039594416
1109,2022-01-14,32.26794,3783.7528890281883
1110,2022-01-15,31.58851,3704.08262729495
1111,2022-01-16,43.44497,5094.376360909402
1112,2022-01-17,36.10526,4233.718726206689
1113,2022-01-18,34.32535,4025.0056938683942
1114,2022-01-19,33.84688,3968.900090448612
1115,2022-01-20,32.622,3825.2701209273832
1116,2022-01-21,33.47368,3925.138493700096
1117,2022-01-22,29.95215,3512.202331326562
1118,2022-01-23,32.2488,3781.5085241788674
1119,2022-01-24,37.08133,4348.1731252911595
1120,2022-01-25,38.61244,4527.71175979711
1121,2022-01-26,35.07177,4112.531232574256
1122,2022-01-27,34.45933,4040.7162478136415
1123,2022-01-28,32.77511,3843.2238671175364
1124,2022-01-29,32.52631,3814.049469285193
1125,2022-01-30,31.7799,3726.5251031837456
1126,2022-01-31,33.39712,3916.161034302812
1127,2022-02-01,32.36363,3794.9735406703785
1128,2022-02-02,37.74162,4425.599022175076
1129,2022-02-03,36.53588,4284.213417503169
1130,2022-02-04,35.28229,4137.216900707958
1131,2022-02-05,33.17703,3890.3531837444493
1132,2022-02-06,32.70813,3835.3697627493275
1133,2022-02-07,35.11004,4117.018789668483
1134,2022-02-08,32.99521,3869.032890280314
1135,2022-02-09,32.41148,3800.5844527936806
1136,2022-02-10,34.38277,4031.7387884163572
1137,2022-02-11,33.62679,3943.0922398902494
1138,2022-02-12,30.0,3517.813243449865
1139,2022-02-13,32.69856,3834.2475803246675
1140,2022-02-14,35.98086,4219.131527290517
1141,2022-02-15,35.68421,4184.34621733487
1142,2022-02-16,34.87081,4088.9665742607995
1143,2022-02-17,33.99043,3985.73282681852
1144,2022-02-18,34.78468,4078.866932438855
1145,2022-02-19,32.39234,3798.3400879443598
1146,2022-02-20,34.67942,4066.524098372004
1147,2022-02-21,34.9665,4100.187225902991
1148,2022-02-22,34.08612,3996.9534784607104
1149,2022-02-23,33.25358,3899.3294705373187
1150,2022-02-24,34.09569,3998.075660885371
1151,2022-02-25,34.21052,4011.5406773768827
1152,2022-02-26,30.70813,3600.84887985267
1153,2022-02-27,34.23923,4014.907224650864
1154,2022-02-28,32.3732,3796.0957230950385
1155,2022-03-01,35.04306,4109.164685300274
1156,2022-03-02,34.40191,4033.983153265678
1157,2022-03-03,33.41626,3918.405399152133
1158,2022-03-04,32.622,3825.2701209273832
1159,2022-03-05,34.07655,3995.8312960360495
1160,2022-03-06,35.01435,4105.798138026293
1161,2022-03-07,35.22488,4130.484978764409
1162,2022-03-08,33.89473,3974.511002571915
1163,2022-03-09,31.36842,3678.2747767365872
1164,2022-03-10,33.33014,3908.306929934603
1165,2022-03-11,34.63157,4060.913186248702
1166,2022-03-12,34.25837,4017.151589500185
1167,2022-03-13,37.56937,4405.400911135602
1168,2022-03-14,37.94258,4449.163680488533
1169,2022-03-15,35.15789,4122.629701791786
1170,2022-03-16,35.46411,4158.537194172093
1171,2022-03-17,34.75598,4075.501557769288
1172,2022-03-18,37.01435,4340.319020922951
1173,2022-03-19,35.93301,4213.520615167215
1174,2022-03-20,36.33492,4260.648759189712
1175,2022-03-21,36.61244,4293.190876900452
1176,2022-03-22,33.80861,3964.412533354385
1177,2022-03-23,34.1244,4001.4422081593525
1178,2022-03-24,34.31578,4023.8835114437334
1179,2022-03-25,35.91387,4211.276250317894
1180,2022-03-26,34.88038,4090.0887566854603
1181,2022-03-27,35.311,4140.58344798194
1182,2022-03-28,37.20574,4362.761496811746
1183,2022-03-29,35.96172,4216.887162441196
1184,2022-03-30,35.01435,4105.798138026293
1185,2022-03-31,32.85167,3852.2013265148207
1186,2022-04-01,32.87081,3854.4456913641416
1187,2022-04-02,30.90909,3624.4135381661263
1188,2022-04-03,31.81818,3731.0138328823878
1189,2022-04-04,33.74162,3956.557256381761
1190,2022-04-05,33.08133,3879.131359497844
1191,2022-04-06,33.23444,3897.085105687998
1192,2022-04-07,32.99521,3869.032890280314
1193,2022-04-08,31.60765,3706.3269921442707
1194,2022-04-09,27.55023,3230.5521318029923
1195,2022-04-10,30.0,3517.813243449865
1196,2022-04-11,34.0287,3990.2203839127474
1197,2022-04-12,33.67464,3948.7031520135515
1198,2022-04-13,34.7177,4071.012828070646
1199,2022-04-14,34.36363,4029.4944235670364
1200,2022-04-15,32.78468,3844.3460495421978
1201,2022-04-16,26.92822,3157.6149646177173
1202,2022-04-17,29.87559,3503.2248719292784
1203,2022-04-18,32.68899,3833.125397900006
1204,2022-04-19,32.86124,3853.3235089394816
1205,2022-04-20,33.59808,3939.7256926162686
1206,2022-04-21,32.40191,3799.4622703690206
1207,2022-04-22,32.35406,3793.8513582457176
1208,2022-04-23,29.00478,3401.113306911659
1209,2022-04-24,31.39712,3681.6401514061545
1210,2022-04-25,34.18181,4008.174130102901
1211,2022-04-26,32.82296,3848.8347792408395
1212,2022-04-27,32.4976,3810.682922011211
1213,2022-04-28,32.88995,3856.690056213463
1214,2022-04-29,30.11483,3531.2782599413767
1215,2022-04-30,27.02392,3168.8367888643224
1216,2022-05-01,29.95215,3512.202331326562
1217,2022-05-02,31.76076,3724.2807383344248
1218,2022-05-03,31.33014,3673.786047037945
1219,2022-05-04,30.22966,3544.7432764328883
1220,2022-05-05,26.22009,3074.579328214912
1221,2022-05-06,29.13875,3416.822688252492
1222,2022-05-07,25.68421,3011.7418028515817
1223,2022-05-08,28.25837,3313.588940810212
1224,2022-05-09,31.83732,3733.258197731708
1225,2022-05-10,29.76076,3489.759855437767
1226,2022-05-11,32.16267,3771.4088823569223
1227,2022-05-12,30.36363,3560.452657773721
1228,2022-05-13,30.09569,3529.033895092056
1229,2022-05-14,24.86124,2915.2399773528505
1230,2022-05-15,27.14832,3183.4239877804944
1231,2022-05-16,31.64593,3710.815721842913
1232,2022-05-17,31.95215,3746.72321422322
1233,2022-05-18,32.43062,3802.828817643002
1234,2022-05-19,32.67942,3832.003215475346
1235,2022-05-20,30.15311,3535.766989640019
1236,2022-05-21,26.21052,3073.4571457902516
1237,2022-05-22,28.38277,3328.1761397263845
1238,2022-05-23,31.42583,3685.0066986801357
1239,2022-05-24,31.11961,3649.0992062998284
1240,2022-05-25,33.37799,3913.917842057905
1241,2022-05-26,32.38277,3797.2179055197
1242,2022-05-27,28.7177,3367.450179380673
1243,2022-05-28,25.87559,3034.183106135963
1244,2022-05-29,32.36363,3794.9735406703785
1245,2022-05-30,43.64593,5117.941019222859
1246,2022-05-31,41.92344,4915.961081432527
1247,2022-06-01,40.29665,4725.2029678888
1248,2022-06-02,42.17224,4945.135479264872
1249,2022-06-03,40.28708,4724.08078546414
1250,2022-06-04,40.07655,4699.393944726023
1251,2022-06-05,40.05741,4697.149579876702
1252,2022-06-06,40.7177,4774.575476760619
1253,2022-06-07,41.12918,4822.825803207777
1254,2022-06-08,43.33014,5080.911344417891
1255,2022-06-09,40.20095,4713.981143642195
1256,2022-06-10,39.34928,4614.113943473897
1257,2022-06-11,36.50717,4280.8468702291875
1258,2022-06-12,37.74162,4425.599022175076
1259,2022-06-13,44.69856,5241.3728777046135
1260,2022-06-14,44.51674,5220.052584240478
1261,2022-06-15,44.39234,5205.465385324305
1262,2022-06-16,40.43062,4740.912349229632
1263,2022-06-17,42.13397,4940.647922170643
1264,2022-06-18,35.58851,4173.124393088265
1265,2022-06-19,38.81339,4551.275245506152
1266,2022-06-20,44.46889,5214.441672117176
1267,2022-06-21,41.93301,4917.083263857187
1268,2022-06-22,42.00956,4926.059550650057
1269,2022-06-23,44.9665,5272.791640386279
1270,2022-06-24,41.05263,4813.849516414908
1271,2022-06-25,34.86124,4087.8443918361395
1272,2022-06-26,38.8421,4554.641792780134
1273,2022-06-27,43.35885,5084.277891691872
1274,2022-06-28,41.86602,4909.2279868845635
1275,2022-06-29,43.0622,5049.4925817362255
1276,2022-06-30,42.15311,4942.892287019964
1277,2022-07-01,40.35406,4731.934889832349
1278,2022-07-02,35.89473,4209.031885468573
1279,2022-07-03,38.26794,4487.315537718161
1280,2022-07-04,42.30622,4960.846033210119
1281,2022-07-05,42.61244,4996.753525590426
1282,2022-07-06,42.87081,5027.05010584743
1283,2022-07-07,39.91387,4680.3180161112095
1284,2022-07-08,41.0909,4818.337073509135
1285,2022-07-09,34.58373,4055.3034467298135
1286,2022-07-10,39.80861,4667.975182044358
1287,2022-07-11,45.52153,5337.874703203344
1288,2022-07-12,43.20574,5066.324145501719
1289,2022-07-13,51.50239,6039.192987043996
1290,2022-07-14,43.85645,5142.626687356561
1291,2022-07-15,44.36363,5202.098838050325
1292,2022-07-16,37.05263,4344.807750621592
1293,2022-07-17,41.23444,4835.168637274628
1294,2022-07-18,47.84688,5610.546270725215
1295,2022-07-19,50.1244,5877.609271332614
1296,2022-07-20,45.15789,5295.2341162750745
1297,2022-07-21,42.22966,4951.868573812834
1298,2022-07-22,40.52631,4752.133000871823
1299,2022-07-23,35.99043,4220.253709715178
1300,2022-07-24,41.23444,4835.168637274628
1301,2022-07-25,46.19138,5416.421609907507
1302,2022-07-26,44.04784,5165.069163245357
1303,2022-07-27,42.65071,5001.241082684653
1304,2022-07-28,40.94736,4801.5055097436425
1305,2022-07-29,40.32535,4728.5683425583675
1306,2022-07-30,36.70813,4304.411528542642
1307,2022-07-31,40.03827,4694.90521502738
1308,2022-08-01,47.29186,5545.464380512564
1309,2022-08-02,44.44019,5211.076297447608
1310,2022-08-03,54.36363,6374.703252533613
1311,2022-08-04,43.33014,5080.911344417891
1312,2022-08-05,43.03349,5046.126034462244
1313,2022-08-06,39.54066,4636.555246758278
1314,2022-08-07,42.34449,4965.333590304346
1315,2022-08-08,46.15311,5411.93405281328
1316,2022-08-09,45.37799,5321.043139437851
1317,2022-08-10,46.81339,5489.3587770927825
1318,2022-08-11,45.82775,5373.782195583652
1319,2022-08-12,46.54545,5457.940014411118
1320,2022-08-13,39.47368,4628.701142390069
1321,2022-08-14,43.50239,5101.109455457366
1322,2022-08-15,47.0909,5521.899722199108
1323,2022-08-16,47.73205,5597.081254233704
1324,2022-08-17,47.89473,5616.1571828485185
1325,2022-08-18,44.10526,5171.80225779332
1326,2022-08-19,45.25358,5306.454767917265
1327,2022-08-20,39.70334,4655.6311753730915
1328,2022-08-21,42.11483,4938.403557321322
1329,2022-08-22,48.3732,5672.2627862683
1330,2022-08-23,47.80861,5606.058713630989
1331,2022-08-24,45.45454,5330.019426230721
1332,2022-08-25,45.76076,5365.926918611028
1333,2022-08-26,43.66507,5120.18538407218
1334,2022-08-27,39.29186,4607.380848925934
1335,2022-08-28,43.02392,5045.003852037584
1336,2022-08-29,48.99521,5745.199953453575
1337,2022-08-30,47.76076,5600.447801507686
1338,2022-08-31,45.15789,5295.2341162750745
1339,2022-09-01,48.58373,5696.949627006417
1340,2022-09-02,46.22966,5420.91033960615
1341,2022-09-03,42.26794,4956.357303511477
1342,2022-09-04,47.83732,5609.42526090497
1343,2022-09-05,52.33492,6136.815822362973
1344,2022-09-06,48.63157,5702.559366525305
1345,2022-09-07,46.98564,5509.556888132257
1346,2022-09-08,45.52153,5337.874703203344
1347,2022-09-09,44.55502,5224.54131393912
1348,2022-09-10,39.28229,4606.258666501274
1349,2022-09-11,45.69377,5358.071641638405
1350,2022-09-12,51.57894,6048.1692738368665
1351,2022-09-13,50.51674,5923.615232930451
1352,2022-09-14,47.59808,5581.3718728928725
1353,2022-09-15,45.75119,5364.804736186367
1354,2022-09-16,47.24401,5539.853468389262
1355,2022-09-17,42.93779,5034.904210215639
1356,2022-09-18,45.66507,5354.706266968838
1357,2022-09-19,50.31578,5900.050574616995
1358,2022-09-20,48.61244,5700.316174280399
1359,2022-09-21,46.28708,5427.643434154113
1360,2022-09-22,45.52153,5337.874703203344
1361,2022-09-23,45.88516,5380.5141175272
1362,2022-09-24,42.43062,4975.43323212629
1363,2022-09-25,50.2488,5892.196470248787
1364,2022-09-26,50.18181,5884.341193276162
1365,2022-09-27,46.98564,5509.556888132257
1366,2022-09-28,51.55023,6044.802726562884
1367,2022-09-29,48.51674,5689.0943500337935
1368,2022-09-30,53.72248,6299.521720499017
1369,2022-10-01,54.4976,6390.412633874445
1370,2022-10-02,56.81339,6661.963191576071
1371,2022-10-03,64.06698,7512.522357061254
1372,2022-10-04,58.5933,6870.676223914365
1373,2022-10-05,55.40669,6497.012928590706
1374,2022-10-06,60.27751,7068.167432006056
1375,2022-10-07,57.23444,6711.335700447889
1376,2022-10-08,56.88995,6670.940650973354
1377,2022-10-09,63.69377,7468.759587708324
1378,2022-10-10,67.81818,7952.389725022225
1379,2022-10-11,61.79904,7246.582711482932
1380,2022-10-12,61.26315,7183.744013515187
1381,2022-10-13,61.82775,7249.949258756913
1382,2022-10-14,61.28229,7185.988378364508
1383,2022-10-15,70.42105,8257.603410254836
1384,2022-10-16,78.8421,9245.059450713286
1385,2022-10-17,69.67464,8170.07904415339
1386,2022-10-18,66.04784,7744.79887510859
1387,2022-10-19,64.87081,7606.779817710665
1388,2022-10-20,66.27751,7771.730080696029
1389,2022-10-21,62.26794,7301.566132478053
1390,2022-10-22,58.26794,6832.524366684738
1391,2022-10-23,64.622,7577.6042472739055
1392,2022-10-24,69.08133,8100.507251637681
1393,2022-10-25,68.66985,8052.256925190523
1394,2022-10-26,63.84688,7486.713333898477
1395,2022-10-27,65.93301,7731.333858617079
1396,2022-10-28,64.87081,7606.779817710665
1397,2022-10-29,58.06698,6808.9597083712815
1398,2022-10-30,58.51674,6861.698764517082
1399,2022-10-31,63.58851,7456.4167536414725
1400,2022-11-01,64.9665,7618.000469352854
1401,2022-11-02,63.67464,7466.516395463416
1402,2022-11-03,63.11004,7400.311150221691
1403,2022-11-04,65.60765,7693.182001387452
1404,2022-11-05,60.66028,7113.051211179232
1405,2022-11-06,78.72727,9231.594434221775
1406,2022-11-07,66.622,7812.125130170563
1407,2022-11-08,63.44497,7439.585189875979
1408,2022-11-09,61.64593,7228.628965292778
1409,2022-11-10,63.07177,7395.823593127463
1410,2022-11-11,61.10047,7164.668084900372
1411,2022-11-12,58.03827,6805.593161097299
1412,2022-11-13,67.33971,7896.2841216024435
1413,2022-11-14,69.11004,8103.8737989116635
1414,2022-11-15,63.26315,7418.264896411844
1415,2022-11-16,62.2488,7299.321767628732
1416,2022-11-17,62.32535,7308.298054421602
1417,2022-11-18,67.93301,7965.854741513736
1418,2022-11-19,60.77511,7126.516227670744
1419,2022-11-20,66.47846,7795.29356640507
1420,2022-11-21,69.35885,8133.049369348423
1421,2022-11-22,67.94258,7966.976923938399
1422,2022-11-23,64.98564,7620.244834202176
1423,2022-11-24,65.9043,7727.967311343099
1424,2022-11-25,71.48325,8382.157451161253
1425,2022-11-26,64.4976,7563.017048357735
1426,2022-11-27,69.04306,8096.0196945434545
1427,2022-11-28,69.70334,8173.444418822957
1428,2022-11-29,71.4354,8376.54653903795
1429,2022-11-30,69.14832,8108.362528610305
1430,2022-12-01,68.21052,7998.395686620063
1431,2022-12-02,66.7177,7823.346954417168
1432,2022-12-03,54.91866,6439.786315350679
1433,2022-12-04,65.48325,7678.594802471279
1434,2022-12-05,67.37799,7900.772851301085
1435,2022-12-06,62.68899,7350.938641349871
1436,2022-12-07,64.11483,7518.133269184556
1437,2022-12-08,65.66507,7699.915095935415
1438,2022-12-09,64.47846,7560.772683508412
1439,2022-12-10,59.311,6954.834042741832
1440,2022-12-11,65.88516,7725.722946493777
1441,2022-12-12,66.78468,7831.201058785377
1442,2022-12-13,65.58851,7690.93763653813
1443,2022-12-14,63.5598,7453.050206367491
1444,2022-12-15,60.58373,7104.074924386363
1445,2022-12-16,64.19138,7527.109555977426
1446,2022-12-17,57.77033,6774.174398415635
1447,2022-12-18,60.14354,7052.458050665224
1448,2022-12-19,58.74641,6888.629970104519
1449,2022-12-20,58.39234,6847.11156560091
1450,2022-12-21,57.99043,6799.983421578412
1451,2022-12-22,58.1244,6815.692802919245
1452,2022-12-23,60.83253,7133.249322218707
1453,2022-12-24,56.52631,6628.300064045085
1454,2022-12-25,61.12918,7168.034632174354
1455,2022-12-26,68.22966,8000.640051469383
1456,2022-12-27,65.39712,7668.495160649335
1457,2022-12-28,73.20574,8584.137388951585
1458,2022-12-29,63.35885,7429.486720658449
1459,2022-12-30,61.32057,7190.477108063149
1460,2022-12-31,55.5311,6511.601300111293
1461,2023-01-01,60.33492,7074.899353949604
1462,2023-01-02,60.72727,7120.906488151856
1463,2023-01-03,59.44497,6970.5434240826635
1464,2023-01-04,61.16746,7172.523361872996
1465,2023-01-05,57.0909,6694.504136682396
1466,2023-01-06,60.0287,7038.991861569297
1467,2023-01-07,54.8421,6430.808855953395
1468,2023-01-08,59.89473,7023.282480228465
1469,2023-01-09,61.94258,7263.414275248425
1470,2023-01-10,59.76076,7007.573098887631
1471,2023-01-11,60.50717,7095.0974649890795
1472,2023-01-12,61.89473,7257.803363125123
1473,2023-01-13,61.85645,7253.31463342648
1474,2023-01-14,53.95215,6326.452926086455
1475,2023-01-15,59.95215,7030.0155747764275
1476,2023-01-16,60.95693,7147.836521134879
1477,2023-01-17,59.35885,6960.444954865134
1478,2023-01-18,60.55502,7100.708377112382
1479,2023-01-19,63.66507,7465.394213038757
1480,2023-01-20,61.07177,7161.302710230805
1481,2023-01-21,55.51196,6509.3569352619725
1482,2023-01-22,56.09569,6577.805372748605
1483,2023-01-23,67.28229,7889.551027054481
1484,2023-01-24,71.03349,8329.418395015451
1485,2023-01-25,67.48325,7913.115685367937
1486,2023-01-26,63.74162,7474.370499831626
1487,2023-01-27,61.52153,7214.041766376606
1488,2023-01-28,55.97129,6563.218173832433
1489,2023-01-29,60.25837,7065.923067156735
1490,2023-01-30,63.63636,7462.0276657647755
1491,2023-01-31,61.25358,7182.621831090526
1492,2023-02-01,64.88038,7607.902000135326
1493,2023-02-02,59.93301,7027.771209927107
1494,2023-02-03,60.70813,7118.662123302534
1495,2023-02-04,56.07655,6575.561007899284
1496,2023-02-05,62.57416,7337.47362485836
1497,2023-02-06,63.34928,7428.364538233789
1498,2023-02-07,60.53588,7098.464012263061
1499,2023-02-08,62.47846,7326.251800611755
1500,2023-02-09,61.07177,7161.302710230805
1501,2023-02-10,58.76555,6890.87433495384
1502,2023-02-11,57.11961,6697.870683956378
1503,2023-02-12,59.33014,6957.078407591152
1504,2023-02-13,63.95215,7499.057340569743
1505,2023-02-14,57.93301,6793.250327030449
1506,2023-02-15,63.19617,7410.410792043635
1507,2023-02-16,60.23923,7063.678702307414
1508,2023-02-17,58.44976,6853.844660148872
1509,2023-02-18,54.22009,6357.871688768119
1510,2023-02-19,63.37799,7431.73108550777
1511,2023-02-20,66.30622,7775.09662797001
1512,2023-02-21,60.06698,7043.480591267939
1513,2023-02-22,63.22488,7413.777339317617
1514,2023-02-23,60.63157,7109.684663905252
1515,2023-02-24,61.27272,7184.866195939847
1516,2023-02-25,61.01435,7154.569615682843
1517,2023-02-26,64.0,7504.668252693045
1518,2023-02-27,65.88516,7725.722946493777
1519,2023-02-28,61.57894,7220.773688320155
1520,2023-03-01,66.22966,7766.119168572725
1521,2023-03-02,56.70813,6649.6203575092195
1522,2023-03-03,56.32535,6604.735405731629
1523,2023-03-04,54.68899,6412.855109763241
1524,2023-03-05,61.56937,7219.651505895494
1525,2023-03-06,59.87559,7021.038115379144
1526,2023-03-07,58.30622,6837.01309638338
1527,2023-03-08,63.17703,7408.166427194315
1528,2023-03-09,63.58851,7456.4167536414725
1529,2023-03-10,60.22009,7061.434337458092
1530,2023-03-11,51.98086,6095.298590463778
1531,2023-03-12,57.56937,6750.609740102179
1532,2023-03-13,56.5933,6636.155341017708
1533,2023-03-14,56.26794,6598.00348378808
1534,2023-03-15,57.5311,6746.122183007951
1535,2023-03-16,55.72248,6534.042603395674
1536,2023-03-17,57.11004,6696.748501531717
1537,2023-03-18,57.75119,6771.930033566314
1538,2023-03-19,62.68899,7350.938641349871
1539,2023-03-20,62.90909,7376.747664512649
1540,2023-03-21,55.97129,6563.218173832433
1541,2023-03-22,55.74162,6536.2869682449955
1542,2023-03-23,58.72727,6886.385605255198
1543,2023-03-24,60.08612,7045.72495611726
1544,2023-03-25,60.38277,7080.510266072907
1545,2023-03-26,62.41148,7318.397696243545
1546,2023-03-27,62.7177,7354.305188623854
1547,2023-03-28,59.03349,6922.293097635506
1548,2023-03-29,60.76555,7125.395217850498
1549,2023-03-30,58.97607,6915.560003087543
1550,2023-03-31,55.39712,6495.8907461660465
1551,2023-04-01,49.01435,5747.444318302896
1552,2023-04-02,55.45454,6502.623840714009
1553,2023-04-03,61.79904,7246.582711482932
1554,2023-04-04,59.11004,6931.269384428375
1555,2023-04-05,59.10047,6930.147202003715
1556,2023-04-06,59.45454,6971.665606507325
1557,2023-04-07,56.39234,6612.590682704252
1558,2023-04-08,52.07655,6106.519242105968
1559,2023-04-09,55.7799,6540.775697943637
1560,2023-04-10,60.06698,7043.480591267939
1561,2023-04-11,57.36842,6727.046254393137
1562,2023-04-12,59.38755,6963.810329534701
1563,2023-04-13,55.58851,6518.333222054842
1564,2023-04-14,56.28708,6600.247848637401
1565,2023-04-15,54.77511,6422.9535789807705
1566,2023-04-16,53.77033,6305.13263262232
1567,2023-04-17,59.75119,7006.450916462972
1568,2023-04-18,56.97607,6681.039120190885
1569,2023-04-19,56.22966,6593.514754089439
1570,2023-04-20,52.10526,6109.88578937995
1571,2023-04-21,52.622,6170.47894989396
1572,2023-04-22,50.51674,5923.615232930451
1573,2023-04-23,51.82775,6077.344844273625
1574,2023-04-24,53.48325,6271.469505091333
1575,2023-04-25,53.51196,6274.836052365315
1576,2023-04-26,50.93779,5972.98774180227
1577,2023-04-27,49.6555,5822.625850337493
1578,2023-04-28,48.9665,5741.833406179594
1579,2023-04-29,49.82775,5842.823961376967
1580,2023-04-30,47.04306,5516.2899826802195
1581,2023-05-01,50.08612,5873.120541633972
1582,2023-05-02,46.86124,5494.9696892160855
1583,2023-05-03,47.07177,5519.656529954202
1584,2023-05-04,45.92344,5385.002847225842
1585,2023-05-05,49.78947,5838.335231678325
1586,2023-05-06,47.49282,5569.029038826021
1587,2023-05-07,48.13397,5644.210570860617
1588,2023-05-08,48.88995,5732.857119386724
1589,2023-05-09,45.78947,5369.29346588501
1590,2023-05-10,45.59808,5346.850989996215
1591,2023-05-11,45.34928,5317.67659216387
1592,2023-05-12,45.24401,5305.332585492604
1593,2023-05-13,39.21531,4598.404562133064
1594,2023-05-14,43.48325,5098.865090608045
1595,2023-05-15,47.78947,5603.814348781668
1596,2023-05-16,44.88038,5262.693171168748
1597,2023-05-17,46.35406,5435.4975385223215
1598,2023-05-18,44.13397,5175.168805067301
1599,2023-05-19,45.95215,5388.369394499824
1600,2023-05-20,41.54066,4871.076129654936
1601,2023-05-21,43.69377,5123.550758741747
1602,2023-05-22,46.82296,5490.480959517443
1603,2023-05-23,42.09569,4936.159192472001
1604,2023-05-24,43.13875,5058.468868529096
1605,2023-05-25,43.12918,5057.346686104434
1606,2023-05-26,44.41148,5207.709750173627
1607,2023-05-27,40.79425,4783.551763553488
1608,2023-05-28,40.90909,4797.017952649415
1609,2023-05-29,44.50717,5218.930401815818
1610,2023-05-30,44.3732,5203.2210204749845
1611,2023-05-31,41.26315,4838.53518454861
1612,2023-06-01,40.03827,4694.90521502738
1613,2023-06-02,39.20574,4597.282379708404
1614,2023-06-03,37.85645,4439.064038666588
1615,2023-06-04,39.5598,4638.799611607599
1616,2023-06-05,40.93779,4800.383327318981
1617,2023-06-06,40.46889,4745.399906323861
1618,2023-06-07,42.03827,4929.426097924038
1619,2023-06-08,38.81339,4551.275245506152
1620,2023-06-09,39.01435,4574.8399038196085
1621,2023-06-10,40.36363,4733.057072257009
1622,2023-06-11,51.25358,6010.0174166072375
1623,2023-06-12,48.88038,5731.734936962064
1624,2023-06-13,38.56459,4522.100847673808
1625,2023-06-14,37.75119,4426.721204599737
1626,2023-06-15,38.38277,4500.780554209673
1627,2023-06-16,39.50239,4632.06768966405
1628,2023-06-17,39.9043,4679.195833686548
1629,2023-06-18,41.39712,4854.244565889443
1630,2023-06-19,42.40191,4972.066684852309
1631,2023-06-20,40.53588,4753.255183296484
1632,2023-06-21,43.29186,5076.422614719249
1633,2023-06-22,39.36842,4616.358308323218
1634,2023-06-23,38.95693,4568.106809271645
1635,2023-06-24,37.86602,4440.186221091249
1636,2023-06-25,41.00478,4808.238604291605
1637,2023-06-26,41.63636,4882.297953901541
1638,2023-06-27,41.27272,4839.657366973271
1639,2023-06-28,41.48325,4864.344207711387
1640,2023-06-29,38.61244,4527.71175979711
1641,2023-06-30,40.26794,4721.836420614819
1642,2023-07-01,37.42583,4388.5693473701085
1643,2023-07-02,38.0,4455.8967750364955
1644,2023-07-03,40.0,4690.417657933153
1645,2023-07-04,42.88995,5029.294470696751
1646,2023-07-05,42.40191,4972.066684852309
1647,2023-07-06,39.96172,4685.928928234512
1648,2023-07-07,40.13397,4706.127039273986
1649,2023-07-08,36.29665,4256.161202095484
1650,2023-07-09,38.87081,4558.008340054114
1651,2023-07-10,42.10526,4937.281374896662
1652,2023-07-11,42.3732,4968.700137578327
1653,2023-07-12,45.97129,5390.613759349145
1654,2023-07-13,40.17224,4710.614596368214
1655,2023-07-14,40.7177,4774.575476760619
1656,2023-07-15,36.9665,4334.7081087996485
1657,2023-07-16,38.68899,4536.688046589979
1658,2023-07-17,41.80861,4902.496064941016
1659,2023-07-18,39.7799,4664.608634770376
1660,2023-07-19,38.55502,4520.978665249147
1661,2023-07-20,36.98564,4336.952473648968
1662,2023-07-21,37.62679,4412.134005683565
1663,2023-07-22,36.61244,4293.190876900452
1664,2023-07-23,40.90909,4797.017952649415
1665,2023-07-24,43.21531,5067.44632792638
1666,2023-07-25,43.28229,5075.300432294589
1667,2023-07-26,44.77511,5250.349164497483
1668,2023-07-27,46.0,5393.980306623126
1669,2023-07-28,44.60287,5230.152226062423
1670,2023-07-29,38.54545,4519.856482824487
1671,2023-07-30,42.21052,4949.624208963513
1672,2023-07-31,45.51196,5336.752520778684
1673,2023-08-01,42.31578,4961.967043030364
1674,2023-08-02,45.46411,5331.141608655381
1675,2023-08-03,40.85167,4790.284858101451
1676,2023-08-04,41.20574,4831.803262605061
1677,2023-08-05,39.7799,4664.608634770376
1678,2023-08-06,41.96172,4920.449811131169
1679,2023-08-07,46.04784,5399.590046142014
1680,2023-08-08,42.36363,4967.577955153667
1681,2023-08-09,45.29186,5310.943497615906
1682,2023-08-10,46.68899,5474.77157817661
1683,2023-08-11,43.99043,5158.337241301809
1684,2023-08-12,40.66028,4767.842382212656
1685,2023-08-13,41.7799,4899.129517667034
1686,2023-08-14,47.02392,5514.045617830899
1687,2023-08-15,46.13397,5409.689687963959
1688,2023-08-16,47.0622,5518.534347529541
1689,2023-08-17,44.52631,5221.174766665139
1690,2023-08-18,47.54066,5574.638778344909
1691,2023-08-19,48.08612,5638.599658737314
1692,2023-08-20,48.36363,5671.14060384364
1693,2023-08-21,48.88995,5732.857119386724
1694,2023-08-22,47.40669,5558.929397004075
1695,2023-08-23,47.15789,5529.754999171732
1696,2023-08-24,47.40669,5558.929397004075
1697,2023-08-25,49.93301,5855.166795443818
1698,2023-08-26,44.73684,5245.861607403255
1699,2023-08-27,47.95215,5622.890277396482
1700,2023-08-28,50.14354,5879.853636181935
1701,2023-08-29,48.99521,5745.199953453575
1702,2023-08-30,51.86602,6081.832401367852
1703,2023-08-31,48.47846,5684.605620335151
1704,2023-09-01,45.91387,5383.880664801182
1705,2023-09-02,43.11004,5055.102321255114
1706,2023-09-03,47.14832,5528.632816747071
1707,2023-09-04,46.46889,5448.9625550138335
1708,2023-09-05,44.78468,5251.471346922143
1709,2023-09-06,44.97607,5273.913822810939
1710,2023-09-07,46.44976,5446.719362768927
1711,2023-09-08,48.8421,5727.246207263422
1712,2023-09-09,45.30143,5312.065680040568
1713,2023-09-10,50.87081,5965.133637434061
1714,2023-09-11,48.06698,5636.355293887993
1715,2023-09-12,47.61722,5583.616237742193
1716,2023-09-13,47.61722,5583.616237742193
1717,2023-09-14,48.5933,5698.071809431078
1718,2023-09-15,50.77511,5953.911813187456
1719,2023-09-16,50.67942,5942.6911615452655
1720,2023-09-17,55.64593,6525.066316602805
1721,2023-09-18,51.68421,6060.513280508131
1722,2023-09-19,49.72248,5830.479954705701
1723,2023-09-20,50.58373,5931.470509903075
1724,2023-09-21,48.34449,5668.896238994319
1725,2023-09-22,48.65071,5704.803731374625
1726,2023-09-23,46.27751,5426.521251729452
1727,2023-09-24,50.8421,5961.7670901600795
1728,2023-09-25,50.19138,5885.463375700823
1729,2023-09-26,48.92822,5737.344676480952
1730,2023-09-27,47.76076,5600.447801507686
1731,2023-09-28,43.0622,5049.4925817362255
1732,2023-09-29,43.30143,5077.54479714391
1733,2023-09-30,50.68899,5943.813343969925
1734,2023-10-01,49.0622,5753.055230426198
1735,2023-10-02,52.57416,6164.869210375072
1736,2023-10-03,53.87559,6317.47546668917
1737,2023-10-04,51.54066,6043.680544138224
1738,2023-10-05,50.68899,5943.813343969925
1739,2023-10-06,49.14832,5763.153699643729
1740,2023-10-07,45.74162,5363.682553761707
1741,2023-10-08,47.64593,5586.982785016175
1742,2023-10-09,52.07655,6106.519242105968
1743,2023-10-10,53.17703,6235.562012711026
1744,2023-10-11,49.86602,5847.311518471194
1745,2023-10-12,50.03827,5867.509629510669
1746,2023-10-13,50.0,5863.022072416442
1747,2023-10-14,46.25837,5424.276886880131
1748,2023-10-15,49.16746,5765.39806449305
1749,2023-10-16,56.05741,6573.316643049963
1750,2023-10-17,51.72248,6065.000837602359
1751,2023-10-18,49.95215,5857.41116029314
1752,2023-10-19,49.33014,5784.473993107864
1753,2023-10-20,49.21531,5771.008976616353
1754,2023-10-21,49.26315,5776.618716135241
1755,2023-10-22,49.85645,5846.189336046535
1756,2023-10-23,50.19138,5885.463375700823
1757,2023-10-24,74.622,8750.208661757195
1758,2023-10-25,53.40669,6262.492045694049
1759,2023-10-26,48.99521,5745.199953453575
1760,2023-10-27,49.05263,5751.933048001539
1761,2023-10-28,44.41148,5207.709750173627
1762,2023-10-29,47.49282,5569.029038826021
1763,2023-10-30,51.36842,6023.483605703163
1764,2023-10-31,47.52153,5572.395586100002
1765,2023-11-01,49.07177,5754.17741285086
1766,2023-11-02,48.09569,5639.721841161974
1767,2023-11-03,47.48325,5567.90685640136
1768,2023-11-04,45.96172,5389.491576924484
1769,2023-11-05,47.88516,5615.035000423858
1770,2023-11-06,52.52631,6159.25829825177
1771,2023-11-07,50.07655,5871.998359209311
1772,2023-11-08,48.89952,5733.979301811385
1773,2023-11-09,47.95215,5622.890277396482
1774,2023-11-10,48.26794,5659.91995220145
1775,2023-11-11,45.0622,5284.013464632883
1776,2023-11-12,49.24401,5774.37435128592
1777,2023-11-13,52.07655,6106.519242105968
1778,2023-11-14,51.24401,6008.895234182578
1779,2023-11-15,49.96172,5858.533342717799
1780,2023-11-16,48.69856,5710.414643497928
1781,2023-11-17,49.56937,5812.526208515548
1782,2023-11-18,46.18181,5415.299427482847
1783,2023-11-19,49.38755,5791.205915051412
1784,2023-11-20,50.66985,5941.568979120604
1785,2023-11-21,49.5311,5808.0386514213205
1786,2023-11-22,48.57416,5695.827444581756
1787,2023-11-23,48.65071,5704.803731374625
1788,2023-11-24,53.89473,6319.719831538492
1789,2023-11-25,50.08612,5873.120541633972
1790,2023-11-26,51.80861,6075.100479424304
1791,2023-11-27,51.10047,5992.063670417085
1792,2023-11-28,48.88995,5732.857119386724
1793,2023-11-29,49.57894,5813.648390940209
1794,2023-11-30,48.04784,5634.110929038672
1795,2023-12-01,47.54066,5574.638778344909
1796,2023-12-02,46.30622,5429.887799003434
1797,2023-12-03,47.77033,5601.569983932346
1798,2023-12-04,49.22488,5772.131159041013
1799,2023-12-05,47.81818,5607.180896055649
1800,2023-12-06,48.81339,5723.87965998944
1801,2023-12-07,49.42583,5795.694644750054
1802,2023-12-08,47.55023,5575.7609607695695
1803,2023-12-09,45.95215,5388.369394499824
1804,2023-12-10,49.44497,5797.939009599376
1805,2023-12-11,52.3732,6141.304552061615
1806,2023-12-12,50.0287,5866.387447086009
1807,2023-12-13,50.7177,5947.179891243907
1808,2023-12-14,48.53588,5691.338714883114
1809,2023-12-15,48.25837,5658.797769776788
1810,2023-12-16,46.87081,5496.091871640745
1811,2023-12-17,50.19138,5885.463375700823
1812,2023-12-18,50.17224,5883.219010851502
1813,2023-12-19,49.74162,5832.724319555022
1814,2023-12-20,49.87559,5848.4337008958555
1815,2023-12-21,46.60287,5464.67310895908
1816,2023-12-22,46.18181,5415.299427482847
1817,2023-12-23,44.73684,5245.861607403255
1818,2023-12-24,47.46411,5565.662491552039
1819,2023-12-25,51.19617,6003.28549466369
1820,2023-12-26,50.64114,5938.202431846623
1821,2023-12-27,47.9043,5617.279365273179
1822,2023-12-28,49.33014,5784.473993107864
1823,2023-12-29,44.7177,5243.617242553934
1824,2023-12-30,46.51674,5454.573467137136
1825,2023-12-31,48.0287,5631.866564189351
1826,2024-01-01,50.80382,5957.278360461438
1827,2024-01-02,51.29186,6014.50614630588
1828,2024-01-03,50.52631,5924.737415355112
1829,2024-01-04,47.86602,5612.790635574537
1830,2024-01-05,47.13875,5527.510634322411
1831,2024-01-06,45.7799,5368.171283460349
1832,2024-01-07,48.11483,5641.966206011295
1833,2024-01-08,48.28708,5662.1643170507705
1834,2024-01-09,49.80861,5840.579596527647
1835,2024-01-10,49.28229,5778.863080984562
1836,2024-01-11,50.3732,5906.783669164957
1837,2024-01-12,50.22009,5888.8299229748045
1838,2024-01-13,45.48325,5333.385973504703
1839,2024-01-14,49.57894,5813.648390940209
1840,2024-01-15,51.55023,6044.802726562884
1841,2024-01-16,50.19138,5885.463375700823
1842,2024-01-17,50.51674,5923.615232930451
1843,2024-01-18,49.56937,5812.526208515548
1844,2024-01-19,46.82296,5490.480959517443
1845,2024-01-20,44.81339,5254.837894196125
1846,2024-01-21,46.86124,5494.9696892160855
1847,2024-01-22,46.77511,5484.87004739414
1848,2024-01-23,47.56937,5578.00532561889
1849,2024-01-24,47.5598,5576.88314319423
1850,2024-01-25,45.64593,5352.461902119517
1851,2024-01-26,46.8421,5492.725324366765
1852,2024-01-27,44.10526,5171.80225779332
1853,2024-01-28,48.3732,5672.2627862683
1854,2024-01-29,48.4976,5686.849985184473
1855,2024-01-30,46.9665,5507.312523282936
1856,2024-01-31,45.36842,5319.920957013191
1857,2024-02-01,47.93301,5620.645912547161
1858,2024-02-02,45.46411,5331.141608655381
1859,2024-02-03,41.9043,4913.716716583206
1860,2024-02-04,44.66985,5238.006330430631
1861,2024-02-05,47.76076,5600.447801507686
1862,2024-02-06,43.89473,5147.115417055204
1863,2024-02-07,45.73205,5362.5603713370465
1864,2024-02-08,47.55023,5575.7609607695695
1865,2024-02-09,41.88516,4911.472351733885
1866,2024-02-10,43.27272,5074.178249869928
1867,2024-02-11,50.622,5935.958066997302
1868,2024-02-12,53.71291,6298.399538074356
1869,2024-02-13,50.32535,5901.172757041655
1870,2024-02-14,46.85167,5493.847506791424
1871,2024-02-15,46.44019,5445.597180344266
1872,2024-02-16,46.65071,5470.282848477968
1873,2024-02-17,44.65071,5235.7619655813105
1874,2024-02-18,48.48803,5685.727802759812
1875,2024-02-19,49.74162,5832.724319555022
1876,2024-02-20,46.7177,5478.138125450592
1877,2024-02-21,45.60765,5347.973172420874
1878,2024-02-22,46.5933,5463.55092653442
1879,2024-02-23,45.26315,5307.576950341926
1880,2024-02-24,43.04306,5047.248216886905
1881,2024-02-25,47.78947,5603.814348781668
1882,2024-02-26,47.49282,5569.029038826021
1883,2024-02-27,46.98564,5509.556888132257
1884,2024-02-28,46.85167,5493.847506791424
1885,2024-02-29,44.26794,5190.878186408134
1886,2024-03-01,46.15311,5411.93405281328
1887,2024-03-02,42.70813,5007.974177232616
1888,2024-03-03,46.44019,5445.597180344266
1889,2024-03-04,43.23444,5069.689520171286
1890,2024-03-05,42.34449,4965.333590304346
1891,2024-03-06,42.31578,4961.967043030364
1892,2024-03-07,42.40191,4972.066684852309
1893,2024-03-08,46.54545,5457.940014411118
1894,2024-03-09,42.67942,5004.607629958635
1895,2024-03-10,45.97129,5390.613759349145
1896,2024-03-11,45.69377,5358.071641638405
1897,2024-03-12,44.22009,5185.267274284831
1898,2024-03-13,43.93301,5151.604146753845
1899,2024-03-14,44.01913,5161.702615971375
1900,2024-03-15,45.30143,5312.065680040568
1901,2024-03-16,43.44497,5094.376360909402
1902,2024-03-17,46.18181,5415.299427482847
1903,2024-03-18,48.7177,5712.659008347249
1904,2024-03-19,45.99043,5392.858124198467
1905,2024-03-20,43.55023,5106.719194976254
1906,2024-03-21,42.19138,4947.379844114193
1907,2024-03-22,42.0287,4928.3039154993785
1908,2024-03-23,40.70813,4773.453294335958
1909,2024-03-24,43.33014,5080.911344417891
1910,2024-03-25,46.87081,5496.091871640745
1911,2024-03-26,46.74641,5481.5046727245735
1912,2024-03-27,42.56459,4991.142613467124
1913,2024-03-28,44.26794,5190.878186408134
1914,2024-03-29,43.14832,5059.591050953756
1915,2024-03-30,41.33971,4847.512643945894
1916,2024-03-31,43.30143,5077.54479714391
1917,2024-04-01,44.75598,5248.105972252576
1918,2024-04-02,42.51674,4985.531701343821
1919,2024-04-03,43.63636,5116.818836798198
1920,2024-04-04,41.64593,4883.420136326201
1921,2024-04-05,42.0287,4928.3039154993785
1922,2024-04-06,38.43062,4506.391466332975
1923,2024-04-07,40.75598,4779.064206459261
1924,2024-04-08,46.22009,5419.788157181489
1925,2024-04-09,49.71291,5829.357772281041
1926,2024-04-10,43.33014,5080.911344417891
1927,2024-04-11,54.35406,6373.581070108952
1928,2024-04-12,48.06698,5636.355293887993
1929,2024-04-13,43.71291,5125.795123591068
1930,2024-04-14,44.05741,5166.191345670017
1931,2024-04-15,46.43062,5444.474997919606
1932,2024-04-16,45.13875,5292.989751425754
1933,2024-04-17,46.11483,5407.445323114638
1934,2024-04-18,45.70334,5359.193824063065
1935,2024-04-19,44.85167,5259.326623894767
1936,2024-04-20,41.92344,4915.961081432527
1937,2024-04-21,45.70334,5359.193824063065
1938,2024-04-22,45.13875,5292.989751425754
1939,2024-04-23,41.89473,4912.594534158546
1940,2024-04-24,44.44019,5211.076297447608
1941,2024-04-25,42.68899,5005.729812383294
1942,2024-04-26,41.96172,4920.449811131169
1943,2024-04-27,37.10047,4350.41749014048
1944,2024-04-28,40.43062,4740.912349229632
1945,2024-04-29,43.96172,5154.9706940278265
1946,2024-04-30,41.77033,4898.007335242373
1947,2024-05-01,42.90909,5031.538835546072
1948,2024-05-02,44.77511,5250.349164497483
1949,2024-05-03,40.38277,4735.30143710633
1950,2024-05-04,36.8421,4320.120909883476
1951,2024-05-05,40.08612,4700.516127150683
1952,2024-05-06,44.95693,5271.669457961618
1953,2024-05-07,43.34928,5083.155709267212
1954,2024-05-08,40.03827,4694.90521502738
1955,2024-05-09,44.11483,5172.92444021798
1956,2024-05-10,40.86124,4791.407040526113
1957,2024-05-11,39.44497,4625.334595116087
1958,2024-05-12,41.1866,4829.55889775574
1959,2024-05-13,42.25837,4955.2351210868155
1960,2024-05-14,40.31578,4727.446160133706
1961,2024-05-15,44.08612,5169.557892943999
1962,2024-05-16,44.57416,5226.785678788441
1963,2024-05-17,43.51196,5102.231637882027
1964,2024-05-18,36.80382,4315.6321801848335
1965,2024-05-19,38.95693,4568.106809271645
1966,2024-05-20,43.75119,5130.28385328971
1967,2024-05-21,43.97129,5156.092876452488
1968,2024-05-22,43.14832,5059.591050953756
1969,2024-05-23,44.65071,5235.7619655813105
1970,2024-05-24,42.73684,5011.340724506597
1971,2024-05-25,35.87559,4206.787520619252
1972,2024-05-26,42.10526,4937.281374896662
1973,2024-05-27,42.0287,4928.3039154993785
1974,2024-05-28,42.90909,5031.538835546072
1975,2024-05-29,40.95693,4802.627692168303
1976,2024-05-30,42.58373,4993.386978316445
1977,2024-05-31,39.24401,4601.7699368026315
1978,2024-06-01,37.44497,4390.813712219429
1979,2024-06-02,39.30143,4608.503031350595
1980,2024-06-03,41.49282,4865.466390136048
1981,2024-06-04,37.311,4375.1043308785975
1982,2024-06-05,42.16267,4944.01329684021
1983,2024-06-06,40.10526,4702.760492000005
1984,2024-06-07,43.51196,5102.231637882027
1985,2024-06-08,38.0,4455.8967750364955
1986,2024-06-09,41.311,4844.146096671912
1987,2024-06-10,45.13875,5292.989751425754
1988,2024-06-11,41.95215,4919.327628706509
1989,2024-06-12,44.13397,5175.168805067301
1990,2024-06-13,43.66507,5120.18538407218
1991,2024-06-14,42.03827,4929.426097924038
1992,2024-06-15,38.14354,4472.728338801989
1993,2024-06-16,41.89473,4912.594534158546
1994,2024-06-17,44.19138,5181.9007270108505
1995,2024-06-18,41.69377,4889.029875845089
1996,2024-06-19,43.49282,5099.987273032705
1997,2024-06-20,42.85167,5024.805740998109
1998,2024-06-21,42.8421,5023.683558573449
1999,2024-06-22,38.622,4528.8327696173565
2000,2024-06-23,42.64114,5000.118900259992
2001,2024-06-24,47.41626,5560.051579428737
2002,2024-06-25,46.23923,5422.03252203081
2003,2024-06-26,46.81339,5489.3587770927825
2004,2024-06-27,44.09569,5170.680075368659
2005,2024-06-28,45.28229,5309.821315191247
2006,2024-06-29,40.34449,4730.812707407688
2007,2024-06-30,43.12918,5057.346686104434
2008,2024-07-01,45.93301,5386.125029650503
2009,2024-07-02,42.22009,4950.746391388174
2010,2024-07-03,42.09569,4936.159192472001
2011,2024-07-04,43.10047,5053.980138830454
2012,2024-07-05,43.16746,5061.835415803077
2013,2024-07-06,35.5311,4166.392471144717
2014,2024-07-07,41.36842,4850.879191219876
2015,2024-07-08,47.5598,5576.88314319423
2016,2024-07-09,43.14832,5059.591050953756
2017,2024-07-10,45.07177,5285.135647057544
2018,2024-07-11,42.31578,4961.967043030364
2019,2024-07-12,43.24401,5070.811702595947
2020,2024-07-13,38.58373,4524.345212523129
2021,2024-07-14,42.34449,4965.333590304346
2022,2024-07-15,43.51196,5102.231637882027
2023,2024-07-16,42.79425,5018.072646450146
2024,2024-07-17,43.4354,5093.254178484743
2025,2024-07-18,43.1866,5064.079780652398
2026,2024-07-19,40.77511,4781.307398704167
2027,2024-07-20,38.25837,4486.193355293501
2028,2024-07-21,39.20574,4597.282379708404
2029,2024-07-22,43.87559,5144.871052205883
2030,2024-07-23,41.82775,4904.740429790337
2031,2024-07-24,44.94736,5270.547275536958
2032,2024-07-25,43.14832,5059.591050953756
2033,2024-07-26,40.57416,4757.743912995125
2034,2024-07-27,34.90909,4093.4553039594416
2035,2024-07-28,36.41148,4269.626218586996
2036,2024-07-29,39.52153,4634.312054513372
2037,2024-07-30,39.54066,4636.555246758278
2038,2024-07-31,40.61244,4762.232642693768
2039,2024-08-01,41.83732,4905.862612214996
2040,2024-08-02,40.22009,4716.225508491516
2041,2024-08-03,35.22488,4130.484978764409
2042,2024-08-04,39.63636,4647.7770710048835
2043,2024-08-05,42.10526,4937.281374896662
2044,2024-08-06,42.09569,4936.159192472001
2045,2024-08-07,42.20095,4948.502026538853
2046,2024-08-08,40.19138,4712.858961217535
2047,2024-08-09,40.51674,4751.010818447163
2048,2024-08-10,36.72727,4306.655893391964
2049,2024-08-11,39.76076,4662.364269921055
2050,2024-08-12,41.44497,4859.855478012745
2051,2024-08-13,42.23923,4952.990756237495
2052,2024-08-14,41.4354,4858.733295588085
2053,2024-08-15,52.55502,6162.624845525751
2054,2024-08-16,42.76555,5014.707271780579
2055,2024-08-17,41.25358,4837.413002123949
2056,2024-08-18,40.68899,4771.208929486637
2057,2024-08-19,44.25837,5189.756003983473
2058,2024-08-20,41.67464,4886.786683600182
2059,2024-08-21,42.27751,4957.479485936136
2060,2024-08-22,44.03827,5163.946980820696
2061,2024-08-23,40.14354,4707.249221698647
2062,2024-08-24,37.9043,4444.67495078989
2063,2024-08-25,38.42105,4505.269283908315
2064,2024-08-26,41.5311,4869.95511983469
2065,2024-08-27,41.85645,4908.105804459904
2066,2024-08-28,40.90909,4797.017952649415
2067,2024-08-29,41.14832,4825.070168057098
2068,2024-08-30,41.23444,4835.168637274628
2069,2024-08-31,36.64114,4296.556251570019
2070,2024-09-01,41.99043,4923.816358405151
2071,2024-09-02,41.37799,4852.001373644535
2072,2024-09-03,40.66028,4767.842382212656
2073,2024-09-04,41.14832,4825.070168057098
2074,2024-09-05,39.63636,4647.7770710048835
2075,2024-09-06,39.30143,4608.503031350595
2076,2024-09-07,35.63636,4178.735305211568
2077,2024-09-08,38.75598,4544.543323562603
2078,2024-09-09,42.93779,5034.904210215639
2079,2024-09-10,42.69856,5006.851994807956
2080,2024-09-11,41.85645,4908.105804459904
2081,2024-09-12,40.72727,4775.697659185279
2082,2024-09-13,41.79904,4901.373882516355
2083,2024-09-14,36.90909,4327.976186856099
2084,2024-09-15,38.66028,4533.321499315998
2085,2024-09-16,38.77511,4546.786515807509
2086,2024-09-17,41.29186,4841.9017318225915
2087,2024-09-18,45.20574,5300.845028398377
2088,2024-09-19,45.76076,5365.926918611028
2089,2024-09-20,43.9043,5148.237599479863
2090,2024-09-21,38.66028,4533.321499315998
2091,2024-09-22,43.25358,5071.933885020607
2092,2024-09-23,44.03827,5163.946980820696
2093,2024-09-24,42.41148,4973.188867276969
2094,2024-09-25,43.5311,5104.476002731348
2095,2024-09-26,42.14354,4941.7701045953045
2096,2024-09-27,42.79425,5018.072646450146
2097,2024-09-28,37.17703,4359.394949537765
2098,2024-09-29,42.68899,5005.729812383294
2099,2024-09-30,48.92822,5737.344676480952
