,date,아더에러,아더에러_absolute
0,2019-01-01,3.35209,1533.0080134746643
1,2019-01-02,3.64133,1665.285857392164
2,2019-01-03,5.13015,2346.1664395428074
3,2019-01-04,3.81847,1746.2971188758659
4,2019-01-05,4.1548,1900.11058604767
5,2019-01-06,4.11668,1882.6772040460967
6,2019-01-07,4.58082,2094.94189245665
7,2019-01-08,4.94181,2260.0330931058625
8,2019-01-09,6.34319,2900.924826300116
9,2019-01-10,4.51803,2066.226203687532
10,2019-01-11,3.63909,1664.2614404015153
11,2019-01-12,3.26688,1494.0390082187862
12,2019-01-13,3.71532,1699.1236311145256
13,2019-01-14,3.78708,1731.941561136375
14,2019-01-15,3.65927,1673.4903398976262
15,2019-01-16,3.59649,1644.7792244186448
16,2019-01-17,3.40142,1555.5680537196174
17,2019-01-18,3.25119,1486.863515994109
18,2019-01-19,3.13459,1433.5389529987406
19,2019-01-20,3.42608,1566.8457871970254
20,2019-01-21,4.24224,1940.0994350040598
21,2019-01-22,3.81398,1744.2437116044318
22,2019-01-23,4.02699,1841.6593648089215
23,2019-01-24,3.49783,1599.6591439287383
24,2019-01-25,4.40144,2012.9062139822995
25,2019-01-26,4.09202,1871.3994705686885
26,2019-01-27,4.09874,1874.4727215406344
27,2019-01-28,4.34987,1989.3217567466977
28,2019-01-29,3.8364,1754.4970280911914
29,2019-01-30,4.68396,2142.1108069278534
30,2019-01-31,3.24222,1482.761274741378
31,2019-02-01,3.32967,1522.7546969879047
32,2019-02-02,3.40814,1558.6413046915632
33,2019-02-03,4.02251,1839.6105308276242
34,2019-02-04,3.92609,1795.5148673283666
35,2019-02-05,5.97771,2733.7802183794693
36,2019-02-06,6.9867,3195.2206198948825
37,2019-02-07,8.44413,3861.7456443060346
38,2019-02-08,6.73109,3078.322750707522
39,2019-02-09,6.06515,2773.769067335859
40,2019-02-10,5.39249,2466.14213299225
41,2019-02-11,4.92836,2253.882017871834
42,2019-02-12,4.75346,2173.895173378781
43,2019-02-13,4.18843,1915.4905607778098
44,2019-02-14,5.16827,2363.5998215443806
45,2019-02-15,4.66602,2133.9063244223908
46,2019-02-16,4.527,2070.3284449402627
47,2019-02-17,5.33644,2440.508841775351
48,2019-02-18,6.89701,3154.202780657707
49,2019-02-19,7.29164,3334.678529327196
50,2019-02-20,5.40819,2473.322198507064
51,2019-02-21,5.07858,2322.581982307205
52,2019-02-22,6.87459,3143.949464170948
53,2019-02-23,8.17507,3738.696699884646
54,2019-02-24,7.045,3221.882901392567
55,2019-02-25,6.6257,3030.124845955533
56,2019-02-26,5.39698,2468.195540263684
57,2019-02-27,5.17051,2364.6242385350292
58,2019-02-28,5.4194,2478.448856750444
59,2019-03-01,5.34765,2445.635500018731
60,2019-03-02,5.0158,2293.8708668282234
61,2019-03-03,4.41713,2020.0817062069764
62,2019-03-04,4.27363,1954.4549927435507
63,2019-03-05,4.30054,1966.7617165017443
64,2019-03-06,3.70636,1695.0259631519311
65,2019-03-07,3.34985,1531.9835964840156
66,2019-03-08,3.37451,1543.2613299614238
67,2019-03-09,4.21534,1927.7972845360034
68,2019-03-10,4.27588,1955.483983024336
69,2019-03-11,3.73102,1706.3036966293391
70,2019-03-12,4.04493,1849.863847314384
71,2019-03-13,8.54279,3906.8657247959413
72,2019-03-14,10.53386,4817.439804068575
73,2019-03-15,6.26919,2867.0824792876174
74,2019-03-16,6.27368,2869.1358865590514
75,2019-03-17,6.28713,2875.28696179308
76,2019-03-18,5.15706,2358.473163301001
77,2019-03-19,5.06962,2318.484314344611
78,2019-03-20,4.74225,2168.7685151354012
79,2019-03-21,4.70638,2152.364123414613
80,2019-03-22,4.73777,2166.719681154104
81,2019-03-23,5.5046,2517.413288716185
82,2019-03-24,6.19296,2832.220288574608
83,2019-03-25,4.73328,2164.6662738826694
84,2019-03-26,4.02699,1841.6593648089215
85,2019-03-27,4.59651,2102.1173846813267
86,2019-03-28,4.37902,2002.6528974955397
87,2019-03-29,3.48886,1595.5569026760072
88,2019-03-30,3.92385,1794.490450337718
89,2019-03-31,4.75122,2172.870756388132
90,2019-04-01,5.60102,2561.508952215443
91,2019-04-02,5.48442,2508.184389220074
92,2019-04-03,4.35211,1990.3461737373461
93,2019-04-04,4.1548,1900.11058604767
94,2019-04-05,3.82744,1750.399360128597
95,2019-04-06,4.32745,1979.068440259938
96,2019-04-07,4.61669,2111.346284177438
97,2019-04-08,3.7512,1715.53259612545
98,2019-04-09,3.61891,1655.0325409054044
99,2019-04-10,4.10547,1877.5505458027171
100,2019-04-11,4.45749,2038.5395051991984
101,2019-04-12,4.08977,1870.370480287903
102,2019-04-13,3.77811,1727.8393198836438
103,2019-04-14,3.85658,1763.7259275873025
104,2019-04-15,3.8095,1742.1948776231345
105,2019-04-16,3.37899,1545.310163942721
106,2019-04-17,3.49783,1599.6591439287383
107,2019-04-18,9.39258,4295.499347333115
108,2019-04-19,5.50236,2516.3888717255363
109,2019-04-20,4.73777,2166.719681154104
110,2019-04-21,5.59429,2558.4311279533604
111,2019-04-22,5.16379,2361.5509875630833
112,2019-04-23,5.65707,2587.1422434323417
113,2019-04-24,4.24,1939.0750180134114
114,2019-04-25,4.31624,1973.9417820165581
115,2019-04-26,3.3633,1538.134671718044
116,2019-04-27,5.15033,2355.3953390389183
117,2019-04-28,6.02704,2756.3402586244224
118,2019-04-29,4.5427,2077.5085104550762
119,2019-04-30,3.87901,1773.9838173641988
120,2019-05-01,3.69066,1687.845897637117
121,2019-05-02,5.28711,2417.948801530398
122,2019-05-03,5.04719,2308.2264245677143
123,2019-05-04,4.77589,2184.1530631556775
124,2019-05-05,5.41491,2476.3954494790096
125,2019-05-06,4.95078,2264.1353343585934
126,2019-05-07,4.29606,1964.712882520447
127,2019-05-08,3.82968,1751.4237771192456
128,2019-05-09,3.23774,1480.7124407600809
129,2019-05-10,3.3476,1530.9546062032302
130,2019-05-11,3.26688,1494.0390082187862
131,2019-05-12,3.62339,1657.0813748867017
132,2019-05-13,3.97766,1819.0993245639684
133,2019-05-14,3.68618,1685.7970636558198
134,2019-05-15,3.97318,1817.0504905826713
135,2019-05-16,4.06062,1857.039339539061
136,2019-05-17,3.36778,1540.1835056993414
137,2019-05-18,3.64133,1665.285857392164
138,2019-05-19,3.91712,1791.4126260756354
139,2019-05-20,4.50458,2060.075128453503
140,2019-05-21,3.68842,1686.8214806464684
141,2019-05-22,4.27812,1956.508400014985
142,2019-05-23,3.62788,1659.1347821581357
143,2019-05-24,3.63685,1663.2370234108666
144,2019-05-25,3.16823,1448.9235010190166
145,2019-05-26,4.28484,1959.5816509869305
146,2019-05-27,3.64806,1668.3636816542466
147,2019-05-28,3.52698,1612.9902846775806
148,2019-05-29,3.46644,1585.3035861892477
149,2019-05-30,2.8745,1314.5922498300827
150,2019-05-31,2.8745,1314.5922498300827
151,2019-06-01,2.90141,1326.8989735882762
152,2019-06-02,4.77813,2185.1774801463257
153,2019-06-03,5.45752,2495.882238752017
154,2019-06-04,6.87459,3143.949464170948
155,2019-06-05,76.6497,35054.131700052494
156,2019-06-06,15.52725,7101.061927700175
157,2019-06-07,11.24688,5143.524537404405
158,2019-06-08,8.68629,3972.4924382593667
159,2019-06-09,7.22213,3302.889589586132
160,2019-06-10,7.79389,3564.372026449186
161,2019-06-11,8.38359,3834.058945817702
162,2019-06-12,5.65931,2588.1666604229904
163,2019-06-13,4.97096,2273.3642338547047
164,2019-06-14,3.82295,1748.345952857163
165,2019-06-15,3.9104,1788.3393751036897
166,2019-06-16,3.83192,1752.4481941098943
167,2019-06-17,3.71532,1699.1236311145256
168,2019-06-18,3.96421,1812.94824932994
169,2019-06-19,3.56734,1631.4480836698026
170,2019-06-20,3.20186,1464.303475749156
171,2019-06-21,3.3207,1518.6524557351734
172,2019-06-22,3.21531,1470.4545509831844
173,2019-06-23,3.30052,1509.4235562390625
174,2019-06-24,3.2467,1484.8101087226753
175,2019-06-25,3.39917,1554.5390634388318
176,2019-06-26,3.22428,1474.5567922359155
177,2019-06-27,4.23103,1934.97277676068
178,2019-06-28,3.16599,1447.899084028368
179,2019-06-29,2.96643,1356.6345060579065
180,2019-06-30,3.0337,1387.3990288083223
181,2019-07-01,3.04715,1393.5501040423505
182,2019-07-02,3.24895,1485.8390990034604
183,2019-07-03,4.02026,1838.581540546839
184,2019-07-04,3.41711,1562.7435459442945
185,2019-07-05,2.92831,1339.2011240563334
186,2019-07-06,2.80948,1284.8567173604526
187,2019-07-07,2.84311,1300.236692090592
188,2019-07-08,2.89468,1323.8211493261938
189,2019-07-09,2.9597,1353.556681795824
190,2019-07-10,2.731,1248.965536366657
191,2019-07-11,4.69741,2148.2618821618817
192,2019-07-12,3.4059,1557.6168877009145
193,2019-07-13,3.34536,1529.9301892125816
194,2019-07-14,3.24895,1485.8390990034604
195,2019-07-15,2.95522,1351.507847814527
196,2019-07-16,2.98437,1364.8389885633692
197,2019-07-17,3.07181,1404.8278375197588
198,2019-07-18,2.65252,1213.0743553728619
199,2019-07-19,2.55162,1166.929857892307
200,2019-07-20,2.47539,1132.0676671792967
201,2019-07-21,2.68615,1228.4543301030012
202,2019-07-22,2.97091,1358.6833400392038
203,2019-07-23,3.12787,1430.4657020267946
204,2019-07-24,4.48664,2051.870645948041
205,2019-07-25,3.80053,1738.0926363704034
206,2019-07-26,4.0382,1846.7860230523013
207,2019-07-27,2.7153,1241.7854708518435
208,2019-07-28,2.63683,1205.8988631481848
209,2019-07-29,3.02024,1381.243380284157
210,2019-07-30,3.07181,1404.8278375197588
211,2019-07-31,3.12338,1428.4122947553606
212,2019-08-01,2.86777,1311.5144255680002
213,2019-08-02,2.7153,1241.7854708518435
214,2019-08-03,2.46418,1126.941008935917
215,2019-08-04,3.03594,1388.4234457989708
216,2019-08-05,2.85432,1305.3633503339718
217,2019-08-06,2.66597,1219.2254306068903
218,2019-08-07,2.76912,1266.3989183682306
219,2019-08-08,2.7153,1241.7854708518435
220,2019-08-09,2.49332,1140.2675763946224
221,2019-08-10,2.46866,1128.9898429172142
222,2019-08-11,2.82741,1293.0566265757782
223,2019-08-12,2.85656,1306.3877673246204
224,2019-08-13,2.98437,1364.8389885633692
225,2019-08-14,2.77136,1267.4233353588793
226,2019-08-15,3.39469,1552.490229457535
227,2019-08-16,3.07405,1405.8522545104074
228,2019-08-17,3.67497,1680.6704054124402
229,2019-08-18,3.36554,1539.1590887086927
230,2019-08-19,3.1032,1419.1833952592497
231,2019-08-20,3.14356,1437.6411942514715
232,2019-08-21,3.10096,1418.158978268601
233,2019-08-22,2.88571,1319.7189080734627
234,2019-08-23,2.94625,1347.4056065617956
235,2019-08-24,2.58301,1181.2854156317974
236,2019-08-25,2.8745,1314.5922498300827
237,2019-08-26,3.14356,1437.6411942514715
238,2019-08-27,3.09423,1415.0811540065183
239,2019-08-28,3.37003,1541.2124959801265
240,2019-08-29,3.41487,1561.7191289536458
241,2019-08-30,2.87226,1313.567832839434
242,2019-08-31,2.56283,1172.0565161356865
243,2019-09-01,3.4216,1564.7969532157285
244,2019-09-02,3.32518,1520.7012897164707
245,2019-09-03,3.38348,1547.363571214155
246,2019-09-04,3.05163,1395.5989380236476
247,2019-09-05,3.8095,1742.1948776231345
248,2019-09-06,3.03145,1386.3700385275367
249,2019-09-07,3.11666,1425.3390437834148
250,2019-09-08,3.51353,1606.8392094435521
251,2019-09-09,3.21083,1468.4057170018873
252,2019-09-10,2.99334,1368.9412298161
253,2019-09-11,3.00006,1372.014480788046
254,2019-09-12,2.77136,1267.4233353588793
255,2019-09-13,3.31397,1515.5746314730907
256,2019-09-14,2.96867,1357.6589230485552
257,2019-09-15,3.85883,1764.754917868088
258,2019-09-16,3.8095,1742.1948776231345
259,2019-09-17,3.69066,1687.845897637117
260,2019-09-18,4.44404,2032.3884299651702
261,2019-09-19,9.99573,4571.337341935659
262,2019-09-20,9.66389,4419.5772820352895
263,2019-09-21,8.48449,3880.2034432982564
264,2019-09-22,7.74681,3542.8409764850176
265,2019-09-23,5.95977,2725.5757358740066
266,2019-09-24,5.91717,2706.093519891136
267,2019-09-25,5.39922,2469.2199572543327
268,2019-09-26,5.48442,2508.184389220074
269,2019-09-27,4.55839,2084.6840026797536
270,2019-09-28,4.11892,1883.7016210367453
271,2019-09-29,4.76692,2180.0508219029457
272,2019-09-30,5.40146,2470.2443742449814
273,2019-10-01,6.14363,2809.660248329654
274,2019-10-02,4.35211,1990.3461737373461
275,2019-10-03,4.37902,2002.6528974955397
276,2019-10-04,4.13686,1891.906103542208
277,2019-10-05,4.49561,2055.9728872007718
278,2019-10-06,5.44406,2489.7265902278523
279,2019-10-07,4.54718,2079.5573444363736
280,2019-10-08,4.36781,1997.5262392521602
281,2019-10-09,4.58754,2098.0151434285954
282,2019-10-10,7.97327,3646.407704923536
283,2019-10-11,5.60774,2564.5822031873886
284,2019-10-12,5.15706,2358.473163301001
285,2019-10-13,5.98219,2735.8290523607666
286,2019-10-14,5.14361,2352.3220880669724
287,2019-10-15,4.28484,1959.5816509869305
288,2019-10-16,4.97769,2276.4420581167874
289,2019-10-17,4.95302,2265.1597513492425
290,2019-10-18,4.18619,1914.466143787161
291,2019-10-19,4.19067,1916.514977768458
292,2019-10-20,4.09202,1871.3994705686885
293,2019-10-21,6.12794,2802.4847561049774
294,2019-10-22,4.69741,2148.2618821618817
295,2019-10-23,4.30278,1967.786133492393
296,2019-10-24,3.97318,1817.0504905826713
297,2019-10-25,5.03598,2303.0997663243347
298,2019-10-26,3.51801,1608.8880434248492
299,2019-10-27,4.16601,1905.23724429105
300,2019-10-28,5.77591,2641.491223418359
301,2019-10-29,5.18845,2372.8287210404915
302,2019-10-30,5.10549,2334.8887060653988
303,2019-10-31,4.5853,2096.990726437947
304,2019-11-01,4.64584,2124.67742492628
305,2019-11-02,5.30729,2427.177701026509
306,2019-11-03,4.83643,2211.83976164401
307,2019-11-04,5.75797,2633.2867409128967
308,2019-11-05,4.63687,2120.575183673549
309,2019-11-06,5.1167,2340.0153643087788
310,2019-11-07,5.47545,2504.0821479673427
311,2019-11-08,4.8723,2228.2441533647984
312,2019-11-09,5.50909,2519.466695987619
313,2019-11-10,5.08307,2324.6353895786397
314,2019-11-11,4.48216,2049.8218119667436
315,2019-11-12,4.24673,1942.152842275494
316,2019-11-13,4.12565,1886.779445298828
317,2019-11-14,4.18395,1913.4417267965125
318,2019-11-15,3.60994,1650.930299652673
319,2019-11-16,3.4059,1557.6168877009145
320,2019-11-17,3.63236,1661.1836161394326
321,2019-11-18,5.51133,2520.4911129782677
322,2019-11-19,6.05843,2770.6958163639133
323,2019-11-20,5.24227,2397.442168556879
324,2019-11-21,4.15928,1902.1594200289674
325,2019-11-22,3.73999,1710.4059378820705
326,2019-11-23,4.34538,1987.2683494752634
327,2019-11-24,3.84986,1760.6526766153565
328,2019-11-25,5.76246,2635.3401481843307
329,2019-11-26,5.16155,2360.526570572435
330,2019-11-27,4.09202,1871.3994705686885
331,2019-11-28,3.68393,1684.7680733750346
332,2019-11-29,3.89246,1780.134892598227
333,2019-11-30,3.41263,1560.6947119629972
334,2019-12-01,3.84986,1760.6526766153565
335,2019-12-02,4.48664,2051.870645948041
336,2019-12-03,5.27141,2410.768736015584
337,2019-12-04,4.86557,2225.1663291027157
338,2019-12-05,7.78492,3560.269785196454
339,2019-12-06,7.18177,3284.4317905939097
340,2019-12-07,5.08083,2323.6109725879905
341,2019-12-08,5.67501,2595.3467259378044
342,2019-12-09,5.02477,2297.973108080955
343,2019-12-10,4.83867,2212.8641786346584
344,2019-12-11,5.0741,2320.533148325908
345,2019-12-12,4.65705,2129.80408316966
346,2019-12-13,4.00233,1830.3816313315133
347,2019-12-14,4.17722,1910.3639025344298
348,2019-12-15,4.19067,1916.514977768458
349,2019-12-16,10.44866,4778.475372102833
350,2019-12-17,7.12572,3258.798499377011
351,2019-12-18,6.5831,3010.6426299726622
352,2019-12-19,5.5472,2536.8955046990554
353,2019-12-20,4.50682,2061.0995454441518
354,2019-12-21,7.43738,3401.32965978127
355,2019-12-22,5.21087,2383.082037527251
356,2019-12-23,4.96872,2272.339816864056
357,2019-12-24,11.86797,5427.567014512411
358,2019-12-25,5.51357,2521.515529968916
359,2019-12-26,4.56288,2086.737409951187
360,2019-12-27,3.78708,1731.941561136375
361,2019-12-28,4.01354,1835.508289574893
362,2019-12-29,4.41265,2018.0328722256793
363,2019-12-30,4.01354,1835.508289574893
364,2019-12-31,3.6503,1669.3880986448953
365,2020-01-01,3.77586,1726.8103296028585
366,2020-01-02,4.1548,1900.11058604767
367,2020-01-03,4.02026,1838.581540546839
368,2020-01-04,3.84089,1756.5504353626254
369,2020-01-05,4.81849,2203.6352791385475
370,2020-01-06,4.46422,2041.617329461281
371,2020-01-07,4.01578,1836.532706565542
372,2020-01-08,4.17049,1907.2860782723471
373,2020-01-09,3.77811,1727.8393198836438
374,2020-01-10,3.40142,1555.5680537196174
375,2020-01-11,3.42384,1565.8213702063772
376,2020-01-12,3.76465,1721.6836713594787
377,2020-01-13,3.76914,1723.7370786309127
378,2020-01-14,3.64357,1666.3102743828126
379,2020-01-15,3.35433,1534.0324304653127
380,2020-01-16,3.43729,1571.9724454404054
381,2020-01-17,3.82968,1751.4237771192456
382,2020-01-18,3.28931,1504.2968979956827
383,2020-01-19,3.30052,1509.4235562390625
384,2020-01-20,3.30949,1513.5257974917936
385,2020-01-21,3.07854,1407.9056617818412
386,2020-01-22,3.01576,1379.1945463028599
387,2020-01-23,2.79154,1276.6522348549902
388,2020-01-24,3.19513,1461.2256514870733
389,2020-01-25,3.93506,1799.6171085810977
390,2020-01-26,4.38799,2006.755138748271
391,2020-01-27,4.56512,2087.7618269418363
392,2020-01-28,7.15935,3274.17847410715
393,2020-01-29,6.1952,2833.244705565256
394,2020-01-30,6.20641,2838.371363808636
395,2020-01-31,5.77367,2640.4668064277107
396,2020-02-01,4.95751,2267.213158620676
397,2020-02-02,4.79382,2192.352972371003
398,2020-02-03,4.6436,2123.6530079356316
399,2020-02-04,4.64135,2122.624017654846
400,2020-02-05,4.43956,2030.3395959838729
401,2020-02-06,4.41938,2021.110696487762
402,2020-02-07,3.78259,1729.888153864941
403,2020-02-08,4.11668,1882.6772040460967
404,2020-02-09,4.5427,2077.5085104550762
405,2020-02-10,4.65481,2128.779666179011
406,2020-02-11,4.23103,1934.97277676068
407,2020-02-12,4.84764,2216.96641988739
408,2020-02-13,4.1974,1919.5928020305407
409,2020-02-14,3.84986,1760.6526766153565
410,2020-02-15,4.14134,1893.9549375235047
411,2020-02-16,4.90369,2242.599711104289
412,2020-02-17,4.85436,2220.0396708593357
413,2020-02-18,5.02926,2300.0265153523887
414,2020-02-19,4.34763,1988.2973397560488
415,2020-02-20,4.08305,1867.2972293159573
416,2020-02-21,3.78035,1728.8637368742923
417,2020-02-22,3.76465,1721.6836713594787
418,2020-02-23,4.5427,2077.5085104550762
419,2020-02-24,4.00681,1832.4304653128104
420,2020-02-25,4.4844,2050.8462289573918
421,2020-02-26,4.17049,1907.2860782723471
422,2020-02-27,4.26915,1952.4061587622534
423,2020-02-28,9.83878,4499.559553238206
424,2020-02-29,9.30065,4253.457091105291
425,2020-03-01,9.71322,4442.137322280242
426,2020-03-02,7.89031,3608.4676899484434
427,2020-03-03,7.20643,3295.709524071318
428,2020-03-04,6.19969,2835.2981128366905
429,2020-03-05,6.02479,2755.311268343637
430,2020-03-06,5.55617,2540.997745951787
431,2020-03-07,6.01807,2752.238017371691
432,2020-03-08,5.40595,2472.2977815164154
433,2020-03-09,6.30731,2884.515861289191
434,2020-03-10,8.1235,3715.112242649044
435,2020-03-11,6.83871,3127.5404991600226
436,2020-03-12,5.45976,2496.906655742666
437,2020-03-13,4.98441,2279.515309088733
438,2020-03-14,8.08089,3695.6254533760366
439,2020-03-15,6.69521,3061.913785696597
440,2020-03-16,5.78264,2644.5690476804416
441,2020-03-17,5.08531,2325.659806569288
442,2020-03-18,5.18397,2370.7798870591946
443,2020-03-19,6.59207,3014.7448712253936
444,2020-03-20,5.73107,2620.98459044484
445,2020-03-21,5.1593,2359.4975802916492
446,2020-03-22,5.2333,2393.3399273041473
447,2020-03-23,4.80055,2195.4307966330857
448,2020-03-24,5.41043,2474.3466154977127
449,2020-03-25,5.24899,2400.5154195288246
450,2020-03-26,5.72434,2617.906766182757
451,2020-03-27,4.61669,2111.346284177438
452,2020-03-28,3.9799,1820.123741554617
453,2020-03-29,4.96872,2272.339816864056
454,2020-03-30,4.61893,2112.3707011680863
455,2020-03-31,3.90815,1787.310384822904
456,2020-04-01,4.44853,2034.441837236604
457,2020-04-02,4.27139,1953.4305757529023
458,2020-04-03,3.67721,1681.694822403089
459,2020-04-04,3.666,1676.5681641597089
460,2020-04-05,4.09202,1871.3994705686885
461,2020-04-06,3.93506,1799.6171085810977
462,2020-04-07,3.65479,1671.4415059163293
463,2020-04-08,3.71084,1697.0747971332282
464,2020-04-09,5.10998,2336.9421133368332
465,2020-04-10,4.22655,1932.9239427793827
466,2020-04-11,4.29157,1962.6594752490132
467,2020-04-12,4.67947,2140.0573996564194
468,2020-04-13,4.11444,1881.6527870554482
469,2020-04-14,5.28935,2418.9732185210464
470,2020-04-15,6.49566,2970.6537810162727
471,2020-04-16,5.21312,2384.1110278080364
472,2020-04-17,5.25123,2401.539836519473
473,2020-04-18,4.95526,2266.1841683398907
474,2020-04-19,4.76692,2180.0508219029457
475,2020-04-20,4.814,2201.581871867114
476,2020-04-21,4.32072,1975.9906159978552
477,2020-04-22,4.03148,1843.7127720803558
478,2020-04-23,4.06287,1858.0683298198464
479,2020-04-24,3.42608,1566.8457871970254
480,2020-04-25,3.86779,1768.852585830682
481,2020-04-26,4.25794,1947.2795005188736
482,2020-04-27,4.7288,2162.6174399013726
483,2020-04-28,3.95748,1809.8704250678572
484,2020-04-29,3.72205,1702.201455376608
485,2020-04-30,4.02251,1839.6105308276242
486,2020-05-01,4.31175,1971.888374745124
487,2020-05-02,4.05838,1856.0149225484122
488,2020-05-03,4.80504,2197.4842039045193
489,2020-05-04,6.13466,2805.5580070769233
490,2020-05-05,6.55395,2997.3114892238204
491,2020-05-06,5.0741,2320.533148325908
492,2020-05-07,4.46422,2041.617329461281
493,2020-05-08,4.07184,1862.1705710725776
494,2020-05-09,4.2557,1946.2550835282252
495,2020-05-10,4.5696,2089.810660923133
496,2020-05-11,4.60772,2107.2440429247063
497,2020-05-12,4.28036,1957.5328170056334
498,2020-05-13,4.06062,1857.039339539061
499,2020-05-14,3.3633,1538.134671718044
500,2020-05-15,3.35657,1535.0568474559614
501,2020-05-16,3.18841,1458.1524005151277
502,2020-05-17,3.68842,1686.8214806464684
503,2020-05-18,3.96197,1811.9238323392915
504,2020-05-19,4.64584,2124.67742492628
505,2020-05-20,5.91044,2703.015695629054
506,2020-05-21,4.08305,1867.2972293159573
507,2020-05-22,3.35209,1533.0080134746643
508,2020-05-23,3.16823,1448.9235010190166
509,2020-05-24,4.26915,1952.4061587622534
510,2020-05-25,4.65705,2129.80408316966
511,2020-05-26,4.19964,1920.6172190211892
512,2020-05-27,3.40142,1555.5680537196174
513,2020-05-28,3.87004,1769.8815761114677
514,2020-05-29,3.305,1511.4723902203596
515,2020-05-30,3.74896,1714.5081791348016
516,2020-05-31,4.50682,2061.0995454441518
517,2020-06-01,3.91264,1789.3637920943384
518,2020-06-02,3.6077,1649.9058826620246
519,2020-06-03,3.67721,1681.694822403089
520,2020-06-04,3.56734,1631.4480836698026
521,2020-06-05,3.53371,1616.0681089396633
522,2020-06-06,3.16374,1446.8700937475826
523,2020-06-07,3.74223,1711.4303548727191
524,2020-06-08,3.43729,1571.9724454404054
525,2020-06-09,3.80501,1740.1414703517005
526,2020-06-10,3.5225,1610.9414506962835
527,2020-06-11,3.0337,1387.3990288083223
528,2020-06-12,2.88347,1318.694491082814
529,2020-06-13,3.91712,1791.4126260756354
530,2020-06-14,3.4216,1564.7969532157285
531,2020-06-15,3.48438,1593.50806869471
532,2020-06-16,3.20634,1466.352309730453
533,2020-06-17,2.98661,1365.8634055540176
534,2020-06-18,2.97988,1362.785581291935
535,2020-06-19,2.81396,1286.9055513417497
536,2020-06-20,6.02031,2753.2624343623397
537,2020-06-21,6.74454,3084.4738259415503
538,2020-06-22,4.46422,2041.617329461281
539,2020-06-23,4.27588,1955.483983024336
540,2020-06-24,3.84537,1758.5992693439225
541,2020-06-25,3.49783,1599.6591439287383
542,2020-06-26,3.31397,1515.5746314730907
543,2020-06-27,2.86105,1308.4411745960545
544,2020-06-28,3.4485,1577.0991036837852
545,2020-06-29,3.92161,1793.4660333470692
546,2020-06-30,6.53377,2988.082589727709
547,2020-07-01,4.37902,2002.6528974955397
548,2020-07-02,3.93506,1799.6171085810977
549,2020-07-03,3.9956,1827.3038070694308
550,2020-07-04,4.04269,1848.8394303237355
551,2020-07-05,5.0741,2320.533148325908
552,2020-07-06,4.23327,1935.9971937513287
553,2020-07-07,4.10323,1876.5261288120685
554,2020-07-08,3.82295,1748.345952857163
555,2020-07-09,5.28038,2414.8709772683155
556,2020-07-10,4.02026,1838.581540546839
557,2020-07-11,3.66824,1677.5925811503575
558,2020-07-12,3.9799,1820.123741554617
559,2020-07-13,6.1369,2806.5824240675715
560,2020-07-14,5.77142,2639.4378161469253
561,2020-07-15,4.25345,1945.2260932474398
562,2020-07-16,4.43283,2027.2617717217902
563,2020-07-17,3.79829,1737.068219379755
564,2020-07-18,3.85883,1764.754917868088
565,2020-07-19,4.20413,1922.6706262926234
566,2020-07-20,3.80726,1741.1704606324859
567,2020-07-21,3.76914,1723.7370786309127
568,2020-07-22,3.43281,1569.923611459108
569,2020-07-23,3.4642,1584.279169198599
570,2020-07-24,3.77586,1726.8103296028585
571,2020-07-25,3.32742,1521.7257067071191
572,2020-07-26,3.56061,1628.37025940772
573,2020-07-27,4.21982,1929.8461185173005
574,2020-07-28,4.80055,2195.4307966330857
575,2020-07-29,6.28713,2875.28696179308
576,2020-07-30,100.0,45732.90136824083
577,2020-07-31,39.1354,17897.75388206652
578,2020-08-01,18.37709,8404.376444052848
579,2020-08-02,10.29171,4706.697583405379
580,2020-08-03,12.20879,5583.43388895565
581,2020-08-04,18.1013,8278.249675369378
582,2020-08-05,9.6594,4417.523874763855
583,2020-08-06,7.54949,3452.600815505205
584,2020-08-07,5.96874,2729.6779771267384
585,2020-08-08,5.30953,2428.2021180171573
586,2020-08-09,5.64138,2579.966751207665
587,2020-08-10,6.05618,2769.666826083128
588,2020-08-11,6.86338,3138.822805927568
589,2020-08-12,4.76916,2181.075238893595
590,2020-08-13,7.02257,3211.6250116156702
591,2020-08-14,6.22883,2848.6246802953956
592,2020-08-15,4.63463,2119.5507666829
593,2020-08-16,5.04495,2307.202007577066
594,2020-08-17,5.51806,2523.5689372403504
595,2020-08-18,5.47321,2503.057730976694
596,2020-08-19,5.63241,2575.8645099549335
597,2020-08-20,4.8454,2215.942002896741
598,2020-08-21,5.9508,2721.4734946212757
599,2020-08-22,5.20863,2382.057620536603
600,2020-08-23,4.72207,2159.5396156392903
601,2020-08-24,5.38577,2463.0688820203045
602,2020-08-25,5.24227,2397.442168556879
603,2020-08-26,5.53375,2530.744429465027
604,2020-08-27,20.37938,9320.081754859
605,2020-08-28,9.89708,4526.22183473589
606,2020-08-29,7.56294,3458.7518907392337
607,2020-08-30,7.72214,3531.5586697174726
608,2020-08-31,9.03383,4131.432563674551
609,2020-09-01,8.66387,3962.2391217726067
610,2020-09-02,7.62797,3488.4919964990004
611,2020-09-03,7.55173,3453.6252324958537
612,2020-09-04,6.70418,3066.0160269493285
613,2020-09-05,6.30058,2881.4380370271083
614,2020-09-06,10.1796,4655.426427681445
615,2020-09-07,8.26475,3779.7099658316843
616,2020-09-08,8.36565,3825.8544633122397
617,2020-09-09,8.69302,3975.57026252145
618,2020-09-10,7.51137,3435.167433503632
619,2020-09-11,6.80508,3112.1605244298835
620,2020-09-12,7.84322,3586.9320666941385
621,2020-09-13,6.60104,3018.847112478125
622,2020-09-14,5.68398,2599.4489671905353
623,2020-09-15,5.83645,2669.177921906692
624,2020-09-16,5.79833,2651.744539905119
625,2020-09-17,5.50909,2519.466695987619
626,2020-09-18,5.24002,2396.4131782760937
627,2020-09-19,4.92611,2252.853027591049
628,2020-09-20,5.03822,2304.1241833149834
629,2020-09-21,5.13688,2349.2442638048897
630,2020-09-22,4.87006,2227.2197363741493
631,2020-09-23,5.06962,2318.484314344611
632,2020-09-24,13.19536,6034.620973984304
633,2020-09-25,6.40148,2927.5825345076637
634,2020-09-26,6.01358,2750.184610100257
635,2020-09-27,7.22886,3305.9674138482146
636,2020-09-28,5.28935,2418.9732185210464
637,2020-09-29,4.82522,2206.71310340063
638,2020-09-30,5.65931,2588.1666604229904
639,2020-10-01,5.38801,2464.093299010953
640,2020-10-02,4.527,2070.3284449402627
641,2020-10-03,5.9508,2721.4734946212757
642,2020-10-04,6.56516,3002.4381474672
643,2020-10-05,6.59431,3015.7692882160422
644,2020-10-06,7.95533,3638.2032224180734
645,2020-10-07,7.3746,3372.6185443022887
646,2020-10-08,6.27144,2868.111469568403
647,2020-10-09,5.87232,2685.5823136274803
648,2020-10-10,6.47772,2962.44929851081
649,2020-10-11,6.51359,2978.853690231598
650,2020-10-12,7.12572,3258.798499377011
651,2020-10-13,6.43063,2940.9136752565055
652,2020-10-14,5.7647,2636.3645651749794
653,2020-10-15,5.22657,2390.262103042065
654,2020-10-16,5.4037,2471.26879123563
655,2020-10-17,4.63239,2118.5263496922516
656,2020-10-18,5.84766,2674.304580150072
657,2020-10-19,5.18397,2370.7798870591946
658,2020-10-20,6.67279,3051.6604692098376
659,2020-10-21,6.51584,2979.8826805123836
660,2020-10-22,6.97325,3189.0695446608543
661,2020-10-23,6.50911,2976.804856250301
662,2020-10-24,6.16605,2819.9135648164142
663,2020-10-25,7.98448,3651.5343631669157
664,2020-10-26,6.73557,3080.371584688819
665,2020-10-27,6.89253,3152.1539466764098
666,2020-10-28,5.43958,2487.677756246555
667,2020-10-29,5.82972,2666.1000976446094
668,2020-10-30,5.49339,2512.286630472805
669,2020-10-31,5.25796,2404.6176607815555
670,2020-11-01,5.95753,2724.5513188833584
671,2020-11-02,5.67053,2593.297891956507
672,2020-11-03,5.67725,2596.3711429284526
673,2020-11-04,5.88353,2690.7089718708603
674,2020-11-05,5.36334,2452.810992243408
675,2020-11-06,5.22433,2389.2376860514164
676,2020-11-07,4.95526,2266.1841683398907
677,2020-11-08,6.30731,2884.515861289191
678,2020-11-09,6.02928,2757.364675615071
679,2020-11-10,5.63017,2574.840092964285
680,2020-11-11,5.24002,2396.4131782760937
681,2020-11-12,4.76019,2176.972997640863
682,2020-11-13,8.45534,3866.8723025494146
683,2020-11-14,10.62131,4857.4332263151
684,2020-11-15,11.64151,5324.000286073894
685,2020-11-16,9.08988,4157.065854891451
686,2020-11-17,6.92167,3165.4805141351153
687,2020-11-18,6.37458,2915.2803840396064
688,2020-11-19,6.32973,2894.7691777759505
689,2020-11-20,5.50236,2516.3888717255363
690,2020-11-21,6.17278,2822.991389078497
691,2020-11-22,6.85665,3135.7449816654853
692,2020-11-23,5.58756,2555.3533036912777
693,2020-11-24,5.7064,2609.7022836772953
694,2020-11-25,5.35662,2449.7377412714623
695,2020-11-26,6.33198,2895.798168056736
696,2020-11-27,5.52254,2525.6177712216477
697,2020-11-28,5.47545,2504.0821479673427
698,2020-11-29,6.21314,2841.4491880707187
699,2020-11-30,5.59205,2557.4067109627117
700,2020-12-01,5.24675,2399.491002538176
701,2020-12-02,5.57187,2548.1778114666004
702,2020-12-03,5.26917,2409.7443190249355
703,2020-12-04,4.94181,2260.0330931058625
704,2020-12-05,5.83421,2668.1535049160434
705,2020-12-06,5.7647,2636.3645651749794
706,2020-12-07,7.62348,3486.4385892275664
707,2020-12-08,5.42164,2479.4732737410923
708,2020-12-09,5.60774,2564.5822031873886
709,2020-12-10,4.75571,2174.924163659566
710,2020-12-11,5.175,2366.6776458064633
711,2020-12-12,4.92611,2252.853027591049
712,2020-12-13,5.18621,2371.804304049843
713,2020-12-14,5.13015,2346.1664395428074
714,2020-12-15,4.99114,2282.5931333508156
715,2020-12-16,4.63014,2117.4973594114663
716,2020-12-17,4.71311,2155.4419476766957
717,2020-12-18,10.34552,4731.306457631629
718,2020-12-19,7.68402,3514.1252877158995
719,2020-12-20,7.45083,3407.4807350152987
720,2020-12-21,7.57864,3465.9319562540472
721,2020-12-22,6.03825,2761.466916867802
722,2020-12-23,6.56292,3001.4137304765513
723,2020-12-24,8.14592,3725.365559135804
724,2020-12-25,6.50238,2973.727031988218
725,2020-12-26,6.38803,2921.431459273635
726,2020-12-27,6.89477,3153.178363667059
727,2020-12-28,6.18175,2827.093630331228
728,2020-12-29,6.48445,2965.5271227728927
729,2020-12-30,5.44182,2488.702173237203
730,2020-12-31,4.70638,2152.364123414613
731,2021-01-01,4.88575,2234.3952285988266
732,2021-01-02,5.21984,2387.1842787799824
733,2021-01-03,5.34541,2444.6110830280827
734,2021-01-04,4.68171,2141.081816647068
735,2021-01-05,4.48216,2049.8218119667436
736,2021-01-06,4.47319,2045.719570714012
737,2021-01-07,4.35659,1992.3950077186432
738,2021-01-08,4.601,2104.1707919527607
739,2021-01-09,4.74225,2168.7685151354012
740,2021-01-10,4.78934,2190.3041383897057
741,2021-01-11,4.36781,1997.5262392521602
742,2021-01-12,4.17273,1908.3104952629956
743,2021-01-13,4.63687,2120.575183673549
744,2021-01-14,3.98439,1822.1771488260508
745,2021-01-15,3.67945,1682.7192393937373
746,2021-01-16,3.82968,1751.4237771192456
747,2021-01-17,4.66378,2132.8819074317425
748,2021-01-18,4.31624,1973.9417820165581
749,2021-01-19,4.37902,2002.6528974955397
750,2021-01-20,4.527,2070.3284449402627
751,2021-01-21,4.44853,2034.441837236604
752,2021-01-22,4.14134,1893.9549375235047
753,2021-01-23,4.18619,1914.466143787161
754,2021-01-24,4.35211,1990.3461737373461
755,2021-01-25,4.08529,1868.3216463066058
756,2021-01-26,4.62342,2114.4241084395208
757,2021-01-27,4.67275,2136.9841486844734
758,2021-01-28,30.65315,14018.574855758916
759,2021-01-29,12.45543,5696.229516890279
760,2021-01-30,8.11677,3712.034418386962
761,2021-01-31,8.21991,3759.2033328581656
762,2021-02-01,8.34099,3814.576729834831
763,2021-02-02,7.81407,3573.6009259452967
764,2021-02-03,6.97549,3190.0939616515025
765,2021-02-04,8.12125,3714.083252368259
766,2021-02-05,7.00015,3201.3716951289107
767,2021-02-06,5.90147,2698.913454376322
768,2021-02-07,6.68624,3057.811544443866
769,2021-02-08,5.64586,2582.0155851889617
770,2021-02-09,5.44182,2488.702173237203
771,2021-02-10,5.0584,2313.3530828110943
772,2021-02-11,5.34765,2445.635500018731
773,2021-02-12,4.87006,2227.2197363741493
774,2021-02-13,4.97993,2277.466475107436
775,2021-02-14,5.46649,2499.9844800047485
776,2021-02-15,5.39698,2468.195540263684
777,2021-02-16,5.04271,2306.1775905864174
778,2021-02-17,4.83418,2210.810771363225
779,2021-02-18,4.86333,2224.141912112067
780,2021-02-19,4.30054,1966.7617165017443
781,2021-02-20,4.26466,1950.3527514908196
782,2021-02-21,4.39695,2010.8528067108655
783,2021-02-22,4.67499,2138.008565675122
784,2021-02-23,4.23327,1935.9971937513287
785,2021-02-24,3.98439,1822.1771488260508
786,2021-02-25,4.20637,1923.6950432832718
787,2021-02-26,4.27588,1955.483983024336
788,2021-02-27,4.42386,2023.159530469059
789,2021-02-28,4.34987,1989.3217567466977
790,2021-03-01,5.47545,2504.0821479673427
791,2021-03-02,10.72445,4904.602140786304
792,2021-03-03,8.67956,3969.4146139972845
793,2021-03-04,6.00237,2745.0579518568775
794,2021-03-05,5.06289,2315.4064900825288
795,2021-03-06,5.49563,2513.311047463454
796,2021-03-07,5.71313,2612.7801079393776
797,2021-03-08,5.67949,2597.3955599191017
798,2021-03-09,6.20641,2838.371363808636
799,2021-03-10,7.77595,3556.167543943723
800,2021-03-11,6.49117,2968.6003737448386
801,2021-03-12,4.61669,2111.346284177438
802,2021-03-13,4.86557,2225.1663291027157
803,2021-03-14,5.01132,2291.822032846927
804,2021-03-15,5.15033,2355.3953390389183
805,2021-03-16,5.15258,2356.4243293197037
806,2021-03-17,5.11222,2337.9665303274815
807,2021-03-18,4.52924,2071.352861930911
808,2021-03-19,4.10547,1877.5505458027171
809,2021-03-20,4.66826,2134.9307414130394
810,2021-03-21,5.16603,2362.575404553732
811,2021-03-22,4.48216,2049.8218119667436
812,2021-03-23,4.09426,1872.4238875593373
813,2021-03-24,4.41938,2021.110696487762
814,2021-03-25,4.20861,1924.7194602739207
815,2021-03-26,3.98215,1821.1527318354024
816,2021-03-27,4.63911,2121.599600664197
817,2021-03-28,4.96872,2272.339816864056
818,2021-03-29,4.09202,1871.3994705686885
819,2021-03-30,4.26915,1952.4061587622534
820,2021-03-31,4.60772,2107.2440429247063
821,2021-04-01,4.81176,2200.557454876465
822,2021-04-02,4.81849,2203.6352791385475
823,2021-04-03,4.1548,1900.11058604767
824,2021-04-04,5.0158,2293.8708668282234
825,2021-04-05,4.69965,2149.2862991525303
826,2021-04-06,4.8723,2228.2441533647984
827,2021-04-07,5.83645,2669.177921906692
828,2021-04-08,5.63017,2574.840092964285
829,2021-04-09,5.45527,2494.8532484712314
830,2021-04-10,6.70194,3064.9916099586794
831,2021-04-11,6.60104,3018.847112478125
832,2021-04-12,5.65483,2586.117826441693
833,2021-04-13,5.73779,2624.057841416786
834,2021-04-14,5.66604,2591.244484685073
835,2021-04-15,5.45752,2495.882238752017
836,2021-04-16,4.80279,2196.455213623734
837,2021-04-17,9.34325,4272.9393070881615
838,2021-04-18,6.54498,2993.209247971089
839,2021-04-19,5.2759,2412.822143287018
840,2021-04-20,4.58754,2098.0151434285954
841,2021-04-21,4.53373,2073.4062692023454
842,2021-04-22,5.69743,2605.6000424245635
843,2021-04-23,4.88351,2233.370811608178
844,2021-04-24,4.73104,2163.641856892021
845,2021-04-25,5.15706,2358.473163301001
846,2021-04-26,5.56514,2545.099987204518
847,2021-04-27,5.30953,2428.2021180171573
848,2021-04-28,4.94181,2260.0330931058625
849,2021-04-29,4.74898,2171.846339397484
850,2021-04-30,4.65481,2128.779666179011
851,2021-05-01,4.83867,2212.8641786346584
852,2021-05-02,4.78261,2187.226314127623
853,2021-05-03,4.42386,2023.159530469059
854,2021-05-04,4.12341,1885.7550283081794
855,2021-05-05,5.08083,2323.6109725879905
856,2021-05-06,4.78486,2188.2553044084084
857,2021-05-07,3.9104,1788.3393751036897
858,2021-05-08,3.76241,1720.65925436883
859,2021-05-09,4.3409,1985.2195154939666
860,2021-05-10,4.73777,2166.719681154104
861,2021-05-11,10.23117,4679.010884917046
862,2021-05-12,8.94638,4091.439141428024
863,2021-05-13,6.30058,2881.4380370271083
864,2021-05-14,6.22883,2848.6246802953956
865,2021-05-15,5.24227,2397.442168556879
866,2021-05-16,5.06962,2318.484314344611
867,2021-05-17,4.86557,2225.1663291027157
868,2021-05-18,4.25121,1944.2016762567914
869,2021-05-19,4.37677,2001.6239072147541
870,2021-05-20,4.51803,2066.226203687532
871,2021-05-21,4.02251,1839.6105308276242
872,2021-05-22,5.58532,2554.328886700629
873,2021-05-23,4.06735,1860.1171638011438
874,2021-05-24,4.14583,1896.0083447949391
875,2021-05-25,4.46871,2043.6707367327149
876,2021-05-26,4.53821,2075.4551031836427
877,2021-05-27,4.39247,2008.8039727295684
878,2021-05-28,4.16825,1906.2616612816985
879,2021-05-29,3.79156,1733.9903951176723
880,2021-05-30,4.30727,1969.839540763827
881,2021-05-31,4.22879,1933.9483597700316
882,2021-06-01,4.06735,1860.1171638011438
883,2021-06-02,3.80501,1740.1414703517005
884,2021-06-03,3.93282,1798.5926915904492
885,2021-06-04,3.61218,1651.9547166433217
886,2021-06-05,3.4911,1596.5813196666556
887,2021-06-06,3.8095,1742.1948776231345
888,2021-06-07,4.17273,1908.3104952629956
889,2021-06-08,4.37677,2001.6239072147541
890,2021-06-09,4.12341,1885.7550283081794
891,2021-06-10,10.03834,4590.824131208667
892,2021-06-11,5.94632,2719.4246606399784
893,2021-06-12,5.53824,2532.7978367364612
894,2021-06-13,5.50909,2519.466695987619
895,2021-06-14,4.80728,2198.5086208951684
896,2021-06-15,4.53149,2072.3818522116967
897,2021-06-16,4.47767,2047.7684046953093
898,2021-06-17,5.34316,2443.582092747297
899,2021-06-18,7.4598,3411.58297626803
900,2021-06-19,8.04726,3680.245478645897
901,2021-06-20,5.80282,2653.7979471765525
902,2021-06-21,6.2378,2852.726921548127
903,2021-06-22,13.70434,6267.392295368376
904,2021-06-23,7.21765,3300.8407556048346
905,2021-06-24,6.12121,2799.4069318428947
906,2021-06-25,5.56066,2543.051153223221
907,2021-06-26,4.94854,2263.110917367945
908,2021-06-27,4.81849,2203.6352791385475
909,2021-06-28,5.18173,2369.755470068546
910,2021-06-29,4.57633,2092.8884851852154
911,2021-06-30,4.34763,1988.2973397560488
912,2021-07-01,5.1324,2347.1954298235923
913,2021-07-02,4.86782,2226.195319383501
914,2021-07-03,8.21543,3757.154498876868
915,2021-07-04,7.37236,3371.5941273116396
916,2021-07-05,9.18854,4202.185935381356
917,2021-07-06,9.24908,4229.872633869689
918,2021-07-07,9.46433,4328.312704064828
919,2021-07-08,8.06968,3690.498795132657
920,2021-07-09,5.99116,2739.9312936134975
921,2021-07-10,6.80284,3111.136107439235
922,2021-07-11,6.04722,2765.5691581205333
923,2021-07-12,5.37904,2459.991057758222
924,2021-07-13,5.08755,2326.6842235599365
925,2021-07-14,6.34767,2902.973660281413
926,2021-07-15,5.47994,2506.1355552387768
927,2021-07-16,4.39695,2010.8528067108655
928,2021-07-17,4.30727,1969.839540763827
929,2021-07-18,4.17946,1911.3883195250783
930,2021-07-19,4.83643,2211.83976164401
931,2021-07-20,5.30056,2424.0998767644264
932,2021-07-21,4.90369,2242.599711104289
933,2021-07-22,5.03822,2304.1241833149834
934,2021-07-23,4.66602,2133.9063244223908
935,2021-07-24,5.80057,2652.768956895767
936,2021-07-25,4.89697,2239.526460132343
937,2021-07-26,4.45077,2035.4662542272526
938,2021-07-27,4.08977,1870.370480287903
939,2021-07-28,4.3409,1985.2195154939666
940,2021-07-29,4.03596,1845.7616060616529
941,2021-07-30,3.7938,1735.0148121083207
942,2021-07-31,3.94179,1802.6949328431804
943,2021-08-01,3.89694,1782.1837265795243
944,2021-08-02,4.09202,1871.3994705686885
945,2021-08-03,4.79382,2192.352972371003
946,2021-08-04,5.93062,2712.244595125165
947,2021-08-05,5.10549,2334.8887060653988
948,2021-08-06,4.37229,1999.575073233457
949,2021-08-07,5.61223,2566.6356104588226
950,2021-08-08,4.61893,2112.3707011680863
951,2021-08-09,6.52032,2981.931514493681
952,2021-08-10,7.1459,3268.027398873122
953,2021-08-11,6.08085,2780.949132850673
954,2021-08-12,6.36561,2911.1781427868755
955,2021-08-13,5.6481,2583.040002179611
956,2021-08-14,6.29386,2878.3647860551623
957,2021-08-15,7.07863,3237.2628761227065
958,2021-08-16,8.39032,3837.136770079784
959,2021-08-17,18.28292,8361.309770834378
960,2021-08-18,9.79394,4479.052920264686
961,2021-08-19,7.01809,3209.576177634373
962,2021-08-20,6.5831,3010.6426299726622
963,2021-08-21,5.59429,2558.4311279533604
964,2021-08-22,5.82748,2665.075680653961
965,2021-08-23,5.43061,2483.5755149938236
966,2021-08-24,5.42164,2479.4732737410923
967,2021-08-25,5.9082,2701.9912786384048
968,2021-08-26,7.00688,3204.4495193909934
969,2021-08-27,7.19971,3292.636273099372
970,2021-08-28,6.50463,2974.7560222690036
971,2021-08-29,6.5405,2991.160413989792
972,2021-08-30,6.28489,2874.2625448024314
973,2021-08-31,6.2961,2879.389203045811
974,2021-09-01,6.42839,2939.8892582658573
975,2021-09-02,17.27168,7898.840379038178
976,2021-09-03,15.61918,7143.104183927999
977,2021-09-04,11.68411,5343.482502056764
978,2021-09-05,9.84327,4501.612960509639
979,2021-09-06,9.24684,4228.8482168790415
980,2021-09-07,9.33429,4268.841639125567
981,2021-09-08,9.35671,4279.094955612327
982,2021-09-09,10.26031,4692.337452375751
983,2021-09-10,10.13251,4633.890804427139
984,2021-09-11,7.77595,3556.167543943723
985,2021-09-12,8.43516,3857.6434030533032
986,2021-09-13,8.71992,3987.8724129895063
987,2021-09-14,7.22213,3302.889589586132
988,2021-09-15,7.07639,3236.2384591320574
989,2021-09-16,8.20646,3753.052257624137
990,2021-09-17,6.63692,3035.2560774890494
991,2021-09-18,6.31852,2889.642519532571
992,2021-09-19,6.70642,3067.0404439399767
993,2021-09-20,6.08982,2785.0513741034038
994,2021-09-21,7.00239,3202.3961121195593
995,2021-09-22,7.10778,3250.5940168715483
996,2021-09-23,8.24009,3768.4322323542765
997,2021-09-24,10.59665,4846.155492837693
998,2021-09-25,9.41276,4304.728246829226
999,2021-09-26,9.07195,4148.865945676124
1000,2021-09-27,8.18852,3744.8477751186747
1001,2021-09-28,8.23785,3767.4078153636274
1002,2021-09-29,7.2154,3299.8117653240492
1003,2021-09-30,7.53604,3446.4497402711763
1004,2021-10-01,12.77607,5842.867491837407
1005,2021-10-02,10.29619,4708.746417386676
1006,2021-10-03,8.99795,4115.023598663626
1007,2021-10-04,8.56969,3919.1678752639978
1008,2021-10-05,8.3948,3839.1856040610814
1009,2021-10-06,7.20419,3294.6851070806692
1010,2021-10-07,8.56297,3916.0946242920522
1011,2021-10-08,8.49346,3884.305684550988
1012,2021-10-09,7.09881,3246.4917756188174
1013,2021-10-10,7.56519,3459.780881020019
1014,2021-10-11,7.6033,3477.2096897314555
1015,2021-10-12,7.55846,3456.7030567579363
1016,2021-10-13,8.04053,3677.167654383815
1017,2021-10-14,7.58985,3471.0586144974272
1018,2021-10-15,9.28047,4244.22819160918
1019,2021-10-16,8.50243,3888.4079258037195
1020,2021-10-17,8.07865,3694.601036385388
1021,2021-10-18,8.93517,4086.3124831846444
1022,2021-10-19,11.33209,5182.493542660283
1023,2021-10-20,9.76703,4466.746196506493
1024,2021-10-21,20.94665,9579.51078445062
1025,2021-10-22,23.70008,10838.734210594172
1026,2021-10-23,14.73351,6738.061596379901
1027,2021-10-24,15.46223,7071.326395230545
1028,2021-10-25,12.16394,5562.922682691994
1029,2021-10-26,11.50025,5259.397989601116
1030,2021-10-27,9.46657,4329.337121055477
1031,2021-10-28,10.58319,4839.999844313527
1032,2021-10-29,13.37249,6115.627662177869
1033,2021-10-30,14.12363,6459.145777515273
1034,2021-10-31,10.70203,4894.3488242995445
1035,2021-11-01,9.61232,4395.992824799688
1036,2021-11-02,9.21545,4214.492659139551
1037,2021-11-03,9.73115,4450.337231495568
1038,2021-11-04,9.03607,4132.4569806652
1039,2021-11-05,8.57194,3920.196865544783
1040,2021-11-06,8.07192,3691.5232121233057
1041,2021-11-07,7.85667,3593.083141928167
1042,2021-11-08,7.7042,3523.3541872120104
1043,2021-11-09,7.49119,3425.9385340075205
1044,2021-11-10,7.30733,3341.8540215518733
1045,2021-11-11,10.63028,4861.535467567832
1046,2021-11-12,10.09888,4618.510829696999
1047,2021-11-13,8.75131,4002.227970728997
1048,2021-11-14,7.906,3615.6431821731203
1049,2021-11-15,7.32527,3350.058504057335
1050,2021-11-16,7.54949,3452.600815505205
1051,2021-11-17,7.89703,3611.540940920389
1052,2021-11-18,7.64591,3496.6964790044626
1053,2021-11-19,6.75127,3087.551650203633
1054,2021-11-20,6.70194,3064.9916099586794
1055,2021-11-21,7.9486,3635.1253981559908
1056,2021-11-22,7.06966,3233.1606348699747
1057,2021-11-23,6.42615,2938.864841275208
1058,2021-11-24,6.69521,3061.913785696597
1059,2021-11-25,11.68187,5342.458085066116
1060,2021-11-26,8.79391,4021.7101867118677
1061,2021-11-27,7.38357,3376.7207855550196
1062,2021-11-28,7.03154,3215.7272528684016
1063,2021-11-29,7.4755,3418.7630417828436
1064,2021-11-30,7.12347,3257.7695090962256
1065,2021-12-01,6.51135,2977.8292732409495
1066,2021-12-02,7.58088,3466.9563732446954
1067,2021-12-03,11.29621,5166.084577649358
1068,2021-12-04,9.97107,4560.059608458251
1069,2021-12-05,11.43523,5229.662457131487
1070,2021-12-06,52.76351,24130.283986721886
1071,2021-12-07,30.75853,14066.768187220769
1072,2021-12-08,19.84797,9077.05254369803
1073,2021-12-09,15.71784,7188.224264417906
1074,2021-12-10,13.07652,5980.271993998286
1075,2021-12-11,11.93524,5458.331537262828
1076,2021-12-12,13.8456,6331.994591841152
1077,2021-12-13,11.46214,5241.96918088968
1078,2021-12-14,11.86125,5424.493763540466
1079,2021-12-15,11.572,5292.211346332829
1080,2021-12-16,11.1415,5095.3312059425525
1081,2021-12-17,15.95999,7298.9664850811005
1082,2021-12-18,10.72221,4903.577723795655
1083,2021-12-19,9.98452,4566.210683692279
1084,2021-12-20,8.83876,4042.221392975524
1085,2021-12-21,9.17733,4197.059277137976
1086,2021-12-22,8.37462,3829.9567045649706
1087,2021-12-23,8.47776,3877.125619036174
1088,2021-12-24,7.08087,3238.2872931133547
1089,2021-12-25,7.34321,3358.262986562798
1090,2021-12-26,7.7199,3530.534252726824
1091,2021-12-27,8.54503,3907.89014178659
1092,2021-12-28,7.95757,3639.227639408722
1093,2021-12-29,8.0652,3688.44996115136
1094,2021-12-30,13.03616,5961.814195006064
1095,2021-12-31,9.09885,4161.168096144182
1096,2022-01-01,8.15264,3728.4388101077493
1097,2022-01-02,8.6123,3938.654664537005
1098,2022-01-03,8.3948,3839.1856040610814
1099,2022-01-04,8.57642,3922.245699526081
1100,2022-01-05,8.57194,3920.196865544783
1101,2022-01-06,7.47998,3420.811875764141
1102,2022-01-07,7.12572,3258.798499377011
1103,2022-01-08,16.21336,7414.839937277813
1104,2022-01-09,13.53169,6188.434441156108
1105,2022-01-10,9.71994,4445.210573252188
1106,2022-01-11,8.71544,3985.8235790082085
1107,2022-01-12,8.57866,3923.2701165167286
1108,2022-01-13,7.87685,3602.312041424278
1109,2022-01-14,7.69748,3520.2809362400644
1110,2022-01-15,8.52037,3896.6124083091813
1111,2022-01-16,8.63472,3948.907981023765
1112,2022-01-17,8.13919,3722.2877348737206
1113,2022-01-18,7.29388,3335.7029463178446
1114,2022-01-19,8.74459,3999.154719757051
1115,2022-01-20,8.06071,3686.3965538799257
1116,2022-01-21,6.45978,2954.2448160053477
1117,2022-01-22,8.94414,4090.414724437376
1118,2022-01-23,8.79167,4020.685769721219
1119,2022-01-24,8.84324,4044.270226956821
1120,2022-01-25,8.05847,3685.372136889277
1121,2022-01-26,7.91049,3617.6965894445543
1122,2022-01-27,13.39267,6124.85656167398
1123,2022-01-28,10.95764,5011.246693486904
1124,2022-01-29,9.39707,4297.552754604549
1125,2022-01-30,9.00244,4117.07700593506
1126,2022-01-31,8.95535,4095.5413826807553
1127,2022-02-01,10.30964,4714.897492620705
1128,2022-02-02,10.57647,4836.926593341582
1129,2022-02-03,10.13251,4633.890804427139
1130,2022-02-04,9.59662,4388.812759284873
1131,2022-02-05,9.32756,4265.763814863485
1132,2022-02-06,8.82306,4035.04132746071
1133,2022-02-07,8.46431,3870.9745438021455
1134,2022-02-08,7.74905,3543.8653934756667
1135,2022-02-09,7.55622,3455.6786397672877
1136,2022-02-10,8.10107,3704.854352872148
1137,2022-02-11,6.88804,3150.100539404976
1138,2022-02-12,7.79838,3566.4254337206194
1139,2022-02-13,8.1504,3727.4143931171006
1140,2022-02-14,7.35666,3364.414061796826
1141,2022-02-15,7.87013,3599.238790452332
1142,2022-02-16,10.15045,4642.095286932601
1143,2022-02-17,8.53158,3901.7390665525613
1144,2022-02-18,8.17731,3739.7211168752947
1145,2022-02-19,8.45534,3866.8723025494146
1146,2022-02-20,8.25354,3774.5833075883043
1147,2022-02-21,8.41498,3848.4145035571923
1148,2022-02-22,13.27384,6070.512154978099
1149,2022-02-23,11.84331,5416.289281035004
1150,2022-02-24,7.32527,3350.058504057335
1151,2022-02-25,6.70418,3066.0160269493285
1152,2022-02-26,7.08311,3239.3117101040034
1153,2022-02-27,7.36115,3366.4674690682605
1154,2022-02-28,10.83656,4955.873296510239
1155,2022-03-01,10.01816,4581.595231712556
1156,2022-03-02,9.35446,4278.0659653315415
1157,2022-03-03,21.75385,9948.666764295058
1158,2022-03-04,15.87703,7261.026470106008
1159,2022-03-05,13.60568,6222.27221487847
1160,2022-03-06,11.6886,5345.535909328198
1161,2022-03-07,11.51819,5267.60247210658
1162,2022-03-08,13.74021,6283.796687089163
1163,2022-03-09,13.21105,6041.796466208981
1164,2022-03-10,10.10784,4622.608497659594
1165,2022-03-11,10.21323,4670.806402411583
1166,2022-03-12,10.20874,4668.752995140149
1167,2022-03-13,11.19756,5120.969070449588
1168,2022-03-14,15.03621,6876.495088821565
1169,2022-03-15,15.07208,6892.899480542353
1170,2022-03-16,16.88378,7721.442454630773
1171,2022-03-17,15.599,7133.875284431888
1172,2022-03-18,10.89486,4982.5355780079235
1173,2022-03-19,10.06973,4605.1796889481575
1174,2022-03-20,11.5451,5279.909195864772
1175,2022-03-21,9.46657,4329.337121055477
1176,2022-03-22,9.32307,4263.710407592051
1177,2022-03-23,9.00917,4120.1548301971425
1178,2022-03-24,7.90152,3613.594348191823
1179,2022-03-25,7.74905,3543.8653934756667
1180,2022-03-26,8.77598,4013.510277496542
1181,2022-03-27,8.95087,4093.4925486994584
1182,2022-03-28,8.37238,3828.932287574322
1183,2022-03-29,9.59662,4388.812759284873
1184,2022-03-30,7.70869,3525.4075944834444
1185,2022-03-31,7.57864,3465.9319562540472
1186,2022-04-01,6.89477,3153.178363667059
1187,2022-04-02,7.21092,3297.762931342752
1188,2022-04-03,8.0495,3681.269895636546
1189,2022-04-04,7.97551,3647.4321219141843
1190,2022-04-05,7.89703,3611.540940920389
1191,2022-04-06,7.76699,3552.069875981129
1192,2022-04-07,18.44211,8434.11197652248
1193,2022-04-08,16.02053,7326.653183569434
1194,2022-04-09,12.15722,5559.849431720048
1195,2022-04-10,11.37469,5201.975758643153
1196,2022-04-11,11.01594,5037.90897498459
1197,2022-04-12,10.77602,4928.186598021906
1198,2022-04-13,8.73113,3992.9990712328863
1199,2022-04-14,8.66162,3961.2101314918214
1200,2022-04-15,7.34097,3357.2385695721496
1201,2022-04-16,7.8051,3569.4986846925653
1202,2022-04-17,8.74234,3998.125729476266
1203,2022-04-18,8.60108,3933.5234330034887
1204,2022-04-19,6.93064,3169.5827553878466
1205,2022-04-20,7.90376,3614.6187651824716
1206,2022-04-21,8.40153,3842.2634283231637
1207,2022-04-22,6.67727,3053.709303191135
1208,2022-04-23,8.15713,3730.492217379184
1209,2022-04-24,18.53629,8477.18322303109
1210,2022-04-25,12.12359,5544.469456989909
1211,2022-04-26,10.72445,4904.602140786304
1212,2022-04-27,9.88587,4521.09517649251
1213,2022-04-28,13.77833,6301.230069090738
1214,2022-04-29,10.11233,4624.661904931028
1215,2022-04-30,8.67956,3969.4146139972845
1216,2022-05-01,9.11006,4166.294754387562
1217,2022-05-02,8.31632,3803.2944230672856
1218,2022-05-03,8.24009,3768.4322323542765
1219,2022-05-04,7.49344,3426.967524288306
1220,2022-05-05,7.90824,3616.667599163769
1221,2022-05-06,7.19074,3288.534031846641
1222,2022-05-07,7.619,3484.389755246269
1223,2022-05-08,7.88134,3604.365448695712
1224,2022-05-09,7.45308,3408.509725296084
1225,2022-05-10,8.00466,3660.7632626630266
1226,2022-05-11,7.64591,3496.6964790044626
1227,2022-05-12,7.17504,3281.353966331827
1228,2022-05-13,6.86114,3137.7983889369193
1229,2022-05-14,6.94634,3176.7628209026607
1230,2022-05-15,8.03381,3674.0944034118693
1231,2022-05-16,7.78044,3558.220951215157
1232,2022-05-17,6.67055,3050.636052219189
1233,2022-05-18,7.17729,3282.382956612613
1234,2022-05-19,18.87486,8632.021107193543
1235,2022-05-20,11.16168,5104.560105438663
1236,2022-05-21,9.13024,4175.5236538836725
1237,2022-05-22,8.22439,3761.252166839462
1238,2022-05-23,8.07641,3693.5766193947393
1239,2022-05-24,8.01363,3664.8655039157575
1240,2022-05-25,6.80508,3112.1605244298835
1241,2022-05-26,6.22211,2845.5514293234496
1242,2022-05-27,6.23332,2850.6780875668296
1243,2022-05-28,7.27819,3328.5274540931678
1244,2022-05-29,7.15486,3272.125066835716
1245,2022-05-30,6.56068,3000.3893134859027
1246,2022-05-31,5.74676,2628.160082669517
1247,2022-06-01,6.19969,2835.2981128366905
1248,2022-06-02,6.14587,2810.6846653203033
1249,2022-06-03,5.63017,2574.840092964285
1250,2022-06-04,6.19969,2835.2981128366905
1251,2022-06-05,6.47099,2959.3714742487273
1252,2022-06-06,6.65037,3041.4071527230776
1253,2022-06-07,5.80057,2652.768956895767
1254,2022-06-08,8.76701,4009.4080362438112
1255,2022-06-09,8.67284,3966.3413630253385
1256,2022-06-10,8.2939,3793.041106580527
1257,2022-06-11,8.35444,3820.7278050688597
1258,2022-06-12,9.65716,4416.499457773206
1259,2022-06-13,7.36787,3369.540720040206
1260,2022-06-14,6.39027,2922.4558762642837
1261,2022-06-15,5.82075,2661.9978563918785
1262,2022-06-16,5.90147,2698.913454376322
1263,2022-06-17,5.55842,2542.026736232572
1264,2022-06-18,5.29159,2419.997635511695
1265,2022-06-19,5.38128,2461.0154747488705
1266,2022-06-20,5.24899,2400.5154195288246
1267,2022-06-21,5.41043,2474.3466154977127
1268,2022-06-22,5.56963,2547.153394475952
1269,2022-06-23,4.74898,2171.846339397484
1270,2022-06-24,4.35659,1992.3950077186432
1271,2022-06-25,4.71759,2157.490781657993
1272,2022-06-26,4.814,2201.581871867114
1273,2022-06-27,5.63465,2576.888926945582
1274,2022-06-28,5.13912,2350.2686807955383
1275,2022-06-29,5.2333,2393.3399273041473
1276,2022-06-30,7.67954,3512.076453734602
1277,2022-07-01,5.87457,2686.6113039082657
1278,2022-07-02,5.92838,2711.2201781345157
1279,2022-07-03,5.39698,2468.195540263684
1280,2022-07-04,5.49339,2512.286630472805
1281,2022-07-05,5.32523,2435.3821835319714
1282,2022-07-06,5.72434,2617.906766182757
1283,2022-07-07,13.61465,6226.3744561312005
1284,2022-07-08,12.47337,5704.433999395741
1285,2022-07-09,11.01594,5037.90897498459
1286,2022-07-10,7.65488,3500.798720257194
1287,2022-07-11,8.34772,3817.654554096914
1288,2022-07-12,7.28043,3329.551871083816
1289,2022-07-13,6.83871,3127.5404991600226
1290,2022-07-14,5.55169,2538.9489119704895
1291,2022-07-15,5.32523,2435.3821835319714
1292,2022-07-16,5.0584,2313.3530828110943
1293,2022-07-17,5.66828,2592.2689016757217
1294,2022-07-18,5.90596,2700.9668616477566
1295,2022-07-19,5.15482,2357.4487463103524
1296,2022-07-20,5.09428,2329.762047822019
1297,2022-07-21,7.37684,3373.642961292937
1298,2022-07-22,16.67301,7625.051218416932
1299,2022-07-23,7.85219,3591.0343079468703
1300,2022-07-24,7.60106,3476.185272740807
1301,2022-07-25,6.27592,2870.1603035497
1302,2022-07-26,6.08533,2782.9979668319697
1303,2022-07-27,5.41043,2474.3466154977127
1304,2022-07-28,5.26693,2408.7199020342873
1305,2022-07-29,5.0741,2320.533148325908
1306,2022-07-30,4.7871,2189.279721399057
1307,2022-07-31,5.48891,2510.2377964915077
1308,2022-08-01,5.69743,2605.6000424245635
1309,2022-08-02,5.30729,2427.177701026509
1310,2022-08-03,6.57413,3006.5403887199313
1311,2022-08-04,6.95531,3180.8650621553916
1312,2022-08-05,6.46651,2957.3226402674304
1313,2022-08-06,12.04735,5509.602692986762
1314,2022-08-07,7.78717,3561.29877547724
1315,2022-08-08,5.65483,2586.117826441693
1316,2022-08-09,5.33644,2440.508841775351
1317,2022-08-10,5.41491,2476.3954494790096
1318,2022-08-11,5.33868,2441.533258766
1319,2022-08-12,5.0315,2301.050932343038
1320,2022-08-13,5.3028,2425.124293755075
1321,2022-08-14,5.36559,2453.8399825241936
1322,2022-08-15,5.54272,2534.8466707177586
1323,2022-08-16,5.69743,2605.6000424245635
1324,2022-08-17,6.52032,2981.931514493681
1325,2022-08-18,8.28718,3789.9678556085805
1326,2022-08-19,6.24005,2853.7559118289123
1327,2022-08-20,5.3768,2458.966640767573
1328,2022-08-21,5.26917,2409.7443190249355
1329,2022-08-22,5.82748,2665.075680653961
1330,2022-08-23,5.44631,2490.7555805086376
1331,2022-08-24,5.5046,2517.413288716185
1332,2022-08-25,5.41267,2475.3710324883614
1333,2022-08-26,5.19518,2375.906545302574
1334,2022-08-27,5.26244,2406.666494762853
1335,2022-08-28,5.66156,2589.1956507037758
1336,2022-08-29,5.91941,2707.1179368817848
1337,2022-08-30,6.1526,2813.7624895823856
1338,2022-08-31,5.78936,2647.6422986523876
1339,2022-09-01,7.15038,3270.0762328544192
1340,2022-09-02,5.71537,2613.804524930026
1341,2022-09-03,5.38577,2463.0688820203045
1342,2022-09-04,5.87681,2687.6357208989143
1343,2022-09-05,6.60104,3018.847112478125
1344,2022-09-06,6.57862,3008.5937959913654
1345,2022-09-07,5.80506,2654.8223641672016
1346,2022-09-08,6.42166,2936.8114340037746
1347,2022-09-09,5.76246,2635.3401481843307
1348,2022-09-10,5.66604,2591.244484685073
1349,2022-09-11,12.55409,5741.3495973801855
1350,2022-09-12,18.18874,8318.238524325767
1351,2022-09-13,32.58817,14903.515643814648
1352,2022-09-14,17.20217,7867.051439297114
1353,2022-09-15,12.65723,5788.518511851389
1354,2022-09-16,9.39482,4296.523764323763
1355,2022-09-17,8.73337,3994.023488223535
1356,2022-09-18,9.02935,4129.383729693254
1357,2022-09-19,8.42844,3854.5701520813577
1358,2022-09-20,9.44191,4318.059387578068
1359,2022-09-21,7.60106,3476.185272740807
1360,2022-09-22,6.89477,3153.178363667059
1361,2022-09-23,6.41718,2934.7626000224773
1362,2022-09-24,6.36337,2910.153725796227
1363,2022-09-25,6.79163,3106.009449195855
1364,2022-09-26,7.46429,3413.6363835394636
1365,2022-09-27,8.0921,3700.7521116194166
1366,2022-09-28,7.28043,3329.551871083816
1367,2022-09-29,6.38803,2921.431459273635
1368,2022-09-30,5.64138,2579.966751207665
1369,2022-10-01,5.58308,2553.3044697099804
1370,2022-10-02,6.32076,2890.666936523219
1371,2022-10-03,6.42391,2937.84042428456
1372,2022-10-04,6.98446,3194.196202904234
1373,2022-10-05,7.74456,3541.811986204232
1374,2022-10-06,14.33664,6556.561430719762
1375,2022-10-07,9.11903,4170.3969956402925
1376,2022-10-08,7.74681,3542.8409764850176
1377,2022-10-09,8.54279,3906.8657247959413
1378,2022-10-10,8.2087,3754.0766746147856
1379,2022-10-11,8.82306,4035.04132746071
1380,2022-10-12,8.21318,3756.1255085960825
1381,2022-10-13,9.07195,4148.865945676124
1382,2022-10-14,7.73335,3536.6853279608526
1383,2022-10-15,7.88134,3604.365448695712
1384,2022-10-16,9.86793,4512.890693987048
1385,2022-10-17,8.21991,3759.2033328581656
1386,2022-10-18,7.83874,3584.8832327128416
1387,2022-10-19,8.02932,3672.0409961404353
1388,2022-10-20,7.11675,3254.6962581242797
1389,2022-10-21,7.03154,3215.7272528684016
1390,2022-10-22,6.09206,2786.0757910940524
1391,2022-10-23,6.70867,3068.069434220762
1392,2022-10-24,6.86562,3139.847222918216
1393,2022-10-25,7.42393,3395.178584547242
1394,2022-10-26,6.6997,3063.967192968031
1395,2022-10-27,6.78938,3104.98045891507
1396,2022-10-28,7.41272,3390.0519263038623
1397,2022-10-29,5.54048,2533.8222537271095
1398,2022-10-30,5.84093,2671.2267558879894
1399,2022-10-31,6.5831,3010.6426299726622
1400,2022-11-01,7.01361,3207.527343653076
1401,2022-11-02,7.15038,3270.0762328544192
1402,2022-11-03,6.8858,3149.076122414327
1403,2022-11-04,7.27819,3328.5274540931678
1404,2022-11-05,5.92838,2711.2201781345157
1405,2022-11-06,8.38359,3834.058945817702
1406,2022-11-07,7.86788,3598.209800171547
1407,2022-11-08,6.92167,3165.4805141351153
1408,2022-11-09,6.66831,3049.6116352285403
1409,2022-11-10,8.39929,3841.239011332516
1410,2022-11-11,10.71548,4900.499899533573
1411,2022-11-12,7.83874,3584.8832327128416
1412,2022-11-13,8.28045,3786.8900313464983
1413,2022-11-14,8.50691,3890.456759785016
1414,2022-11-15,9.53608,4361.1260607965405
1415,2022-11-16,21.28074,9732.299834631775
1416,2022-11-17,18.43987,8433.08755953183
1417,2022-11-18,10.51817,4810.264311843896
1418,2022-11-19,8.23561,3766.3833983729787
1419,2022-11-20,7.89928,3612.5699312011748
1420,2022-11-21,10.51593,4809.239894853249
1421,2022-11-22,8.25803,3776.6367148597383
1422,2022-11-23,7.73335,3536.6853279608526
1423,2022-11-24,7.84098,3585.9076497034903
1424,2022-11-25,9.97555,4562.1084424395485
1425,2022-11-26,12.95096,5922.8497630403235
1426,2022-11-27,10.67288,4881.017683550702
1427,2022-11-28,9.75582,4461.619538263113
1428,2022-11-29,9.88587,4521.09517649251
1429,2022-11-30,15.60124,7134.899701422537
1430,2022-12-01,56.04385,25630.47864346484
1431,2022-12-02,25.53196,11676.506084178704
1432,2022-12-03,13.29626,6080.765471464859
1433,2022-12-04,17.84569,8161.351806182019
1434,2022-12-05,20.35023,9306.750614110157
1435,2022-12-06,17.77618,8129.562866440953
1436,2022-12-07,15.96224,7299.995475361886
1437,2022-12-08,13.64604,6240.730013870691
1438,2022-12-09,12.00251,5489.096060013243
1439,2022-12-10,14.93531,6830.35059134101
1440,2022-12-11,14.57207,6664.230400411012
1441,2022-12-12,11.73568,5367.066959292366
1442,2022-12-13,12.10789,5537.289391475095
1443,2022-12-14,10.58319,4839.999844313527
1444,2022-12-15,9.78721,4475.975096002604
1445,2022-12-16,13.46218,6156.645501415044
1446,2022-12-17,9.16612,4191.932618894596
1447,2022-12-18,9.58093,4381.637267060197
1448,2022-12-19,10.18184,4656.450844672092
1449,2022-12-20,17.44433,7977.798233250447
1450,2022-12-21,18.98024,8680.214438655394
1451,2022-12-22,16.20215,7409.713279034432
1452,2022-12-23,14.8501,6791.381586085132
1453,2022-12-24,17.03849,7792.195826337577
1454,2022-12-25,14.93082,6828.297184069576
1455,2022-12-26,15.36357,7026.206314740638
1456,2022-12-27,13.47115,6160.747742667775
1457,2022-12-28,15.96448,7301.019892352534
1458,2022-12-29,13.90614,6359.681290329486
1459,2022-12-30,13.43303,6143.3143606662015
1460,2022-12-31,14.2604,6521.694666716617
1461,2023-01-01,10.54956,4824.619869583387
1462,2023-01-02,14.23126,6508.368099257911
1463,2023-01-03,17.2246,7877.30932907401
1464,2023-01-04,15.74923,7202.579822157396
1465,2023-01-05,12.82091,5863.374124810925
1466,2023-01-06,13.00253,5946.434220275925
1467,2023-01-07,13.36352,6111.525420925137
1468,2023-01-08,17.79636,8138.791765937064
1469,2023-01-09,75.93892,34729.07138370731
1470,2023-01-10,18.28067,8360.280780553592
1471,2023-01-11,15.36133,7025.18189774999
1472,2023-01-12,21.59465,9875.85998531682
1473,2023-01-13,11.17513,5110.711180672692
1474,2023-01-14,9.73115,4450.337231495568
1475,2023-01-15,11.11684,5084.053472465144
1476,2023-01-16,10.50247,4803.084246329084
1477,2023-01-17,8.94414,4090.414724437376
1478,2023-01-18,8.98674,4109.896940420246
1479,2023-01-19,9.62577,4402.143900033715
1480,2023-01-20,7.54277,3449.527564533259
1481,2023-01-21,7.13244,3261.8717503489565
1482,2023-01-22,8.49122,3883.2812675603395
1483,2023-01-23,8.09659,3702.805518890851
1484,2023-01-24,9.06971,4147.841528685476
1485,2023-01-25,8.92396,4081.1858249412644
1486,2023-01-26,12.00475,5490.120477003891
1487,2023-01-27,10.19753,4663.626336896769
1488,2023-01-28,8.91051,4075.0347497072366
1489,2023-01-29,9.36119,4281.143789593624
1490,2023-01-30,8.50691,3890.456759785016
1491,2023-01-31,7.9486,3635.1253981559908
1492,2023-02-01,8.02035,3667.938754887704
1493,2023-02-02,8.96656,4100.668040924135
1494,2023-02-03,7.57864,3465.9319562540472
1495,2023-02-04,8.22888,3763.3055741108965
1496,2023-02-05,8.54727,3908.914558777238
1497,2023-02-06,8.18404,3742.798941137377
1498,2023-02-07,8.27372,3783.812207084416
1499,2023-02-08,7.82752,3579.752001179325
1500,2023-02-09,8.88809,4064.7814332204766
1501,2023-02-10,7.86788,3598.209800171547
1502,2023-02-11,7.21316,3298.7873483334006
1503,2023-02-12,8.41947,3850.467910828627
1504,2023-02-13,7.10329,3248.5406096001143
1505,2023-02-14,8.00466,3660.7632626630266
1506,2023-02-15,13.12137,6000.7832002619425
1507,2023-02-16,6.91046,3160.3538558917353
1508,2023-02-17,7.21316,3298.7873483334006
1509,2023-02-18,7.83425,3582.8298254414076
1510,2023-02-19,8.29839,3795.0945138519605
1511,2023-02-20,11.80968,5400.909306304864
1512,2023-02-21,7.29612,3336.7273633084933
1513,2023-02-22,7.13468,3262.896167339605
1514,2023-02-23,10.07645,4608.252939920103
1515,2023-02-24,7.98448,3651.5343631669157
1516,2023-02-25,7.62348,3486.4385892275664
1517,2023-02-26,7.48895,3424.914117016872
1518,2023-02-27,7.20643,3295.709524071318
1519,2023-02-28,7.11002,3251.618433862197
1520,2023-03-01,7.74905,3543.8653934756667
1521,2023-03-02,7.5764,3464.9075392633986
1522,2023-03-03,19.77622,9044.239186966317
1523,2023-03-04,11.05405,5055.337783696026
1524,2023-03-05,9.9621,4555.95736720552
1525,2023-03-06,10.02713,4585.697472965287
1526,2023-03-07,9.41276,4304.728246829226
1527,2023-03-08,8.554,3911.992383039321
1528,2023-03-09,7.91497,3619.7454234258516
1529,2023-03-10,6.89477,3153.178363667059
1530,2023-03-11,6.99791,3200.347278138262
1531,2023-03-12,8.06296,3687.4255441607115
1532,2023-03-13,8.05847,3685.372136889277
1533,2023-03-14,8.86342,4053.4991264529317
1534,2023-03-15,7.83649,3583.8542424320563
1535,2023-03-16,8.5966,3931.474599022192
1536,2023-03-17,19.26276,8809.419031600948
1537,2023-03-18,13.79627,6309.4345515961995
1538,2023-03-19,11.59667,5303.493653100374
1539,2023-03-20,10.75584,4918.9576985257945
1540,2023-03-21,11.43971,5231.711291112783
1541,2023-03-22,11.36348,5196.849100399773
1542,2023-03-23,9.90156,4528.270668717187
1543,2023-03-24,8.82979,4038.119151722792
1544,2023-03-25,10.46211,4784.626447336861
1545,2023-03-26,9.41276,4304.728246829226
1546,2023-03-27,8.64369,3953.010222276496
1547,2023-03-28,9.13697,4178.601478145754
1548,2023-03-29,7.32303,3349.034087066687
1549,2023-03-30,7.61676,3483.365338255621
1550,2023-03-31,6.71763,3072.1671021833567
1551,2023-04-01,7.01585,3208.5517606437247
1552,2023-04-02,7.91721,3620.7698404165003
1553,2023-04-03,8.05175,3682.2988859173315
1554,2023-04-04,7.58312,3467.9807902353446
1555,2023-04-05,8.96208,4098.619206942838
1556,2023-04-06,11.41505,5220.433557635376
1557,2023-04-07,15.18643,6945.195053256936
1558,2023-04-08,9.14818,4183.728136389134
1559,2023-04-09,8.82979,4038.119151722792
1560,2023-04-10,10.38139,4747.710849352417
1561,2023-04-11,10.66167,4875.891025307323
1562,2023-04-12,10.2491,4687.210794132371
1563,2023-04-13,12.22897,5592.662788451761
1564,2023-04-14,9.56299,4373.432784554734
1565,2023-04-15,10.83432,4954.84887951959
1566,2023-04-16,10.78275,4931.264422283989
1567,2023-04-17,8.47552,3876.1012020455255
1568,2023-04-18,7.65263,3499.7697299764086
1569,2023-04-19,7.81631,3574.625342935945
1570,2023-04-20,7.70645,3524.3831774927958
1571,2023-04-21,7.56519,3459.780881020019
1572,2023-04-22,7.87685,3602.312041424278
1573,2023-04-23,7.84995,3590.009890956221
1574,2023-04-24,7.78044,3558.220951215157
1575,2023-04-25,7.59882,3475.160855750158
1576,2023-04-26,7.06069,3229.058393617244
1577,2023-04-27,6.61898,3027.051594983587
1578,2023-04-28,6.65934,3045.5093939758094
1579,2023-04-29,8.60333,3934.552423284274
1580,2023-04-30,8.17282,3737.6677096038607
1581,2023-05-01,8.17058,3736.6432926132115
1582,2023-05-02,7.0876,3241.3651173754374
1583,2023-05-03,6.84544,3130.6183234221053
1584,2023-05-04,6.17278,2822.991389078497
1585,2023-05-05,6.1526,2813.7624895823856
1586,2023-05-06,6.51359,2978.853690231598
1587,2023-05-07,6.6414,3037.3049114703467
1588,2023-05-08,6.64364,3038.3293284609954
1589,2023-05-09,6.64364,3038.3293284609954
1590,2023-05-10,6.89477,3153.178363667059
1591,2023-05-11,10.44642,4777.450955112184
1592,2023-05-12,7.54725,3451.5763985145563
1593,2023-05-13,6.93513,3171.6361626592807
1594,2023-05-14,7.12347,3257.7695090962256
1595,2023-05-15,7.25576,3318.2695643162715
1596,2023-05-16,7.78941,3562.3231924678885
1597,2023-05-17,6.82526,3121.3894239259944
1598,2023-05-18,7.40375,3385.9496850511305
1599,2023-05-19,6.19296,2832.220288574608
1600,2023-05-20,6.96203,3183.9383131273376
1601,2023-05-21,7.24231,3312.118489082243
1602,2023-05-22,7.71766,3529.509835736176
1603,2023-05-23,7.85219,3591.0343079468703
1604,2023-05-24,6.71988,3073.196092464142
1605,2023-05-25,9.00917,4120.1548301971425
1606,2023-05-26,7.36563,3368.5163030495573
1607,2023-05-27,5.98892,2738.9068766228493
1608,2023-05-28,6.16605,2819.9135648164142
1609,2023-05-29,6.21762,2843.498022052016
1610,2023-05-30,6.41942,2935.7870170131255
1611,2023-05-31,7.03154,3215.7272528684016
1612,2023-06-01,8.28718,3789.9678556085805
1613,2023-06-02,43.84403,20051.14699576192
1614,2023-06-03,9.26478,4237.052699384503
1615,2023-06-04,8.08538,3697.678860647471
1616,2023-06-05,7.77595,3556.167543943723
1617,2023-06-06,7.75129,3544.889810466315
1618,2023-06-07,7.045,3221.882901392567
1619,2023-06-08,6.44409,2947.069323780671
1620,2023-06-09,6.47323,2960.3958912393764
1621,2023-06-10,8.51812,3895.583418028396
1622,2023-06-11,8.68853,3973.5168552500154
1623,2023-06-12,7.54277,3449.527564533259
1624,2023-06-13,6.684,3056.7871274532176
1625,2023-06-14,6.26471,2865.0336453063205
1626,2023-06-15,5.66156,2589.1956507037758
1627,2023-06-16,10.03609,4589.795140927881
1628,2023-06-17,9.02486,4127.33032242182
1629,2023-06-18,7.55398,3454.654222776639
1630,2023-06-19,7.14365,3266.9984085923365
1631,2023-06-20,7.33424,3354.160745310067
1632,2023-06-21,7.23783,3310.0696551009455
1633,2023-06-22,7.20195,3293.660690090021
1634,2023-06-23,6.81181,3115.238348691966
1635,2023-06-24,6.10776,2793.2558566088665
1636,2023-06-25,6.93737,3172.660579649929
1637,2023-06-26,6.75575,3089.6004841849303
1638,2023-06-27,6.38355,2919.3826252923377
1639,2023-06-28,6.03376,2759.4135095963684
1640,2023-06-29,6.93289,3170.611745668632
1641,2023-06-30,5.87905,2688.660137889563
1642,2023-07-01,6.48669,2966.5515397635413
1643,2023-07-02,6.52256,2982.9559314843295
1644,2023-07-03,6.61898,3027.051594983587
1645,2023-07-04,7.54052,3448.4985742524736
1646,2023-07-05,6.55395,2997.3114892238204
1647,2023-07-06,6.10327,2791.2024493374324
1648,2023-07-07,7.73335,3536.6853279608526
1649,2023-07-08,6.58983,3013.720454234745
1650,2023-07-09,6.76472,3093.7027254376612
1651,2023-07-10,6.44633,2948.093740771319
1652,2023-07-11,6.59656,3016.7982784968276
1653,2023-07-12,6.59431,3015.7692882160422
1654,2023-07-13,6.41718,2934.7626000224773
1655,2023-07-14,5.73779,2624.057841416786
1656,2023-07-15,5.54048,2533.8222537271095
1657,2023-07-16,6.34767,2902.973660281413
1658,2023-07-17,7.26473,3322.3718055690024
1659,2023-07-18,6.97549,3190.0939616515025
1660,2023-07-19,7.39926,3383.896277779697
1661,2023-07-20,6.02704,2756.3402586244224
1662,2023-07-21,5.82075,2661.9978563918785
1663,2023-07-22,6.09206,2786.0757910940524
1664,2023-07-23,6.74454,3084.4738259415503
1665,2023-07-24,6.77145,3096.780549699744
1666,2023-07-25,7.49344,3426.967524288306
1667,2023-07-26,9.64147,4409.3239655485295
1668,2023-07-27,39.52106,18074.12738948328
1669,2023-07-28,12.18412,5572.151582188105
1670,2023-07-29,7.2311,3306.991830838863
1671,2023-07-30,6.97997,3192.1427956328
1672,2023-07-31,6.75575,3089.6004841849303
1673,2023-08-01,7.11002,3251.618433862197
1674,2023-08-02,6.41718,2934.7626000224773
1675,2023-08-03,6.51359,2978.853690231598
1676,2023-08-04,5.64586,2582.0155851889617
1677,2023-08-05,5.32971,2437.4310175132687
1678,2023-08-06,5.97322,2731.7268111080352
1679,2023-08-07,6.5988,3017.8226954874763
1680,2023-08-08,5.39473,2467.1665499828987
1681,2023-08-09,5.05616,2312.328665820446
1682,2023-08-10,6.82526,3121.3894239259944
1683,2023-08-11,5.86784,2683.533479646183
1684,2023-08-12,5.37904,2459.991057758222
1685,2023-08-13,5.6055,2563.55778619674
1686,2023-08-14,5.57187,2548.1778114666004
1687,2023-08-15,6.63916,3036.2804944796985
1688,2023-08-16,6.971,3188.0405543800684
1689,2023-08-17,7.22437,3303.9140065767806
1690,2023-08-18,6.4822,2964.4981324921073
1691,2023-08-19,5.39922,2469.2199572543327
1692,2023-08-20,5.74452,2627.135665678868
1693,2023-08-21,5.87905,2688.660137889563
1694,2023-08-22,6.22211,2845.5514293234496
1695,2023-08-23,6.60328,3019.871529468773
1696,2023-08-24,7.00464,3203.4251024003447
1697,2023-08-25,5.59429,2558.4311279533604
1698,2023-08-26,5.51357,2521.515529968916
1699,2023-08-27,6.46427,2956.2982232767818
1700,2023-08-28,7.619,3484.389755246269
1701,2023-08-29,8.72889,3991.974654242237
1702,2023-08-30,7.01361,3207.527343653076
1703,2023-08-31,5.7064,2609.7022836772953
1704,2023-09-01,6.0517,2767.6179921018306
1705,2023-09-02,6.14587,2810.6846653203033
1706,2023-09-03,6.21538,2842.473605061367
1707,2023-09-04,6.2109,2840.4247710800696
1708,2023-09-05,8.86791,4055.5525337243657
1709,2023-09-06,6.81405,3116.2627656826144
1710,2023-09-07,5.94632,2719.4246606399784
1711,2023-09-08,5.43509,2485.6243489751205
1712,2023-09-09,5.68846,2601.4978011718326
1713,2023-09-10,6.50911,2976.804856250301
1714,2023-09-11,6.13242,2804.5335900862747
1715,2023-09-12,9.00468,4118.101422925709
1716,2023-09-13,18.15735,8303.882966586278
1717,2023-09-14,10.59665,4846.155492837693
1718,2023-09-15,8.00017,3658.709855391593
1719,2023-09-16,7.41496,3391.0763432945105
1720,2023-09-17,7.23334,3308.0162478295115
1721,2023-09-18,6.75351,3088.5760671942817
1722,2023-09-19,7.68178,3513.100870725251
1723,2023-09-20,6.71539,3071.142685192708
1724,2023-09-21,6.53377,2988.082589727709
1725,2023-09-22,5.83645,2669.177921906692
1726,2023-09-23,6.39027,2922.4558762642837
1727,2023-09-24,6.6997,3063.967192968031
1728,2023-09-25,6.30507,2883.4914442985423
1729,2023-09-26,7.20868,3296.7385143521033
1730,2023-09-27,6.2961,2879.389203045811
1731,2023-09-28,6.03152,2758.3890926057197
1732,2023-09-29,6.09654,2788.1246250753497
1733,2023-09-30,6.60552,3020.8959464594222
1734,2023-10-01,6.65485,3043.455986704375
1735,2023-10-02,7.31182,3343.907428823307
1736,2023-10-03,7.11002,3251.618433862197
1737,2023-10-04,6.49341,2969.6247907354873
1738,2023-10-05,7.27819,3328.5274540931678
1739,2023-10-06,7.16607,3277.251725079096
1740,2023-10-07,6.29386,2878.3647860551623
1741,2023-10-08,6.23332,2850.6780875668296
1742,2023-10-09,8.12798,3717.161076630342
1743,2023-10-10,11.36796,5198.897934381071
1744,2023-10-11,8.99347,4112.974764682329
1745,2023-10-12,7.57864,3465.9319562540472
1746,2023-10-13,6.51359,2978.853690231598
1747,2023-10-14,5.98892,2738.9068766228493
1748,2023-10-15,6.67503,3052.684886200486
1749,2023-10-16,6.98446,3194.196202904234
1750,2023-10-17,8.11004,3708.956594124879
1751,2023-10-18,6.67727,3053.709303191135
1752,2023-10-19,6.22883,2848.6246802953956
1753,2023-10-20,6.15484,2814.7869065730342
1754,2023-10-21,6.83647,3126.5160821693744
1755,2023-10-22,8.43516,3857.6434030533032
1756,2023-10-23,7.17953,3283.407373603261
1757,2023-10-24,6.68176,3055.7627104625685
1758,2023-10-25,6.971,3188.0405543800684
1759,2023-10-26,5.71537,2613.804524930026
1760,2023-10-27,6.43512,2942.96708252794
1761,2023-10-28,6.96203,3183.9383131273376
1762,2023-10-29,6.95531,3180.8650621553916
1763,2023-10-30,7.60555,3478.238680012241
1764,2023-10-31,7.41944,3393.125177275808
1765,2023-11-01,7.76699,3552.069875981129
1766,2023-11-02,6.91719,3163.431680153818
1767,2023-11-03,6.27592,2870.1603035497
1768,2023-11-04,6.48669,2966.5515397635413
1769,2023-11-05,6.61001,3022.949353730856
1770,2023-11-06,6.64364,3038.3293284609954
1771,2023-11-07,6.33646,2897.847002038033
1772,2023-11-08,6.54947,2995.262655242523
1773,2023-11-09,5.77367,2640.4668064277107
1774,2023-11-10,5.65707,2587.1422434323417
1775,2023-11-11,5.75349,2631.2379069316
1776,2023-11-12,6.22659,2847.600263304747
1777,2023-11-13,6.73333,3079.3471676981703
1778,2023-11-14,6.60777,3021.9249367402076
1779,2023-11-15,6.11672,2797.3535245714606
1780,2023-11-16,5.76918,2638.4133991562767
1781,2023-11-17,7.02482,3212.6540018964556
1782,2023-11-18,6.79611,3108.058283177152
1783,2023-11-19,7.01585,3208.5517606437247
1784,2023-11-20,7.15038,3270.0762328544192
1785,2023-11-21,6.34991,2903.998077272062
1786,2023-11-22,6.53602,2989.1115800084945
1787,2023-11-23,7.54052,3448.4985742524736
1788,2023-11-24,7.73111,3535.660910970204
1789,2023-11-25,6.5562,2998.3404795046054
1790,2023-11-26,6.64364,3038.3293284609954
1791,2023-11-27,6.8858,3149.076122414327
1792,2023-11-28,7.80286,3568.4742677019167
1793,2023-11-29,11.12805,5089.180130708524
1794,2023-11-30,7.2737,3326.4740468217333
1795,2023-12-01,9.16388,4190.908201903949
1796,2023-12-02,8.51364,3893.534584047099
1797,2023-12-03,8.02932,3672.0409961404353
1798,2023-12-04,7.61227,3481.3119309841863
1799,2023-12-05,7.28043,3329.551871083816
1800,2023-12-06,6.74006,3082.424991960253
1801,2023-12-07,6.34094,2899.89583601933
1802,2023-12-08,8.69974,3978.6435134933954
1803,2023-12-09,6.78266,3101.907207943124
1804,2023-12-10,7.14814,3269.05181586377
1805,2023-12-11,6.84544,3130.6183234221053
1806,2023-12-12,6.26695,2866.0580622969687
1807,2023-12-13,6.66606,3048.582644947755
1808,2023-12-14,5.84093,2671.2267558879894
1809,2023-12-15,6.13018,2803.509173095626
1810,2023-12-16,6.32525,2892.720343794653
1811,2023-12-17,7.1885,3287.5096148559924
1812,2023-12-18,10.26256,4693.3664426565365
1813,2023-12-19,7.19971,3292.636273099372
1814,2023-12-20,6.42166,2936.8114340037746
1815,2023-12-21,6.13915,2807.6114143483574
1816,2023-12-22,6.41045,2931.6847757603946
1817,2023-12-23,6.41269,2932.709192751043
1818,2023-12-24,6.09654,2788.1246250753497
1819,2023-12-25,6.5248,2983.9803484749777
1820,2023-12-26,6.44409,2947.069323780671
1821,2023-12-27,6.75127,3087.551650203633
1822,2023-12-28,6.69297,3060.8893687059485
1823,2023-12-29,6.34543,2901.9492432907646
1824,2023-12-30,5.98892,2738.9068766228493
1825,2023-12-31,5.86784,2683.533479646183
1826,2024-01-01,5.58084,2552.2800527193317
1827,2024-01-02,5.68622,2600.473384181184
1828,2024-01-03,5.69295,2603.5512084432667
1829,2024-01-04,5.54945,2537.9244949798413
1830,2024-01-05,6.43736,2943.991499518588
1831,2024-01-06,7.0293,3214.702835877753
1832,2024-01-07,6.94185,3174.709413631226
1833,2024-01-08,5.39249,2466.14213299225
1834,2024-01-09,6.34319,2900.924826300116
1835,2024-01-10,5.78264,2644.5690476804416
1836,2024-01-11,6.71539,3071.142685192708
1837,2024-01-12,5.87457,2686.6113039082657
1838,2024-01-13,5.68398,2599.4489671905353
1839,2024-01-14,6.20193,2836.3225298273387
1840,2024-01-15,5.6481,2583.040002179611
1841,2024-01-16,5.71089,2611.755690948729
1842,2024-01-17,7.50913,3434.1430165129827
1843,2024-01-18,8.18628,3743.8233581280256
1844,2024-01-19,6.98894,3196.245036885531
1845,2024-01-20,6.67055,3050.636052219189
1846,2024-01-21,7.26473,3322.3718055690024
1847,2024-01-22,6.27816,2871.1847205403487
1848,2024-01-23,6.23556,2851.7025045574783
1849,2024-01-24,5.9665,2728.6535601360893
1850,2024-01-25,6.72212,3074.2205094547908
1851,2024-01-26,5.93062,2712.244595125165
1852,2024-01-27,6.036,2760.4379265870166
1853,2024-01-28,6.3544,2906.0514845434955
1854,2024-01-29,6.12121,2799.4069318428947
1855,2024-01-30,5.71313,2612.7801079393776
1856,2024-01-31,5.93286,2713.269012115813
1857,2024-02-01,6.00013,2744.033534866229
1858,2024-02-02,6.37234,2914.255967048958
1859,2024-02-03,6.31852,2889.642519532571
1860,2024-02-04,6.70194,3064.9916099586794
1861,2024-02-05,6.17726,2825.040223059794
1862,2024-02-06,5.76694,2637.388982165628
1863,2024-02-07,6.96203,3183.9383131273376
1864,2024-02-08,6.69521,3061.913785696597
1865,2024-02-09,6.80956,3114.209358411181
1866,2024-02-10,7.56294,3458.7518907392337
1867,2024-02-11,7.54725,3451.5763985145563
1868,2024-02-12,8.07865,3694.601036385388
1869,2024-02-13,8.14816,3726.389976126453
1870,2024-02-14,7.13468,3262.896167339605
1871,2024-02-15,6.97325,3189.0695446608543
1872,2024-02-16,6.67055,3050.636052219189
1873,2024-02-17,6.38579,2920.4070422829864
1874,2024-02-18,6.70642,3067.0404439399767
1875,2024-02-19,6.64588,3039.353745451644
1876,2024-02-20,6.24677,2856.829162800858
1877,2024-02-21,6.18623,2829.142464312525
1878,2024-02-22,7.43962,3402.3540767719187
1879,2024-02-23,6.63916,3036.2804944796985
1880,2024-02-24,6.38803,2921.431459273635
1881,2024-02-25,7.55846,3456.7030567579363
1882,2024-02-26,8.44861,3863.7944782873324
1883,2024-02-27,15.86806,7256.924228853277
1884,2024-02-28,10.58768,4842.053251584962
1885,2024-02-29,8.56521,3917.119041282701
1886,2024-03-01,8.22439,3761.252166839462
1887,2024-03-02,8.02484,3669.9921621591375
1888,2024-03-03,7.80959,3571.5520919639994
1889,2024-03-04,7.78492,3560.269785196454
1890,2024-03-05,7.906,3615.6431821731203
1891,2024-03-06,7.79613,3565.396443439834
1892,2024-03-07,7.20868,3296.7385143521033
1893,2024-03-08,6.99118,3197.2694538761793
1894,2024-03-09,6.8275,3122.413840916643
1895,2024-03-10,7.47774,3419.7874587734923
1896,2024-03-11,7.48671,3423.8897000262236
1897,2024-03-12,6.56516,3002.4381474672
1898,2024-03-13,7.53155,3444.3963329997428
1899,2024-03-14,6.89925,3155.2271976483557
1900,2024-03-15,6.27144,2868.111469568403
1901,2024-03-16,6.54723,2994.2382382518745
1902,2024-03-17,7.17729,3282.382956612613
1903,2024-03-18,6.74678,3085.498242932199
1904,2024-03-19,6.57862,3008.5937959913654
1905,2024-03-20,6.12345,2800.4313488335433
1906,2024-03-21,7.0876,3241.3651173754374
1907,2024-03-22,6.32076,2890.666936523219
1908,2024-03-23,6.91719,3163.431680153818
1909,2024-03-24,7.61452,3482.3409212649717
1910,2024-03-25,7.20419,3294.6851070806692
1911,2024-03-26,7.39254,3380.823026807751
1912,2024-03-27,7.14365,3266.9984085923365
1913,2024-03-28,9.07867,4151.939196648071
1914,2024-03-29,7.78717,3561.29877547724
1915,2024-03-30,7.68402,3514.1252877158995
1916,2024-03-31,8.30287,3797.143347833258
1917,2024-04-01,8.27821,3785.8656143558496
1918,2024-04-02,8.95984,4097.59478995219
1919,2024-04-03,8.67732,3968.3901970066354
1920,2024-04-04,9.52711,4357.02381954381
1921,2024-04-05,7.97775,3648.4565389048335
1922,2024-04-06,8.77598,4013.510277496542
1923,2024-04-07,8.45086,3864.8234685681177
1924,2024-04-08,8.91275,4076.0591666978853
1925,2024-04-09,10.97782,5020.475592983015
1926,2024-04-10,11.65945,5332.204768579356
1927,2024-04-11,10.79844,4938.439914508665
1928,2024-04-12,8.97777,4105.794699167515
1929,2024-04-13,8.90602,4072.981342435802
1930,2024-04-14,10.63476,4863.584301549129
1931,2024-04-15,8.78046,4015.559111477839
1932,2024-04-16,7.53828,3447.4741572618254
1933,2024-04-17,7.68851,3516.1786949873335
1934,2024-04-18,7.6616,3503.87197122914
1935,2024-04-19,8.72216,3988.896829980155
1936,2024-04-20,8.88136,4061.7036089583944
1937,2024-04-21,8.5809,3924.2945335073778
1938,2024-04-22,8.22664,3762.281157120248
1939,2024-04-23,8.3522,3819.703388078211
1940,2024-04-24,9.5316,4359.077226815243
1941,2024-04-25,8.33426,3811.4989055727488
1942,2024-04-26,7.29388,3335.7029463178446
1943,2024-04-27,7.2894,3333.6541123365473
1944,2024-04-28,8.3522,3819.703388078211
1945,2024-04-29,7.32976,3352.1119113287696
1946,2024-04-30,8.66611,3963.263538763256
1947,2024-05-01,9.17509,4196.034860147329
1948,2024-05-02,8.01811,3666.9143378970552
1949,2024-05-03,7.79389,3564.372026449186
1950,2024-05-04,7.73784,3538.7387352322867
1951,2024-05-05,8.30287,3797.143347833258
1952,2024-05-06,8.93069,4084.2636492033475
1953,2024-05-07,7.7199,3530.534252726824
1954,2024-05-08,7.29388,3335.7029463178446
1955,2024-05-09,7.89031,3608.4676899484434
1956,2024-05-10,9.22442,4218.5949003922815
1957,2024-05-11,7.40151,3384.9252680604823
1958,2024-05-12,8.52709,3899.6856592811273
1959,2024-05-13,8.27372,3783.812207084416
1960,2024-05-14,7.11226,3252.6428508528456
1961,2024-05-15,7.77595,3556.167543943723
1962,2024-05-16,7.68627,3515.154277996685
1963,2024-05-17,6.89477,3153.178363667059
1964,2024-05-18,6.9867,3195.2206198948825
1965,2024-05-19,7.08311,3239.3117101040034
1966,2024-05-20,7.01361,3207.527343653076
1967,2024-05-21,7.30285,3339.805187570576
1968,2024-05-22,7.72214,3531.5586697174726
1969,2024-05-23,6.89253,3152.1539466764098
1970,2024-05-24,7.47101,3416.7096345114096
1971,2024-05-25,7.57864,3465.9319562540472
1972,2024-05-26,7.8791,3603.341031705064
1973,2024-05-27,7.45308,3408.509725296084
1974,2024-05-28,9.03383,4131.432563674551
1975,2024-05-29,7.41944,3393.125177275808
1976,2024-05-30,7.15262,3271.1006498450674
1977,2024-05-31,6.50014,2972.70261499757
1978,2024-06-01,6.34543,2901.9492432907646
1979,2024-06-02,7.39926,3383.896277779697
1980,2024-06-03,8.33202,3810.4744885821
1981,2024-06-04,13.60792,6223.296631869118
1982,2024-06-05,8.46207,3869.9501268114973
1983,2024-06-06,7.45083,3407.4807350152987
1984,2024-06-07,7.53828,3447.4741572618254
1985,2024-06-08,8.74234,3998.125729476266
1986,2024-06-09,8.81185,4029.91466921733
1987,2024-06-10,10.80293,4940.4933217801
1988,2024-06-11,10.74239,4912.806623291766
1989,2024-06-12,9.18406,4200.13710140006
1990,2024-06-13,8.82755,4037.094734732144
1991,2024-06-14,8.3679,3826.883453593025
1992,2024-06-15,7.29612,3336.7273633084933
1993,2024-06-16,8.07417,3692.552202404091
1994,2024-06-17,8.9845,4108.872523429598
1995,2024-06-18,10.59216,4844.102085566258
1996,2024-06-19,8.51812,3895.583418028396
1997,2024-06-20,10.47332,4789.753105580241
1998,2024-06-21,7.77371,3555.143126953075
1999,2024-06-22,7.56519,3459.780881020019
2000,2024-06-23,7.83649,3583.8542424320563
2001,2024-06-24,7.19747,3291.6118561087237
2002,2024-06-25,7.43514,3400.3052427906214
2003,2024-06-26,7.43065,3398.2518355191874
2004,2024-06-27,8.24009,3768.4322323542765
2005,2024-06-28,7.0719,3234.185051860624
2006,2024-06-29,6.72436,3075.2449264454394
2007,2024-06-30,8.07417,3692.552202404091
2008,2024-07-01,7.99121,3654.6121874289984
2009,2024-07-02,7.78044,3558.220951215157
2010,2024-07-03,7.1728,3280.3295493411783
2011,2024-07-04,7.01361,3207.527343653076
2012,2024-07-05,6.12345,2800.4313488335433
2013,2024-07-06,5.42613,2481.5266810125263
2014,2024-07-07,6.48445,2965.5271227728927
2015,2024-07-08,6.53826,2990.135996999143
2016,2024-07-09,9.64371,4410.348382539179
2017,2024-07-10,7.51586,3437.2208407750654
2018,2024-07-11,6.36561,2911.1781427868755
2019,2024-07-12,7.76699,3552.069875981129
2020,2024-07-13,10.24686,4686.186377141723
2021,2024-07-14,7.1145,3253.667267843494
2022,2024-07-15,6.51584,2979.8826805123836
2023,2024-07-16,6.4822,2964.4981324921073
2024,2024-07-17,6.65485,3043.455986704375
2025,2024-07-18,7.47998,3420.811875764141
2026,2024-07-19,7.16383,3276.2273080884474
2027,2024-07-20,6.21987,2844.5270123328014
2028,2024-07-21,6.33198,2895.798168056736
2029,2024-07-22,6.82526,3121.3894239259944
2030,2024-07-23,7.03603,3217.7806601398356
2031,2024-07-24,8.40377,3843.287845313813
2032,2024-07-25,6.34543,2901.9492432907646
2033,2024-07-26,8.06296,3687.4255441607115
2034,2024-07-27,6.47996,2963.4737155014586
2035,2024-07-28,6.09654,2788.1246250753497
2036,2024-07-29,6.15036,2812.738072591737
2037,2024-07-30,5.68622,2600.473384181184
2038,2024-07-31,7.82528,3578.7275841886767
2039,2024-08-01,6.74903,3086.5272332129844
2040,2024-08-02,6.96203,3183.9383131273376
2041,2024-08-03,7.28491,3331.6007050651133
2042,2024-08-04,7.39254,3380.823026807751
2043,2024-08-05,6.81405,3116.2627656826144
2044,2024-08-06,7.92394,3623.847664678583
2045,2024-08-07,6.2378,2852.726921548127
2046,2024-08-08,5.89923,2697.889037385674
2047,2024-08-09,5.36559,2453.8399825241936
2048,2024-08-10,5.3342,2439.4844247847027
2049,2024-08-11,5.86111,2680.4556553841003
2050,2024-08-12,6.99343,3198.298444156965
2051,2024-08-13,7.77371,3555.143126953075
2052,2024-08-14,7.24231,3312.118489082243
2053,2024-08-15,5.98668,2737.8824596322
2054,2024-08-16,6.17951,2826.069213340579
2055,2024-08-17,7.02482,3212.6540018964556
2056,2024-08-18,6.99567,3199.3228611476134
2057,2024-08-19,6.42839,2939.8892582658573
2058,2024-08-20,8.39929,3841.239011332516
2059,2024-08-21,8.61454,3939.679081527654
2060,2024-08-22,6.98221,3193.1672126234484
2061,2024-08-23,7.33424,3354.160745310067
2062,2024-08-24,6.26247,2864.009228315672
2063,2024-08-25,7.14814,3269.05181586377
2064,2024-08-26,7.21765,3300.8407556048346
2065,2024-08-27,7.55398,3454.654222776639
2066,2024-08-28,8.00466,3660.7632626630266
2067,2024-08-29,6.58759,3012.6960372440963
2068,2024-08-30,6.85665,3135.7449816654853
2069,2024-08-31,6.38803,2921.431459273635
2070,2024-09-01,6.34543,2901.9492432907646
2071,2024-09-02,6.76696,3094.72714242831
2072,2024-09-03,13.5855,6213.043315382359
2073,2024-09-04,12.72674,5820.307451592454
2074,2024-09-05,13.65501,6244.832255123423
2075,2024-09-06,9.34998,4276.017131350244
2076,2024-09-07,7.69972,3521.305353230713
2077,2024-09-08,8.48001,3878.1546093169595
2078,2024-09-09,8.13695,3721.263317883073
2079,2024-09-10,7.33424,3354.160745310067
2080,2024-09-11,6.8006,3110.111690448586
2081,2024-09-12,8.07417,3692.552202404091
2082,2024-09-13,6.63692,3035.2560774890494
2083,2024-09-14,6.63692,3035.2560774890494
2084,2024-09-15,7.71766,3529.509835736176
2085,2024-09-16,7.2894,3333.6541123365473
2086,2024-09-17,6.684,3056.7871274532176
2087,2024-09-18,7.15262,3271.1006498450674
2088,2024-09-19,7.75577,3546.938644447612
2089,2024-09-20,7.52034,3439.2696747563627
2090,2024-09-21,7.91497,3619.7454234258516
2091,2024-09-22,7.97775,3648.4565389048335
2092,2024-09-23,8.11228,3709.9810111155275
2093,2024-09-24,7.43962,3402.3540767719187
2094,2024-09-25,8.02484,3669.9921621591375
2095,2024-09-26,6.87235,3142.925047180299
2096,2024-09-27,6.56965,3004.491554738634
2097,2024-09-28,6.14363,2809.660248329654
2098,2024-09-29,6.95082,3178.8116548839575
2099,2024-09-30,7.10554,3249.5695998809
