,date,아크네 스튜디오,아크네 스튜디오_absolute
0,2019-01-01,1.54147,2457.3292651335496
1,2019-01-02,1.56527,2495.2699558444806
2,2019-01-03,2.1302,3395.851233295158
3,2019-01-04,1.87539,2989.6467206879197
4,2019-01-05,1.75848,2803.2750336704867
5,2019-01-06,1.81449,2892.5631885746557
6,2019-01-07,1.69058,2695.032474877537
7,2019-01-08,1.63738,2610.223872111927
8,2019-01-09,1.93419,3083.3825447972786
9,2019-01-10,1.60588,2560.008252053342
10,2019-01-11,1.55827,2484.1109291647954
11,2019-01-12,1.85089,2950.5901273090208
12,2019-01-13,2.90654,4633.451057939024
13,2019-01-14,2.0784,3313.2744358654854
14,2019-01-15,1.95729,3120.2073328402407
15,2019-01-16,1.79278,2857.9542644009457
16,2019-01-17,1.64088,2615.8033854517694
17,2019-01-18,1.62058,2583.4422080806817
18,2019-01-19,1.59747,2546.601478571034
19,2019-01-20,1.79418,2860.186069736883
20,2019-01-21,1.50437,2398.1864237312166
21,2019-01-22,1.61568,2575.6308894049016
22,2019-01-23,1.50577,2400.418229067154
23,2019-01-24,1.46447,2334.579971657009
24,2019-01-25,1.35386,2158.2514086512924
25,2019-01-26,1.42317,2268.7417142468644
26,2019-01-27,1.63248,2602.412553436147
27,2019-01-28,1.44067,2296.639280946078
28,2019-01-29,1.42667,2274.321227586707
29,2019-01-30,1.44557,2304.450599621858
30,2019-01-31,1.26636,2018.7635751552234
31,2019-02-01,1.43927,2294.4074756101413
32,2019-02-02,1.51067,2408.2295477429334
33,2019-02-03,1.56107,2488.5745398366694
34,2019-02-04,1.53377,2445.054335785896
35,2019-02-05,1.63528,2606.8761641080214
36,2019-02-06,1.76198,2808.8545470103295
37,2019-02-07,1.64158,2616.919288119738
38,2019-02-08,1.67728,2673.8303241861345
39,2019-02-09,1.74168,2776.493369639241
40,2019-02-10,1.80749,2881.4041618949705
41,2019-02-11,1.55127,2472.9519024851097
42,2019-02-12,1.44277,2299.986988949984
43,2019-02-13,1.35246,2156.019603315355
44,2019-02-14,1.57017,2503.0812745202606
45,2019-02-15,1.61358,2572.283181400996
46,2019-02-16,1.51067,2408.2295477429334
47,2019-02-17,1.83339,2922.692560609807
48,2019-02-18,1.50927,2405.997742406996
49,2019-02-19,1.50227,2394.838715727311
50,2019-02-20,1.30836,2085.7177352333365
51,2019-02-21,1.43997,2295.5233782781097
52,2019-02-22,1.35386,2158.2514086512924
53,2019-02-23,1.45117,2313.3778209656066
54,2019-02-24,1.73818,2770.9138562993985
55,2019-02-25,1.48757,2371.4047596999712
56,2019-02-26,1.39306,2220.7419580575315
57,2019-02-27,1.43787,2292.175670274204
58,2019-02-28,1.39236,2219.626055389563
59,2019-03-01,1.70458,2717.350528236908
60,2019-03-02,1.73958,2773.1456616353353
61,2019-03-03,1.58487,2526.5152305476004
62,2019-03-04,1.30836,2085.7177352333365
63,2019-03-05,1.32236,2108.0357885927074
64,2019-03-06,1.48197,2362.477538356223
65,2019-03-07,1.37976,2199.539807366129
66,2019-03-08,1.22226,1948.4617070732045
67,2019-03-09,1.39236,2219.626055389563
68,2019-03-10,1.58417,2525.3993278796315
69,2019-03-11,1.34756,2148.2082846395756
70,2019-03-12,1.26636,2018.7635751552234
71,2019-03-13,1.22016,1945.1139990692989
72,2019-03-14,1.29016,2056.704265866154
73,2019-03-15,1.27826,2037.7339205106887
74,2019-03-16,1.33146,2122.542523276299
75,2019-03-17,1.68218,2681.641642861914
76,2019-03-18,1.41337,2253.1190768953047
77,2019-03-19,1.39796,2228.5532767333116
78,2019-03-20,1.33776,2132.585647288016
79,2019-03-21,1.26076,2009.8363538114752
80,2019-03-22,1.15715,1844.6668174854437
81,2019-03-23,1.29786,2068.9791952138085
82,2019-03-24,1.47217,2346.854901004663
83,2019-03-25,1.38046,2200.6557100340974
84,2019-03-26,1.33566,2129.2379392841103
85,2019-03-27,1.33636,2130.3538419520787
86,2019-03-28,1.53587,2448.4020437898016
87,2019-03-29,1.81379,2891.4472859066873
88,2019-03-30,1.85369,2955.053737980895
89,2019-03-31,3.50157,5582.01615011235
90,2019-04-01,2.1813,3477.3121280568625
91,2019-04-02,4.90934,7826.208005663907
92,2019-04-03,2.90164,4625.639739263244
93,2019-04-04,2.0917,3334.476586556888
94,2019-04-05,1.70038,2710.6551122290966
95,2019-04-06,1.76058,2806.6227416743923
96,2019-04-07,100.0,159414.66685265038
97,2019-04-08,8.70353,13874.703353920482
98,2019-04-09,8.81414,14051.031916926198
99,2019-04-10,5.12635,8172.153774200844
100,2019-04-11,4.0357,6433.497710172412
101,2019-04-12,3.46377,5521.7574060420475
102,2019-04-13,3.36716,5367.746896395703
103,2019-04-14,3.08155,4912.442666397848
104,2019-04-15,2.0504,3268.638329146743
105,2019-04-16,1.55617,2480.7632211608898
106,2019-04-17,1.42247,2267.625811578896
107,2019-04-18,1.45047,2312.2619182976377
108,2019-04-19,1.27966,2039.965725846626
109,2019-04-20,1.37346,2189.4966833544117
110,2019-04-21,1.83829,2930.5038792855867
111,2019-04-22,1.73608,2767.566148295493
112,2019-04-23,1.48827,2372.5206623679396
113,2019-04-24,1.24746,1988.6342031200725
114,2019-04-25,1.21876,1942.8821937333619
115,2019-04-26,1.15225,1836.8554988096641
116,2019-04-27,1.34126,2138.1651606278583
117,2019-04-28,1.26706,2019.879477823192
118,2019-04-29,2.0245,3227.3499304319075
119,2019-04-30,1.63248,2602.412553436147
120,2019-05-01,1.43227,2283.2484489304557
121,2019-05-02,1.28246,2044.4293365185001
122,2019-05-03,1.13265,1805.6102241065444
123,2019-05-04,1.14735,1829.0441801338843
124,2019-05-05,1.24326,1981.9387871122613
125,2019-05-06,1.40777,2244.1918555515563
126,2019-05-07,1.31956,2103.5721779208334
127,2019-05-08,1.23346,1966.3161497607014
128,2019-05-09,1.26426,2015.4158671513176
129,2019-05-10,1.23066,1961.8525390888274
130,2019-05-11,1.18795,1893.7665348760604
131,2019-05-12,1.76128,2807.7386443423607
132,2019-05-13,1.53237,2442.822530449959
133,2019-05-14,1.36646,2178.3376566747265
134,2019-05-15,1.22576,1954.0412204130473
135,2019-05-16,1.22436,1951.80941507711
136,2019-05-17,1.13755,1813.4215427823247
137,2019-05-18,1.05775,1686.2086386339095
138,2019-05-19,1.26006,2008.7204511435064
139,2019-05-20,1.10675,1764.321825391708
140,2019-05-21,1.13405,1807.8420294424816
141,2019-05-22,1.07525,1714.1062053331234
142,2019-05-23,0.99614,1587.9932623859916
143,2019-05-24,0.97724,1557.8638903508406
144,2019-05-25,0.97724,1557.8638903508406
145,2019-05-26,1.05565,1682.8609306300038
146,2019-05-27,1.50087,2392.6069103913737
147,2019-05-28,1.19215,1900.4619508838716
148,2019-05-29,0.99054,1579.0660410422431
149,2019-05-30,0.98074,1563.4434036906832
150,2019-05-31,0.84354,1344.726480768847
151,2019-06-01,0.99894,1592.4568730578658
152,2019-06-02,1.02555,1634.877115907356
153,2019-06-03,1.19705,1908.2732695596515
154,2019-06-04,1.33146,2122.542523276299
155,2019-06-05,1.09345,1743.1196747003057
156,2019-06-06,1.23766,1973.0115657685128
157,2019-06-07,1.35386,2158.2514086512924
158,2019-06-08,1.04305,1662.77468260657
159,2019-06-09,1.14665,1827.9282774659155
160,2019-06-10,1.09135,1739.7719666964
161,2019-06-11,1.09485,1745.351480036243
162,2019-06-12,0.99894,1592.4568730578658
163,2019-06-13,1.05705,1685.092735965941
164,2019-06-14,1.05285,1678.3973199581296
165,2019-06-15,1.05285,1678.3973199581296
166,2019-06-16,1.07245,1709.642594661249
167,2019-06-17,1.13335,1806.7261267745132
168,2019-06-18,1.08295,1726.3811346807774
169,2019-06-19,0.99754,1590.2250677219286
170,2019-06-20,1.05915,1688.4404439698467
171,2019-06-21,1.01085,1611.4431598800165
172,2019-06-22,1.01505,1618.1385758878278
173,2019-06-23,1.09695,1748.6991880401486
174,2019-06-24,1.07245,1709.642594661249
175,2019-06-25,1.13615,1811.1897374463874
176,2019-06-26,1.08715,1733.0765506885887
177,2019-06-27,0.96674,1541.1253503313123
178,2019-06-28,1.02555,1634.877115907356
179,2019-06-29,1.11305,1774.3649494034253
180,2019-06-30,1.20546,1921.6800430419594
181,2019-07-01,1.10325,1758.7423120518654
182,2019-07-02,1.09765,1749.815090708117
183,2019-07-03,1.09765,1749.815090708117
184,2019-07-04,1.01155,1612.559062547985
185,2019-07-05,1.00035,1594.7046198604883
186,2019-07-06,1.03115,1643.8043372511045
187,2019-07-07,1.13195,1804.494321438576
188,2019-07-08,1.15995,1849.1304281573182
189,2019-07-09,1.15015,1833.5077908057583
190,2019-07-10,1.11235,1773.2490467354564
191,2019-07-11,1.04585,1667.238293278444
192,2019-07-12,1.05705,1685.092735965941
193,2019-07-13,1.05915,1688.4404439698467
194,2019-07-14,1.09065,1738.6560640284313
195,2019-07-15,1.13055,1802.2625161026388
196,2019-07-16,1.26566,2017.6476724872548
197,2019-07-17,1.09065,1738.6560640284313
198,2019-07-18,1.14595,1826.812374797947
199,2019-07-19,1.19775,1909.38917222762
200,2019-07-20,1.08855,1735.3083560245257
201,2019-07-21,1.34476,2143.744673967701
202,2019-07-22,1.25306,1997.561424463821
203,2019-07-23,1.12775,1797.7989054307648
204,2019-07-24,1.17045,1865.8689681768465
205,2019-07-25,1.45257,2315.6096263015434
206,2019-07-26,1.39796,2228.5532767333116
207,2019-07-27,1.18935,1895.9983402119972
208,2019-07-28,1.31256,2092.4131512411477
209,2019-07-29,1.20266,1917.2164323700852
210,2019-07-30,1.18935,1895.9983402119972
211,2019-07-31,1.17395,1871.4484815166893
212,2019-08-01,1.18795,1893.7665348760604
213,2019-08-02,1.11655,1779.9444627432676
214,2019-08-03,1.12705,1796.6830027627964
215,2019-08-04,1.31606,2097.9926645809905
216,2019-08-05,1.26776,2020.9953804911604
217,2019-08-06,1.22996,1960.7366364208585
218,2019-08-07,1.22646,1955.1571230810162
219,2019-08-08,1.17605,1874.796189520595
220,2019-08-09,1.24046,1977.4751764403868
221,2019-08-10,1.16415,1855.8258441651294
222,2019-08-11,1.53377,2445.054335785896
223,2019-08-12,1.39866,2229.66917940128
224,2019-08-13,1.29646,2066.7473898778712
225,2019-08-14,1.22016,1945.1139990692989
226,2019-08-15,1.38116,2201.771612702066
227,2019-08-16,1.23696,1971.8956631005442
228,2019-08-17,1.21386,1935.0708750575818
229,2019-08-18,1.36016,2168.2945326630097
230,2019-08-19,1.47497,2351.318511676537
231,2019-08-20,1.36436,2174.989948670821
232,2019-08-21,1.58697,2529.862938551506
233,2019-08-22,1.43927,2294.4074756101413
234,2019-08-23,1.41547,2256.4667848992103
235,2019-08-24,1.37346,2189.4966833544117
236,2019-08-25,1.70878,2724.045944244719
237,2019-08-26,1.62338,2587.9058187525557
238,2019-08-27,1.61708,2577.862694740839
239,2019-08-28,1.51137,2409.3454504109022
240,2019-08-29,1.46517,2335.695874324978
241,2019-08-30,1.58067,2519.8198145397887
242,2019-08-31,1.90339,3034.282827406662
243,2019-09-01,5.51277,8788.163929852853
244,2019-09-02,6.1379,9784.712836748828
245,2019-09-03,3.76198,5997.147884063337
246,2019-09-04,2.58592,4122.335753076057
247,2019-09-05,2.41302,3846.7077940878244
248,2019-09-06,1.85719,2960.6332513207376
249,2019-09-07,2.49352,3975.036600904208
250,2019-09-08,2.71613,4329.909590784893
251,2019-09-09,3.65768,5830.878386536023
252,2019-09-10,4.1897,6678.996297125494
253,2019-09-11,1.92159,3063.2962967738445
254,2019-09-12,2.26391,3609.0045843438375
255,2019-09-13,2.45712,3917.0096621698435
256,2019-09-14,2.20651,3517.5005655704163
257,2019-09-15,2.69793,4300.896121417711
258,2019-09-16,2.36471,3769.694568531309
259,2019-09-17,2.29191,3653.6406910625797
260,2019-09-18,2.1008,3348.983321240479
261,2019-09-19,2.1071,3359.026445252196
262,2019-09-20,1.90059,3029.819216734788
263,2019-09-21,2.37031,3778.6217898750574
264,2019-09-22,2.76723,4411.370485546598
265,2019-09-23,2.33951,3729.522072484441
266,2019-09-24,2.45572,3914.777856833906
267,2019-09-25,2.25271,3591.1501416563406
268,2019-09-26,1.97199,3143.64128886758
269,2019-09-27,1.91459,3052.137270094159
270,2019-09-28,1.93279,3081.1507394613413
271,2019-09-29,2.1708,3460.5735880373345
272,2019-09-30,2.0518,3270.870134482681
273,2019-10-01,2.25131,3588.918336320404
274,2019-10-02,2.23591,3564.3684776250952
275,2019-10-03,2.38501,3802.0557459023967
276,2019-10-04,2.049,3266.4065238108064
277,2019-10-05,2.0007,3189.4092397209765
278,2019-10-06,2.30451,3673.7269390860133
279,2019-10-07,2.25131,3588.918336320404
280,2019-10-08,2.1386,3409.242065310781
281,2019-10-09,2.36961,3777.505887207089
282,2019-10-10,2.1918,3494.0506680763915
283,2019-10-11,2.41862,3855.6350154315733
284,2019-10-12,3.29786,5257.272532266816
285,2019-10-13,3.12915,4988.324047819709
286,2019-10-14,2.49912,3983.963822247956
287,2019-10-15,2.32551,3707.20401912507
288,2019-10-16,2.46202,3924.8209808456227
289,2019-10-17,2.34931,3745.144709836001
290,2019-10-18,2.23381,3561.0207696211896
291,2019-10-19,2.29471,3658.104301734453
292,2019-10-20,2.70143,4306.475634757554
293,2019-10-21,2.36401,3768.57866586334
294,2019-10-22,2.21981,3538.7027162618183
295,2019-10-23,2.0896,3331.1288785529823
296,2019-10-24,2.1288,3393.6194279592214
297,2019-10-25,2.028,3232.92944377175
298,2019-10-26,2.23521,3563.2525749571264
299,2019-10-27,2.88764,4603.321685903874
300,2019-10-28,3.35316,5345.428843036331
301,2019-10-29,2.93384,4676.971261989798
302,2019-10-30,3.10395,4948.151551772842
303,2019-10-31,2.50682,3996.23875159561
304,2019-11-01,2.43332,3879.0689714589125
305,2019-11-02,2.55372,4071.004230349504
306,2019-11-03,2.57122,4098.901797048717
307,2019-11-04,2.30521,3674.842841753982
308,2019-11-05,2.33601,3723.942559144598
309,2019-11-06,2.44452,3896.923414146409
310,2019-11-07,2.69373,4294.2007054098995
311,2019-11-08,2.71823,4333.257298788799
312,2019-11-09,2.65663,4235.0578640075655
313,2019-11-10,3.06055,4878.965586358791
314,2019-11-11,3.02135,4816.475036952553
315,2019-11-12,2.66013,4240.637377347409
316,2019-11-13,2.71473,4327.677785448956
317,2019-11-14,2.81204,4482.80419776327
318,2019-11-15,3.03395,4836.561284975986
319,2019-11-16,2.93594,4680.318969993704
320,2019-11-17,3.21876,5131.17553078637
321,2019-11-18,3.25656,5191.434274856671
322,2019-11-19,3.19075,5086.523482600942
323,2019-11-20,3.20336,5106.6256720910615
324,2019-11-21,3.29716,5256.156629598847
325,2019-11-22,2.65383,4230.594253335692
326,2019-11-23,2.76653,4410.254582878629
327,2019-11-24,3.54637,5653.433920862338
328,2019-11-25,3.62478,5778.4309611415
329,2019-11-26,4.51872,7203.502434004084
330,2019-11-27,4.52362,7211.313752679864
331,2019-11-28,3.20896,5115.552893434809
332,2019-11-29,3.01085,4799.736496933024
333,2019-11-30,3.30836,5274.011072286345
334,2019-12-01,3.70878,5912.339281297727
335,2019-12-02,3.59957,5738.242523627948
336,2019-12-03,4.20861,6709.14161062733
337,2019-12-04,3.83549,6114.33360566672
338,2019-12-05,3.61638,5765.040129125878
339,2019-12-06,3.57857,5704.765443588891
340,2019-12-07,3.60308,5743.837978434475
341,2019-12-08,4.0784,6501.567772918494
342,2019-12-09,3.44347,5489.39622867096
343,2019-12-10,4.70563,7501.464387818372
344,2019-12-11,4.75883,7586.2729905839815
345,2019-12-12,3.78228,6029.509061434425
346,2019-12-13,3.46727,5527.336919381891
347,2019-12-14,3.55407,5665.708850209991
348,2019-12-15,3.34476,5332.038011020709
349,2019-12-16,3.47217,5535.148238057671
350,2019-12-17,3.48827,5560.813999420948
351,2019-12-18,3.69548,5891.137130606324
352,2019-12-19,4.66363,7434.510227740259
353,2019-12-20,4.25551,6783.907089381222
354,2019-12-21,4.33041,6903.308674853857
355,2019-12-22,4.76163,7590.736601255857
356,2019-12-23,3.85509,6145.57888036984
357,2019-12-24,3.98599,6354.252679279959
358,2019-12-25,3.78648,6036.204477442237
359,2019-12-26,3.66118,5836.457899875865
360,2019-12-27,3.12145,4976.049118472055
361,2019-12-28,3.17605,5063.089526573603
362,2019-12-29,3.43157,5470.4258833154945
363,2019-12-30,3.15085,5022.917030526735
364,2019-12-31,2.96814,4731.650492720257
365,2020-01-01,2.89184,4610.017101911685
366,2020-01-02,2.63423,4199.348978632573
367,2020-01-03,2.67973,4271.882652050528
368,2020-01-04,3.34686,5335.385719024614
369,2020-01-05,3.28176,5231.606770903539
370,2020-01-06,3.02555,4823.170452960364
371,2020-01-07,3.19635,5095.45070394469
372,2020-01-08,2.64473,4216.087518652101
373,2020-01-09,2.51942,4016.324999619045
374,2020-01-10,2.55512,4073.2360356854406
375,2020-01-11,2.67203,4259.607722702874
376,2020-01-12,2.86594,4568.728703196849
377,2020-01-13,2.58872,4126.799363747931
378,2020-01-14,2.43472,3881.3007767948493
379,2020-01-15,2.29751,3662.5679124063277
380,2020-01-16,2.25901,3601.1932656680574
381,2020-01-17,2.79663,4458.238397601276
382,2020-01-18,2.75463,4391.284237523164
383,2020-01-19,3.39516,5412.383003114445
384,2020-01-20,2.70983,4319.866466773176
385,2020-01-21,2.48792,3966.1093795604593
386,2020-01-22,2.1925,3495.1665707443594
387,2020-01-23,2.1939,3497.398376080297
388,2020-01-24,2.35211,3749.6083205078753
389,2020-01-25,2.71403,4326.561882780988
390,2020-01-26,2.93314,4675.855359321829
391,2020-01-27,2.82324,4500.658640450767
392,2020-01-28,2.25481,3594.497849660246
393,2020-01-29,2.30731,3678.1905497578878
394,2020-01-30,2.1855,3484.0075440646747
395,2020-01-31,2.21701,3534.2391055899443
396,2020-02-01,2.84564,4536.36752582576
397,2020-02-02,3.00945,4797.504691597087
398,2020-02-03,2.39201,3813.2147725820823
399,2020-02-04,2.33461,3721.710753808661
400,2020-02-05,2.1169,3374.6490826037557
401,2020-02-06,2.0938,3337.8242945607935
402,2020-02-07,1.92509,3068.8758101136873
403,2020-02-08,2.45502,3913.661954165938
404,2020-02-09,2.83444,4518.513083138263
405,2020-02-10,2.1897,3490.702960072486
406,2020-02-11,2.20021,3507.4574415586994
407,2020-02-12,1.89779,3025.355606062914
408,2020-02-13,2.0154,3212.843195748316
409,2020-02-14,2.0511,3269.754231814712
410,2020-02-15,2.189,3489.587057404517
411,2020-02-16,2.54252,4053.149787662007
412,2020-02-17,2.1722,3462.8053933732717
413,2020-02-18,2.43542,3882.416679462818
414,2020-02-19,1.94049,3093.4256688089954
415,2020-02-20,1.80539,2878.056453891065
416,2020-02-21,1.79978,2869.113291080631
417,2020-02-22,1.96569,3133.598164855863
418,2020-02-23,1.97339,3145.873094203517
419,2020-02-24,1.87539,2989.6467206879197
420,2020-02-25,1.80609,2879.1723565590332
421,2020-02-26,1.98739,3168.1911475628885
422,2020-02-27,1.91809,3057.716783434002
423,2020-02-28,1.75008,2789.884201654864
424,2020-02-29,2.22891,3553.2094509454096
425,2020-03-01,2.56912,4095.5540890448115
426,2020-03-02,2.55092,4066.5406196776294
427,2020-03-03,2.36261,3766.3468605274034
428,2020-03-04,2.22121,3540.934521597756
429,2020-03-05,2.1141,3370.185471931882
430,2020-03-06,2.1092,3362.3741532561016
431,2020-03-07,2.23031,3555.4412562813463
432,2020-03-08,2.45782,3918.1255648378115
433,2020-03-09,2.27651,3629.090832367271
434,2020-03-10,2.056,3277.565550490492
435,2020-03-11,1.94889,3106.8165008246183
436,2020-03-12,2.0588,3282.0291611623666
437,2020-03-13,1.85439,2956.1696406488636
438,2020-03-14,2.1302,3395.851233295158
439,2020-03-15,2.48652,3963.8775742245225
440,2020-03-16,2.0847,3323.3175598772027
441,2020-03-17,2.1295,3394.7353306271903
442,2020-03-18,1.91319,3049.905464758222
443,2020-03-19,1.85159,2951.706029976989
444,2020-03-20,1.72558,2750.8276082759644
445,2020-03-21,1.73958,2773.1456616353353
446,2020-03-22,2.189,3489.587057404517
447,2020-03-23,1.75918,2804.390936338455
448,2020-03-24,1.82779,2913.7653392660586
449,2020-03-25,1.78368,2843.4475297173544
450,2020-03-26,2.0672,3295.419993177989
451,2020-03-27,1.75918,2804.390936338455
452,2020-03-28,1.69828,2707.307404225191
453,2020-03-29,2.0448,3259.711107802995
454,2020-03-30,1.82779,2913.7653392660586
455,2020-03-31,1.71578,2735.2049709244047
456,2020-04-01,1.80399,2875.8246485551276
457,2020-04-02,1.59467,2542.13786789916
458,2020-04-03,1.51487,2414.9249637507446
459,2020-04-04,1.80959,2884.751869898876
460,2020-04-05,1.90129,3030.9351194027563
461,2020-04-06,1.74658,2784.304688315021
462,2020-04-07,1.69618,2703.9596962212854
463,2020-04-08,1.66258,2650.3963681587948
464,2020-04-09,1.62618,2592.36942942443
465,2020-04-10,1.57787,2515.3562038679147
466,2020-04-11,1.68008,2678.2939348580085
467,2020-04-12,2.36821,3775.2740818711513
468,2020-04-13,1.78718,2849.0270430571973
469,2020-04-14,1.77108,2823.3612816939203
470,2020-04-15,1.76898,2820.0135736900147
471,2020-04-16,1.84109,2934.9674899574607
472,2020-04-17,1.64578,2623.6147041275494
473,2020-04-18,1.68918,2692.8006695415997
474,2020-04-19,2.22541,3547.629937605567
475,2020-04-20,1.68218,2681.641642861914
476,2020-04-21,1.59257,2538.7901598952544
477,2020-04-22,1.55407,2477.4155131569837
478,2020-04-23,1.70248,2714.0028202330022
479,2020-04-24,2.0497,3267.522426478775
480,2020-04-25,2.133,3400.3148439670326
481,2020-04-26,2.1155,3372.417277267819
482,2020-04-27,1.57997,2518.7039118718203
483,2020-04-28,1.59397,2541.0219652311916
484,2020-04-29,1.44067,2296.639280946078
485,2020-04-30,1.63318,2603.528456104116
486,2020-05-01,1.56457,2494.154053176512
487,2020-05-02,1.70598,2719.582333572845
488,2020-05-03,1.91879,3058.8326861019705
489,2020-05-04,1.75218,2793.23190965877
490,2020-05-05,2.0238,3226.2340277639387
491,2020-05-06,1.75428,2796.5796176626754
492,2020-05-07,1.58837,2532.094743887443
493,2020-05-08,1.41757,2259.814492903116
494,2020-05-09,1.52187,2426.0839904304303
495,2020-05-10,1.60448,2557.7764467174047
496,2020-05-11,1.78998,2853.4906537290713
497,2020-05-12,1.65628,2640.353244147078
498,2020-05-13,1.57087,2504.197177188229
499,2020-05-14,1.57367,2508.660787860103
500,2020-05-15,1.76968,2821.129476357983
501,2020-05-16,1.71508,2734.089068256436
502,2020-05-17,1.88449,3004.1534553715114
503,2020-05-18,1.75428,2796.5796176626754
504,2020-05-19,1.98949,3171.538855566794
505,2020-05-20,1.83269,2921.576657941838
506,2020-05-21,1.51277,2411.577255746839
507,2020-05-22,1.43647,2289.943864938267
508,2020-05-23,2.063,3288.724577170178
509,2020-05-24,1.75218,2793.23190965877
510,2020-05-25,1.64648,2624.730606795518
511,2020-05-26,1.49107,2376.984273039814
512,2020-05-27,1.43787,2292.175670274204
513,2020-05-28,1.34756,2148.2082846395756
514,2020-05-29,1.18865,1894.8824375440288
515,2020-05-30,1.28526,2048.8929471903743
516,2020-05-31,1.60238,2554.428738713499
517,2020-06-01,1.42667,2274.321227586707
518,2020-06-02,1.29996,2072.326903217714
519,2020-06-03,1.37696,2195.0761966942546
520,2020-06-04,1.35736,2163.8309219911353
521,2020-06-05,1.43927,2294.4074756101413
522,2020-06-06,1.62198,2585.674013416619
523,2020-06-07,1.55337,2476.2996104890153
524,2020-06-08,1.53937,2453.981557129644
525,2020-06-09,1.42667,2274.321227586707
526,2020-06-10,1.75078,2791.0001043228326
527,2020-06-11,1.71578,2735.2049709244047
528,2020-06-12,1.76688,2816.665865686109
529,2020-06-13,1.70248,2714.0028202330022
530,2020-06-14,1.76618,2815.5499630181407
531,2020-06-15,1.47567,2352.434414344506
532,2020-06-16,1.41477,2255.350882231242
533,2020-06-17,1.45257,2315.6096263015434
534,2020-06-18,1.44557,2304.450599621858
535,2020-06-19,1.35596,2161.599116655198
536,2020-06-20,1.31816,2101.340372584896
537,2020-06-21,1.61358,2572.283181400996
538,2020-06-22,1.48127,2361.3616356882544
539,2020-06-23,1.67588,2671.5985188501973
540,2020-06-24,2.25411,3593.3819469922773
541,2020-06-25,1.84599,2942.7788086332407
542,2020-06-26,1.60868,2564.4718627252164
543,2020-06-27,1.61918,2581.2104027447444
544,2020-06-28,1.73118,2759.754829619713
545,2020-06-29,1.46237,2331.2322636531035
546,2020-06-30,1.30696,2083.4859298973993
547,2020-07-01,1.22856,1958.5048310849218
548,2020-07-02,1.35806,2164.946824659104
549,2020-07-03,1.52257,2427.199893098399
550,2020-07-04,1.36436,2174.989948670821
551,2020-07-05,1.51767,2419.388574422619
552,2020-07-06,1.48687,2370.288857032003
553,2020-07-07,1.40427,2238.6123422117134
554,2020-07-08,1.42037,2264.27810357499
555,2020-07-09,1.75568,2798.811422998612
556,2020-07-10,1.32726,2115.847107268488
557,2020-07-11,1.40287,2236.3805368757767
558,2020-07-12,1.83269,2921.576657941838
559,2020-07-13,1.64508,2622.498801459581
560,2020-07-14,1.50367,2397.070521063248
561,2020-07-15,1.49877,2389.259202387468
562,2020-07-16,1.53587,2448.4020437898016
563,2020-07-17,1.57227,2506.4289825241663
564,2020-07-18,1.49947,2390.375105055437
565,2020-07-19,1.86909,2979.603596676203
566,2020-07-20,1.53237,2442.822530449959
567,2020-07-21,1.38676,2210.6988340458142
568,2020-07-22,1.27686,2035.502115174752
569,2020-07-23,1.30906,2086.833637901305
570,2020-07-24,1.26706,2019.879477823192
571,2020-07-25,1.26496,2016.5317698192864
572,2020-07-26,1.45747,2323.4209449773234
573,2020-07-27,1.43927,2294.4074756101413
574,2020-07-28,1.25026,1993.0978137919467
575,2020-07-29,1.37416,2190.6125860223806
576,2020-07-30,1.28666,2051.124752526311
577,2020-07-31,1.17255,1869.216676180752
578,2020-08-01,1.42247,2267.625811578896
579,2020-08-02,1.94399,3099.0051821488382
580,2020-08-03,1.67658,2672.7144215181656
581,2020-08-04,1.43717,2291.0597676062357
582,2020-08-05,1.45817,2324.5368476452923
583,2020-08-06,1.32586,2113.6153019325507
584,2020-08-07,1.29646,2066.7473898778712
585,2020-08-08,1.39656,2226.3214713973744
586,2020-08-09,1.53587,2448.4020437898016
587,2020-08-10,1.43437,2286.5961569343613
588,2020-08-11,1.35106,2153.787797979418
589,2020-08-12,1.41687,2258.6985902351475
590,2020-08-13,1.47217,2346.854901004663
591,2020-08-14,1.39236,2219.626055389563
592,2020-08-15,1.33076,2121.4266206083303
593,2020-08-16,1.52677,2433.8953091062103
594,2020-08-17,1.54357,2460.6769731374557
595,2020-08-18,1.51067,2408.2295477429334
596,2020-08-19,1.52187,2426.0839904304303
597,2020-08-20,1.69058,2695.032474877537
598,2020-08-21,1.81449,2892.5631885746557
599,2020-08-22,1.71018,2726.2777495806563
600,2020-08-23,2.29891,3664.7997177422644
601,2020-08-24,1.75848,2803.2750336704867
602,2020-08-25,1.74588,2783.1887856470526
603,2020-08-26,1.79488,2861.3019724048513
604,2020-08-27,2.53062,4034.1794423065407
605,2020-08-28,1.95449,3115.7437221683667
606,2020-08-29,2.0014,3190.5251423889445
607,2020-08-30,2.26951,3617.9318056875854
608,2020-08-31,2.0231,3225.11812509597
609,2020-09-01,1.90409,3035.3987300746307
610,2020-09-02,1.97199,3143.64128886758
611,2020-09-03,2.0511,3269.754231814712
612,2020-09-04,1.99369,3178.2342715746054
613,2020-09-05,2.52922,4031.947636970604
614,2020-09-06,3.20126,5103.277964087156
615,2020-09-07,2.77143,4418.065901554409
616,2020-09-08,2.56912,4095.5540890448115
617,2020-09-09,2.72383,4342.184520132547
618,2020-09-10,2.44452,3896.923414146409
619,2020-09-11,4.0854,6512.726799598178
620,2020-09-12,2.45502,3913.661954165938
621,2020-09-13,2.75953,4399.095556198943
622,2020-09-14,2.43052,3874.605360787038
623,2020-09-15,2.49772,3981.7320169120194
624,2020-09-16,2.40742,3837.780572744076
625,2020-09-17,2.31081,3683.7700630977306
626,2020-09-18,2.0168,3215.075001084253
627,2020-09-19,2.47672,3948.2549368729624
628,2020-09-20,3.08435,4916.906277069723
629,2020-09-21,2.74693,4379.009308175509
630,2020-09-22,2.60553,4153.596969245861
631,2020-09-23,2.46552,3930.400494185466
632,2020-09-24,2.49492,3977.268406240145
633,2020-09-25,2.35141,3748.4924178399065
634,2020-09-26,2.58942,4127.9152664159
635,2020-09-27,3.14665,5016.221614518923
636,2020-09-28,2.83094,4512.933569798421
637,2020-09-29,2.39971,3825.4897019297364
638,2020-09-30,2.52222,4020.7886102909183
639,2020-10-01,2.78893,4445.9634682536225
640,2020-10-02,2.78263,4435.920344241906
641,2020-10-03,3.18025,5069.784942581414
642,2020-10-04,3.38326,5393.41265775898
643,2020-10-05,3.61638,5765.040129125878
644,2020-10-06,3.54147,5645.622602186558
645,2020-10-07,2.95344,4708.2165366929175
646,2020-10-08,2.83234,4515.165375134357
647,2020-10-09,3.02345,4819.822744956458
648,2020-10-10,2.96954,4733.882298056194
649,2020-10-11,3.23696,5160.189000153551
650,2020-10-12,5.94609,9478.939564258759
651,2020-10-13,8.26811,13180.580011510672
652,2020-10-14,5.20266,8293.8031064761
653,2020-10-15,5.36716,8556.04023344871
654,2020-10-16,4.80644,7662.170313472529
655,2020-10-17,4.49072,7158.866327285341
656,2020-10-18,4.75323,7577.345769240234
657,2020-10-19,3.82149,6092.015552307349
658,2020-10-20,3.51417,5602.102398135784
659,2020-10-21,4.0007,6377.702576773984
660,2020-10-22,3.66818,5847.616926555551
661,2020-10-23,3.56457,5682.447390229519
662,2020-10-24,4.20371,6701.33029195155
663,2020-10-25,4.61813,7361.976554322303
664,2020-10-26,4.36121,6952.408392244473
665,2020-10-27,6.1057,9733.381314022274
666,2020-10-28,5.16345,8231.296615603176
667,2020-10-29,4.29051,6839.702222779651
668,2020-10-30,3.87679,6180.1718630768655
669,2020-10-31,3.74098,5963.67080402428
670,2020-11-01,4.68813,7473.566821119159
671,2020-11-02,3.70318,5903.412059953978
672,2020-11-03,4.1771,6658.91004910206
673,2020-11-04,4.64963,7412.192174380888
674,2020-11-05,4.56772,7281.6156207618815
675,2020-11-06,3.89499,6209.185332444047
676,2020-11-07,4.1995,6694.618934477052
677,2020-11-08,5.02765,8014.811498017278
678,2020-11-09,5.30136,8451.145382659666
679,2020-11-10,5.00175,7973.523099302442
680,2020-11-11,4.50612,7183.41618598065
681,2020-11-12,4.1827,6667.837270445807
682,2020-11-13,4.74623,7566.186742560548
683,2020-11-14,4.48722,7153.286813945499
684,2020-11-15,4.57332,7290.54284210563
685,2020-11-16,3.92579,6258.285049834663
686,2020-11-17,4.0133,6397.788824797418
687,2020-11-18,3.71368,5920.150599973507
688,2020-11-19,3.64578,5811.908041180557
689,2020-11-20,4.0973,6531.697144953644
690,2020-11-21,4.39621,7008.203525642902
691,2020-11-22,5.13055,8178.849190208655
692,2020-11-23,5.19985,8289.323554337541
693,2020-11-24,5.79418,9236.772743842897
694,2020-11-25,5.54427,8838.37954991144
695,2020-11-26,4.99334,7960.116325820132
696,2020-11-27,4.98144,7941.145980464667
697,2020-11-28,5.72348,9124.066574378076
698,2020-11-29,6.56422,10464.329444475046
699,2020-11-30,6.25691,9974.432231770168
700,2020-12-01,6.35771,10135.12221595764
701,2020-12-02,7.24046,11542.355187599409
702,2020-12-03,5.98949,9548.125529672809
703,2020-12-04,5.85789,9338.335828094721
704,2020-12-05,5.89149,9391.899156157213
705,2020-12-06,5.89569,9398.594572165024
706,2020-12-07,5.73398,9140.805114397603
707,2020-12-08,6.1617,9822.653527459759
708,2020-12-09,5.85369,9331.64041208691
709,2020-12-10,5.58837,8908.681417993459
710,2020-12-11,6.1918,9870.637342182406
711,2020-12-12,6.23241,9935.375638391268
712,2020-12-13,6.77563,10801.347991668235
713,2020-12-14,6.74553,10753.364176945586
714,2020-12-15,6.61883,10551.385794043279
715,2020-12-16,5.94749,9481.171369594696
716,2020-12-17,5.57017,8879.667948626276
717,2020-12-18,4.90094,7812.817173648285
718,2020-12-19,5.43647,8666.530539044283
719,2020-12-20,5.86559,9350.610757442375
720,2020-12-21,5.66888,9037.026166276526
721,2020-12-22,5.11935,8160.9947475211575
722,2020-12-23,4.86244,7751.442526910014
723,2020-12-24,4.1393,6598.651305031758
724,2020-12-25,4.38711,6993.69679095931
725,2020-12-26,4.35071,6935.669852224946
726,2020-12-27,4.41862,7043.9283524845805
727,2020-12-28,3.68988,5882.209909262576
728,2020-12-29,3.62338,5776.199155805563
729,2020-12-30,3.81799,6086.436038967507
730,2020-12-31,3.14455,5012.873906515018
731,2021-01-01,3.22576,5142.334557466055
732,2021-01-02,3.75428,5984.872954715683
733,2021-01-03,3.73398,5952.5117773445945
734,2021-01-04,3.27826,5226.027257563696
735,2021-01-05,3.39516,5412.383003114445
736,2021-01-06,3.12075,4974.933215804087
737,2021-01-07,3.54217,5646.738504854527
738,2021-01-08,3.82919,6104.2904816550035
739,2021-01-09,3.88659,6195.794500428425
740,2021-01-10,4.1323,6587.4922783520715
741,2021-01-11,3.12635,4983.860437147835
742,2021-01-12,3.08925,4924.717595745502
743,2021-01-13,2.65383,4230.594253335692
744,2021-01-14,2.85544,4551.99016317732
745,2021-01-15,2.75673,4394.63194552707
746,2021-01-16,2.82814,4508.469959126546
747,2021-01-17,3.20616,5111.089282762936
748,2021-01-18,2.78543,4440.383954913779
749,2021-01-19,2.49282,3973.9206982362393
750,2021-01-20,2.34511,3738.4492938281896
751,2021-01-21,2.38921,3808.751161910208
752,2021-01-22,2.34861,3744.028807168032
753,2021-01-23,2.65803,4237.289669343503
754,2021-01-24,2.88694,4602.205783235905
755,2021-01-25,2.38011,3794.2444272266175
756,2021-01-26,2.50122,3987.3115302518618
757,2021-01-27,2.48652,3963.8775742245225
758,2021-01-28,2.46832,3934.86410485734
759,2021-01-29,2.32691,3709.4358244610066
760,2021-01-30,2.79943,4462.702008273151
761,2021-01-31,2.77353,4421.413609558314
762,2021-02-01,2.29471,3658.104301734453
763,2021-02-02,2.99824,4779.634307442905
764,2021-02-03,2.26461,3610.1204870118054
765,2021-02-04,2.1134,3369.0695692639133
766,2021-02-05,1.98459,3163.7275368910146
767,2021-02-06,2.38781,3806.519356574271
768,2021-02-07,2.63493,4200.4648813005415
769,2021-02-08,2.50822,3998.4705569315474
770,2021-02-09,2.0959,3341.172002564699
771,2021-02-10,2.58242,4116.756239736214
772,2021-02-11,3.77878,6023.929548094582
773,2021-02-12,3.30346,5266.199753610565
774,2021-02-13,3.11935,4972.701410468149
775,2021-02-14,3.25306,5185.854761516829
776,2021-02-15,2.66643,4250.680501359126
777,2021-02-16,2.45502,3913.661954165938
778,2021-02-17,2.33741,3726.1743644805356
779,2021-02-18,2.0847,3323.3175598772027
780,2021-02-19,1.92649,3071.1076154496245
781,2021-02-20,2.1435,3417.053383986561
782,2021-02-21,2.33041,3715.01533780085
783,2021-02-22,1.99019,3172.6547582347625
784,2021-02-23,1.86559,2974.0240833363605
785,2021-02-24,1.79068,2854.60655639704
786,2021-02-25,1.78718,2849.0270430571973
787,2021-02-26,1.72208,2745.248094936122
788,2021-02-27,1.97199,3143.64128886758
789,2021-02-28,2.1953,3499.630181416234
790,2021-03-01,2.43822,3886.880290134692
791,2021-03-02,2.0434,3257.479302467058
792,2021-03-03,1.88799,3009.7329687113543
793,2021-03-04,1.81449,2892.5631885746557
794,2021-03-05,1.74938,2788.7682989868954
795,2021-03-06,1.95169,3111.2801114964923
796,2021-03-07,2.31991,3698.276797781322
797,2021-03-08,1.84949,2948.3583219730835
798,2021-03-09,1.68288,2682.7575455298825
799,2021-03-10,1.67308,2667.134908178323
800,2021-03-11,1.59327,2539.906062563223
801,2021-03-12,1.50927,2405.997742406996
802,2021-03-13,1.73258,2761.98663495565
803,2021-03-14,2.1554,3436.023729342027
804,2021-03-15,2.0518,3270.870134482681
805,2021-03-16,1.91809,3057.716783434002
806,2021-03-17,1.62268,2586.7899160845873
807,2021-03-18,1.57227,2506.4289825241663
808,2021-03-19,1.68148,2680.5257401939457
809,2021-03-20,2.1477,3423.7487999943723
810,2021-03-21,2.24081,3572.1797963008753
811,2021-03-22,1.75288,2794.347812326738
812,2021-03-23,1.65208,2633.6578281392663
813,2021-03-24,1.47707,2354.666219680443
814,2021-03-25,1.58277,2523.1675225436943
815,2021-03-26,1.46307,2332.3481663210723
816,2021-03-27,1.84459,2940.5470032973035
817,2021-03-28,2.1309,3396.967135963127
818,2021-03-29,1.75498,2797.695520330644
819,2021-03-30,1.60938,2565.587765393185
820,2021-03-31,1.53377,2445.054335785896
821,2021-04-01,1.47777,2355.7821223484116
822,2021-04-02,1.38186,2202.8875153700346
823,2021-04-03,1.90199,3032.051022070725
824,2021-04-04,2.0147,3211.7272930803474
825,2021-04-05,1.71158,2728.5095549165935
826,2021-04-06,1.70738,2721.814138908782
827,2021-04-07,2.0098,3203.915974404567
828,2021-04-08,1.67168,2664.903102842386
829,2021-04-09,1.49597,2384.795591715594
830,2021-04-10,1.61918,2581.2104027447444
831,2021-04-11,1.71998,2741.9003869322164
832,2021-04-12,1.46657,2337.9276796609147
833,2021-04-13,1.36646,2178.3376566747265
834,2021-04-14,1.27266,2028.8066991669402
835,2021-04-15,1.34266,2140.3969659637955
836,2021-04-16,1.33006,2120.310717940362
837,2021-04-17,1.56807,2499.733566516355
838,2021-04-18,1.60028,2551.0810307095935
839,2021-04-19,1.57017,2503.0812745202606
840,2021-04-20,1.52537,2431.663503770273
841,2021-04-21,1.51067,2408.2295477429334
842,2021-04-22,1.40707,2243.075952883588
843,2021-04-23,1.64858,2628.0783147994234
844,2021-04-24,1.64998,2630.3101201353606
845,2021-04-25,1.89289,3017.544287387134
846,2021-04-26,1.88099,2998.5739420316686
847,2021-04-27,3.95169,6299.5734485495
848,2021-04-28,2.0427,3256.363399799089
849,2021-04-29,1.75988,2805.506839006424
850,2021-04-30,1.15295,1837.9714014776325
851,2021-05-01,1.31396,2094.644956577085
852,2021-05-02,1.55337,2476.2996104890153
853,2021-05-03,1.27616,2034.386212506783
854,2021-05-04,1.22086,1946.2299017372675
855,2021-05-05,1.66398,2652.628173494732
856,2021-05-06,1.55197,2474.067805153078
857,2021-05-07,1.35246,2156.019603315355
858,2021-05-08,1.45257,2315.6096263015434
859,2021-05-09,1.50507,2399.302326399185
860,2021-05-10,1.55267,2475.183707821047
861,2021-05-11,1.33076,2121.4266206083303
862,2021-05-12,1.32586,2113.6153019325507
863,2021-05-13,1.27686,2035.502115174752
864,2021-05-14,1.20686,1923.9118483778966
865,2021-05-15,1.32936,2119.1948152723935
866,2021-05-16,1.61708,2577.862694740839
867,2021-05-17,1.36716,2179.453559342695
868,2021-05-18,1.22996,1960.7366364208585
869,2021-05-19,1.41967,2263.1622009070215
870,2021-05-20,1.27056,2025.4589911630346
871,2021-05-21,1.14315,1822.348764126073
872,2021-05-22,1.16345,1854.709941497161
873,2021-05-23,1.45187,2314.493723633575
874,2021-05-24,1.13335,1806.7261267745132
875,2021-05-25,1.31186,2091.2972485731793
876,2021-05-26,1.26356,2014.2999644833492
877,2021-05-27,1.11515,1777.7126574073309
878,2021-05-28,1.19635,1907.1573668916828
879,2021-05-29,1.25586,2002.0250351356951
880,2021-05-30,1.43017,2279.90074092655
881,2021-05-31,1.27756,2036.6180178427203
882,2021-06-01,1.33496,2128.1220366161415
883,2021-06-02,1.23346,1966.3161497607014
884,2021-06-03,1.62268,2586.7899160845873
885,2021-06-04,1.62058,2583.4422080806817
886,2021-06-05,1.87119,2982.9513046801085
887,2021-06-06,2.1554,3436.023729342027
888,2021-06-07,1.72068,2743.016289600185
889,2021-06-08,1.56177,2489.690442504638
890,2021-06-09,1.51487,2414.9249637507446
891,2021-06-10,1.45187,2314.493723633575
892,2021-06-11,1.34056,2137.04925795989
893,2021-06-12,1.37556,2192.8443913583174
894,2021-06-13,1.53167,2441.7066277819904
895,2021-06-14,1.36086,2169.410435330978
896,2021-06-15,1.26146,2010.9522564794436
897,2021-06-16,1.21736,1940.6503883974246
898,2021-06-17,1.25446,1999.793229799758
899,2021-06-18,1.30766,2084.601832565368
900,2021-06-19,1.15225,1836.8554988096641
901,2021-06-20,1.43507,2287.71205960233
902,2021-06-21,1.57647,2513.1243985319775
903,2021-06-22,1.25306,1997.561424463821
904,2021-06-23,1.45397,2317.8414316374806
905,2021-06-24,1.27826,2037.7339205106887
906,2021-06-25,1.19565,1906.0414642237145
907,2021-06-26,1.29996,2072.326903217714
908,2021-06-27,1.47917,2358.013927684349
909,2021-06-28,1.93699,3087.8461554691526
910,2021-06-29,1.73468,2765.3343429595557
911,2021-06-30,1.71578,2735.2049709244047
912,2021-07-01,1.91179,3047.673659422285
913,2021-07-02,1.61078,2567.819570729122
914,2021-07-03,1.93979,3092.3097661410266
915,2021-07-04,2.1932,3496.2824734123283
916,2021-07-05,1.36996,2183.9171700145694
917,2021-07-06,1.36506,2176.1058513387893
918,2021-07-07,1.29576,2065.631487209903
919,2021-07-08,1.30066,2073.4428058856824
920,2021-07-09,1.25866,2006.4886458075691
921,2021-07-10,1.48617,2369.172954364034
922,2021-07-11,1.64998,2630.3101201353606
923,2021-07-12,1.47497,2351.318511676537
924,2021-07-13,1.33216,2123.6584259442675
925,2021-07-14,1.37416,2190.6125860223806
926,2021-07-15,1.50297,2395.9546183952793
927,2021-07-16,1.34686,2147.0923819716068
928,2021-07-17,1.54777,2467.372389145267
929,2021-07-18,1.65278,2634.773730807235
930,2021-07-19,1.44697,2306.6824049577954
931,2021-07-20,1.37836,2197.308002030192
932,2021-07-21,1.34406,2142.6287712997328
933,2021-07-22,1.54917,2469.6041944812036
934,2021-07-23,1.60658,2561.1241547213103
935,2021-07-24,1.46237,2331.2322636531035
936,2021-07-25,1.48127,2361.3616356882544
937,2021-07-26,1.30766,2084.601832565368
938,2021-07-27,1.36226,2171.6422406669153
939,2021-07-28,1.28666,2051.124752526311
940,2021-07-29,1.28876,2054.4724605302167
941,2021-07-30,1.28246,2044.4293365185001
942,2021-07-31,1.46447,2334.579971657009
943,2021-08-01,1.56037,2487.458637168701
944,2021-08-02,1.44207,2298.8710862820153
945,2021-08-03,1.51767,2419.388574422619
946,2021-08-04,1.46867,2341.2753876648203
947,2021-08-05,1.69548,2702.843793553317
948,2021-08-06,1.48477,2366.941149028097
949,2021-08-07,1.56177,2489.690442504638
950,2021-08-08,1.67798,2674.946226854103
951,2021-08-09,1.53517,2447.2861411218328
952,2021-08-10,1.65488,2638.1214388111407
953,2021-08-11,1.71858,2739.668581596279
954,2021-08-12,1.67378,2668.2508108462916
955,2021-08-13,1.59607,2544.3696732350973
956,2021-08-14,1.63178,2601.2966507681786
957,2021-08-15,1.87049,2981.83540201214
958,2021-08-16,1.98179,3159.26392621914
959,2021-08-17,1.86629,2975.139986004329
960,2021-08-18,1.88729,3008.6170660433854
961,2021-08-19,2.0077,3200.5682664006613
962,2021-08-20,1.89149,3015.3124820511966
963,2021-08-21,2.36121,3764.1150551914657
964,2021-08-22,2.48792,3966.1093795604593
965,2021-08-23,2.175,3467.2690040451457
966,2021-08-24,2.1841,3481.775738728737
967,2021-08-25,2.0189,3218.4227090881586
968,2021-08-26,2.1771,3470.6167120490513
969,2021-08-27,2.22471,3546.5140349375984
970,2021-08-28,2.41792,3854.5191127636044
971,2021-08-29,2.61253,4164.755995925547
972,2021-08-30,2.1862,3485.1234467326426
973,2021-08-31,2.26811,3615.7000003516487
974,2021-09-01,2.31221,3686.0018684336674
975,2021-09-02,2.21771,3535.3550082579127
976,2021-09-03,2.0259,3229.5817357678443
977,2021-09-04,2.24571,3579.991114976655
978,2021-09-05,2.71963,4335.489104124736
979,2021-09-06,2.51102,4002.9341676034214
980,2021-09-07,2.46762,3933.7482021893716
981,2021-09-08,2.27861,3632.438540371177
982,2021-09-09,2.21421,3529.7754949180703
983,2021-09-10,2.20441,3514.1528575665106
984,2021-09-11,2.44242,3893.5757061425033
985,2021-09-12,2.91914,4653.537305962459
986,2021-09-13,2.43752,3885.7643874667237
987,2021-09-14,2.64193,4211.623907980226
988,2021-09-15,2.53342,4038.643052978415
989,2021-09-16,2.34231,3733.985683156315
990,2021-09-17,2.43052,3874.605360787038
991,2021-09-18,2.40322,3831.0851567362647
992,2021-09-19,2.52852,4030.831734302635
993,2021-09-20,2.50402,3991.775140923736
994,2021-09-21,3.09625,4935.876622425188
995,2021-09-22,3.19005,5085.407579932973
996,2021-09-23,3.05985,4877.8496836908225
997,2021-09-24,3.04445,4853.299824995514
998,2021-09-25,3.19495,5093.218898608753
999,2021-09-26,3.43297,5472.657688651432
1000,2021-09-27,3.16765,5049.69869455798
1001,2021-09-28,2.90234,4626.755641931213
1002,2021-09-29,2.60693,4155.828774581799
1003,2021-09-30,2.30451,3673.7269390860133
1004,2021-10-01,2.42702,3869.0258474471957
1005,2021-10-02,2.63423,4199.348978632573
1006,2021-10-03,2.91494,4646.841889954647
1007,2021-10-04,3.43857,5481.58490999518
1008,2021-10-05,2.64263,4212.739810648195
1009,2021-10-06,2.46552,3930.400494185466
1010,2021-10-07,2.73153,4354.4594494802
1011,2021-10-08,2.42982,3873.4894581190692
1012,2021-10-09,2.76583,4409.13868021066
1013,2021-10-10,4.21911,6725.880150646857
1014,2021-10-11,4.58872,7315.092700800939
1015,2021-10-12,3.89849,6214.7648457838895
1016,2021-10-13,3.25376,5186.970664184798
1017,2021-10-14,3.63948,5801.86491716884
1018,2021-10-15,3.73188,5949.164069340689
1019,2021-10-16,5.29786,8445.565869319824
1020,2021-10-17,7.90899,12608.090059909435
1021,2021-10-18,8.97444,14306.573627890997
1022,2021-10-19,7.62898,12161.713051255329
1023,2021-10-20,6.60903,10535.763156691719
1024,2021-10-21,6.1085,9737.844924694149
1025,2021-10-22,5.71788,9115.139353034327
1026,2021-10-23,6.0126,9584.966259182456
1027,2021-10-24,6.41582,10227.758078865714
1028,2021-10-25,5.58137,8897.522391313772
1029,2021-10-26,5.10675,8140.908499497723
1030,2021-10-27,4.51242,7193.459309992366
1031,2021-10-28,4.22051,6728.111955982795
1032,2021-10-29,3.94819,6293.993935209657
1033,2021-10-30,4.1281,6580.79686234426
1034,2021-10-31,4.47602,7135.432371258002
1035,2021-11-01,4.1295,6583.028667680198
1036,2021-11-02,4.0189,6406.716046141167
1037,2021-11-03,4.0476,6452.468055527877
1038,2021-11-04,4.0112,6394.441116793511
1039,2021-11-05,3.89849,6214.7648457838895
1040,2021-11-06,4.32971,6902.192772185889
1041,2021-11-07,4.78753,7632.024999970693
1042,2021-11-08,5.00665,7981.33441797822
1043,2021-11-09,6.66223,10620.57175945733
1044,2021-11-10,8.1022,12916.09513773544
1045,2021-11-11,7.74728,12350.300602142013
1046,2021-11-12,6.83164,10890.636146572406
1047,2021-11-13,6.43542,10259.003353568833
1048,2021-11-14,7.02905,11205.336640406222
1049,2021-11-15,6.72663,10723.234804910437
1050,2021-11-16,6.37591,10164.135685324822
1051,2021-11-17,6.56562,10466.561249810984
1052,2021-11-18,6.0077,9577.154940506676
1053,2021-11-19,5.60798,8939.942634163264
1054,2021-11-20,5.99509,9557.052751016558
1055,2021-11-21,6.44382,10272.394185584455
1056,2021-11-22,6.87644,10962.053917322391
1057,2021-11-23,7.65628,12205.2332553061
1058,2021-11-24,6.66433,10623.919467461235
1059,2021-11-25,6.33041,10091.602011906865
1060,2021-11-26,6.1281,9769.090199397267
1061,2021-11-27,6.81204,10859.390871869286
1062,2021-11-28,8.0637,12854.72049099717
1063,2021-11-29,7.35456,11724.247322478284
1064,2021-11-30,6.70003,10680.830503527632
1065,2021-12-01,7.85159,12516.586041136012
1066,2021-12-02,7.12775,11362.678916589788
1067,2021-12-03,7.01715,11186.366295050757
1068,2021-12-04,6.78473,10815.854726351827
1069,2021-12-05,7.31396,11659.524967736108
1070,2021-12-06,7.03185,11209.800251078097
1071,2021-12-07,6.38851,10184.221933348255
1072,2021-12-08,7.21666,11504.41449688848
1073,2021-12-09,6.58872,10503.386037853947
1074,2021-12-10,5.68848,9068.271440979646
1075,2021-12-11,5.57857,8893.058780641899
1076,2021-12-12,6.64333,10590.442387422177
1077,2021-12-13,7.57227,12071.30899368319
1078,2021-12-14,6.88694,10978.79245734192
1079,2021-12-15,5.70738,9098.400813014798
1080,2021-12-16,5.40987,8624.126237661478
1081,2021-12-17,6.22261,9919.75300103971
1082,2021-12-18,7.03675,11217.611569753875
1083,2021-12-19,8.25341,13157.146055483334
1084,2021-12-20,7.80609,12444.052367718057
1085,2021-12-21,6.60553,10530.183643351877
1086,2021-12-22,5.94819,9482.287272262665
1087,2021-12-23,5.99719,9560.400459020464
1088,2021-12-24,6.24641,9957.69369175064
1089,2021-12-25,7.56037,12052.338648327723
1090,2021-12-26,8.38641,13369.167562397357
1091,2021-12-27,7.72558,12315.707619434987
1092,2021-12-28,6.57332,10478.836179158638
1093,2021-12-29,6.07,9676.47027795588
1094,2021-12-30,5.72558,9127.41428238198
1095,2021-12-31,4.87854,7777.10828827329
1096,2022-01-01,4.41582,7039.464741812706
1097,2022-01-02,5.25376,8375.264001237805
1098,2022-01-03,4.80504,7659.938508136592
1099,2022-01-04,4.51942,7204.6183366720525
1100,2022-01-05,4.66643,7438.973838412134
1101,2022-01-06,4.27091,6808.45694807653
1102,2022-01-07,4.119,6566.290127660669
1103,2022-01-08,4.68253,7464.63959977541
1104,2022-01-09,4.81414,7674.445242820183
1105,2022-01-10,4.44592,7087.448556535354
1106,2022-01-11,4.1869,6674.532686453618
1107,2022-01-12,4.27371,6812.920558748406
1108,2022-01-13,4.30171,6857.556665467147
1109,2022-01-14,4.52432,7212.4296553478325
1110,2022-01-15,4.76723,7599.663822599604
1111,2022-01-16,4.81694,7678.9088534920575
1112,2022-01-17,4.59782,7329.599435484529
1113,2022-01-18,4.1008,6537.276658293486
1114,2022-01-19,3.70248,5902.29615728601
1115,2022-01-20,3.34896,5338.73342702852
1116,2022-01-21,3.26146,5199.2455935324515
1117,2022-01-22,3.52817,5624.420451495154
1118,2022-01-23,3.89009,6201.374013768267
1119,2022-01-24,3.30556,5269.54746161447
1120,2022-01-25,3.12775,4986.092242483772
1121,2022-01-26,3.49807,5576.436636772507
1122,2022-01-27,2.80154,4466.065657743742
1123,2022-01-28,2.69863,4302.0120240856795
1124,2022-01-29,3.08575,4919.13808240566
1125,2022-01-30,3.51977,5611.029619479532
1126,2022-01-31,3.47147,5534.032335389702
1127,2022-02-01,3.71088,5915.686989301633
1128,2022-02-02,3.87539,6177.940057740928
1129,2022-02-03,3.56247,5679.099682225614
1130,2022-02-04,3.00525,4790.809275589276
1131,2022-02-05,3.38536,5396.760365762885
1132,2022-02-06,3.65208,5821.951165192275
1133,2022-02-07,2.98634,4760.66396208744
1134,2022-02-08,2.45502,3913.661954165938
1135,2022-02-09,2.20931,3521.9641762422903
1136,2022-02-10,2.0609,3285.376869166272
1137,2022-02-11,2.196,3500.7460840842027
1138,2022-02-12,2.26951,3617.9318056875854
1139,2022-02-13,2.46692,3932.6322995214027
1140,2022-02-14,1.98249,3160.379828887109
1141,2022-02-15,2.1078,3360.142347920165
1142,2022-02-16,1.93559,3085.6143501332153
1143,2022-02-17,2.1134,3369.0695692639133
1144,2022-02-18,2.0378,3248.552081123309
1145,2022-02-19,2.43122,3875.721263455007
1146,2022-02-20,2.65313,4229.478350667723
1147,2022-02-21,2.1141,3370.185471931882
1148,2022-02-22,1.98389,3162.6116342230457
1149,2022-02-23,1.87119,2982.9513046801085
1150,2022-02-24,1.94049,3093.4256688089954
1151,2022-02-25,2.1869,3486.2393494006114
1152,2022-02-26,3.05495,4870.0383650150425
1153,2022-02-27,2.61883,4174.799119937264
1154,2022-02-28,2.1246,3386.92401195141
1155,2022-03-01,2.43052,3874.605360787038
1156,2022-03-02,1.92089,3062.180394105876
1157,2022-03-03,1.80049,2870.245135215285
1158,2022-03-04,1.72838,2755.291218947839
1159,2022-03-05,1.94679,3103.4687928207127
1160,2022-03-06,2.154,3433.791924006089
1161,2022-03-07,1.68218,2681.641642861914
1162,2022-03-08,1.55897,2485.2268318327638
1163,2022-03-09,1.59887,2548.8332839069712
1164,2022-03-10,1.45047,2312.2619182976377
1165,2022-03-11,1.56107,2488.5745398366694
1166,2022-03-12,1.82079,2902.606312586373
1167,2022-03-13,2.0357,3245.2043731194035
1168,2022-03-14,1.53097,2440.5907251140216
1169,2022-03-15,1.52607,2432.779406438242
1170,2022-03-16,1.52677,2433.8953091062103
1171,2022-03-17,1.46377,2333.4640689890407
1172,2022-03-18,1.61148,2568.9354733970904
1173,2022-03-19,2.0203,3220.654514424096
1174,2022-03-20,1.98669,3167.07524489492
1175,2022-03-21,1.46867,2341.2753876648203
1176,2022-03-22,1.37906,2198.42390469816
1177,2022-03-23,1.34826,2149.324187307544
1178,2022-03-24,1.34336,2141.5128686317644
1179,2022-03-25,1.28596,2050.0088498583427
1180,2022-03-26,1.60028,2551.0810307095935
1181,2022-03-27,1.63878,2612.4556774478638
1182,2022-03-28,1.42037,2264.27810357499
1183,2022-03-29,1.27686,2035.502115174752
1184,2022-03-30,1.32726,2115.847107268488
1185,2022-03-31,1.28666,2051.124752526311
1186,2022-04-01,1.25026,1993.0978137919467
1187,2022-04-02,1.29996,2072.326903217714
1188,2022-04-03,1.48827,2372.5206623679396
1189,2022-04-04,1.34616,2145.9764793036384
1190,2022-04-05,1.24606,1986.4023977841352
1191,2022-04-06,1.24746,1988.6342031200725
1192,2022-04-07,1.23066,1961.8525390888274
1193,2022-04-08,1.19075,1898.2301455479344
1194,2022-04-09,1.30836,2085.7177352333365
1195,2022-04-10,1.56457,2494.154053176512
1196,2022-04-11,1.32376,2110.2675939286446
1197,2022-04-12,1.37906,2198.42390469816
1198,2022-04-13,1.33426,2127.006133948173
1199,2022-04-14,1.24606,1986.4023977841352
1200,2022-04-15,1.14455,1824.5805694620099
1201,2022-04-16,1.20686,1923.9118483778966
1202,2022-04-17,1.29926,2071.2110005497457
1203,2022-04-18,1.17675,1875.9120921885633
1204,2022-04-19,1.10535,1762.0900200557712
1205,2022-04-20,1.19355,1902.6937562198088
1206,2022-04-21,1.08435,1728.6129400167142
1207,2022-04-22,1.21036,1929.4913617177394
1208,2022-04-23,1.49737,2387.0273970515314
1209,2022-04-24,1.93069,3077.8030314574357
1210,2022-04-25,1.37556,2192.8443913583174
1211,2022-04-26,1.27756,2036.6180178427203
1212,2022-04-27,1.17185,1868.1007735127837
1213,2022-04-28,1.25586,2002.0250351356951
1214,2022-04-29,1.05495,1681.7450279620352
1215,2022-04-30,1.14805,1830.1600828018527
1216,2022-05-01,1.34686,2147.0923819716068
1217,2022-05-02,1.18865,1894.8824375440288
1218,2022-05-03,1.12215,1788.8716840870163
1219,2022-05-04,1.16835,1862.5212601729409
1220,2022-05-05,1.19075,1898.2301455479344
1221,2022-05-06,1.14945,1832.39188813779
1222,2022-05-07,1.17115,1866.9848708448148
1223,2022-05-08,1.28946,2055.5883631981856
1224,2022-05-09,1.18725,1892.6506322080916
1225,2022-05-10,1.14595,1826.812374797947
1226,2022-05-11,1.12985,1801.1466134346704
1227,2022-05-12,1.02205,1629.2976025675132
1228,2022-05-13,1.12845,1798.9148080987331
1229,2022-05-14,1.09835,1750.9309933760853
1230,2022-05-15,1.27616,2034.386212506783
1231,2022-05-16,1.15295,1837.9714014776325
1232,2022-05-17,1.07525,1714.1062053331234
1233,2022-05-18,1.02065,1627.0657972315762
1234,2022-05-19,0.95974,1529.966323651627
1235,2022-05-20,1.01015,1610.327257212048
1236,2022-05-21,1.01295,1614.7908678839221
1237,2022-05-22,1.22436,1951.80941507711
1238,2022-05-23,1.01365,1615.9067705518905
1239,2022-05-24,1.01015,1610.327257212048
1240,2022-05-25,0.92404,1473.0552875852306
1241,2022-05-26,0.91564,1459.664455569608
1242,2022-05-27,0.93034,1483.0984115969475
1243,2022-05-28,0.97654,1556.747987682872
1244,2022-05-29,1.11725,1781.0603654112365
1245,2022-05-30,1.10535,1762.0900200557712
1246,2022-05-31,1.00175,1596.936425196425
1247,2022-06-01,1.16835,1862.5212601729409
1248,2022-06-02,1.20546,1921.6800430419594
1249,2022-06-03,1.10745,1765.4377280596768
1250,2022-06-04,1.08645,1731.96064802062
1251,2022-06-05,1.19705,1908.2732695596515
1252,2022-06-06,1.26986,2024.3430884950662
1253,2022-06-07,1.11025,1769.9013387315508
1254,2022-06-08,1.10465,1760.9741173878024
1255,2022-06-09,1.00525,1602.5159385362679
1256,2022-06-10,1.03885,1656.0792665987585
1257,2022-06-11,1.14525,1825.6964721299787
1258,2022-06-12,1.25866,2006.4886458075691
1259,2022-06-13,1.19215,1900.4619508838716
1260,2022-06-14,1.28316,2045.5452391864687
1261,2022-06-15,1.18305,1885.9552162002803
1262,2022-06-16,1.10955,1768.7854360635824
1263,2022-06-17,1.10255,1757.6264093838968
1264,2022-06-18,1.16485,1856.941746833098
1265,2022-06-19,1.33566,2129.2379392841103
1266,2022-06-20,1.20056,1913.8687243661795
1267,2022-06-21,1.15715,1844.6668174854437
1268,2022-06-22,1.02065,1627.0657972315762
1269,2022-06-23,0.97724,1557.8638903508406
1270,2022-06-24,1.00665,1604.747743872205
1271,2022-06-25,1.07245,1709.642594661249
1272,2022-06-26,1.06685,1700.7153733175007
1273,2022-06-27,1.05495,1681.7450279620352
1274,2022-06-28,1.03955,1657.1951692667271
1275,2022-06-29,1.01155,1612.559062547985
1276,2022-06-30,1.00175,1596.936425196425
1277,2022-07-01,0.98914,1576.8342357063061
1278,2022-07-02,1.10045,1754.278701379991
1279,2022-07-03,1.34616,2145.9764793036384
1280,2022-07-04,1.27826,2037.7339205106887
1281,2022-07-05,1.22436,1951.80941507711
1282,2022-07-06,1.13265,1805.6102241065444
1283,2022-07-07,1.13475,1808.9579321104502
1284,2022-07-08,1.19635,1907.1573668916828
1285,2022-07-09,1.35106,2153.787797979418
1286,2022-07-10,1.78718,2849.0270430571973
1287,2022-07-11,1.30556,2081.2541245614625
1288,2022-07-12,1.17955,1880.3757028604377
1289,2022-07-13,1.24256,1980.8228844442929
1290,2022-07-14,1.20056,1913.8687243661795
1291,2022-07-15,1.46937,2342.391290332789
1292,2022-07-16,1.60868,2564.4718627252164
1293,2022-07-17,1.57507,2510.8925931960403
1294,2022-07-18,1.38606,2209.582931377846
1295,2022-07-19,1.28666,2051.124752526311
1296,2022-07-20,1.18235,1884.8393135323117
1297,2022-07-21,1.29436,2063.3996818739656
1298,2022-07-22,1.16765,1861.4053575049722
1299,2022-07-23,1.23836,1974.1274684364812
1300,2022-07-24,1.40007,2231.916926203902
1301,2022-07-25,1.28036,2041.0816285145943
1302,2022-07-26,1.25236,1996.4455217958523
1303,2022-07-27,1.22786,1957.388928416953
1304,2022-07-28,1.19915,1911.620977563557
1305,2022-07-29,1.10325,1758.7423120518654
1306,2022-07-30,1.21806,1941.766291065393
1307,2022-07-31,1.35806,2164.946824659104
1308,2022-08-01,1.28526,2048.8929471903743
1309,2022-08-02,1.35596,2161.599116655198
1310,2022-08-03,1.44137,2297.755183614047
1311,2022-08-04,1.36856,2181.685364678632
1312,2022-08-05,1.34056,2137.04925795989
1313,2022-08-06,1.38676,2210.6988340458142
1314,2022-08-07,1.39516,2224.089666061437
1315,2022-08-08,1.40217,2235.264634207808
1316,2022-08-09,1.42527,2272.08942225077
1317,2022-08-10,1.46657,2337.9276796609147
1318,2022-08-11,1.60798,2563.3559600572476
1319,2022-08-12,1.42177,2266.509908910927
1320,2022-08-13,1.60728,2562.240057389279
1321,2022-08-14,1.70108,2711.771014897065
1322,2022-08-15,1.74098,2775.3774669712725
1323,2022-08-16,1.59397,2541.0219652311916
1324,2022-08-17,1.64648,2624.730606795518
1325,2022-08-18,1.49597,2384.795591715594
1326,2022-08-19,1.44907,2310.030112961701
1327,2022-08-20,1.61358,2572.283181400996
1328,2022-08-21,1.84039,2933.8515872894923
1329,2022-08-22,1.55967,2486.342734500732
1330,2022-08-23,1.62128,2584.55811074865
1331,2022-08-24,1.72628,2751.9435109439332
1332,2022-08-25,1.70318,2715.1187229009706
1333,2022-08-26,1.68148,2680.5257401939457
1334,2022-08-27,1.87469,2988.5308180199513
1335,2022-08-28,2.30521,3674.842841753982
1336,2022-08-29,2.1211,3381.344498611568
1337,2022-08-30,2.1183,3376.8808879396934
1338,2022-08-31,1.94049,3093.4256688089954
1339,2022-09-01,1.73958,2773.1456616353353
1340,2022-09-02,1.58627,2528.747035883537
1341,2022-09-03,1.81939,2900.3745072504357
1342,2022-09-04,2.39131,3812.0988699141135
1343,2022-09-05,2.1477,3423.7487999943723
1344,2022-09-06,2.0791,3314.3903385334543
1345,2022-09-07,2.1736,3465.0371987092085
1346,2022-09-08,1.78018,2837.8680163775116
1347,2022-09-09,1.76828,2818.8976710220463
1348,2022-09-10,2.133,3400.3148439670326
1349,2022-09-11,2.59502,4136.842487759648
1350,2022-09-12,2.74203,4371.197989499729
1351,2022-09-13,2.42562,3866.794042111258
1352,2022-09-14,2.22681,3549.861742941504
1353,2022-09-15,2.0056,3197.2205583967557
1354,2022-09-16,2.0266,3230.697638435813
1355,2022-09-17,2.26111,3604.540973671963
1356,2022-09-18,2.55582,4074.3519383534094
1357,2022-09-19,2.27091,3620.163611023523
1358,2022-09-20,2.0014,3190.5251423889445
1359,2022-09-21,2.0924,3335.5924892248568
1360,2022-09-22,2.0707,3300.9995065178314
1361,2022-09-23,2.1911,3492.9347654084227
1362,2022-09-24,2.28351,3640.249859046957
1363,2022-09-25,2.47322,3942.67542353312
1364,2022-09-26,2.26741,3614.58409768368
1365,2022-09-27,2.23521,3563.2525749571264
1366,2022-09-28,2.28351,3640.249859046957
1367,2022-09-29,2.33951,3729.522072484441
1368,2022-09-30,1.99229,3176.002466238668
1369,2022-10-01,2.25411,3593.3819469922773
1370,2022-10-02,2.70073,4305.359732089585
1371,2022-10-03,2.98004,4750.6208380757225
1372,2022-10-04,2.74133,4370.0820868317605
1373,2022-10-05,3.00105,4784.113859581465
1374,2022-10-06,2.53832,4046.4543716541953
1375,2022-10-07,2.47812,3950.4867422089
1376,2022-10-08,2.53062,4034.1794423065407
1377,2022-10-09,3.26916,5211.520522880105
1378,2022-10-10,6.31571,10068.168055879525
1379,2022-10-11,5.75288,9170.934486432754
1380,2022-10-12,4.62163,7367.556067662145
1381,2022-10-13,3.44557,5492.743936674866
1382,2022-10-14,2.95204,4705.984731356981
1383,2022-10-15,3.25446,5188.086566852766
1384,2022-10-16,3.67798,5863.23956390711
1385,2022-10-17,5.64928,9005.780891573408
1386,2022-10-18,6.0567,9655.268127264477
1387,2022-10-19,5.06475,8073.954339419611
1388,2022-10-20,4.20511,6703.562097287487
1389,2022-10-21,3.48757,5559.698096752979
1390,2022-10-22,3.92439,6256.053244498726
1391,2022-10-23,5.12285,8166.574260861
1392,2022-10-24,7.07105,11272.290800484334
1393,2022-10-25,5.97829,9530.271086985313
1394,2022-10-26,5.34686,8523.679056077623
1395,2022-10-27,4.56212,7272.688399418134
1396,2022-10-28,3.76548,6002.72739740318
1397,2022-10-29,3.99929,6375.4548299713615
1398,2022-10-30,3.95029,6297.341643213563
1399,2022-10-31,3.49177,5566.39351276079
1400,2022-11-01,4.78963,7635.372707974599
1401,2022-11-02,6.57402,10479.952081826606
1402,2022-11-03,6.0686,9674.238472619942
1403,2022-11-04,6.61883,10551.385794043279
1404,2022-11-05,6.47812,10327.073416314915
1405,2022-11-06,6.82464,10879.47711989272
1406,2022-11-07,5.92649,9447.69428955564
1407,2022-11-08,4.64473,7404.380855705108
1408,2022-11-09,4.42352,7051.739671160361
1409,2022-11-10,4.0434,6445.772639520066
1410,2022-11-11,3.82569,6098.71096831516
1411,2022-11-12,4.0028,6381.050284777889
1412,2022-11-13,4.98634,7948.9572991404475
1413,2022-11-14,4.54812,7250.370346058762
1414,2022-11-15,4.59712,7328.483532816562
1415,2022-11-16,4.35281,6939.017560228851
1416,2022-11-17,4.0441,6446.888542188035
1417,2022-11-18,3.76758,6006.075105407085
1418,2022-11-19,3.80259,6061.8861802721985
1419,2022-11-20,4.34441,6925.6267282132285
1420,2022-11-21,3.89289,6205.837624440142
1421,2022-11-22,4.0217,6411.17965681304
1422,2022-11-23,4.1106,6552.899295645047
1423,2022-11-24,3.90199,6220.344359123733
1424,2022-11-25,3.59817,5736.01071829201
1425,2022-11-26,4.31781,6883.2224268304235
1426,2022-11-27,5.15575,8219.021686255523
1427,2022-11-28,4.49422,7164.445840625184
1428,2022-11-29,4.70353,7498.116679814466
1429,2022-11-30,6.99894,11157.33688421689
1430,2022-12-01,7.76548,12379.314071509196
1431,2022-12-02,7.03465,11214.26386174997
1432,2022-12-03,5.79698,9241.236354514771
1433,2022-12-04,7.55547,12044.527329651943
1434,2022-12-05,7.79908,12432.877399571686
1435,2022-12-06,7.54777,12032.252400304289
1436,2022-12-07,6.88834,10981.024262677858
1437,2022-12-08,6.49352,10351.623275010223
1438,2022-12-09,5.83969,9309.322358727539
1439,2022-12-10,5.95449,9492.330396274381
1440,2022-12-11,6.64333,10590.442387422177
1441,2022-12-12,6.46902,10312.566681631324
1442,2022-12-13,6.61743,10549.153988707341
1443,2022-12-14,6.89394,10989.951484021605
1444,2022-12-15,6.81134,10858.274969201317
1445,2022-12-16,6.48442,10337.116540326631
1446,2022-12-17,7.71718,12302.316787419364
1447,2022-12-18,8.83444,14083.393094297287
1448,2022-12-19,8.22191,13106.930435424747
1449,2022-12-20,7.94679,12668.348803979736
1450,2022-12-21,7.69268,12263.260194040466
1451,2022-12-22,7.77528,12394.936708860756
1452,2022-12-23,8.1799,13039.960333879948
1453,2022-12-24,7.50647,11966.414142894146
1454,2022-12-25,7.69198,12262.144291372497
1455,2022-12-26,6.20791,9896.31904501237
1456,2022-12-27,6.57472,10481.067984494575
1457,2022-12-28,5.52887,8813.829691216131
1458,2022-12-29,4.64683,7407.7285637090135
1459,2022-12-30,4.57612,7295.006452777506
1460,2022-12-31,4.38711,6993.69679095931
1461,2023-01-01,4.07,6488.176940902871
1462,2023-01-02,4.0,6376.586674106015
1463,2023-01-03,3.95939,6311.848377897154
1464,2023-01-04,3.59187,5725.967594280293
1465,2023-01-05,3.23766,5161.30490282152
1466,2023-01-06,2.98774,4762.895767423377
1467,2023-01-07,3.19075,5086.523482600942
1468,2023-01-08,3.43577,5477.121299323307
1469,2023-01-09,2.83514,4519.628985806232
1470,2023-01-10,2.43892,3887.9961928026605
1471,2023-01-11,2.40462,3833.3169620722015
1472,2023-01-12,2.21981,3538.7027162618183
1473,2023-01-13,2.0406,3253.0156917951836
1474,2023-01-14,2.23731,3566.600282961032
1475,2023-01-15,2.56492,4088.8586730370002
1476,2023-01-16,2.1057,3356.7946399162593
1477,2023-01-17,2.0476,3264.174718474869
1478,2023-01-18,2.0294,3235.1612491076867
1479,2023-01-19,2.0434,3257.479302467058
1480,2023-01-20,2.1638,3449.4145613576493
1481,2023-01-21,2.1624,3447.1827560217116
1482,2023-01-22,2.43402,3880.1848741268805
1483,2023-01-23,2.50682,3996.23875159561
1484,2023-01-24,3.61078,5756.11290778213
1485,2023-01-25,2.97864,4748.389032739786
1486,2023-01-26,2.47812,3950.4867422089
1487,2023-01-27,2.21841,3536.4709109258815
1488,2023-01-28,2.45502,3913.661954165938
1489,2023-01-29,2.63283,4197.117173296635
1490,2023-01-30,2.24501,3578.8752123086865
1491,2023-01-31,2.0357,3245.2043731194035
1492,2023-02-01,1.87329,2986.299012684014
1493,2023-02-02,1.74728,2785.4205909829893
1494,2023-02-03,1.75708,2801.0432283345494
1495,2023-02-04,1.91389,3051.0213674261904
1496,2023-02-05,2.0434,3257.479302467058
1497,2023-02-06,1.88939,3011.964774047291
1498,2023-02-07,1.74168,2776.493369639241
1499,2023-02-08,1.55197,2474.067805153078
1500,2023-02-09,1.46867,2341.2753876648203
1501,2023-02-10,1.45187,2314.493723633575
1502,2023-02-11,1.44767,2307.7983076257638
1503,2023-02-12,1.50297,2395.9546183952793
1504,2023-02-13,1.45677,2322.305042309355
1505,2023-02-14,1.29366,2062.2837792059972
1506,2023-02-15,1.32796,2116.9630099364563
1507,2023-02-16,1.21526,1937.302680393519
1508,2023-02-17,1.24046,1977.4751764403868
1509,2023-02-18,1.42877,2277.6689355906133
1510,2023-02-19,1.50787,2403.7659370710594
1511,2023-02-20,1.35316,2157.135505983324
1512,2023-02-21,1.32446,2111.3834965966134
1513,2023-02-22,1.31046,2089.065443237242
1514,2023-02-23,1.27056,2025.4589911630346
1515,2023-02-24,1.17255,1869.216676180752
1516,2023-02-25,1.38326,2205.1193207059714
1517,2023-02-26,1.44277,2299.986988949984
1518,2023-02-27,1.18795,1893.7665348760604
1519,2023-02-28,1.14665,1827.9282774659155
1520,2023-03-01,1.45677,2322.305042309355
1521,2023-03-02,1.18725,1892.6506322080916
1522,2023-03-03,1.15855,1846.898622821381
1523,2023-03-04,1.34406,2142.6287712997328
1524,2023-03-05,1.60588,2560.008252053342
1525,2023-03-06,1.19215,1900.4619508838716
1526,2023-03-07,1.17745,1877.0279948565321
1527,2023-03-08,1.03535,1650.4997532589157
1528,2023-03-09,1.11655,1779.9444627432676
1529,2023-03-10,1.08925,1736.4242586924945
1530,2023-03-11,1.12075,1786.639878751079
1531,2023-03-12,1.19355,1902.6937562198088
1532,2023-03-13,1.15715,1844.6668174854437
1533,2023-03-14,1.07665,1716.3380106690606
1534,2023-03-15,1.10955,1768.7854360635824
1535,2023-03-16,1.11935,1784.408073415142
1536,2023-03-17,1.24606,1986.4023977841352
1537,2023-03-18,1.30696,2083.4859298973993
1538,2023-03-19,1.40567,2240.8441475476507
1539,2023-03-20,1.12495,1793.3352947588903
1540,2023-03-21,1.18305,1885.9552162002803
1541,2023-03-22,1.04655,1668.3541959464128
1542,2023-03-23,1.07595,1715.2221080010918
1543,2023-03-24,1.12075,1786.639878751079
1544,2023-03-25,1.21386,1935.0708750575818
1545,2023-03-26,1.23346,1966.3161497607014
1546,2023-03-27,1.09485,1745.351480036243
1547,2023-03-28,1.04935,1672.8178066182868
1548,2023-03-29,1.02205,1629.2976025675132
1549,2023-03-30,1.01925,1624.833991895639
1550,2023-03-31,0.92824,1479.7507035930419
1551,2023-04-01,0.96394,1536.6617396594381
1552,2023-04-02,1.05915,1688.4404439698467
1553,2023-04-03,0.99264,1582.4137490461487
1554,2023-04-04,0.98004,1562.3275010227148
1555,2023-04-05,0.97514,1554.516182346935
1556,2023-04-06,0.96604,1540.0094476633437
1557,2023-04-07,0.91984,1466.3598715774192
1558,2023-04-08,1.08505,1729.728842684683
1559,2023-04-09,1.20406,1919.4482377060222
1560,2023-04-10,1.23136,1962.9684417567958
1561,2023-04-11,1.17255,1869.216676180752
1562,2023-04-12,2.39761,3822.141993925831
1563,2023-04-13,1.28526,2048.8929471903743
1564,2023-04-14,1.08365,1727.4970373487458
1565,2023-04-15,1.10465,1760.9741173878024
1566,2023-04-16,1.24606,1986.4023977841352
1567,2023-04-17,1.03605,1651.615655926884
1568,2023-04-18,0.98564,1571.2547223664633
1569,2023-04-19,0.98354,1567.9070143625574
1570,2023-04-20,1.05425,1680.6291252940666
1571,2023-04-21,0.89254,1422.8396675266458
1572,2023-04-22,1.00525,1602.5159385362679
1573,2023-04-23,1.12495,1793.3352947588903
1574,2023-04-24,1.02205,1629.2976025675132
1575,2023-04-25,0.92264,1470.8234822492934
1576,2023-04-26,0.90374,1440.6941102141425
1577,2023-04-27,0.91844,1464.1280662414822
1578,2023-04-28,0.91634,1460.7803582375766
1579,2023-04-29,0.98284,1566.791111694589
1580,2023-04-30,0.97934,1561.2115983547462
1581,2023-05-01,0.98424,1569.022917030526
1582,2023-05-02,0.93034,1483.0984115969475
1583,2023-05-03,0.89114,1420.6078621907086
1584,2023-05-04,0.86944,1386.0148794836834
1585,2023-05-05,1.02905,1640.4566292471989
1586,2023-05-06,0.98214,1565.6752090266205
1587,2023-05-07,0.98844,1575.7183330383375
1588,2023-05-08,0.87574,1396.0580034954005
1589,2023-05-09,0.88974,1418.3760568547716
1590,2023-05-10,0.81344,1296.7426660461995
1591,2023-05-11,0.92474,1474.1711902531993
1592,2023-05-12,0.97654,1556.747987682872
1593,2023-05-13,0.88274,1407.217030175086
1594,2023-05-14,0.95624,1524.386810311784
1595,2023-05-15,0.93524,1490.9097302727273
1596,2023-05-16,0.94644,1508.7641729602242
1597,2023-05-17,0.95204,1517.6913943039726
1598,2023-05-18,0.98424,1569.022917030526
1599,2023-05-19,0.91214,1454.0849422297651
1600,2023-05-20,0.99544,1586.877359718023
1601,2023-05-21,1.08995,1737.540161360463
1602,2023-05-22,0.96394,1536.6617396594381
1603,2023-05-23,0.85754,1367.044534128218
1604,2023-05-24,0.82674,1317.9448167376017
1605,2023-05-25,0.83164,1325.7561354133818
1606,2023-05-26,0.76723,1223.0771484935894
1607,2023-05-27,0.86314,1375.9717554719666
1608,2023-05-28,0.95554,1523.2709076438155
1609,2023-05-29,0.93174,1485.3302169328847
1610,2023-05-30,0.87364,1392.7102954914947
1611,2023-05-31,0.79873,1273.2927685521745
1612,2023-06-01,1.00455,1601.4000358682995
1613,2023-06-02,0.97444,1553.4002796789664
1614,2023-06-03,0.89674,1429.535083534457
1615,2023-06-04,0.96184,1533.3140316555325
1616,2023-06-05,0.93384,1488.6779249367903
1617,2023-06-06,1.03255,1646.0361425870417
1618,2023-06-07,0.99684,1589.10916505396
1619,2023-06-08,0.85404,1361.4650207883753
1620,2023-06-09,0.84214,1342.4946754329098
1621,2023-06-10,0.82884,1321.2925247415076
1622,2023-06-11,0.90444,1441.810012882111
1623,2023-06-12,0.90794,1447.389526221954
1624,2023-06-13,0.78823,1256.554228532646
1625,2023-06-14,0.83514,1331.3356487532244
1626,2023-06-15,0.79383,1265.4814498763947
1627,2023-06-16,0.80014,1275.5405153547968
1628,2023-06-17,0.74483,1187.368263118596
1629,2023-06-18,0.89674,1429.535083534457
1630,2023-06-19,0.79313,1264.365547208426
1631,2023-06-20,0.84634,1349.1900914407213
1632,2023-06-21,0.86104,1372.624047468061
1633,2023-06-22,0.88554,1411.6806408469602
1634,2023-06-23,0.85474,1362.580923456344
1635,2023-06-24,0.79803,1272.1768658842059
1636,2023-06-25,0.94504,1506.5323676242872
1637,2023-06-26,0.84494,1346.9582861047843
1638,2023-06-27,0.87084,1388.2466848196204
1639,2023-06-28,0.82534,1315.7130114016645
1640,2023-06-29,0.81974,1306.7857900579163
1641,2023-06-30,0.81414,1297.8585687141679
1642,2023-07-01,0.94784,1510.9959782961614
1643,2023-07-02,0.89464,1426.1873755305514
1644,2023-07-03,0.82674,1317.9448167376017
1645,2023-07-04,0.86384,1377.0876581399352
1646,2023-07-05,0.87924,1401.6375168352433
1647,2023-07-06,0.81624,1301.2062767180735
1648,2023-07-07,0.75183,1198.5272897982813
1649,2023-07-08,0.77983,1243.1633965170236
1650,2023-07-09,0.83444,1330.2197460852558
1651,2023-07-10,0.83584,1332.451551421193
1652,2023-07-11,0.79453,1266.597352544363
1653,2023-07-12,0.79453,1266.597352544363
1654,2023-07-13,0.77213,1230.8884671693693
1655,2023-07-14,0.86104,1372.624047468061
1656,2023-07-15,0.85684,1365.9286314602496
1657,2023-07-16,0.88834,1416.1442515188344
1658,2023-07-17,0.81974,1306.7857900579163
1659,2023-07-18,0.85684,1365.9286314602496
1660,2023-07-19,0.84354,1344.726480768847
1661,2023-07-20,0.83584,1332.451551421193
1662,2023-07-21,0.89674,1429.535083534457
1663,2023-07-22,0.87154,1389.362587487589
1664,2023-07-23,1.08365,1727.4970373487458
1665,2023-07-24,1.34826,2149.324187307544
1666,2023-07-25,1.19705,1908.2732695596515
1667,2023-07-26,1.01925,1624.833991895639
1668,2023-07-27,0.95764,1526.6186156477213
1669,2023-07-28,0.89044,1419.49195952274
1670,2023-07-29,0.96464,1537.7776423274067
1671,2023-07-30,0.93384,1488.6779249367903
1672,2023-07-31,0.91214,1454.0849422297651
1673,2023-08-01,1.00665,1604.747743872205
1674,2023-08-02,0.94364,1504.3005622883502
1675,2023-08-03,0.94644,1508.7641729602242
1676,2023-08-04,0.85404,1361.4650207883753
1677,2023-08-05,0.93524,1490.9097302727273
1678,2023-08-06,1.03535,1650.4997532589157
1679,2023-08-07,1.00105,1595.8205225284566
1680,2023-08-08,1.02135,1628.1816998995446
1681,2023-08-09,1.01925,1624.833991895639
1682,2023-08-10,1.06825,1702.9471786534375
1683,2023-08-11,1.05215,1677.2814172901608
1684,2023-08-12,1.06195,1692.9040546417207
1685,2023-08-13,1.24886,1990.8660084560097
1686,2023-08-14,1.13195,1804.494321438576
1687,2023-08-15,1.15575,1842.435012149507
1688,2023-08-16,1.04935,1672.8178066182868
1689,2023-08-17,1.01225,1613.6749652159538
1690,2023-08-18,0.95414,1521.0391023078785
1691,2023-08-19,0.99544,1586.877359718023
1692,2023-08-20,1.08575,1730.8447453526514
1693,2023-08-21,1.03325,1647.15204525501
1694,2023-08-22,0.99474,1585.7614570500543
1695,2023-08-23,1.02135,1628.1816998995446
1696,2023-08-24,1.05705,1685.092735965941
1697,2023-08-25,1.15435,1840.2032068135698
1698,2023-08-26,1.12635,1795.5671000948275
1699,2023-08-27,1.21386,1935.0708750575818
1700,2023-08-28,1.14665,1827.9282774659155
1701,2023-08-29,1.09905,1752.0468960440542
1702,2023-08-30,1.15575,1842.435012149507
1703,2023-08-31,1.14945,1832.39188813779
1704,2023-09-01,1.36086,2169.410435330978
1705,2023-09-02,1.39936,2230.7850820692483
1706,2023-09-03,1.42527,2272.08942225077
1707,2023-09-04,1.23136,1962.9684417567958
1708,2023-09-05,1.33146,2122.542523276299
1709,2023-09-06,1.29296,2061.1678765380284
1710,2023-09-07,1.30976,2087.9495405692737
1711,2023-09-08,1.65488,2638.1214388111407
1712,2023-09-09,1.67938,2677.17803219004
1713,2023-09-10,1.61218,2570.051376065059
1714,2023-09-11,1.51557,2416.0408664187134
1715,2023-09-12,1.42037,2264.27810357499
1716,2023-09-13,1.32376,2110.2675939286446
1717,2023-09-14,1.31886,2102.4562752528645
1718,2023-09-15,1.26426,2015.4158671513176
1719,2023-09-16,1.31746,2100.224469916928
1720,2023-09-17,1.49877,2389.259202387468
1721,2023-09-18,1.42667,2274.321227586707
1722,2023-09-19,1.27756,2036.6180178427203
1723,2023-09-20,1.30906,2086.833637901305
1724,2023-09-21,1.32096,2105.80398325677
1725,2023-09-22,1.35526,2160.4832139872296
1726,2023-09-23,1.42037,2264.27810357499
1727,2023-09-24,1.55477,2478.5314158249525
1728,2023-09-25,1.51067,2408.2295477429334
1729,2023-09-26,1.72278,2746.3639976040904
1730,2023-09-27,1.51207,2410.4613530788706
1731,2023-09-28,1.43857,2293.2915729421725
1732,2023-09-29,1.43507,2287.71205960233
1733,2023-09-30,1.56527,2495.2699558444806
1734,2023-10-01,1.83269,2921.576657941838
1735,2023-10-02,1.95309,3113.5119168324295
1736,2023-10-03,2.1148,3371.30137459985
1737,2023-10-04,1.88659,3007.501163375417
1738,2023-10-05,1.98669,3167.07524489492
1739,2023-10-06,1.85229,2952.821932644958
1740,2023-10-07,1.83759,2929.3879766176183
1741,2023-10-08,1.98179,3159.26392621914
1742,2023-10-09,2.25971,3602.3091683360262
1743,2023-10-10,2.0826,3319.9698518732966
1744,2023-10-11,1.76758,2817.7817683540775
1745,2023-10-12,1.80539,2878.056453891065
1746,2023-10-13,1.73118,2759.754829619713
1747,2023-10-14,1.84669,2943.894711301209
1748,2023-10-15,2.0938,3337.8242945607935
1749,2023-10-16,2.0308,3237.3930544436244
1750,2023-10-17,2.1162,3373.5331799357878
1751,2023-10-18,2.0203,3220.654514424096
1752,2023-10-19,1.89709,3024.239703394945
1753,2023-10-20,1.97129,3142.5253861996116
1754,2023-10-21,2.196,3500.7460840842027
1755,2023-10-22,2.46902,3935.9800075253083
1756,2023-10-23,2.161,3444.950950685775
1757,2023-10-24,2.056,3277.565550490492
1758,2023-10-25,1.81449,2892.5631885746557
1759,2023-10-26,1.74098,2775.3774669712725
1760,2023-10-27,1.78928,2852.374751061103
1761,2023-10-28,1.83129,2919.3448526059015
1762,2023-10-29,2.1498,3427.096507998278
1763,2023-10-30,2.0434,3257.479302467058
1764,2023-10-31,2.29121,3652.524788394611
1765,2023-11-01,2.71403,4326.561882780988
1766,2023-11-02,2.27021,3619.0477083555543
1767,2023-11-03,2.049,3266.4065238108064
1768,2023-11-04,2.22261,3543.1663269336927
1769,2023-11-05,2.57402,4103.365407720591
1770,2023-11-06,2.64753,4220.551129323975
1771,2023-11-07,3.37836,5385.6013390831995
1772,2023-11-08,3.27756,5224.9113548957275
1773,2023-11-09,2.84354,4533.019817821854
1774,2023-11-10,3.23836,5162.420805489489
1775,2023-11-11,3.70738,5910.10747596179
1776,2023-11-12,4.39201,7001.5081096350905
1777,2023-11-13,4.85194,7734.703986890485
1778,2023-11-14,4.37731,6978.07415360775
1779,2023-11-15,3.88939,6200.258111100299
1780,2023-11-16,3.64648,5813.023943848526
1781,2023-11-17,4.28421,6829.659098767933
1782,2023-11-18,5.12075,8163.226552857095
1783,2023-11-19,5.08925,8113.010932798509
1784,2023-11-20,4.0546,6463.627082207562
1785,2023-11-21,3.56247,5679.099682225614
1786,2023-11-22,3.52887,5625.536354163123
1787,2023-11-23,3.21246,5121.132406774653
1788,2023-11-24,3.70388,5904.527962621947
1789,2023-11-25,3.87259,6173.476447069053
1790,2023-11-26,3.95939,6311.848377897154
1791,2023-11-27,3.50577,5588.7115661201615
1792,2023-11-28,3.60938,5753.881102446192
1793,2023-11-29,3.80539,6066.349790944073
1794,2023-11-30,3.77878,6023.929548094582
1795,2023-12-01,3.98319,6349.789068608085
1796,2023-12-02,4.0917,6522.769923609896
1797,2023-12-03,4.32971,6902.192772185889
1798,2023-12-04,3.87259,6173.476447069053
1799,2023-12-05,3.71858,5927.961918649287
1800,2023-12-06,3.40147,5422.442068592847
1801,2023-12-07,3.01435,4805.316010272867
1802,2023-12-08,2.79803,4460.470202937213
1803,2023-12-09,2.91354,4644.61008461871
1804,2023-12-10,3.63948,5801.86491716884
1805,2023-12-11,3.23556,5157.957194817614
1806,2023-12-12,3.04305,4851.068019659578
1807,2023-12-13,2.79943,4462.702008273151
1808,2023-12-14,2.80784,4476.108781755459
1809,2023-12-15,2.80224,4467.18156041171
1810,2023-12-16,3.43857,5481.58490999518
1811,2023-12-17,4.65733,7424.4671037285425
1812,2023-12-18,4.46762,7122.041539242379
1813,2023-12-19,3.95519,6305.152961889343
1814,2023-12-20,4.1505,6616.505747719254
1815,2023-12-21,3.98459,6352.020873944021
1816,2023-12-22,3.96709,6324.123307244808
1817,2023-12-23,3.97829,6341.9777499323045
1818,2023-12-24,3.90339,6222.57616445967
1819,2023-12-25,3.87119,6171.244641733117
1820,2023-12-26,3.00595,4791.925178257244
1821,2023-12-27,2.39551,3818.7942859219247
1822,2023-12-28,2.21841,3536.4709109258815
1823,2023-12-29,2.1344,3402.5466493029694
1824,2023-12-30,2.34301,3735.101585824284
1825,2023-12-31,2.36541,3770.8104711992773
1826,2024-01-01,2.0238,3226.2340277639387
1827,2024-01-02,1.76058,2806.6227416743923
1828,2024-01-03,1.88869,3010.8488713793226
1829,2024-01-04,1.81799,2898.1427019144985
1830,2024-01-05,1.69338,2699.4960855494114
1831,2024-01-06,1.79348,2859.070167068914
1832,2024-01-07,1.89849,3026.4715087308823
1833,2024-01-08,1.59327,2539.906062563223
1834,2024-01-09,1.57367,2508.660787860103
1835,2024-01-10,1.57857,2516.472106535883
1836,2024-01-11,1.41127,2249.771368891399
1837,2024-01-12,1.57227,2506.4289825241663
1838,2024-01-13,1.57437,2509.776690528072
1839,2024-01-14,3.16135,5039.655570546263
1840,2024-01-15,1.88239,3000.8057473676054
1841,2024-01-16,1.59047,2535.442451891349
1842,2024-01-17,1.48197,2362.477538356223
1843,2024-01-18,1.48757,2371.4047596999712
1844,2024-01-19,1.37206,2187.264878018475
1845,2024-01-20,1.44767,2307.7983076257638
1846,2024-01-21,1.54147,2457.3292651335496
1847,2024-01-22,1.52187,2426.0839904304303
1848,2024-01-23,1.60868,2564.4718627252164
1849,2024-01-24,1.53237,2442.822530449959
1850,2024-01-25,1.40217,2235.264634207808
1851,2024-01-26,1.34406,2142.6287712997328
1852,2024-01-27,1.43717,2291.0597676062357
1853,2024-01-28,1.48967,2374.752467703877
1854,2024-01-29,1.23416,1967.43205242867
1855,2024-01-30,1.19005,1897.114242879966
1856,2024-01-31,1.06825,1702.9471786534375
1857,2024-02-01,1.10045,1754.278701379991
1858,2024-02-02,1.04305,1662.77468260657
1859,2024-02-03,1.08155,1724.1493293448402
1860,2024-02-04,1.28946,2055.5883631981856
1861,2024-02-05,1.22016,1945.1139990692989
1862,2024-02-06,1.00245,1598.0523278643939
1863,2024-02-07,1.06895,1704.0630813214063
1864,2024-02-08,1.05075,1675.049611954224
1865,2024-02-09,1.11865,1783.2921707471735
1866,2024-02-10,1.26706,2019.879477823192
1867,2024-02-11,1.30206,2075.6746112216197
1868,2024-02-12,1.44837,2308.914210293732
1869,2024-02-13,1.23136,1962.9684417567958
1870,2024-02-14,1.08505,1729.728842684683
1871,2024-02-15,1.15785,1845.7827201534126
1872,2024-02-16,1.07525,1714.1062053331234
1873,2024-02-17,1.20616,1922.7959457099278
1874,2024-02-18,1.35246,2156.019603315355
1875,2024-02-19,1.27756,2036.6180178427203
1876,2024-02-20,1.06195,1692.9040546417207
1877,2024-02-21,1.03885,1656.0792665987585
1878,2024-02-22,1.20686,1923.9118483778966
1879,2024-02-23,1.23626,1970.7797604325756
1880,2024-02-24,1.30136,2074.5587085536513
1881,2024-02-25,1.24046,1977.4751764403868
1882,2024-02-26,1.11935,1784.408073415142
1883,2024-02-27,1.09765,1749.815090708117
1884,2024-02-28,1.15925,1848.0145254893494
1885,2024-02-29,1.18655,1891.5347295401232
1886,2024-03-01,1.18375,1887.071118868249
1887,2024-03-02,1.27826,2037.7339205106887
1888,2024-03-03,1.15225,1836.8554988096641
1889,2024-03-04,0.95764,1526.6186156477213
1890,2024-03-05,0.90934,1449.6213315578912
1891,2024-03-06,0.92264,1470.8234822492934
1892,2024-03-07,0.95344,1519.9231996399099
1893,2024-03-08,0.92124,1468.5916769133564
1894,2024-03-09,1.02415,1632.6453105714188
1895,2024-03-10,1.22506,1952.925317745079
1896,2024-03-11,0.92614,1476.4029955891363
1897,2024-03-12,0.92614,1476.4029955891363
1898,2024-03-13,0.84424,1345.8423834368157
1899,2024-03-14,0.90164,1437.3464022102369
1900,2024-03-15,1.05005,1673.9337092862552
1901,2024-03-16,1.14945,1832.39188813779
1902,2024-03-17,1.31396,2094.644956577085
1903,2024-03-18,1.00875,1608.0954518761107
1904,2024-03-19,0.94224,1502.068756952413
1905,2024-03-20,0.97304,1551.1684743430294
1906,2024-03-21,0.91354,1456.3167475657024
1907,2024-03-22,0.87714,1398.2898088313377
1908,2024-03-23,0.99194,1581.2978463781803
1909,2024-03-24,1.24886,1990.8660084560097
1910,2024-03-25,0.98074,1563.4434036906832
1911,2024-03-26,1.04445,1665.0064879425072
1912,2024-03-27,1.05565,1682.8609306300038
1913,2024-03-28,1.13195,1804.494321438576
1914,2024-03-29,1.12145,1787.755781419048
1915,2024-03-30,1.18725,1892.6506322080916
1916,2024-03-31,1.21666,1939.5344857294563
1917,2024-04-01,0.95344,1519.9231996399099
1918,2024-04-02,0.94014,1498.7210489485074
1919,2024-04-03,0.85964,1370.3922421321238
1920,2024-04-04,0.90514,1442.9259155500797
1921,2024-04-05,0.88974,1418.3760568547716
1922,2024-04-06,0.93524,1490.9097302727273
1923,2024-04-07,1.01855,1623.7180892276706
1924,2024-04-08,0.90934,1449.6213315578912
1925,2024-04-09,0.93174,1485.3302169328847
1926,2024-04-10,0.94714,1509.8800756281928
1927,2024-04-11,0.85264,1359.2332154524381
1928,2024-04-12,0.83794,1335.7992594250986
1929,2024-04-13,0.90514,1442.9259155500797
1930,2024-04-14,0.94224,1502.068756952413
1931,2024-04-15,0.97514,1554.516182346935
1932,2024-04-16,0.86034,1371.5081448000924
1933,2024-04-17,0.86104,1372.624047468061
1934,2024-04-18,0.84144,1341.3787727649412
1935,2024-04-19,0.84774,1351.4218967766585
1936,2024-04-20,0.89394,1425.0714728625828
1937,2024-04-21,0.88274,1407.217030175086
1938,2024-04-22,0.82954,1322.4084274094762
1939,2024-04-23,0.87994,1402.753419503212
1940,2024-04-24,0.87294,1391.5943928235263
1941,2024-04-25,0.85474,1362.580923456344
1942,2024-04-26,0.85404,1361.4650207883753
1943,2024-04-27,0.85754,1367.044534128218
1944,2024-04-28,1.03395,1648.2679479229785
1945,2024-04-29,0.82044,1307.9016927258847
1946,2024-04-30,0.75323,1200.7590951342183
1947,2024-05-01,0.85684,1365.9286314602496
1948,2024-05-02,0.75113,1197.4113871303127
1949,2024-05-03,0.72313,1152.7752804115707
1950,2024-05-04,0.77423,1234.2361751732751
1951,2024-05-05,0.86944,1386.0148794836834
1952,2024-05-06,0.91564,1459.664455569608
1953,2024-05-07,0.80014,1275.5405153547968
1954,2024-05-08,0.73153,1166.1661124271934
1955,2024-05-09,0.76163,1214.1499271498412
1956,2024-05-10,0.71263,1136.0367403920425
1957,2024-05-11,0.83724,1334.68335675713
1958,2024-05-12,1.00595,1603.6318412042365
1959,2024-05-13,0.85054,1355.8855074485325
1960,2024-05-14,0.72943,1162.8184044232878
1961,2024-05-15,0.86034,1371.5081448000924
1962,2024-05-16,0.74693,1190.7159711225015
1963,2024-05-17,0.75253,1199.64319246625
1964,2024-05-18,0.77493,1235.3520778412437
1965,2024-05-19,0.81624,1301.2062767180735
1966,2024-05-20,0.73643,1173.9774311029732
1967,2024-05-21,0.69933,1114.83458970064
1968,2024-05-22,0.69163,1102.5596603529857
1969,2024-05-23,0.70073,1117.066395036577
1970,2024-05-24,0.73853,1177.3251391068789
1971,2024-05-25,0.81274,1295.6267633782309
1972,2024-05-26,0.82744,1319.0607194055704
1973,2024-05-27,0.76093,1213.0340244818726
1974,2024-05-28,0.74973,1195.1795817943757
1975,2024-05-29,0.71123,1133.8049350561055
1976,2024-05-30,0.98914,1576.8342357063061
1977,2024-05-31,0.89464,1426.1873755305514
1978,2024-06-01,0.82464,1314.5971087336961
1979,2024-06-02,0.84774,1351.4218967766585
1980,2024-06-03,0.82884,1321.2925247415076
1981,2024-06-04,0.70493,1123.7618110443882
1982,2024-06-05,0.73293,1168.3979177631304
1983,2024-06-06,0.74763,1191.8318737904701
1984,2024-06-07,0.73083,1165.0502097592248
1985,2024-06-08,0.81064,1292.279055374325
1986,2024-06-09,0.80084,1276.6564180227654
1987,2024-06-10,0.68953,1099.21195234908
1988,2024-06-11,0.69583,1109.2550763607971
1989,2024-06-12,0.75113,1197.4113871303127
1990,2024-06-13,0.73363,1169.513820431099
1991,2024-06-14,0.62653,998.7807122319105
1992,2024-06-15,0.69163,1102.5596603529857
1993,2024-06-16,0.72033,1148.3116697396965
1994,2024-06-17,0.67903,1082.473412329552
1995,2024-06-18,0.68673,1094.7483416772059
1996,2024-06-19,0.63913,1018.8669602553443
1997,2024-06-20,0.65033,1036.7214029428412
1998,2024-06-21,0.62233,992.0852962240992
1999,2024-06-22,0.65313,1041.1850136147154
2000,2024-06-23,0.66783,1064.6189696420552
2001,2024-06-24,0.65453,1043.4168189506524
2002,2024-06-25,0.67343,1073.5461909858034
2003,2024-06-26,1.53097,2440.5907251140216
2004,2024-06-27,0.96534,1538.8935449953751
2005,2024-06-28,0.68323,1089.1688283373633
2006,2024-06-29,0.72943,1162.8184044232878
2007,2024-06-30,0.75463,1202.9909004701556
2008,2024-07-01,0.68183,1086.9370230014263
2009,2024-07-02,0.74903,1194.0636791264071
2010,2024-07-03,0.73363,1169.513820431099
2011,2024-07-04,0.66153,1054.575845630338
2012,2024-07-05,0.61183,975.3467562045709
2013,2024-07-06,0.70563,1124.8777137123568
2014,2024-07-07,0.72523,1156.1229884154764
2015,2024-07-08,0.70423,1122.6459083764198
2016,2024-07-09,0.83094,1324.6402327454132
2017,2024-07-10,0.70143,1118.1822977045456
2018,2024-07-11,0.78683,1254.322423196709
2019,2024-07-12,0.72523,1156.1229884154764
2020,2024-07-13,0.89394,1425.0714728625828
2021,2024-07-14,0.88204,1406.1011275071176
2022,2024-07-15,0.76023,1211.918121813904
2023,2024-07-16,0.79103,1261.0178392045204
2024,2024-07-17,0.72383,1153.8911830795391
2025,2024-07-18,0.69373,1105.9073683568915
2026,2024-07-19,0.68393,1090.2847310053319
2027,2024-07-20,0.67763,1080.2416069936148
2028,2024-07-21,0.76513,1219.7294404896838
2029,2024-07-22,0.71403,1138.2685457279797
2030,2024-07-23,0.68673,1094.7483416772059
2031,2024-07-24,0.68393,1090.2847310053319
2032,2024-07-25,0.63773,1016.6351549194073
2033,2024-07-26,0.64963,1035.6055002748728
2034,2024-07-27,0.71193,1134.9208377240739
2035,2024-07-28,0.73993,1179.5569444428158
2036,2024-07-29,0.65873,1050.112234958464
2037,2024-07-30,0.61463,979.8103668764451
2038,2024-07-31,0.64613,1030.02598693503
2039,2024-08-01,0.65943,1051.2281376264323
2040,2024-08-02,0.67623,1078.0098016576776
2041,2024-08-03,0.71823,1144.963961735791
2042,2024-08-04,0.75813,1208.5704138099984
2043,2024-08-05,0.74903,1194.0636791264071
2044,2024-08-06,0.71193,1134.9208377240739
2045,2024-08-07,0.73083,1165.0502097592248
2046,2024-08-08,0.75183,1198.5272897982813
2047,2024-08-09,0.71123,1133.8049350561055
2048,2024-08-10,0.79733,1271.0609632162373
2049,2024-08-11,0.88624,1412.7965435149288
2050,2024-08-12,0.79803,1272.1768658842059
2051,2024-08-13,0.82044,1307.9016927258847
2052,2024-08-14,0.80294,1280.004126026671
2053,2024-08-15,0.88484,1410.5647381789915
2054,2024-08-16,0.83864,1336.9151620930672
2055,2024-08-17,0.78753,1255.4383258646776
2056,2024-08-18,0.93314,1487.5620222688217
2057,2024-08-19,0.80154,1277.772320690734
2058,2024-08-20,0.79453,1266.597352544363
2059,2024-08-21,0.86174,1373.7399501360294
2060,2024-08-22,0.85264,1359.2332154524381
2061,2024-08-23,0.78893,1257.6701312006146
2062,2024-08-24,0.94364,1504.3005622883502
2063,2024-08-25,0.91494,1458.5485529016394
2064,2024-08-26,0.88274,1407.217030175086
2065,2024-08-27,0.86664,1381.5512688118092
2066,2024-08-28,0.87644,1397.173906163369
2067,2024-08-29,0.89674,1429.535083534457
2068,2024-08-30,0.81204,1294.5108607102622
2069,2024-08-31,0.93734,1494.2574382766331
2070,2024-09-01,0.92194,1469.707579581325
2071,2024-09-02,0.87714,1398.2898088313377
2072,2024-09-03,0.88344,1408.3329328430546
2073,2024-09-04,0.86034,1371.5081448000924
2074,2024-09-05,0.89884,1432.8827915383627
2075,2024-09-06,0.87504,1394.942100827432
2076,2024-09-07,0.99194,1581.2978463781803
2077,2024-09-08,1.16205,1852.4781361612238
2078,2024-09-09,1.05005,1673.9337092862552
2079,2024-09-10,0.96254,1534.429934323501
2080,2024-09-11,1.32026,2104.6880805888018
2081,2024-09-12,1.47077,2344.623095668726
2082,2024-09-13,0.98354,1567.9070143625574
2083,2024-09-14,0.94154,1500.9528542844446
2084,2024-09-15,1.01645,1620.370381223765
2085,2024-09-16,0.97654,1556.747987682872
2086,2024-09-17,0.98074,1563.4434036906832
2087,2024-09-18,1.11935,1784.408073415142
2088,2024-09-19,1.10535,1762.0900200557712
2089,2024-09-20,1.09835,1750.9309933760853
2090,2024-09-21,1.28876,2054.4724605302167
2091,2024-09-22,1.28526,2048.8929471903743
2092,2024-09-23,1.19915,1911.620977563557
2093,2024-09-24,1.12985,1801.1466134346704
2094,2024-09-25,1.15785,1845.7827201534126
2095,2024-09-26,1.23416,1967.43205242867
2096,2024-09-27,1.20056,1913.8687243661795
2097,2024-09-28,1.25866,2006.4886458075691
2098,2024-09-29,1.40217,2235.264634207808
2099,2024-09-30,1.22366,1950.6935124091417
