,date,안데르센안데르센,안데르센안데르센_absolute
0,2019-01-01,3.78947,444.3549250551987
1,2019-01-02,3.7799,443.23274263053816
2,2019-01-03,3.76076,440.98837778121714
3,2019-01-04,3.63636,426.40117886504504
4,2019-01-05,3.25358,381.51622708745373
5,2019-01-06,3.19617,374.78430514390516
6,2019-01-07,3.77033,442.1105602058777
7,2019-01-08,3.13875,368.0512105959421
8,2019-01-09,3.21531,377.0286699932262
9,2019-01-10,3.57894,419.668084317082
10,2019-01-11,3.17703,372.53994029458414
11,2019-01-12,2.90909,341.1211776129189
12,2019-01-13,3.33014,390.4936864847378
13,2019-01-14,2.90909,341.1211776129189
14,2019-01-15,3.1866,373.6621227192446
15,2019-01-16,3.02392,354.58619410443055
16,2019-01-17,2.32535,272.67156752187145
17,2019-01-18,2.3732,278.282479645174
18,2019-01-19,2.28708,268.1840104276439
19,2019-01-20,2.5933,304.0915028079512
20,2019-01-21,2.52631,296.2362258353276
21,2019-01-22,2.36363,277.1602972205135
22,2019-01-23,2.20095,258.08436860569935
23,2019-01-24,1.98086,232.27651804733665
24,2019-01-25,1.89473,222.1768762253921
25,2019-01-26,2.09569,245.74153453884824
26,2019-01-27,2.4976,292.86967856134606
27,2019-01-28,2.40191,281.6490269191555
28,2019-01-29,2.00956,235.6418927169037
29,2019-01-30,1.58851,186.26938384508486
30,2019-01-31,1.94258,227.78778834869462
31,2019-02-01,1.68421,197.4912080916899
32,2019-02-02,1.71291,200.85658276125693
33,2019-02-03,2.39234,280.526844494495
34,2019-02-04,3.58851,420.79026674174247
35,2019-02-05,2.69856,316.4343368748023
36,2019-02-06,2.4976,292.86967856134606
37,2019-02-07,3.35885,393.8602337587193
38,2019-02-08,3.11961,365.80684574662115
39,2019-02-09,2.94736,345.6087347071465
40,2019-02-10,2.66985,313.06778960082073
41,2019-02-11,2.46889,289.50313128736457
42,2019-02-12,1.91387,224.4212410747131
43,2019-02-13,2.51674,295.1140434106671
44,2019-02-14,1.88516,221.05469380073157
45,2019-02-15,1.58851,186.26938384508486
46,2019-02-16,1.79904,210.9562245832015
47,2019-02-17,2.21052,259.20655103035983
48,2019-02-18,2.0287,237.8862575662247
49,2019-02-19,2.06698,242.37498726486675
50,2019-02-20,1.6555,194.1246608177084
51,2019-02-21,1.63636,191.88029596838737
52,2019-02-22,1.4354,168.3156376549312
53,2019-02-23,1.77033,207.58967730921998
54,2019-02-24,1.52153,178.41527947687578
55,2019-02-25,1.34928,158.21716843740114
56,2019-02-26,1.52153,178.41527947687578
57,2019-02-27,1.60765,188.51374869440585
58,2019-02-28,1.44497,169.43782007959172
59,2019-03-01,1.33014,155.97280358808013
60,2019-03-02,1.44497,169.43782007959172
61,2019-03-03,1.39712,163.82690795628918
62,2019-03-04,1.21531,142.5077870965685
63,2019-03-05,0.91866,107.72247714092177
64,2019-03-06,1.28229,150.36189146477759
65,2019-03-07,1.56937,184.02501899576382
66,2019-03-08,0.99521,116.69876393379134
67,2019-03-09,1.5311,179.53746190153626
68,2019-03-10,1.50239,176.17091462755474
69,2019-03-11,1.33014,155.97280358808013
70,2019-03-12,0.89952,105.47811229160075
71,2019-03-13,1.00478,117.82094635845185
72,2019-03-14,1.00478,117.82094635845185
73,2019-03-15,1.12918,132.40814527462396
74,2019-03-16,0.98564,115.57658150913083
75,2019-03-17,1.33971,157.0949860127406
76,2019-03-18,1.08133,126.79723315132141
77,2019-03-19,1.08133,126.79723315132141
78,2019-03-20,1.12918,132.40814527462396
79,2019-03-21,1.74162,204.22313003523846
80,2019-03-22,1.02392,120.06531120777285
81,2019-03-23,1.0909,127.91941557598193
82,2019-03-24,1.34928,158.21716843740114
83,2019-03-25,1.23444,144.75097934147504
84,2019-03-26,0.78468,92.01192319567467
85,2019-03-27,0.88995,104.35592986694024
86,2019-03-28,0.89952,105.47811229160075
87,2019-03-29,0.88038,103.23374744227975
88,2019-03-30,0.86124,100.98938259295872
89,2019-03-31,1.14832,134.65251012394498
90,2019-04-01,1.49282,175.04873220289426
91,2019-04-02,1.00478,117.82094635845185
92,2019-04-03,1.04306,122.30967605709388
93,2019-04-04,0.79425,93.13410562033518
94,2019-04-05,0.79425,93.13410562033518
95,2019-04-06,0.78468,92.01192319567467
96,2019-04-07,0.88995,104.35592986694024
97,2019-04-08,0.93779,109.96566938582829
98,2019-04-09,1.02392,120.06531120777285
99,2019-04-10,0.87081,102.11156501761923
100,2019-04-11,0.91866,107.72247714092177
101,2019-04-12,0.82296,96.5006528943167
102,2019-04-13,0.70813,83.0356364028051
103,2019-04-14,0.83253,97.62283531897721
104,2019-04-15,1.15789,135.7746925486055
105,2019-04-16,0.91866,107.72247714092177
106,2019-04-17,0.68899,80.79127155348408
107,2019-04-18,0.48803,57.22661324002792
108,2019-04-19,0.44019,51.616873721139875
109,2019-04-20,0.57416,67.32625506197249
110,2019-04-21,0.68899,80.79127155348408
111,2019-04-22,0.54545,63.959707787990965
112,2019-04-23,0.45933,53.861238570460884
113,2019-04-24,0.46889,54.98224839070691
114,2019-04-25,0.52631,61.71534293866994
115,2019-04-26,0.52631,61.71534293866994
116,2019-04-27,0.56459,66.20407263731198
117,2019-04-28,0.50717,59.47097808934893
118,2019-04-29,0.65071,76.30254185484206
119,2019-04-30,0.53588,62.83752536333046
120,2019-05-01,0.60287,70.692802335954
121,2019-05-02,0.30622,35.907492380307254
122,2019-05-03,0.45933,53.861238570460884
123,2019-05-04,0.46889,54.98224839070691
124,2019-05-05,0.29665,34.78530995564675
125,2019-05-06,0.27751,32.54094510632573
126,2019-05-07,0.30622,35.907492380307254
127,2019-05-08,0.27751,32.54094510632573
128,2019-05-09,0.33492,39.27286704987429
129,2019-05-10,0.38277,44.883779173176826
130,2019-05-11,0.55502,65.08189021265146
131,2019-05-12,0.42105,49.37250887181885
132,2019-05-13,0.5933,69.5706199112935
133,2019-05-14,0.45933,53.861238570460884
134,2019-05-15,0.30622,35.907492380307254
135,2019-05-16,0.40191,47.12814402249784
136,2019-05-17,0.45933,53.861238570460884
137,2019-05-18,0.45933,53.861238570460884
138,2019-05-19,0.54545,63.959707787990965
139,2019-05-20,0.44976,52.739056145800376
140,2019-05-21,0.57416,67.32625506197249
141,2019-05-22,0.17224,20.196938435060158
142,2019-05-23,0.46889,54.98224839070691
143,2019-05-24,0.36363,42.63941432385582
144,2019-05-25,0.32535,38.150684625213785
145,2019-05-26,0.47846,56.104430815367415
146,2019-05-27,0.34449,40.3950494745348
147,2019-05-28,0.65071,76.30254185484206
148,2019-05-29,0.43062,50.49469129647936
149,2019-05-30,0.50717,59.47097808934893
150,2019-05-31,0.26794,31.41876268166523
151,2019-06-01,0.39234,46.005961597837334
152,2019-06-02,0.46889,54.98224839070691
153,2019-06-03,0.27751,32.54094510632573
154,2019-06-04,0.38277,44.883779173176826
155,2019-06-05,0.40191,47.12814402249784
156,2019-06-06,0.32535,38.150684625213785
157,2019-06-07,0.31578,37.02850220055328
158,2019-06-08,0.16267,19.074756010399653
159,2019-06-09,0.33492,39.27286704987429
160,2019-06-10,0.44976,52.739056145800376
161,2019-06-11,0.39234,46.005961597837334
162,2019-06-12,0.3732,43.76159674851632
163,2019-06-13,0.38277,44.883779173176826
164,2019-06-14,0.33492,39.27286704987429
165,2019-06-15,0.40191,47.12814402249784
166,2019-06-16,0.46889,54.98224839070691
167,2019-06-17,0.50717,59.47097808934893
168,2019-06-18,0.38277,44.883779173176826
169,2019-06-19,0.4976,58.348795664688424
170,2019-06-20,0.46889,54.98224839070691
171,2019-06-21,0.44019,51.616873721139875
172,2019-06-22,0.46889,54.98224839070691
173,2019-06-23,0.5933,69.5706199112935
174,2019-06-24,0.47846,56.104430815367415
175,2019-06-25,0.43062,50.49469129647936
176,2019-06-26,0.41148,48.25032644715835
177,2019-06-27,0.26794,31.41876268166523
178,2019-06-28,0.26794,31.41876268166523
179,2019-06-29,0.4976,58.348795664688424
180,2019-06-30,0.32535,38.150684625213785
181,2019-07-01,0.45933,53.861238570460884
182,2019-07-02,0.40191,47.12814402249784
183,2019-07-03,0.35406,41.5172318991953
184,2019-07-04,0.3732,43.76159674851632
185,2019-07-05,0.34449,40.3950494745348
186,2019-07-06,0.32535,38.150684625213785
187,2019-07-07,0.43062,50.49469129647936
188,2019-07-08,0.50717,59.47097808934893
189,2019-07-09,0.58373,68.44843748663298
190,2019-07-10,0.5933,69.5706199112935
191,2019-07-11,0.47846,56.104430815367415
192,2019-07-12,0.44019,51.616873721139875
193,2019-07-13,0.60287,70.692802335954
194,2019-07-14,0.50717,59.47097808934893
195,2019-07-15,0.5933,69.5706199112935
196,2019-07-16,0.75598,88.64654852610764
197,2019-07-17,0.80382,94.25628804499569
198,2019-07-18,0.91866,107.72247714092177
199,2019-07-19,0.7177,84.1578188274656
200,2019-07-20,0.5933,69.5706199112935
201,2019-07-21,0.66985,78.54690670416306
202,2019-07-22,0.35406,41.5172318991953
203,2019-07-23,0.57416,67.32625506197249
204,2019-07-24,0.45933,53.861238570460884
205,2019-07-25,0.65071,76.30254185484206
206,2019-07-26,0.42105,49.37250887181885
207,2019-07-27,0.58373,68.44843748663298
208,2019-07-28,0.73684,86.40218367678662
209,2019-07-29,0.76555,89.76873095076813
210,2019-07-30,0.56459,66.20407263731198
211,2019-07-31,0.39234,46.005961597837334
212,2019-08-01,0.40191,47.12814402249784
213,2019-08-02,0.50717,59.47097808934893
214,2019-08-03,0.47846,56.104430815367415
215,2019-08-04,0.52631,61.71534293866994
216,2019-08-05,0.78468,92.01192319567467
217,2019-08-06,0.61244,71.81498476061451
218,2019-08-07,0.69856,81.91345397814459
219,2019-08-08,0.61244,71.81498476061451
220,2019-08-09,0.57416,67.32625506197249
221,2019-08-10,0.69856,81.91345397814459
222,2019-08-11,0.68899,80.79127155348408
223,2019-08-12,0.76555,89.76873095076813
224,2019-08-13,0.92822,108.8434869611678
225,2019-08-14,0.75598,88.64654852610764
226,2019-08-15,0.86124,100.98938259295872
227,2019-08-16,0.68899,80.79127155348408
228,2019-08-17,0.73684,86.40218367678662
229,2019-08-18,0.72727,85.28000125212611
230,2019-08-19,0.89952,105.47811229160075
231,2019-08-20,0.88038,103.23374744227975
232,2019-08-21,0.81339,95.37847046965618
233,2019-08-22,1.07177,125.67622333107538
234,2019-08-23,0.83253,97.62283531897721
235,2019-08-24,0.80382,94.25628804499569
236,2019-08-25,1.47368,172.80436735357324
237,2019-08-26,1.10047,129.04159800064244
238,2019-08-27,1.9043,223.29905865005261
239,2019-08-28,1.19617,140.2634222472475
240,2019-08-29,1.32057,154.85062116341962
241,2019-08-30,1.21531,142.5077870965685
242,2019-08-31,0.85167,99.86720016829823
243,2019-09-01,1.17703,138.0190573979265
244,2019-09-02,1.11961,131.28596284996345
245,2019-09-03,1.60765,188.51374869440585
246,2019-09-04,1.82775,214.32277185718303
247,2019-09-05,1.14832,134.65251012394498
248,2019-09-06,1.20574,141.385604671908
249,2019-09-07,1.27272,149.23970904011708
250,2019-09-08,1.30143,152.6062563140986
251,2019-09-09,1.6555,194.1246608177084
252,2019-09-10,1.40669,164.94909038094968
253,2019-09-11,1.07177,125.67622333107538
254,2019-09-12,1.33971,157.0949860127406
255,2019-09-13,1.21531,142.5077870965685
256,2019-09-14,1.61722,189.63593111906636
257,2019-09-15,1.64593,193.00247839304785
258,2019-09-16,1.81818,213.20058943252252
259,2019-09-17,1.86602,218.81032895141058
260,2019-09-18,2.1244,249.1080818128298
261,2019-09-19,2.08612,244.61935211418776
262,2019-09-20,1.5598,182.90283657110334
263,2019-09-21,2.51674,295.1140434106671
264,2019-09-22,2.52631,296.2362258353276
265,2019-09-23,2.79425,327.65498851699283
266,2019-09-24,2.7177,318.67870172412324
267,2019-09-25,2.66985,313.06778960082073
268,2019-09-26,3.32057,389.37150406007726
269,2019-09-27,2.89952,339.9989951882584
270,2019-09-28,2.28708,268.1840104276439
271,2019-09-29,2.74641,322.0452489981048
272,2019-09-30,2.8421,333.26590064029534
273,2019-10-01,3.47368,407.3252502502309
274,2019-10-02,3.64593,427.5233612897055
275,2019-10-03,3.08133,361.31811604797906
276,2019-10-04,3.37799,396.1045986080403
277,2019-10-05,2.65071,310.8234247514997
278,2019-10-06,3.72248,436.4996480825751
279,2019-10-07,3.80861,446.59928990451965
280,2019-10-08,2.66985,313.06778960082073
281,2019-10-09,3.14832,369.17339302060265
282,2019-10-10,3.56937,418.5459018924215
283,2019-10-11,2.8421,333.26590064029534
284,2019-10-12,2.4976,292.86967856134606
285,2019-10-13,4.50717,528.5127438826643
286,2019-10-14,2.91866,342.24336003757946
287,2019-10-15,4.4976,527.3905614580038
288,2019-10-16,3.62679,425.27899644038456
289,2019-10-17,3.92344,460.06430639603127
290,2019-10-18,2.99521,351.21964683044905
291,2019-10-19,2.7177,318.67870172412324
292,2019-10-20,3.62679,425.27899644038456
293,2019-10-21,2.67942,314.1899720254812
294,2019-10-22,2.54545,298.48059068464863
295,2019-10-23,3.05263,357.95274137841204
296,2019-10-24,3.29186,386.0049567860957
297,2019-10-25,3.15789,370.2955754452631
298,2019-10-26,3.13875,368.0512105959421
299,2019-10-27,3.56937,418.5459018924215
300,2019-10-28,3.83732,449.9658371785012
301,2019-10-29,4.94736,580.1296176038041
302,2019-10-30,6.06698,711.416753058182
303,2019-10-31,5.57894,654.1889672137397
304,2019-11-01,5.64593,662.0442441863632
305,2019-11-02,5.19617,609.3051880405629
306,2019-11-03,5.98086,701.3182838406519
307,2019-11-04,5.27272,618.2814748334324
308,2019-11-05,6.28708,737.2257762209592
309,2019-11-06,5.49282,644.0904979962096
310,2019-11-07,6.0287,706.92802335954
311,2019-11-08,6.04784,709.1723882088611
312,2019-11-09,5.56937,653.0667847890792
313,2019-11-10,6.7177,787.7204675174386
314,2019-11-11,5.80861,681.1201728011773
315,2019-11-12,5.80861,681.1201728011773
316,2019-11-13,6.67942,783.2317378187967
317,2019-11-14,6.44976,756.3017048357734
318,2019-11-15,5.36842,629.5032990800376
319,2019-11-16,4.74641,556.5661318947624
320,2019-11-17,5.70334,668.7761661299118
321,2019-11-18,6.91866,811.2851258308948
322,2019-11-19,7.84688,920.1286127920625
323,2019-11-20,8.70813,1021.1191679894358
324,2019-11-21,7.20574,844.9482533618809
325,2019-11-22,5.54066,649.7002375150977
326,2019-11-23,5.57894,654.1889672137397
327,2019-11-24,6.40191,750.6907927124709
328,2019-11-25,5.94258,696.82955414201
329,2019-11-26,5.97129,700.1961014159915
330,2019-11-27,5.47368,641.8461331468885
331,2019-11-28,5.83732,684.4867200751589
332,2019-11-29,6.4976,761.9114443546615
333,2019-11-30,7.11961,834.8486115399364
334,2019-12-01,8.09569,949.3041832288212
335,2019-12-02,8.93779,1048.049200972459
336,2019-12-03,9.21531,1080.5913186831992
337,2019-12-04,10.20095,1196.16790019233
338,2019-12-05,8.21052,962.769199720333
339,2019-12-06,7.80861,915.641055697835
340,2019-12-07,8.13397,953.7929129274632
341,2019-12-08,8.32535,976.2342162118445
342,2019-12-09,7.84688,920.1286127920625
343,2019-12-10,7.11961,834.8486115399364
344,2019-12-11,8.28708,971.7466591176169
345,2019-12-12,6.66028,780.9873729694756
346,2019-12-13,7.33014,859.5354522780532
347,2019-12-14,6.61244,775.3776334505875
348,2019-12-15,7.14832,838.2151588139179
349,2019-12-16,7.35885,862.9019995520347
350,2019-12-17,7.40669,868.5117390709228
351,2019-12-18,6.74641,791.0870147914201
352,2019-12-19,8.30622,973.9910239669379
353,2019-12-20,6.63157,777.6208256954941
354,2019-12-21,5.69377,667.6539837052512
355,2019-12-22,7.7799,912.2745084238535
356,2019-12-23,5.39712,632.8686737496046
357,2019-12-24,4.18181,490.36088665303595
358,2019-12-25,4.90909,575.6420605095766
359,2019-12-26,5.13875,602.5720934925998
360,2019-12-27,4.26794,500.4605284749806
361,2019-12-28,4.61244,540.8567505539298
362,2019-12-29,5.11004,599.2055462186182
363,2019-12-30,5.03349,590.2292594257486
364,2019-12-31,3.9043,457.81994154671025
365,2020-01-01,4.61244,540.8567505539298
366,2020-01-02,4.3732,512.8033625418316
367,2020-01-03,3.4354,402.8365205515889
368,2020-01-04,4.23923,497.09398120099905
369,2020-01-05,4.3732,512.8033625418316
370,2020-01-06,3.91387,458.9421239713708
371,2020-01-07,3.97129,465.67521851933384
372,2020-01-08,3.7799,443.23274263053816
373,2020-01-09,3.51196,411.81397994887294
374,2020-01-10,2.97607,348.975281981128
375,2020-01-11,3.66507,429.7677261390266
376,2020-01-12,4.32535,507.1924504185292
377,2020-01-13,3.50239,410.69179752421246
378,2020-01-14,3.04306,356.83055895375156
379,2020-01-15,3.25358,381.51622708745373
380,2020-01-16,3.95215,463.4308536700128
381,2020-01-17,3.21531,377.0286699932262
382,2020-01-18,3.48325,408.4474326748914
383,2020-01-19,3.4354,402.8365205515889
384,2020-01-20,3.66507,429.7677261390266
385,2020-01-21,3.42583,401.71433812692834
386,2020-01-22,3.26315,382.6384095121142
387,2020-01-23,3.34928,392.73805133405875
388,2020-01-24,2.9665,347.8530995564675
389,2020-01-25,3.32057,389.37150406007726
390,2020-01-26,3.11004,364.6846633219606
391,2020-01-27,3.80861,446.59928990451965
392,2020-01-28,3.54066,415.17935461843996
393,2020-01-29,3.63636,426.40117886504504
394,2020-01-30,3.36842,394.9824161833798
395,2020-01-31,3.26315,382.6384095121142
396,2020-02-01,2.94736,345.6087347071465
397,2020-02-02,3.01435,353.46401167977
398,2020-02-03,3.311,388.2493216354168
399,2020-02-04,3.05263,357.95274137841204
400,2020-02-05,4.54545,533.0014735813063
401,2020-02-06,4.50717,528.5127438826643
402,2020-02-07,3.46411,406.2030678255704
403,2020-02-08,3.40669,399.4699732776074
404,2020-02-09,3.92344,460.06430639603127
405,2020-02-10,3.68421,432.0120909883476
406,2020-02-11,2.60287,305.2136852326116
407,2020-02-12,2.73684,320.92306657344426
408,2020-02-13,3.72248,436.4996480825751
409,2020-02-14,3.59808,421.912449166403
410,2020-02-15,3.28229,384.8827743614353
411,2020-02-16,3.0909,362.4402984726396
412,2020-02-17,3.44497,403.9587029762494
413,2020-02-18,2.83253,332.1437182156349
414,2020-02-19,2.35406,276.038114795853
415,2020-02-20,2.61244,306.33586765727216
416,2020-02-21,1.99043,233.39870047199716
417,2020-02-22,1.91387,224.4212410747131
418,2020-02-23,2.98564,350.0974644057885
419,2020-02-24,3.04306,356.83055895375156
420,2020-02-25,2.32535,272.67156752187145
421,2020-02-26,2.22009,260.32873345502037
422,2020-02-27,2.5933,304.0915028079512
423,2020-02-28,2.23923,262.5730983043414
424,2020-02-29,2.34449,274.91593237119247
425,2020-03-01,3.59808,421.912449166403
426,2020-03-02,2.53588,297.35840825998815
427,2020-03-03,2.85167,334.3880830649559
428,2020-03-04,2.61244,306.33586765727216
429,2020-03-05,2.67942,314.1899720254812
430,2020-03-06,2.53588,297.35840825998815
431,2020-03-07,2.10526,246.86371696350875
432,2020-03-08,2.33492,273.79374994653193
433,2020-03-09,2.1244,249.1080818128298
434,2020-03-10,2.17224,254.71782133171783
435,2020-03-11,1.99043,233.39870047199716
436,2020-03-12,1.39712,163.82690795628918
437,2020-03-13,1.66507,195.2468432423689
438,2020-03-14,1.96172,230.03215319801564
439,2020-03-15,2.44019,286.1377566177975
440,2020-03-16,2.06698,242.37498726486675
441,2020-03-17,2.18181,255.84000375637834
442,2020-03-18,1.83732,215.44495428184354
443,2020-03-19,1.80861,212.078407007862
444,2020-03-20,1.37799,161.58371571138267
445,2020-03-21,1.25358,146.99534419079606
446,2020-03-22,1.55023,181.7806541464428
447,2020-03-23,1.16746,136.89687497326597
448,2020-03-24,1.12918,132.40814527462396
449,2020-03-25,1.01435,118.94312878311236
450,2020-03-26,1.4354,168.3156376549312
451,2020-03-27,1.11004,130.16378042530292
452,2020-03-28,1.11004,130.16378042530292
453,2020-03-29,1.27272,149.23970904011708
454,2020-03-30,1.29186,151.4840738894381
455,2020-03-31,1.39712,163.82690795628918
456,2020-04-01,1.30143,152.6062563140986
457,2020-04-02,1.22488,143.62996952122901
458,2020-04-03,0.98564,115.57658150913083
459,2020-04-04,1.22488,143.62996952122901
460,2020-04-05,1.35885,159.33935086206162
461,2020-04-06,1.33971,157.0949860127406
462,2020-04-07,1.39712,163.82690795628918
463,2020-04-08,1.42583,167.1934552302707
464,2020-04-09,1.41626,166.0712728056102
465,2020-04-10,1.11961,131.28596284996345
466,2020-04-11,1.12918,132.40814527462396
467,2020-04-12,1.49282,175.04873220289426
468,2020-04-13,1.14832,134.65251012394498
469,2020-04-14,1.21531,142.5077870965685
470,2020-04-15,1.00478,117.82094635845185
471,2020-04-16,0.99521,116.69876393379134
472,2020-04-17,1.01435,118.94312878311236
473,2020-04-18,1.01435,118.94312878311236
474,2020-04-19,1.24401,145.87316176613555
475,2020-04-20,0.79425,93.13410562033518
476,2020-04-21,1.23444,144.75097934147504
477,2020-04-22,1.14832,134.65251012394498
478,2020-04-23,0.73684,86.40218367678662
479,2020-04-24,0.88995,104.35592986694024
480,2020-04-25,1.12918,132.40814527462396
481,2020-04-26,1.51196,177.29309705221527
482,2020-04-27,1.14832,134.65251012394498
483,2020-04-28,0.9665,113.33221665980982
484,2020-04-29,0.94736,111.0878518104888
485,2020-04-30,0.80382,94.25628804499569
486,2020-05-01,0.60287,70.692802335954
487,2020-05-02,0.76555,89.76873095076813
488,2020-05-03,1.19617,140.2634222472475
489,2020-05-04,1.15789,135.7746925486055
490,2020-05-05,0.95693,112.21003423514931
491,2020-05-06,0.53588,62.83752536333046
492,2020-05-07,0.55502,65.08189021265146
493,2020-05-08,0.58373,68.44843748663298
494,2020-05-09,0.7177,84.1578188274656
495,2020-05-10,0.64114,75.18035943018155
496,2020-05-11,0.60287,70.692802335954
497,2020-05-12,0.48803,57.22661324002792
498,2020-05-13,0.41148,48.25032644715835
499,2020-05-14,0.65071,76.30254185484206
500,2020-05-15,0.70813,83.0356364028051
501,2020-05-16,0.72727,85.28000125212611
502,2020-05-17,0.57416,67.32625506197249
503,2020-05-18,0.81339,95.37847046965618
504,2020-05-19,0.51674,60.59316051400944
505,2020-05-20,0.54545,63.959707787990965
506,2020-05-21,0.66985,78.54690670416306
507,2020-05-22,0.51674,60.59316051400944
508,2020-05-23,0.46889,54.98224839070691
509,2020-05-24,0.60287,70.692802335954
510,2020-05-25,0.56459,66.20407263731198
511,2020-05-26,0.90909,106.60029471626126
512,2020-05-27,0.622,72.93599458086054
513,2020-05-28,0.52631,61.71534293866994
514,2020-05-29,0.66028,77.42472427950256
515,2020-05-30,0.56459,66.20407263731198
516,2020-05-31,0.51674,60.59316051400944
517,2020-06-01,0.60287,70.692802335954
518,2020-06-02,0.56459,66.20407263731198
519,2020-06-03,0.46889,54.98224839070691
520,2020-06-04,0.41148,48.25032644715835
521,2020-06-05,0.622,72.93599458086054
522,2020-06-06,0.46889,54.98224839070691
523,2020-06-07,0.43062,50.49469129647936
524,2020-06-08,0.56459,66.20407263731198
525,2020-06-09,0.57416,67.32625506197249
526,2020-06-10,0.50717,59.47097808934893
527,2020-06-11,0.60287,70.692802335954
528,2020-06-12,0.42105,49.37250887181885
529,2020-06-13,0.48803,57.22661324002792
530,2020-06-14,0.54545,63.959707787990965
531,2020-06-15,0.40191,47.12814402249784
532,2020-06-16,0.64114,75.18035943018155
533,2020-06-17,0.64114,75.18035943018155
534,2020-06-18,0.80382,94.25628804499569
535,2020-06-19,0.68899,80.79127155348408
536,2020-06-20,0.68899,80.79127155348408
537,2020-06-21,0.58373,68.44843748663298
538,2020-06-22,0.5933,69.5706199112935
539,2020-06-23,0.54545,63.959707787990965
540,2020-06-24,0.44019,51.616873721139875
541,2020-06-25,0.36363,42.63941432385582
542,2020-06-26,0.57416,67.32625506197249
543,2020-06-27,0.622,72.93599458086054
544,2020-06-28,0.43062,50.49469129647936
545,2020-06-29,0.80382,94.25628804499569
546,2020-06-30,0.88995,104.35592986694024
547,2020-07-01,0.57416,67.32625506197249
548,2020-07-02,0.60287,70.692802335954
549,2020-07-03,0.65071,76.30254185484206
550,2020-07-04,0.67942,79.66908912882359
551,2020-07-05,0.65071,76.30254185484206
552,2020-07-06,0.60287,70.692802335954
553,2020-07-07,0.65071,76.30254185484206
554,2020-07-08,0.65071,76.30254185484206
555,2020-07-09,0.67942,79.66908912882359
556,2020-07-10,0.70813,83.0356364028051
557,2020-07-11,0.67942,79.66908912882359
558,2020-07-12,1.32057,154.85062116341962
559,2020-07-13,0.89952,105.47811229160075
560,2020-07-14,0.66985,78.54690670416306
561,2020-07-15,0.81339,95.37847046965618
562,2020-07-16,0.75598,88.64654852610764
563,2020-07-17,0.58373,68.44843748663298
564,2020-07-18,0.75598,88.64654852610764
565,2020-07-19,0.78468,92.01192319567467
566,2020-07-20,0.7177,84.1578188274656
567,2020-07-21,0.61244,71.81498476061451
568,2020-07-22,0.66028,77.42472427950256
569,2020-07-23,0.78468,92.01192319567467
570,2020-07-24,0.5933,69.5706199112935
571,2020-07-25,0.76555,89.76873095076813
572,2020-07-26,0.66028,77.42472427950256
573,2020-07-27,0.68899,80.79127155348408
574,2020-07-28,0.86124,100.98938259295872
575,2020-07-29,0.622,72.93599458086054
576,2020-07-30,0.50717,59.47097808934893
577,2020-07-31,0.75598,88.64654852610764
578,2020-08-01,0.75598,88.64654852610764
579,2020-08-02,0.81339,95.37847046965618
580,2020-08-03,0.66985,78.54690670416306
581,2020-08-04,0.81339,95.37847046965618
582,2020-08-05,0.64114,75.18035943018155
583,2020-08-06,0.42105,49.37250887181885
584,2020-08-07,0.63157,74.05817700552103
585,2020-08-08,0.57416,67.32625506197249
586,2020-08-09,0.86124,100.98938259295872
587,2020-08-10,0.93779,109.96566938582829
588,2020-08-11,1.11004,130.16378042530292
589,2020-08-12,0.79425,93.13410562033518
590,2020-08-13,0.87081,102.11156501761923
591,2020-08-14,0.73684,86.40218367678662
592,2020-08-15,0.85167,99.86720016829823
593,2020-08-16,0.89952,105.47811229160075
594,2020-08-17,1.30143,152.6062563140986
595,2020-08-18,0.83253,97.62283531897721
596,2020-08-19,1.00478,117.82094635845185
597,2020-08-20,1.27272,149.23970904011708
598,2020-08-21,1.11004,130.16378042530292
599,2020-08-22,1.16746,136.89687497326597
600,2020-08-23,1.48325,173.92654977823375
601,2020-08-24,1.38755,162.70472553162867
602,2020-08-25,1.21531,142.5077870965685
603,2020-08-26,1.49282,175.04873220289426
604,2020-08-27,1.51196,177.29309705221527
605,2020-08-28,1.17703,138.0190573979265
606,2020-08-29,1.36842,160.46153328672213
607,2020-08-30,1.6555,194.1246608177084
608,2020-08-31,1.60765,188.51374869440585
609,2020-09-01,2.13397,250.2302642374903
610,2020-09-02,1.82775,214.32277185718303
611,2020-09-03,1.91387,224.4212410747131
612,2020-09-04,2.04784,240.1306224155457
613,2020-09-05,2.23923,262.5730983043414
614,2020-09-06,3.17703,372.53994029458414
615,2020-09-07,3.45454,405.0808854009099
616,2020-09-08,3.15789,370.2955754452631
617,2020-09-09,2.78468,326.5328060923323
618,2020-09-10,2.72727,319.8008841487838
619,2020-09-11,2.622,307.45687747751816
620,2020-09-12,2.22009,260.32873345502037
621,2020-09-13,2.67942,314.1899720254812
622,2020-09-14,3.38755,397.22560842828636
623,2020-09-15,2.64114,309.70124232683924
624,2020-09-16,3.6555,428.64554371436606
625,2020-09-17,4.34449,509.4368152678502
626,2020-09-18,3.02392,354.58619410443055
627,2020-09-19,2.95693,346.73091713180696
628,2020-09-20,2.88038,337.75463033893743
629,2020-09-21,3.0622,359.0749238030725
630,2020-09-22,3.38755,397.22560842828636
631,2020-09-23,3.15789,370.2955754452631
632,2020-09-24,2.87081,336.6324479142769
633,2020-09-25,3.26315,382.6384095121142
634,2020-09-26,3.311,388.2493216354168
635,2020-09-27,5.40669,633.9908561742651
636,2020-09-28,5.4354,637.3574034482465
637,2020-09-29,5.15789,604.8164583419208
638,2020-09-30,4.70813,552.0774021961204
639,2020-10-01,3.88516,455.57557669738924
640,2020-10-02,3.93301,461.18648882069175
641,2020-10-03,3.24401,380.3940446627932
642,2020-10-04,4.58373,537.4902032799483
643,2020-10-05,4.8421,567.7867835369531
644,2020-10-06,4.85167,568.9089659616136
645,2020-10-07,5.50239,645.2126804208701
646,2020-10-08,4.60287,539.7345681292694
647,2020-10-09,4.22966,495.9717987763385
648,2020-10-10,4.52631,530.7571087319852
649,2020-10-11,4.73684,555.443949470102
650,2020-10-12,4.20095,492.60525150235696
651,2020-10-13,4.14354,485.87332955880845
652,2020-10-14,4.15311,486.99551198346893
653,2020-10-15,4.09569,480.26241743550594
654,2020-10-16,5.26315,617.159292408772
655,2020-10-17,4.40191,516.1699098158132
656,2020-10-18,5.25358,616.0371099841115
657,2020-10-19,4.90909,575.6420605095766
658,2020-10-20,5.70334,668.7761661299118
659,2020-10-21,4.85167,568.9089659616136
660,2020-10-22,5.13875,602.5720934925998
661,2020-10-23,4.90909,575.6420605095766
662,2020-10-24,5.20574,610.4273704652232
663,2020-10-25,6.69856,785.4761026681175
664,2020-10-26,6.61244,775.3776334505875
665,2020-10-27,5.49282,644.0904979962096
666,2020-10-28,4.48803,526.2683790333433
667,2020-10-29,4.74641,556.5661318947624
668,2020-10-30,4.56459,535.2458384306273
669,2020-10-31,4.43062,519.5364570897947
670,2020-11-01,4.74641,556.5661318947624
671,2020-11-02,4.83253,566.6646011122925
672,2020-11-03,6.88995,807.9185785569132
673,2020-11-04,6.75598,792.2091972160806
674,2020-11-05,5.29186,620.5258396827534
675,2020-11-06,5.03349,590.2292594257486
676,2020-11-07,4.64114,544.2221252234968
677,2020-11-08,6.58373,772.011086176606
678,2020-11-09,6.48803,760.789261930001
679,2020-11-10,6.54545,767.522356477964
680,2020-11-11,6.16267,722.6374047003727
681,2020-11-12,5.12918,601.4499110679393
682,2020-11-13,4.7177,553.1995846207809
683,2020-11-14,4.39234,515.0477273911526
684,2020-11-15,6.13397,719.2720300308056
685,2020-11-16,5.12918,601.4499110679393
686,2020-11-17,4.98564,584.6183473024462
687,2020-11-18,4.73684,555.443949470102
688,2020-11-19,4.95693,581.2518000284646
689,2020-11-20,4.8421,567.7867835369531
690,2020-11-21,5.47368,641.8461331468885
691,2020-11-22,6.32535,741.7133333151868
692,2020-11-23,8.0,938.0835315866307
693,2020-11-24,8.14354,954.9150953521238
694,2020-11-25,7.47368,876.3670160435462
695,2020-11-26,7.19617,843.8260709372206
696,2020-11-27,7.89473,925.7395249153651
697,2020-11-28,7.88516,924.6173424907046
698,2020-11-29,8.38277,982.9673107598076
699,2020-11-30,7.75119,908.907961149872
700,2020-12-01,7.67464,899.9316743570024
701,2020-12-02,7.46411,875.2448336188858
702,2020-12-03,6.89952,809.0407609815737
703,2020-12-04,5.83732,684.4867200751589
704,2020-12-05,6.52631,765.2779916286429
705,2020-12-06,8.20095,961.6470172956724
706,2020-12-07,8.05741,944.8154535301793
707,2020-12-08,7.51196,880.8557457421883
708,2020-12-09,7.311,857.2910874287321
709,2020-12-10,6.54545,767.522356477964
710,2020-12-11,7.13875,837.0929763892575
711,2020-12-12,6.32535,741.7133333151868
712,2020-12-13,8.93779,1048.049200972459
713,2020-12-14,9.27272,1087.3232406267477
714,2020-12-15,8.09569,949.3041832288212
715,2020-12-16,7.98086,935.8391667373096
716,2020-12-17,7.29186,855.046722579411
717,2020-12-18,8.7177,1022.2413504140964
718,2020-12-19,10.03827,1177.091971577516
719,2020-12-20,10.22966,1199.5344474663116
720,2020-12-21,9.15789,1073.8582241352362
721,2020-12-22,6.44019,755.1795224111129
722,2020-12-23,6.8421,802.3076664336107
723,2020-12-24,6.25837,733.8592289469777
724,2020-12-25,5.64593,662.0442441863632
725,2020-12-26,6.32535,741.7133333151868
726,2020-12-27,7.5311,883.1001105915093
727,2020-12-28,6.69856,785.4761026681175
728,2020-12-29,6.20095,727.1261343990146
729,2020-12-30,5.05263,592.4736242750697
730,2020-12-31,4.21052,493.7274339270175
731,2021-01-01,3.7799,443.23274263053816
732,2021-01-02,5.40669,633.9908561742651
733,2021-01-03,5.51196,646.3348628455307
734,2021-01-04,4.77511,559.9315065643294
735,2021-01-05,4.55502,534.1236560059668
736,2021-01-06,4.26794,500.4605284749806
737,2021-01-07,5.21531,611.5495528898838
738,2021-01-08,3.98086,466.7974009439943
739,2021-01-09,4.30622,504.9492581736226
740,2021-01-10,5.20574,610.4273704652232
741,2021-01-11,4.57416,536.3680208552878
742,2021-01-12,3.25358,381.51622708745373
743,2021-01-13,3.51196,411.81397994887294
744,2021-01-14,3.5598,417.423719467761
745,2021-01-15,3.20574,375.9064875685657
746,2021-01-16,2.88995,338.8768127635979
747,2021-01-17,3.57894,419.668084317082
748,2021-01-18,3.35885,393.8602337587193
749,2021-01-19,2.79425,327.65498851699283
750,2021-01-20,3.12918,366.92902817128163
751,2021-01-21,2.82296,331.0215357909744
752,2021-01-22,2.85167,334.3880830649559
753,2021-01-23,3.0909,362.4402984726396
754,2021-01-24,3.52153,412.9361623735334
755,2021-01-25,2.76555,324.2896138474258
756,2021-01-26,2.79425,327.65498851699283
757,2021-01-27,2.66028,311.94560717616025
758,2021-01-28,2.44019,286.1377566177975
759,2021-01-29,2.80382,328.77717094165337
760,2021-01-30,2.99521,351.21964683044905
761,2021-01-31,3.76076,440.98837778121714
762,2021-02-01,3.08133,361.31811604797906
763,2021-02-02,2.86124,335.5102654896164
764,2021-02-03,2.56459,300.72495553396965
765,2021-02-04,2.48803,291.7474961366856
766,2021-02-05,2.09569,245.74153453884824
767,2021-02-06,2.26794,265.9396455783229
768,2021-02-07,2.95693,346.73091713180696
769,2021-02-08,3.14832,369.17339302060265
770,2021-02-09,2.32535,272.67156752187145
771,2021-02-10,2.07655,243.49716968952725
772,2021-02-11,3.36842,394.9824161833798
773,2021-02-12,2.95693,346.73091713180696
774,2021-02-13,3.05263,357.95274137841204
775,2021-02-14,3.05263,357.95274137841204
776,2021-02-15,2.98564,350.0974644057885
777,2021-02-16,2.2488,263.6952807290019
778,2021-02-17,2.54545,298.48059068464863
779,2021-02-18,2.10526,246.86371696350875
780,2021-02-19,1.81818,213.20058943252252
781,2021-02-20,2.03827,239.0084399908852
782,2021-02-21,2.47846,290.6253137120251
783,2021-02-22,3.48325,408.4474326748914
784,2021-02-23,3.35885,393.8602337587193
785,2021-02-24,2.43062,285.015574193137
786,2021-02-25,2.2488,263.6952807290019
787,2021-02-26,2.01913,236.7640751415642
788,2021-02-27,2.38277,279.4046620698345
789,2021-02-28,7.70334,903.2970490265694
790,2021-03-01,10.64114,1247.78477391347
791,2021-03-02,5.80861,681.1201728011773
792,2021-03-03,4.48803,526.2683790333433
793,2021-03-04,3.40669,399.4699732776074
794,2021-03-05,3.11961,365.80684574662115
795,2021-03-06,3.5311,414.05834479819396
796,2021-03-07,5.20574,610.4273704652232
797,2021-03-08,3.89473,456.6977591220498
798,2021-03-09,3.69377,433.1331008085936
799,2021-03-10,3.75119,439.8661953565566
800,2021-03-11,3.69377,433.1331008085936
801,2021-03-12,3.35885,393.8602337587193
802,2021-03-13,3.24401,380.3940446627932
803,2021-03-14,3.5311,414.05834479819396
804,2021-03-15,3.0622,359.0749238030725
805,2021-03-16,2.76555,324.2896138474258
806,2021-03-17,2.52631,296.2362258353276
807,2021-03-18,2.56459,300.72495553396965
808,2021-03-19,2.14354,251.35244666215075
809,2021-03-20,2.54545,298.48059068464863
810,2021-03-21,3.17703,372.53994029458414
811,2021-03-22,2.81339,329.89935336631385
812,2021-03-23,2.17224,254.71782133171783
813,2021-03-24,1.93301,226.6656059240341
814,2021-03-25,1.9043,223.29905865005261
815,2021-03-26,1.89473,222.1768762253921
816,2021-03-27,2.30622,270.4283752769649
817,2021-03-28,2.21052,259.20655103035983
818,2021-03-29,1.64593,193.00247839304785
819,2021-03-30,1.89473,222.1768762253921
820,2021-03-31,1.57894,185.14720142042432
821,2021-04-01,1.7799,208.7118597338805
822,2021-04-02,1.35885,159.33935086206162
823,2021-04-03,1.44497,169.43782007959172
824,2021-04-04,1.72248,201.97876518591744
825,2021-04-05,4.41148,517.2920922404737
826,2021-04-06,3.82775,448.84365475384067
827,2021-04-07,2.32535,272.67156752187145
828,2021-04-08,1.89473,222.1768762253921
829,2021-04-09,2.06698,242.37498726486675
830,2021-04-10,2.33492,273.79374994653193
831,2021-04-11,2.14354,251.35244666215075
832,2021-04-12,1.85645,217.68814652675005
833,2021-04-13,1.55023,181.7806541464428
834,2021-04-14,1.54066,180.6584717217823
835,2021-04-15,1.81818,213.20058943252252
836,2021-04-16,1.66507,195.2468432423689
837,2021-04-17,1.73205,203.10094761057798
838,2021-04-18,2.07655,243.49716968952725
839,2021-04-19,1.73205,203.10094761057798
840,2021-04-20,1.28229,150.36189146477759
841,2021-04-21,1.56937,184.02501899576382
842,2021-04-22,1.07177,125.67622333107538
843,2021-04-23,1.07177,125.67622333107538
844,2021-04-24,1.27272,149.23970904011708
845,2021-04-25,1.29186,151.4840738894381
846,2021-04-26,1.19617,140.2634222472475
847,2021-04-27,1.28229,150.36189146477759
848,2021-04-28,0.95693,112.21003423514931
849,2021-04-29,1.11004,130.16378042530292
850,2021-04-30,0.99521,116.69876393379134
851,2021-05-01,1.24401,145.87316176613555
852,2021-05-02,1.38755,162.70472553162867
853,2021-05-03,1.12918,132.40814527462396
854,2021-05-04,0.82296,96.5006528943167
855,2021-05-05,1.11004,130.16378042530292
856,2021-05-06,1.03349,121.18749363243337
857,2021-05-07,0.97607,114.45439908447032
858,2021-05-08,1.02392,120.06531120777285
859,2021-05-09,1.07177,125.67622333107538
860,2021-05-10,1.92344,225.5434234993736
861,2021-05-11,1.5311,179.53746190153626
862,2021-05-12,1.21531,142.5077870965685
863,2021-05-13,1.02392,120.06531120777285
864,2021-05-14,0.74641,87.52436610144713
865,2021-05-15,1.05263,123.43185848175438
866,2021-05-16,1.0909,127.91941557598193
867,2021-05-17,0.8421,98.7450177436377
868,2021-05-18,0.99521,116.69876393379134
869,2021-05-19,0.85167,99.86720016829823
870,2021-05-20,0.85167,99.86720016829823
871,2021-05-21,1.26315,148.11752661545657
872,2021-05-22,0.94736,111.0878518104888
873,2021-05-23,0.88995,104.35592986694024
874,2021-05-24,0.88995,104.35592986694024
875,2021-05-25,0.81339,95.37847046965618
876,2021-05-26,0.88995,104.35592986694024
877,2021-05-27,0.76555,89.76873095076813
878,2021-05-28,0.81339,95.37847046965618
879,2021-05-29,0.81339,95.37847046965618
880,2021-05-30,0.79425,93.13410562033518
881,2021-05-31,0.69856,81.91345397814459
882,2021-06-01,0.72727,85.28000125212611
883,2021-06-02,0.73684,86.40218367678662
884,2021-06-03,0.86124,100.98938259295872
885,2021-06-04,0.91866,107.72247714092177
886,2021-06-05,0.93779,109.96566938582829
887,2021-06-06,0.91866,107.72247714092177
888,2021-06-07,1.19617,140.2634222472475
889,2021-06-08,0.81339,95.37847046965618
890,2021-06-09,0.64114,75.18035943018155
891,2021-06-10,0.7177,84.1578188274656
892,2021-06-11,0.44976,52.739056145800376
893,2021-06-12,0.3732,43.76159674851632
894,2021-06-13,0.77511,90.88974077101416
895,2021-06-14,0.622,72.93599458086054
896,2021-06-15,0.66985,78.54690670416306
897,2021-06-16,0.75598,88.64654852610764
898,2021-06-17,0.69856,81.91345397814459
899,2021-06-18,0.70813,83.0356364028051
900,2021-06-19,0.73684,86.40218367678662
901,2021-06-20,0.8421,98.7450177436377
902,2021-06-21,0.7177,84.1578188274656
903,2021-06-22,0.74641,87.52436610144713
904,2021-06-23,0.69856,81.91345397814459
905,2021-06-24,0.4976,58.348795664688424
906,2021-06-25,0.72727,85.28000125212611
907,2021-06-26,0.55502,65.08189021265146
908,2021-06-27,0.66985,78.54690670416306
909,2021-06-28,0.65071,76.30254185484206
910,2021-06-29,0.69856,81.91345397814459
911,2021-06-30,0.7177,84.1578188274656
912,2021-07-01,0.61244,71.81498476061451
913,2021-07-02,0.61244,71.81498476061451
914,2021-07-03,0.86124,100.98938259295872
915,2021-07-04,0.89952,105.47811229160075
916,2021-07-05,0.70813,83.0356364028051
917,2021-07-06,0.89952,105.47811229160075
918,2021-07-07,0.86124,100.98938259295872
919,2021-07-08,0.99521,116.69876393379134
920,2021-07-09,0.622,72.93599458086054
921,2021-07-10,0.89952,105.47811229160075
922,2021-07-11,0.98564,115.57658150913083
923,2021-07-12,0.97607,114.45439908447032
924,2021-07-13,0.8421,98.7450177436377
925,2021-07-14,0.82296,96.5006528943167
926,2021-07-15,0.75598,88.64654852610764
927,2021-07-16,0.69856,81.91345397814459
928,2021-07-17,0.69856,81.91345397814459
929,2021-07-18,1.29186,151.4840738894381
930,2021-07-19,0.92822,108.8434869611678
931,2021-07-20,0.88995,104.35592986694024
932,2021-07-21,0.70813,83.0356364028051
933,2021-07-22,0.97607,114.45439908447032
934,2021-07-23,0.78468,92.01192319567467
935,2021-07-24,0.72727,85.28000125212611
936,2021-07-25,1.04306,122.30967605709388
937,2021-07-26,1.04306,122.30967605709388
938,2021-07-27,1.00478,117.82094635845185
939,2021-07-28,0.88038,103.23374744227975
940,2021-07-29,0.89952,105.47811229160075
941,2021-07-30,1.00478,117.82094635845185
942,2021-07-31,0.78468,92.01192319567467
943,2021-08-01,1.33014,155.97280358808013
944,2021-08-02,1.33971,157.0949860127406
945,2021-08-03,1.26315,148.11752661545657
946,2021-08-04,1.5311,179.53746190153626
947,2021-08-05,1.49282,175.04873220289426
948,2021-08-06,1.39712,163.82690795628918
949,2021-08-07,1.37799,161.58371571138267
950,2021-08-08,1.7799,208.7118597338805
951,2021-08-09,1.80861,212.078407007862
952,2021-08-10,1.56937,184.02501899576382
953,2021-08-11,1.52153,178.41527947687578
954,2021-08-12,1.49282,175.04873220289426
955,2021-08-13,1.86602,218.81032895141058
956,2021-08-14,2.18181,255.84000375637834
957,2021-08-15,2.52631,296.2362258353276
958,2021-08-16,2.33492,273.79374994653193
959,2021-08-17,2.20095,258.08436860569935
960,2021-08-18,2.19138,256.9621861810389
961,2021-08-19,3.00478,352.3418292551095
962,2021-08-20,2.92822,343.36436985782547
963,2021-08-21,4.10526,481.3845998601665
964,2021-08-22,3.46411,406.2030678255704
965,2021-08-23,3.5598,417.423719467761
966,2021-08-24,3.60765,423.03463159106354
967,2021-08-25,4.0287,472.40714046288235
968,2021-08-26,3.45454,405.0808854009099
969,2021-08-27,4.03827,473.52932288754283
970,2021-08-28,2.94736,345.6087347071465
971,2021-08-29,4.41148,517.2920922404737
972,2021-08-30,4.38277,513.9255449664921
973,2021-08-31,6.15311,721.5163948801267
974,2021-09-01,6.72727,788.8426499420991
975,2021-09-02,6.75598,792.2091972160806
976,2021-09-03,5.74162,673.2648958285538
977,2021-09-04,5.48325,642.968315571549
978,2021-09-05,7.12918,835.970793964597
979,2021-09-06,6.61244,775.3776334505875
980,2021-09-07,5.92344,694.5851892926889
981,2021-09-08,6.23923,731.6148640976567
982,2021-09-09,7.01435,822.5057774730853
983,2021-09-10,5.83732,684.4867200751589
984,2021-09-11,6.76555,793.3313796407411
985,2021-09-12,7.37799,865.1463644013556
986,2021-09-13,8.44019,989.7004053077704
987,2021-09-14,7.7799,912.2745084238535
988,2021-09-15,5.11961,600.3277286432788
989,2021-09-16,4.10526,481.3845998601665
990,2021-09-17,4.2488,498.2161636256596
991,2021-09-18,4.08612,479.14023501084546
992,2021-09-19,4.14354,485.87332955880845
993,2021-09-20,3.71291,435.3774656579146
994,2021-09-21,4.14354,485.87332955880845
995,2021-09-22,4.83253,566.6646011122925
996,2021-09-23,4.80382,563.298053838311
997,2021-09-24,3.99043,467.9195833686548
998,2021-09-25,5.73205,672.1427134038933
999,2021-09-26,5.32057,623.892386956735
1000,2021-09-27,4.97607,583.4961648777856
1001,2021-09-28,5.17703,607.0608231912419
1002,2021-09-29,4.53588,531.8792911566458
1003,2021-09-30,3.71291,435.3774656579146
1004,2021-10-01,4.35406,510.5589976925106
1005,2021-10-02,4.39234,515.0477273911526
1006,2021-10-03,4.20095,492.60525150235696
1007,2021-10-04,5.51196,646.3348628455307
1008,2021-10-05,4.67942,548.710854922139
1009,2021-10-06,4.89952,574.5198780849161
1010,2021-10-07,4.8421,567.7867835369531
1011,2021-10-08,3.66507,429.7677261390266
1012,2021-10-09,3.6555,428.64554371436606
1013,2021-10-10,4.79425,562.1758714136505
1014,2021-10-11,5.87559,688.9742771693864
1015,2021-10-12,5.48325,642.968315571549
1016,2021-10-13,5.08133,595.8389989446368
1017,2021-10-14,4.95693,581.2518000284646
1018,2021-10-15,5.11961,600.3277286432788
1019,2021-10-16,5.64593,662.0442441863632
1020,2021-10-17,7.60765,892.0763973843788
1021,2021-10-18,9.6555,1132.2081924043391
1022,2021-10-19,8.36363,980.7229459104866
1023,2021-10-20,7.75119,908.907961149872
1024,2021-10-21,6.63157,777.6208256954941
1025,2021-10-22,6.23923,731.6148640976567
1026,2021-10-23,7.12918,835.970793964597
1027,2021-10-24,7.77033,911.1523259991931
1028,2021-10-25,6.76555,793.3313796407411
1029,2021-10-26,5.82775,683.3645376504984
1030,2021-10-27,5.58851,655.3111496384003
1031,2021-10-28,5.71291,669.8983485545723
1032,2021-10-29,4.63157,543.0999427988364
1033,2021-10-30,6.53588,766.4001740533034
1034,2021-10-31,6.3732,747.3242454384892
1035,2021-11-01,10.60287,1243.2972168192423
1036,2021-11-02,9.36842,1098.5450648733529
1037,2021-11-03,7.55023,885.3433028364158
1038,2021-11-04,6.95693,815.7726829251222
1039,2021-11-05,6.3732,747.3242454384892
1040,2021-11-06,6.41148,751.8129751371314
1041,2021-11-07,7.54066,884.2211204117554
1042,2021-11-08,8.33492,977.356398636505
1043,2021-11-09,9.4354,1106.3991692415618
1044,2021-11-10,8.50717,997.5545096759796
1045,2021-11-11,8.97607,1052.537930671101
1046,2021-11-12,7.84688,920.1286127920625
1047,2021-11-13,8.1244,952.6707305028027
1048,2021-11-14,8.69856,1019.9969855647753
1049,2021-11-15,7.98086,935.8391667373096
1050,2021-11-16,7.74162,907.7857787252115
1051,2021-11-17,8.99521,1054.782295520422
1052,2021-11-18,7.96172,933.5948018879886
1053,2021-11-19,6.60287,774.2554510259271
1054,2021-11-20,5.83732,684.4867200751589
1055,2021-11-21,7.4354,871.8782863449042
1056,2021-11-22,8.60287,1008.7763339225846
1057,2021-11-23,8.56459,1004.2876042239427
1058,2021-11-24,7.29186,855.046722579411
1059,2021-11-25,8.1244,952.6707305028027
1060,2021-11-26,7.11004,833.7264291152759
1061,2021-11-27,6.7177,787.7204675174386
1062,2021-11-28,8.04784,943.6932711055188
1063,2021-11-29,8.72727,1023.3635328387569
1064,2021-11-30,7.88516,924.6173424907046
1065,2021-12-01,10.44976,1225.3434706290886
1066,2021-12-02,10.57416,1239.9306695452608
1067,2021-12-03,9.0909,1066.0029471626126
1068,2021-12-04,9.66507,1133.3303748289995
1069,2021-12-05,9.59808,1125.475097856376
1070,2021-12-06,9.42583,1105.2769868169014
1071,2021-12-07,9.60765,1126.5972802810365
1072,2021-12-08,8.60287,1008.7763339225846
1073,2021-12-09,7.59808,890.9542149597183
1074,2021-12-10,7.311,857.2910874287321
1075,2021-12-11,6.82296,800.0633015842897
1076,2021-12-12,8.44976,990.822587732431
1077,2021-12-13,9.58851,1124.3529154317155
1078,2021-12-14,8.52631,999.7988745253007
1079,2021-12-15,8.53588,1000.9210569499612
1080,2021-12-16,6.94736,814.6505005004618
1081,2021-12-17,7.11004,833.7264291152759
1082,2021-12-18,9.14832,1072.7360417105756
1083,2021-12-19,10.9665,1285.936631143098
1084,2021-12-20,9.70334,1137.8179319232272
1085,2021-12-21,8.72727,1023.3635328387569
1086,2021-12-22,7.12918,835.970793964597
1087,2021-12-23,6.23923,731.6148640976567
1088,2021-12-24,6.08612,713.6611179075031
1089,2021-12-25,7.56937,887.5876676857368
1090,2021-12-26,9.41626,1104.1548043922407
1091,2021-12-27,7.81818,916.7632381224955
1092,2021-12-28,6.58373,772.011086176606
1093,2021-12-29,7.23444,848.313628031448
1094,2021-12-30,9.35885,1097.4228824486922
1095,2021-12-31,6.60287,774.2554510259271
1096,2022-01-01,6.30622,739.4701410702802
1097,2022-01-02,6.622,776.4986432708336
1098,2022-01-03,6.03827,708.0502057842006
1099,2022-01-04,5.11004,599.2055462186182
1100,2022-01-05,5.00478,586.8627121517673
1101,2022-01-06,4.77511,559.9315065643294
1102,2022-01-07,4.14354,485.87332955880845
1103,2022-01-08,4.74641,556.5661318947624
1104,2022-01-09,5.23444,613.7927451347904
1105,2022-01-10,4.41148,517.2920922404737
1106,2022-01-11,4.75598,557.688314319423
1107,2022-01-12,5.08133,595.8389989446368
1108,2022-01-13,5.61722,658.6776969123816
1109,2022-01-14,4.39234,515.0477273911526
1110,2022-01-15,5.48325,642.968315571549
1111,2022-01-16,5.64593,662.0442441863632
1112,2022-01-17,4.7177,553.1995846207809
1113,2022-01-18,4.16267,488.11652180371505
1114,2022-01-19,3.89473,456.6977591220498
1115,2022-01-20,4.03827,473.52932288754283
1116,2022-01-21,3.89473,456.6977591220498
1117,2022-01-22,3.80861,446.59928990451965
1118,2022-01-23,3.81818,447.7214723291802
1119,2022-01-24,3.93301,461.18648882069175
1120,2022-01-25,4.03827,473.52932288754283
1121,2022-01-26,3.60765,423.03463159106354
1122,2022-01-27,3.67464,430.8899085636871
1123,2022-01-28,2.99521,351.21964683044905
1124,2022-01-29,3.4354,402.8365205515889
1125,2022-01-30,4.33492,508.31463284318966
1126,2022-01-31,11.40669,1337.553504864238
1127,2022-02-01,7.99043,936.9613491619701
1128,2022-02-02,6.78468,795.5745718856476
1129,2022-02-03,5.47368,641.8461331468885
1130,2022-02-04,5.99043,702.4404662653125
1131,2022-02-05,8.48803,995.3101448266586
1132,2022-02-06,9.30143,1090.6897879007292
1133,2022-02-07,5.79904,679.9979903765168
1134,2022-02-08,4.48803,526.2683790333433
1135,2022-02-09,4.03827,473.52932288754283
1136,2022-02-10,4.19138,491.4830690776965
1137,2022-02-11,3.02392,354.58619410443055
1138,2022-02-12,3.34928,392.73805133405875
1139,2022-02-13,4.35406,510.5589976925106
1140,2022-02-14,3.96172,464.5530360946733
1141,2022-02-15,3.7799,443.23274263053816
1142,2022-02-16,3.82775,448.84365475384067
1143,2022-02-17,3.13875,368.0512105959421
1144,2022-02-18,4.04784,474.65150531220337
1145,2022-02-19,3.98086,466.7974009439943
1146,2022-02-20,4.77511,559.9315065643294
1147,2022-02-21,4.07655,478.0180525861849
1148,2022-02-22,3.81818,447.7214723291802
1149,2022-02-23,3.35885,393.8602337587193
1150,2022-02-24,2.88038,337.75463033893743
1151,2022-02-25,2.52631,296.2362258353276
1152,2022-02-26,3.11004,364.6846633219606
1153,2022-02-27,2.8421,333.26590064029534
1154,2022-02-28,2.66985,313.06778960082073
1155,2022-03-01,3.77033,442.1105602058777
1156,2022-03-02,2.77511,325.41062366767187
1157,2022-03-03,2.83253,332.1437182156349
1158,2022-03-04,2.91866,342.24336003757946
1159,2022-03-05,2.98564,350.0974644057885
1160,2022-03-06,3.47368,407.3252502502309
1161,2022-03-07,2.53588,297.35840825998815
1162,2022-03-08,2.83253,332.1437182156349
1163,2022-03-09,2.27751,267.0618280029834
1164,2022-03-10,2.34449,274.91593237119247
1165,2022-03-11,2.25837,264.8174631536624
1166,2022-03-12,2.30622,270.4283752769649
1167,2022-03-13,3.19617,374.78430514390516
1168,2022-03-14,2.22009,260.32873345502037
1169,2022-03-15,2.11483,247.98589938816926
1170,2022-03-16,2.34449,274.91593237119247
1171,2022-03-17,2.26794,265.9396455783229
1172,2022-03-18,2.45933,288.38212146711857
1173,2022-03-19,2.36363,277.1602972205135
1174,2022-03-20,2.53588,297.35840825998815
1175,2022-03-21,2.61244,306.33586765727216
1176,2022-03-22,3.86602,453.3312118480682
1177,2022-03-23,2.25837,264.8174631536624
1178,2022-03-24,2.23923,262.5730983043414
1179,2022-03-25,1.77033,207.58967730921998
1180,2022-03-26,2.15311,252.4746290868113
1181,2022-03-27,2.79425,327.65498851699283
1182,2022-03-28,2.14354,251.35244666215075
1183,2022-03-29,2.11483,247.98589938816926
1184,2022-03-30,1.91387,224.4212410747131
1185,2022-03-31,2.07655,243.49716968952725
1186,2022-04-01,1.52153,178.41527947687578
1187,2022-04-02,2.03827,239.0084399908852
1188,2022-04-03,1.99043,233.39870047199716
1189,2022-04-04,1.87559,219.9325113760711
1190,2022-04-05,2.22009,260.32873345502037
1191,2022-04-06,1.36842,160.46153328672213
1192,2022-04-07,1.57894,185.14720142042432
1193,2022-04-08,1.36842,160.46153328672213
1194,2022-04-09,1.02392,120.06531120777285
1195,2022-04-10,1.42583,167.1934552302707
1196,2022-04-11,1.14832,134.65251012394498
1197,2022-04-12,0.88995,104.35592986694024
1198,2022-04-13,1.10047,129.04159800064244
1199,2022-04-14,0.94736,111.0878518104888
1200,2022-04-15,0.92822,108.8434869611678
1201,2022-04-16,0.97607,114.45439908447032
1202,2022-04-17,0.9665,113.33221665980982
1203,2022-04-18,0.76555,89.76873095076813
1204,2022-04-19,0.98564,115.57658150913083
1205,2022-04-20,0.90909,106.60029471626126
1206,2022-04-21,0.82296,96.5006528943167
1207,2022-04-22,0.76555,89.76873095076813
1208,2022-04-23,1.95215,228.90997077335513
1209,2022-04-24,2.44019,286.1377566177975
1210,2022-04-25,1.21531,142.5077870965685
1211,2022-04-26,1.08133,126.79723315132141
1212,2022-04-27,1.07177,125.67622333107538
1213,2022-04-28,0.80382,94.25628804499569
1214,2022-04-29,0.7177,84.1578188274656
1215,2022-04-30,0.88995,104.35592986694024
1216,2022-05-01,0.78468,92.01192319567467
1217,2022-05-02,1.00478,117.82094635845185
1218,2022-05-03,1.0622,124.5540409064149
1219,2022-05-04,0.67942,79.66908912882359
1220,2022-05-05,0.87081,102.11156501761923
1221,2022-05-06,0.55502,65.08189021265146
1222,2022-05-07,0.74641,87.52436610144713
1223,2022-05-08,0.77511,90.88974077101416
1224,2022-05-09,0.64114,75.18035943018155
1225,2022-05-10,0.60287,70.692802335954
1226,2022-05-11,0.73684,86.40218367678662
1227,2022-05-12,0.87081,102.11156501761923
1228,2022-05-13,0.622,72.93599458086054
1229,2022-05-14,0.56459,66.20407263731198
1230,2022-05-15,0.66028,77.42472427950256
1231,2022-05-16,0.64114,75.18035943018155
1232,2022-05-17,0.81339,95.37847046965618
1233,2022-05-18,0.54545,63.959707787990965
1234,2022-05-19,0.80382,94.25628804499569
1235,2022-05-20,0.54545,63.959707787990965
1236,2022-05-21,0.66028,77.42472427950256
1237,2022-05-22,0.77511,90.88974077101416
1238,2022-05-23,0.58373,68.44843748663298
1239,2022-05-24,0.61244,71.81498476061451
1240,2022-05-25,0.66985,78.54690670416306
1241,2022-05-26,0.77511,90.88974077101416
1242,2022-05-27,0.68899,80.79127155348408
1243,2022-05-28,0.48803,57.22661324002792
1244,2022-05-29,0.44976,52.739056145800376
1245,2022-05-30,0.48803,57.22661324002792
1246,2022-05-31,0.55502,65.08189021265146
1247,2022-06-01,0.47846,56.104430815367415
1248,2022-06-02,0.66028,77.42472427950256
1249,2022-06-03,0.50717,59.47097808934893
1250,2022-06-04,0.72727,85.28000125212611
1251,2022-06-05,0.70813,83.0356364028051
1252,2022-06-06,0.67942,79.66908912882359
1253,2022-06-07,0.68899,80.79127155348408
1254,2022-06-08,0.622,72.93599458086054
1255,2022-06-09,0.57416,67.32625506197249
1256,2022-06-10,0.52631,61.71534293866994
1257,2022-06-11,0.51674,60.59316051400944
1258,2022-06-12,0.63157,74.05817700552103
1259,2022-06-13,0.57416,67.32625506197249
1260,2022-06-14,0.61244,71.81498476061451
1261,2022-06-15,0.46889,54.98224839070691
1262,2022-06-16,0.55502,65.08189021265146
1263,2022-06-17,0.46889,54.98224839070691
1264,2022-06-18,0.35406,41.5172318991953
1265,2022-06-19,0.60287,70.692802335954
1266,2022-06-20,0.51674,60.59316051400944
1267,2022-06-21,0.65071,76.30254185484206
1268,2022-06-22,0.68899,80.79127155348408
1269,2022-06-23,0.58373,68.44843748663298
1270,2022-06-24,0.50717,59.47097808934893
1271,2022-06-25,0.65071,76.30254185484206
1272,2022-06-26,0.76555,89.76873095076813
1273,2022-06-27,0.82296,96.5006528943167
1274,2022-06-28,0.68899,80.79127155348408
1275,2022-06-29,0.622,72.93599458086054
1276,2022-06-30,0.58373,68.44843748663298
1277,2022-07-01,0.5933,69.5706199112935
1278,2022-07-02,0.51674,60.59316051400944
1279,2022-07-03,1.33971,157.0949860127406
1280,2022-07-04,0.97607,114.45439908447032
1281,2022-07-05,0.81339,95.37847046965618
1282,2022-07-06,0.53588,62.83752536333046
1283,2022-07-07,0.53588,62.83752536333046
1284,2022-07-08,0.67942,79.66908912882359
1285,2022-07-09,0.78468,92.01192319567467
1286,2022-07-10,0.92822,108.8434869611678
1287,2022-07-11,0.63157,74.05817700552103
1288,2022-07-12,0.79425,93.13410562033518
1289,2022-07-13,0.64114,75.18035943018155
1290,2022-07-14,0.70813,83.0356364028051
1291,2022-07-15,0.48803,57.22661324002792
1292,2022-07-16,0.72727,85.28000125212611
1293,2022-07-17,0.85167,99.86720016829823
1294,2022-07-18,0.58373,68.44843748663298
1295,2022-07-19,0.64114,75.18035943018155
1296,2022-07-20,0.66985,78.54690670416306
1297,2022-07-21,0.67942,79.66908912882359
1298,2022-07-22,0.57416,67.32625506197249
1299,2022-07-23,0.82296,96.5006528943167
1300,2022-07-24,1.15789,135.7746925486055
1301,2022-07-25,0.91866,107.72247714092177
1302,2022-07-26,1.10047,129.04159800064244
1303,2022-07-27,1.04306,122.30967605709388
1304,2022-07-28,1.00478,117.82094635845185
1305,2022-07-29,0.78468,92.01192319567467
1306,2022-07-30,1.0909,127.91941557598193
1307,2022-07-31,0.98564,115.57658150913083
1308,2022-08-01,1.0622,124.5540409064149
1309,2022-08-02,1.12918,132.40814527462396
1310,2022-08-03,1.02392,120.06531120777285
1311,2022-08-04,0.94736,111.0878518104888
1312,2022-08-05,0.64114,75.18035943018155
1313,2022-08-06,1.58851,186.26938384508486
1314,2022-08-07,1.11004,130.16378042530292
1315,2022-08-08,1.73205,203.10094761057798
1316,2022-08-09,1.29186,151.4840738894381
1317,2022-08-10,1.48325,173.92654977823375
1318,2022-08-11,1.42583,167.1934552302707
1319,2022-08-12,1.11004,130.16378042530292
1320,2022-08-13,1.46411,171.68218492891273
1321,2022-08-14,1.55023,181.7806541464428
1322,2022-08-15,1.79904,210.9562245832015
1323,2022-08-16,2.08612,244.61935211418776
1324,2022-08-17,1.97129,231.15433562267614
1325,2022-08-18,1.76076,206.4674948845595
1326,2022-08-19,1.63636,191.88029596838737
1327,2022-08-20,1.68421,197.4912080916899
1328,2022-08-21,1.91387,224.4212410747131
1329,2022-08-22,1.75119,205.34531245989896
1330,2022-08-23,1.64593,193.00247839304785
1331,2022-08-24,1.81818,213.20058943252252
1332,2022-08-25,1.89473,222.1768762253921
1333,2022-08-26,1.71291,200.85658276125693
1334,2022-08-27,1.88516,221.05469380073157
1335,2022-08-28,2.27751,267.0618280029834
1336,2022-08-29,2.53588,297.35840825998815
1337,2022-08-30,3.48325,408.4474326748914
1338,2022-08-31,3.04306,356.83055895375156
1339,2022-09-01,2.53588,297.35840825998815
1340,2022-09-02,2.81339,329.89935336631385
1341,2022-09-03,2.38277,279.4046620698345
1342,2022-09-04,2.97607,348.975281981128
1343,2022-09-05,3.19617,374.78430514390516
1344,2022-09-06,3.7799,443.23274263053816
1345,2022-09-07,3.51196,411.81397994887294
1346,2022-09-08,2.93779,344.486552282486
1347,2022-09-09,3.69377,433.1331008085936
1348,2022-09-10,3.59808,421.912449166403
1349,2022-09-11,3.89473,456.6977591220498
1350,2022-09-12,4.47846,525.1461966086828
1351,2022-09-13,3.69377,433.1331008085936
1352,2022-09-14,3.59808,421.912449166403
1353,2022-09-15,4.18181,490.36088665303595
1354,2022-09-16,2.85167,334.3880830649559
1355,2022-09-17,2.99521,351.21964683044905
1356,2022-09-18,3.33971,391.61586890939833
1357,2022-09-19,3.64593,427.5233612897055
1358,2022-09-20,3.7799,443.23274263053816
1359,2022-09-21,3.80861,446.59928990451965
1360,2022-09-22,3.1866,373.6621227192446
1361,2022-09-23,3.76076,440.98837778121714
1362,2022-09-24,3.38755,397.22560842828636
1363,2022-09-25,3.27272,383.76059193677474
1364,2022-09-26,3.86602,453.3312118480682
1365,2022-09-27,3.07177,360.19710622773306
1366,2022-09-28,3.70334,434.2552832332541
1367,2022-09-29,3.13875,368.0512105959421
1368,2022-09-30,2.8421,333.26590064029534
1369,2022-10-01,2.94736,345.6087347071465
1370,2022-10-02,3.04306,356.83055895375156
1371,2022-10-03,4.07655,478.0180525861849
1372,2022-10-04,3.76076,440.98837778121714
1373,2022-10-05,4.47846,525.1461966086828
1374,2022-10-06,3.73205,437.62183050723564
1375,2022-10-07,3.05263,357.95274137841204
1376,2022-10-08,3.11004,364.6846633219606
1377,2022-10-09,4.01913,471.2849580382218
1378,2022-10-10,4.97607,583.4961648777856
1379,2022-10-11,4.99521,585.7405297271067
1380,2022-10-12,5.21531,611.5495528898838
1381,2022-10-13,4.44019,520.6586395144552
1382,2022-10-14,3.48325,408.4474326748914
1383,2022-10-15,3.96172,464.5530360946733
1384,2022-10-16,4.23923,497.09398120099905
1385,2022-10-17,4.28708,502.7048933243015
1386,2022-10-18,5.57894,654.1889672137397
1387,2022-10-19,5.84688,685.6077298954049
1388,2022-10-20,5.85645,686.7299123200654
1389,2022-10-21,5.0622,593.5958066997302
1390,2022-10-22,4.18181,490.36088665303595
1391,2022-10-23,4.26794,500.4605284749806
1392,2022-10-24,5.6555,663.1664266110237
1393,2022-10-25,4.65071,545.3443076481574
1394,2022-10-26,4.50717,528.5127438826643
1395,2022-10-27,4.22009,494.84961635167804
1396,2022-10-28,4.04784,474.65150531220337
1397,2022-10-29,4.31578,506.07026799386864
1398,2022-10-30,3.78947,444.3549250551987
1399,2022-10-31,4.05741,475.7736877368639
1400,2022-11-01,4.44019,520.6586395144552
1401,2022-11-02,4.04784,474.65150531220337
1402,2022-11-03,4.10526,481.3845998601665
1403,2022-11-04,6.61244,775.3776334505875
1404,2022-11-05,8.73684,1024.4857152634174
1405,2022-11-06,9.22488,1081.7135011078597
1406,2022-11-07,8.99521,1054.782295520422
1407,2022-11-08,7.21531,846.0704357865415
1408,2022-11-09,7.25358,850.5579928807691
1409,2022-11-10,6.34449,743.9576981645079
1410,2022-11-11,4.76555,558.8104967440835
1411,2022-11-12,5.11004,599.2055462186182
1412,2022-11-13,6.45933,757.4238872604338
1413,2022-11-14,6.0,703.562648689973
1414,2022-11-15,7.11961,834.8486115399364
1415,2022-11-16,6.55502,768.6445389026245
1416,2022-11-17,6.03827,708.0502057842006
1417,2022-11-18,5.15789,604.8164583419208
1418,2022-11-19,4.45933,522.9030043637762
1419,2022-11-20,5.99043,702.4404662653125
1420,2022-11-21,5.87559,688.9742771693864
1421,2022-11-22,6.64114,778.7430081201545
1422,2022-11-23,4.82296,565.542418687632
1423,2022-11-24,6.39234,749.5686102878103
1424,2022-11-25,4.73684,555.443949470102
1425,2022-11-26,4.9665,582.3739824531251
1426,2022-11-27,6.53588,766.4001740533034
1427,2022-11-28,6.05741,710.2945706335215
1428,2022-11-29,5.5311,648.5792276948516
1429,2022-11-30,8.17224,958.2804700216909
1430,2022-12-01,8.10526,950.4263656534818
1431,2022-12-02,7.68421,901.053856781663
1432,2022-12-03,5.99043,702.4404662653125
1433,2022-12-04,7.69377,902.1748666019089
1434,2022-12-05,8.56459,1004.2876042239427
1435,2022-12-06,7.6555,897.6873095076813
1436,2022-12-07,7.57894,888.7098501103974
1437,2022-12-08,6.46889,758.5448970806799
1438,2022-12-09,6.17224,723.7595871250332
1439,2022-12-10,7.01435,822.5057774730853
1440,2022-12-11,7.81818,916.7632381224955
1441,2022-12-12,7.40669,868.5117390709228
1442,2022-12-13,7.69377,902.1748666019089
1443,2022-12-14,8.36363,980.7229459104866
1444,2022-12-15,8.17224,958.2804700216909
1445,2022-12-16,7.16746,840.459523663239
1446,2022-12-17,8.67942,1017.7526207154543
1447,2022-12-18,9.77033,1145.6732088958506
1448,2022-12-19,9.69377,1136.6957494985668
1449,2022-12-20,9.5311,1117.620993488167
1450,2022-12-21,8.10526,950.4263656534818
1451,2022-12-22,7.55023,885.3433028364158
1452,2022-12-23,7.41626,869.6339214955832
1453,2022-12-24,7.63636,895.4429446583604
1454,2022-12-25,6.8421,802.3076664336107
1455,2022-12-26,6.87081,805.6742137075922
1456,2022-12-27,6.52631,765.2779916286429
1457,2022-12-28,4.85167,568.9089659616136
1458,2022-12-29,4.88038,572.275513235595
1459,2022-12-30,7.70334,903.2970490265694
1460,2022-12-31,7.84688,920.1286127920625
1461,2023-01-01,6.88995,807.9185785569132
1462,2023-01-02,6.17224,723.7595871250332
1463,2023-01-03,6.95693,815.7726829251222
1464,2023-01-04,6.28708,737.2257762209592
1465,2023-01-05,5.37799,630.625481504698
1466,2023-01-06,6.25837,733.8592289469777
1467,2023-01-07,6.15311,721.5163948801267
1468,2023-01-08,6.83253,801.1854840089502
1469,2023-01-09,6.40191,750.6907927124709
1470,2023-01-10,7.36842,864.0241819766952
1471,2023-01-11,6.34449,743.9576981645079
1472,2023-01-12,4.73684,555.443949470102
1473,2023-01-13,4.69856,550.9552197714598
1474,2023-01-14,4.19138,491.4830690776965
1475,2023-01-15,5.12918,601.4499110679393
1476,2023-01-16,3.89473,456.6977591220498
1477,2023-01-17,3.28229,384.8827743614353
1478,2023-01-18,3.05263,357.95274137841204
1479,2023-01-19,3.08133,361.31811604797906
1480,2023-01-20,3.46411,406.2030678255704
1481,2023-01-21,3.20574,375.9064875685657
1482,2023-01-22,3.55023,416.3015370431005
1483,2023-01-23,3.311,388.2493216354168
1484,2023-01-24,4.46889,524.0240141840222
1485,2023-01-25,3.63636,426.40117886504504
1486,2023-01-26,2.91866,342.24336003757946
1487,2023-01-27,3.15789,370.2955754452631
1488,2023-01-28,3.11004,364.6846633219606
1489,2023-01-29,3.4354,402.8365205515889
1490,2023-01-30,3.56937,418.5459018924215
1491,2023-01-31,2.45933,288.38212146711857
1492,2023-02-01,2.65071,310.8234247514997
1493,2023-02-02,2.34449,274.91593237119247
1494,2023-02-03,2.14354,251.35244666215075
1495,2023-02-04,2.50717,293.9918609860066
1496,2023-02-05,3.05263,357.95274137841204
1497,2023-02-06,2.65071,310.8234247514997
1498,2023-02-07,2.39234,280.526844494495
1499,2023-02-08,2.13397,250.2302642374903
1500,2023-02-09,2.01913,236.7640751415642
1501,2023-02-10,1.79904,210.9562245832015
1502,2023-02-11,2.07655,243.49716968952725
1503,2023-02-12,2.25837,264.8174631536624
1504,2023-02-13,1.87559,219.9325113760711
1505,2023-02-14,2.17224,254.71782133171783
1506,2023-02-15,2.0,234.52088289665767
1507,2023-02-16,2.18181,255.84000375637834
1508,2023-02-17,2.21052,259.20655103035983
1509,2023-02-18,2.03827,239.0084399908852
1510,2023-02-19,2.42105,283.89339176847653
1511,2023-02-20,2.14354,251.35244666215075
1512,2023-02-21,1.97129,231.15433562267614
1513,2023-02-22,1.77033,207.58967730921998
1514,2023-02-23,1.45454,170.56000250425222
1515,2023-02-24,1.39712,163.82690795628918
1516,2023-02-25,1.86602,218.81032895141058
1517,2023-02-26,2.20095,258.08436860569935
1518,2023-02-27,1.91387,224.4212410747131
1519,2023-02-28,1.91387,224.4212410747131
1520,2023-03-01,2.09569,245.74153453884824
1521,2023-03-02,1.75119,205.34531245989896
1522,2023-03-03,1.66507,195.2468432423689
1523,2023-03-04,1.99043,233.39870047199716
1524,2023-03-05,2.05741,241.2528048402062
1525,2023-03-06,1.92344,225.5434234993736
1526,2023-03-07,1.94258,227.78778834869462
1527,2023-03-08,1.51196,177.29309705221527
1528,2023-03-09,1.33971,157.0949860127406
1529,2023-03-10,1.24401,145.87316176613555
1530,2023-03-11,1.311,153.72843873875908
1531,2023-03-12,1.37799,161.58371571138267
1532,2023-03-13,1.15789,135.7746925486055
1533,2023-03-14,1.30143,152.6062563140986
1534,2023-03-15,1.03349,121.18749363243337
1535,2023-03-16,1.27272,149.23970904011708
1536,2023-03-17,1.24401,145.87316176613555
1537,2023-03-18,1.0909,127.91941557598193
1538,2023-03-19,1.51196,177.29309705221527
1539,2023-03-20,1.40669,164.94909038094968
1540,2023-03-21,1.38755,162.70472553162867
1541,2023-03-22,1.08133,126.79723315132141
1542,2023-03-23,0.79425,93.13410562033518
1543,2023-03-24,1.07177,125.67622333107538
1544,2023-03-25,0.83253,97.62283531897721
1545,2023-03-26,1.33971,157.0949860127406
1546,2023-03-27,1.15789,135.7746925486055
1547,2023-03-28,1.22488,143.62996952122901
1548,2023-03-29,1.60765,188.51374869440585
1549,2023-03-30,1.45454,170.56000250425222
1550,2023-03-31,1.17703,138.0190573979265
1551,2023-04-01,1.13875,133.53032769928444
1552,2023-04-02,0.89952,105.47811229160075
1553,2023-04-03,0.81339,95.37847046965618
1554,2023-04-04,0.9665,113.33221665980982
1555,2023-04-05,0.81339,95.37847046965618
1556,2023-04-06,1.25358,146.99534419079606
1557,2023-04-07,0.73684,86.40218367678662
1558,2023-04-08,0.90909,106.60029471626126
1559,2023-04-09,1.12918,132.40814527462396
1560,2023-04-10,0.88995,104.35592986694024
1561,2023-04-11,0.86124,100.98938259295872
1562,2023-04-12,0.66985,78.54690670416306
1563,2023-04-13,0.66985,78.54690670416306
1564,2023-04-14,0.61244,71.81498476061451
1565,2023-04-15,0.73684,86.40218367678662
1566,2023-04-16,0.79425,93.13410562033518
1567,2023-04-17,0.58373,68.44843748663298
1568,2023-04-18,0.73684,86.40218367678662
1569,2023-04-19,0.56459,66.20407263731198
1570,2023-04-20,0.55502,65.08189021265146
1571,2023-04-21,0.4976,58.348795664688424
1572,2023-04-22,0.52631,61.71534293866994
1573,2023-04-23,0.5933,69.5706199112935
1574,2023-04-24,0.63157,74.05817700552103
1575,2023-04-25,0.57416,67.32625506197249
1576,2023-04-26,0.61244,71.81498476061451
1577,2023-04-27,0.65071,76.30254185484206
1578,2023-04-28,0.55502,65.08189021265146
1579,2023-04-29,0.72727,85.28000125212611
1580,2023-04-30,0.67942,79.66908912882359
1581,2023-05-01,0.66985,78.54690670416306
1582,2023-05-02,0.50717,59.47097808934893
1583,2023-05-03,0.48803,57.22661324002792
1584,2023-05-04,0.44019,51.616873721139875
1585,2023-05-05,0.52631,61.71534293866994
1586,2023-05-06,0.63157,74.05817700552103
1587,2023-05-07,0.53588,62.83752536333046
1588,2023-05-08,0.48803,57.22661324002792
1589,2023-05-09,0.42105,49.37250887181885
1590,2023-05-10,0.34449,40.3950494745348
1591,2023-05-11,0.45933,53.861238570460884
1592,2023-05-12,0.47846,56.104430815367415
1593,2023-05-13,0.57416,67.32625506197249
1594,2023-05-14,0.50717,59.47097808934893
1595,2023-05-15,0.44976,52.739056145800376
1596,2023-05-16,0.56459,66.20407263731198
1597,2023-05-17,0.44019,51.616873721139875
1598,2023-05-18,0.40191,47.12814402249784
1599,2023-05-19,0.43062,50.49469129647936
1600,2023-05-20,0.46889,54.98224839070691
1601,2023-05-21,0.38277,44.883779173176826
1602,2023-05-22,0.39234,46.005961597837334
1603,2023-05-23,0.3732,43.76159674851632
1604,2023-05-24,0.48803,57.22661324002792
1605,2023-05-25,0.41148,48.25032644715835
1606,2023-05-26,0.40191,47.12814402249784
1607,2023-05-27,0.54545,63.959707787990965
1608,2023-05-28,0.44019,51.616873721139875
1609,2023-05-29,0.28708,33.663127530986245
1610,2023-05-30,0.45933,53.861238570460884
1611,2023-05-31,0.35406,41.5172318991953
1612,2023-06-01,0.44019,51.616873721139875
1613,2023-06-02,0.44019,51.616873721139875
1614,2023-06-03,0.38277,44.883779173176826
1615,2023-06-04,0.38277,44.883779173176826
1616,2023-06-05,0.41148,48.25032644715835
1617,2023-06-06,0.31578,37.02850220055328
1618,2023-06-07,0.41148,48.25032644715835
1619,2023-06-08,0.35406,41.5172318991953
1620,2023-06-09,0.32535,38.150684625213785
1621,2023-06-10,0.33492,39.27286704987429
1622,2023-06-11,1.0909,127.91941557598193
1623,2023-06-12,0.74641,87.52436610144713
1624,2023-06-13,0.89952,105.47811229160075
1625,2023-06-14,0.69856,81.91345397814459
1626,2023-06-15,0.69856,81.91345397814459
1627,2023-06-16,0.63157,74.05817700552103
1628,2023-06-17,1.03349,121.18749363243337
1629,2023-06-18,0.90909,106.60029471626126
1630,2023-06-19,0.63157,74.05817700552103
1631,2023-06-20,0.79425,93.13410562033518
1632,2023-06-21,0.78468,92.01192319567467
1633,2023-06-22,0.53588,62.83752536333046
1634,2023-06-23,0.65071,76.30254185484206
1635,2023-06-24,0.51674,60.59316051400944
1636,2023-06-25,0.51674,60.59316051400944
1637,2023-06-26,0.4976,58.348795664688424
1638,2023-06-27,0.43062,50.49469129647936
1639,2023-06-28,0.69856,81.91345397814459
1640,2023-06-29,0.45933,53.861238570460884
1641,2023-06-30,0.38277,44.883779173176826
1642,2023-07-01,0.38277,44.883779173176826
1643,2023-07-02,0.39234,46.005961597837334
1644,2023-07-03,0.38277,44.883779173176826
1645,2023-07-04,0.622,72.93599458086054
1646,2023-07-05,0.45933,53.861238570460884
1647,2023-07-06,0.44019,51.616873721139875
1648,2023-07-07,0.43062,50.49469129647936
1649,2023-07-08,0.39234,46.005961597837334
1650,2023-07-09,0.44019,51.616873721139875
1651,2023-07-10,0.61244,71.81498476061451
1652,2023-07-11,0.47846,56.104430815367415
1653,2023-07-12,0.45933,53.861238570460884
1654,2023-07-13,0.38277,44.883779173176826
1655,2023-07-14,0.55502,65.08189021265146
1656,2023-07-15,0.50717,59.47097808934893
1657,2023-07-16,0.53588,62.83752536333046
1658,2023-07-17,0.52631,61.71534293866994
1659,2023-07-18,0.64114,75.18035943018155
1660,2023-07-19,0.4976,58.348795664688424
1661,2023-07-20,0.38277,44.883779173176826
1662,2023-07-21,0.47846,56.104430815367415
1663,2023-07-22,0.47846,56.104430815367415
1664,2023-07-23,0.54545,63.959707787990965
1665,2023-07-24,0.50717,59.47097808934893
1666,2023-07-25,0.53588,62.83752536333046
1667,2023-07-26,0.5933,69.5706199112935
1668,2023-07-27,0.51674,60.59316051400944
1669,2023-07-28,0.3732,43.76159674851632
1670,2023-07-29,0.5933,69.5706199112935
1671,2023-07-30,0.56459,66.20407263731198
1672,2023-07-31,0.46889,54.98224839070691
1673,2023-08-01,0.61244,71.81498476061451
1674,2023-08-02,0.55502,65.08189021265146
1675,2023-08-03,1.1866,139.141239822587
1676,2023-08-04,0.7177,84.1578188274656
1677,2023-08-05,0.68899,80.79127155348408
1678,2023-08-06,0.53588,62.83752536333046
1679,2023-08-07,0.55502,65.08189021265146
1680,2023-08-08,0.82296,96.5006528943167
1681,2023-08-09,0.8421,98.7450177436377
1682,2023-08-10,1.11961,131.28596284996345
1683,2023-08-11,0.9665,113.33221665980982
1684,2023-08-12,0.85167,99.86720016829823
1685,2023-08-13,0.88995,104.35592986694024
1686,2023-08-14,0.60287,70.692802335954
1687,2023-08-15,0.88038,103.23374744227975
1688,2023-08-16,0.88038,103.23374744227975
1689,2023-08-17,0.68899,80.79127155348408
1690,2023-08-18,0.64114,75.18035943018155
1691,2023-08-19,0.86124,100.98938259295872
1692,2023-08-20,0.78468,92.01192319567467
1693,2023-08-21,0.83253,97.62283531897721
1694,2023-08-22,0.73684,86.40218367678662
1695,2023-08-23,1.08133,126.79723315132141
1696,2023-08-24,1.25358,146.99534419079606
1697,2023-08-25,0.93779,109.96566938582829
1698,2023-08-26,1.05263,123.43185848175438
1699,2023-08-27,1.24401,145.87316176613555
1700,2023-08-28,1.16746,136.89687497326597
1701,2023-08-29,1.49282,175.04873220289426
1702,2023-08-30,1.70334,199.73440033659645
1703,2023-08-31,1.73205,203.10094761057798
1704,2023-09-01,1.55023,181.7806541464428
1705,2023-09-02,1.52153,178.41527947687578
1706,2023-09-03,1.34928,158.21716843740114
1707,2023-09-04,1.1866,139.141239822587
1708,2023-09-05,1.28229,150.36189146477759
1709,2023-09-06,1.04306,122.30967605709388
1710,2023-09-07,1.24401,145.87316176613555
1711,2023-09-08,1.36842,160.46153328672213
1712,2023-09-09,1.42583,167.1934552302707
1713,2023-09-10,1.55023,181.7806541464428
1714,2023-09-11,1.86602,218.81032895141058
1715,2023-09-12,2.07655,243.49716968952725
1716,2023-09-13,1.79904,210.9562245832015
1717,2023-09-14,2.08612,244.61935211418776
1718,2023-09-15,1.95215,228.90997077335513
1719,2023-09-16,1.6555,194.1246608177084
1720,2023-09-17,1.89473,222.1768762253921
1721,2023-09-18,2.45933,288.38212146711857
1722,2023-09-19,1.91387,224.4212410747131
1723,2023-09-20,2.0,234.52088289665767
1724,2023-09-21,2.34449,274.91593237119247
1725,2023-09-22,1.94258,227.78778834869462
1726,2023-09-23,1.83732,215.44495428184354
1727,2023-09-24,2.04784,240.1306224155457
1728,2023-09-25,2.27751,267.0618280029834
1729,2023-09-26,2.30622,270.4283752769649
1730,2023-09-27,1.80861,212.078407007862
1731,2023-09-28,1.6555,194.1246608177084
1732,2023-09-29,1.88516,221.05469380073157
1733,2023-09-30,1.47368,172.80436735357324
1734,2023-10-01,2.41148,282.771209343816
1735,2023-10-02,2.32535,272.67156752187145
1736,2023-10-03,2.53588,297.35840825998815
1737,2023-10-04,2.22009,260.32873345502037
1738,2023-10-05,2.83253,332.1437182156349
1739,2023-10-06,2.89952,339.9989951882584
1740,2023-10-07,2.32535,272.67156752187145
1741,2023-10-08,2.47846,290.6253137120251
1742,2023-10-09,3.11004,364.6846633219606
1743,2023-10-10,3.02392,354.58619410443055
1744,2023-10-11,3.47368,407.3252502502309
1745,2023-10-12,2.75598,323.16743142276533
1746,2023-10-13,2.30622,270.4283752769649
1747,2023-10-14,2.79425,327.65498851699283
1748,2023-10-15,3.23444,379.2718622381327
1749,2023-10-16,2.97607,348.975281981128
1750,2023-10-17,3.27272,383.76059193677474
1751,2023-10-18,3.37799,396.1045986080403
1752,2023-10-19,3.311,388.2493216354168
1753,2023-10-20,2.58373,302.96932038329066
1754,2023-10-21,3.36842,394.9824161833798
1755,2023-10-22,3.48325,408.4474326748914
1756,2023-10-23,3.50239,410.69179752421246
1757,2023-10-24,3.22488,378.1508524178867
1758,2023-10-25,3.02392,354.58619410443055
1759,2023-10-26,2.54545,298.48059068464863
1760,2023-10-27,2.48803,291.7474961366856
1761,2023-10-28,2.48803,291.7474961366856
1762,2023-10-29,3.00478,352.3418292551095
1763,2023-10-30,3.03349,355.708376529091
1764,2023-10-31,2.74641,322.0452489981048
1765,2023-11-01,2.90909,341.1211776129189
1766,2023-11-02,2.57416,301.8471379586301
1767,2023-11-03,3.07177,360.19710622773306
1768,2023-11-04,2.85167,334.3880830649559
1769,2023-11-05,4.8421,567.7867835369531
1770,2023-11-06,3.87559,454.4533942727287
1771,2023-11-07,4.54545,533.0014735813063
1772,2023-11-08,3.7799,443.23274263053816
1773,2023-11-09,4.03827,473.52932288754283
1774,2023-11-10,3.99043,467.9195833686548
1775,2023-11-11,4.46889,524.0240141840222
1776,2023-11-12,5.13875,602.5720934925998
1777,2023-11-13,5.68421,666.5329738850053
1778,2023-11-14,5.49282,644.0904979962096
1779,2023-11-15,5.26315,617.159292408772
1780,2023-11-16,5.1866,608.1830056159024
1781,2023-11-17,4.88995,573.3976956602555
1782,2023-11-18,4.55502,534.1236560059668
1783,2023-11-19,5.30143,621.6480221074139
1784,2023-11-20,4.67942,548.710854922139
1785,2023-11-21,4.39234,515.0477273911526
1786,2023-11-22,4.64114,544.2221252234968
1787,2023-11-23,4.11483,482.506782284827
1788,2023-11-24,5.05263,592.4736242750697
1789,2023-11-25,5.10047,598.0833637939577
1790,2023-11-26,4.97607,583.4961648777856
1791,2023-11-27,4.66985,547.5886724974785
1792,2023-11-28,4.67942,548.710854922139
1793,2023-11-29,4.80382,563.298053838311
1794,2023-11-30,5.05263,592.4736242750697
1795,2023-12-01,4.70813,552.0774021961204
1796,2023-12-02,4.36363,511.6811801171711
1797,2023-12-03,4.93779,579.0074351791436
1798,2023-12-04,4.39234,515.0477273911526
1799,2023-12-05,4.07655,478.0180525861849
1800,2023-12-06,4.01913,471.2849580382218
1801,2023-12-07,4.18181,490.36088665303595
1802,2023-12-08,3.56937,418.5459018924215
1803,2023-12-09,2.9665,347.8530995564675
1804,2023-12-10,3.59808,421.912449166403
1805,2023-12-11,3.1866,373.6621227192446
1806,2023-12-12,3.63636,426.40117886504504
1807,2023-12-13,3.78947,444.3549250551987
1808,2023-12-14,3.83732,449.9658371785012
1809,2023-12-15,3.72248,436.4996480825751
1810,2023-12-16,3.66507,429.7677261390266
1811,2023-12-17,5.08133,595.8389989446368
1812,2023-12-18,5.20574,610.4273704652232
1813,2023-12-19,4.8421,567.7867835369531
1814,2023-12-20,5.15789,604.8164583419208
1815,2023-12-21,5.33014,625.0145693813955
1816,2023-12-22,5.24401,614.9149275594509
1817,2023-12-23,5.01435,587.9848945764277
1818,2023-12-24,4.7177,553.1995846207809
1819,2023-12-25,5.17703,607.0608231912419
1820,2023-12-26,4.15311,486.99551198346893
1821,2023-12-27,3.84688,451.0868469987472
1822,2023-12-28,3.311,388.2493216354168
1823,2023-12-29,3.24401,380.3940446627932
1824,2023-12-30,3.1866,373.6621227192446
1825,2023-12-31,3.13875,368.0512105959421
1826,2024-01-01,2.65071,310.8234247514997
1827,2024-01-02,2.74641,322.0452489981048
1828,2024-01-03,3.27272,383.76059193677474
1829,2024-01-04,2.55502,299.6027731093091
1830,2024-01-05,2.36363,277.1602972205135
1831,2024-01-06,2.66985,313.06778960082073
1832,2024-01-07,2.74641,322.0452489981048
1833,2024-01-08,2.50717,293.9918609860066
1834,2024-01-09,2.65071,310.8234247514997
1835,2024-01-10,2.03827,239.0084399908852
1836,2024-01-11,3.14832,369.17339302060265
1837,2024-01-12,2.47846,290.6253137120251
1838,2024-01-13,2.64114,309.70124232683924
1839,2024-01-14,2.66028,311.94560717616025
1840,2024-01-15,2.38277,279.4046620698345
1841,2024-01-16,1.76076,206.4674948845595
1842,2024-01-17,2.31578,271.549385097211
1843,2024-01-18,2.18181,255.84000375637834
1844,2024-01-19,2.27751,267.0618280029834
1845,2024-01-20,2.34449,274.91593237119247
1846,2024-01-21,2.46889,289.50313128736457
1847,2024-01-22,2.79425,327.65498851699283
1848,2024-01-23,2.63157,308.5790599021787
1849,2024-01-24,2.44019,286.1377566177975
1850,2024-01-25,2.22966,261.45091587968085
1851,2024-01-26,2.50717,293.9918609860066
1852,2024-01-27,2.88038,337.75463033893743
1853,2024-01-28,3.79904,445.47710747985917
1854,2024-01-29,3.02392,354.58619410443055
1855,2024-01-30,2.64114,309.70124232683924
1856,2024-01-31,2.40191,281.6490269191555
1857,2024-02-01,2.17224,254.71782133171783
1858,2024-02-02,2.0,234.52088289665767
1859,2024-02-03,1.89473,222.1768762253921
1860,2024-02-04,2.55502,299.6027731093091
1861,2024-02-05,1.80861,212.078407007862
1862,2024-02-06,1.91387,224.4212410747131
1863,2024-02-07,1.60765,188.51374869440585
1864,2024-02-08,1.97129,231.15433562267614
1865,2024-02-09,2.41148,282.771209343816
1866,2024-02-10,2.85167,334.3880830649559
1867,2024-02-11,3.69377,433.1331008085936
1868,2024-02-12,3.70334,434.2552832332541
1869,2024-02-13,2.89952,339.9989951882584
1870,2024-02-14,2.29665,269.30619285230443
1871,2024-02-15,2.5933,304.0915028079512
1872,2024-02-16,2.20095,258.08436860569935
1873,2024-02-17,2.05741,241.2528048402062
1874,2024-02-18,2.63157,308.5790599021787
1875,2024-02-19,1.73205,203.10094761057798
1876,2024-02-20,1.70334,199.73440033659645
1877,2024-02-21,1.62679,190.75811354372686
1878,2024-02-22,1.88516,221.05469380073157
1879,2024-02-23,1.47368,172.80436735357324
1880,2024-02-24,2.03827,239.0084399908852
1881,2024-02-25,1.89473,222.1768762253921
1882,2024-02-26,1.4354,168.3156376549312
1883,2024-02-27,1.56937,184.02501899576382
1884,2024-02-28,1.45454,170.56000250425222
1885,2024-02-29,1.23444,144.75097934147504
1886,2024-03-01,1.48325,173.92654977823375
1887,2024-03-02,1.47368,172.80436735357324
1888,2024-03-03,1.79904,210.9562245832015
1889,2024-03-04,1.88516,221.05469380073157
1890,2024-03-05,2.66985,313.06778960082073
1891,2024-03-06,1.84688,216.56596410208957
1892,2024-03-07,1.60765,188.51374869440585
1893,2024-03-08,1.48325,173.92654977823375
1894,2024-03-09,1.42583,167.1934552302707
1895,2024-03-10,1.77033,207.58967730921998
1896,2024-03-11,1.32057,154.85062116341962
1897,2024-03-12,1.32057,154.85062116341962
1898,2024-03-13,1.27272,149.23970904011708
1899,2024-03-14,1.29186,151.4840738894381
1900,2024-03-15,1.21531,142.5077870965685
1901,2024-03-16,1.32057,154.85062116341962
1902,2024-03-17,1.14832,134.65251012394498
1903,2024-03-18,1.12918,132.40814527462396
1904,2024-03-19,1.02392,120.06531120777285
1905,2024-03-20,1.0622,124.5540409064149
1906,2024-03-21,0.87081,102.11156501761923
1907,2024-03-22,1.00478,117.82094635845185
1908,2024-03-23,0.97607,114.45439908447032
1909,2024-03-24,1.10047,129.04159800064244
1910,2024-03-25,0.94736,111.0878518104888
1911,2024-03-26,1.38755,162.70472553162867
1912,2024-03-27,1.15789,135.7746925486055
1913,2024-03-28,0.97607,114.45439908447032
1914,2024-03-29,0.81339,95.37847046965618
1915,2024-03-30,1.10047,129.04159800064244
1916,2024-03-31,0.92822,108.8434869611678
1917,2024-04-01,1.13875,133.53032769928444
1918,2024-04-02,0.73684,86.40218367678662
1919,2024-04-03,0.88038,103.23374744227975
1920,2024-04-04,0.83253,97.62283531897721
1921,2024-04-05,0.67942,79.66908912882359
1922,2024-04-06,0.68899,80.79127155348408
1923,2024-04-07,1.56937,184.02501899576382
1924,2024-04-08,1.311,153.72843873875908
1925,2024-04-09,1.13875,133.53032769928444
1926,2024-04-10,1.22488,143.62996952122901
1927,2024-04-11,1.29186,151.4840738894381
1928,2024-04-12,0.78468,92.01192319567467
1929,2024-04-13,0.52631,61.71534293866994
1930,2024-04-14,0.7177,84.1578188274656
1931,2024-04-15,0.5933,69.5706199112935
1932,2024-04-16,0.57416,67.32625506197249
1933,2024-04-17,0.51674,60.59316051400944
1934,2024-04-18,0.72727,85.28000125212611
1935,2024-04-19,0.77511,90.88974077101416
1936,2024-04-20,0.48803,57.22661324002792
1937,2024-04-21,0.76555,89.76873095076813
1938,2024-04-22,0.72727,85.28000125212611
1939,2024-04-23,0.41148,48.25032644715835
1940,2024-04-24,0.52631,61.71534293866994
1941,2024-04-25,0.45933,53.861238570460884
1942,2024-04-26,0.33492,39.27286704987429
1943,2024-04-27,0.50717,59.47097808934893
1944,2024-04-28,0.43062,50.49469129647936
1945,2024-04-29,0.36363,42.63941432385582
1946,2024-04-30,0.33492,39.27286704987429
1947,2024-05-01,0.47846,56.104430815367415
1948,2024-05-02,0.44019,51.616873721139875
1949,2024-05-03,0.32535,38.150684625213785
1950,2024-05-04,0.35406,41.5172318991953
1951,2024-05-05,0.31578,37.02850220055328
1952,2024-05-06,0.3732,43.76159674851632
1953,2024-05-07,0.42105,49.37250887181885
1954,2024-05-08,0.30622,35.907492380307254
1955,2024-05-09,0.38277,44.883779173176826
1956,2024-05-10,0.50717,59.47097808934893
1957,2024-05-11,0.48803,57.22661324002792
1958,2024-05-12,0.34449,40.3950494745348
1959,2024-05-13,0.35406,41.5172318991953
1960,2024-05-14,0.32535,38.150684625213785
1961,2024-05-15,0.45933,53.861238570460884
1962,2024-05-16,0.41148,48.25032644715835
1963,2024-05-17,0.43062,50.49469129647936
1964,2024-05-18,0.34449,40.3950494745348
1965,2024-05-19,0.48803,57.22661324002792
1966,2024-05-20,0.3732,43.76159674851632
1967,2024-05-21,0.48803,57.22661324002792
1968,2024-05-22,0.38277,44.883779173176826
1969,2024-05-23,0.34449,40.3950494745348
1970,2024-05-24,0.27751,32.54094510632573
1971,2024-05-25,0.34449,40.3950494745348
1972,2024-05-26,0.39234,46.005961597837334
1973,2024-05-27,0.38277,44.883779173176826
1974,2024-05-28,0.35406,41.5172318991953
1975,2024-05-29,0.33492,39.27286704987429
1976,2024-05-30,0.25837,30.29658025700472
1977,2024-05-31,0.44976,52.739056145800376
1978,2024-06-01,0.33492,39.27286704987429
1979,2024-06-02,0.40191,47.12814402249784
1980,2024-06-03,0.29665,34.78530995564675
1981,2024-06-04,0.27751,32.54094510632573
1982,2024-06-05,0.22009,25.807850558362695
1983,2024-06-06,0.28708,33.663127530986245
1984,2024-06-07,0.38277,44.883779173176826
1985,2024-06-08,0.38277,44.883779173176826
1986,2024-06-09,0.26794,31.41876268166523
1987,2024-06-10,0.39234,46.005961597837334
1988,2024-06-11,0.30622,35.907492380307254
1989,2024-06-12,0.33492,39.27286704987429
1990,2024-06-13,0.28708,33.663127530986245
1991,2024-06-14,0.33492,39.27286704987429
1992,2024-06-15,0.27751,32.54094510632573
1993,2024-06-16,0.39234,46.005961597837334
1994,2024-06-17,0.40191,47.12814402249784
1995,2024-06-18,0.43062,50.49469129647936
1996,2024-06-19,0.22009,25.807850558362695
1997,2024-06-20,0.44019,51.616873721139875
1998,2024-06-21,0.20095,23.56348570904168
1999,2024-06-22,0.16267,19.074756010399653
2000,2024-06-23,0.20095,23.56348570904168
2001,2024-06-24,0.26794,31.41876268166523
2002,2024-06-25,0.31578,37.02850220055328
2003,2024-06-26,0.25837,30.29658025700472
2004,2024-06-27,0.22009,25.807850558362695
2005,2024-06-28,0.31578,37.02850220055328
2006,2024-06-29,0.21052,24.685668133702187
2007,2024-06-30,0.41148,48.25032644715835
2008,2024-07-01,0.31578,37.02850220055328
2009,2024-07-02,0.22966,26.9300329830232
2010,2024-07-03,0.38277,44.883779173176826
2011,2024-07-04,0.39234,46.005961597837334
2012,2024-07-05,0.23923,28.052215407683708
2013,2024-07-06,0.22966,26.9300329830232
2014,2024-07-07,0.39234,46.005961597837334
2015,2024-07-08,0.31578,37.02850220055328
2016,2024-07-09,0.25837,30.29658025700472
2017,2024-07-10,0.26794,31.41876268166523
2018,2024-07-11,0.20095,23.56348570904168
2019,2024-07-12,0.25837,30.29658025700472
2020,2024-07-13,0.34449,40.3950494745348
2021,2024-07-14,0.31578,37.02850220055328
2022,2024-07-15,0.33492,39.27286704987429
2023,2024-07-16,0.32535,38.150684625213785
2024,2024-07-17,0.25837,30.29658025700472
2025,2024-07-18,0.28708,33.663127530986245
2026,2024-07-19,0.26794,31.41876268166523
2027,2024-07-20,0.3732,43.76159674851632
2028,2024-07-21,0.4976,58.348795664688424
2029,2024-07-22,0.54545,63.959707787990965
2030,2024-07-23,0.7177,84.1578188274656
2031,2024-07-24,0.34449,40.3950494745348
2032,2024-07-25,0.42105,49.37250887181885
2033,2024-07-26,0.28708,33.663127530986245
2034,2024-07-27,0.25837,30.29658025700472
2035,2024-07-28,0.36363,42.63941432385582
2036,2024-07-29,1.76076,206.4674948845595
2037,2024-07-30,1.40669,164.94909038094968
2038,2024-07-31,0.83253,97.62283531897721
2039,2024-08-01,0.54545,63.959707787990965
2040,2024-08-02,0.5933,69.5706199112935
2041,2024-08-03,0.56459,66.20407263731198
2042,2024-08-04,0.52631,61.71534293866994
2043,2024-08-05,0.57416,67.32625506197249
2044,2024-08-06,0.38277,44.883779173176826
2045,2024-08-07,0.39234,46.005961597837334
2046,2024-08-08,0.51674,60.59316051400944
2047,2024-08-09,0.54545,63.959707787990965
2048,2024-08-10,0.42105,49.37250887181885
2049,2024-08-11,0.50717,59.47097808934893
2050,2024-08-12,0.54545,63.959707787990965
2051,2024-08-13,0.7177,84.1578188274656
2052,2024-08-14,0.622,72.93599458086054
2053,2024-08-15,0.55502,65.08189021265146
2054,2024-08-16,0.50717,59.47097808934893
2055,2024-08-17,0.58373,68.44843748663298
2056,2024-08-18,1.36842,160.46153328672213
2057,2024-08-19,1.07177,125.67622333107538
2058,2024-08-20,0.622,72.93599458086054
2059,2024-08-21,0.80382,94.25628804499569
2060,2024-08-22,0.60287,70.692802335954
2061,2024-08-23,0.83253,97.62283531897721
2062,2024-08-24,0.70813,83.0356364028051
2063,2024-08-25,0.91866,107.72247714092177
2064,2024-08-26,0.93779,109.96566938582829
2065,2024-08-27,0.85167,99.86720016829823
2066,2024-08-28,0.89952,105.47811229160075
2067,2024-08-29,0.85167,99.86720016829823
2068,2024-08-30,0.77511,90.88974077101416
2069,2024-08-31,0.72727,85.28000125212611
2070,2024-09-01,0.90909,106.60029471626126
2071,2024-09-02,0.91866,107.72247714092177
2072,2024-09-03,0.9665,113.33221665980982
2073,2024-09-04,0.81339,95.37847046965618
2074,2024-09-05,1.07177,125.67622333107538
2075,2024-09-06,1.311,153.72843873875908
2076,2024-09-07,1.42583,167.1934552302707
2077,2024-09-08,1.61722,189.63593111906636
2078,2024-09-09,1.54066,180.6584717217823
2079,2024-09-10,1.21531,142.5077870965685
2080,2024-09-11,1.27272,149.23970904011708
2081,2024-09-12,1.32057,154.85062116341962
2082,2024-09-13,1.50239,176.17091462755474
2083,2024-09-14,1.36842,160.46153328672213
2084,2024-09-15,1.12918,132.40814527462396
2085,2024-09-16,1.28229,150.36189146477759
2086,2024-09-17,1.10047,129.04159800064244
2087,2024-09-18,1.34928,158.21716843740114
2088,2024-09-19,1.08133,126.79723315132141
2089,2024-09-20,1.45454,170.56000250425222
2090,2024-09-21,2.18181,255.84000375637834
2091,2024-09-22,2.44019,286.1377566177975
2092,2024-09-23,2.36363,277.1602972205135
2093,2024-09-24,1.81818,213.20058943252252
2094,2024-09-25,1.67464,196.36902566702938
2095,2024-09-26,1.46411,171.68218492891273
2096,2024-09-27,1.58851,186.26938384508486
2097,2024-09-28,1.63636,191.88029596838737
2098,2024-09-29,1.50239,176.17091462755474
2099,2024-09-30,1.56937,184.02501899576382
