,date,앤더슨벨,앤더슨벨_absolute
0,2019-01-01,5.66604,2591.244484685073
1,2019-01-02,5.29832,2423.0754597737778
2,2019-01-03,6.04049,2762.491333858451
3,2019-01-04,5.60774,2564.5822031873886
4,2019-01-05,5.75125,2630.2134899409507
5,2019-01-06,6.16605,2819.9135648164142
6,2019-01-07,5.7916,2648.6667156430362
7,2019-01-08,5.85887,2679.4312383934516
8,2019-01-09,5.88802,2692.762379142294
9,2019-01-10,5.22881,2391.2865200327137
10,2019-01-11,4.78934,2190.3041383897057
11,2019-01-12,4.41713,2020.0817062069764
12,2019-01-13,5.45976,2496.906655742666
13,2019-01-14,4.58306,2095.966309447298
14,2019-01-15,4.17273,1908.3104952629956
15,2019-01-16,4.17722,1910.3639025344298
16,2019-01-17,4.11219,1880.6237967746629
17,2019-01-18,3.77586,1726.8103296028585
18,2019-01-19,4.02251,1839.6105308276242
19,2019-01-20,5.59878,2560.484535224794
20,2019-01-21,5.6212,2570.737851711554
21,2019-01-22,5.03598,2303.0997663243347
22,2019-01-23,4.42386,2023.159530469059
23,2019-01-24,3.58528,1639.652566175265
24,2019-01-25,3.2781,1499.1702397523027
25,2019-01-26,3.40366,1556.5924707102658
26,2019-01-27,3.97318,1817.0504905826713
27,2019-01-28,3.78483,1730.9125708555896
28,2019-01-29,3.34312,1528.905772221933
29,2019-01-30,3.34088,1527.8813552312843
30,2019-01-31,3.09199,1414.0567370158699
31,2019-02-01,3.41039,1559.6702949723485
32,2019-02-02,3.33191,1523.7791139785534
33,2019-02-03,3.80053,1738.0926363704034
34,2019-02-04,3.58976,1641.7014001565622
35,2019-02-05,4.02251,1839.6105308276242
36,2019-02-06,4.5696,2089.810660923133
37,2019-02-07,5.91044,2703.015695629054
38,2019-02-08,5.33195,2438.4554345039173
39,2019-02-09,4.87454,2229.2685703554466
40,2019-02-10,5.55169,2538.9489119704895
41,2019-02-11,5.85663,2678.406821402803
42,2019-02-12,5.17724,2367.702062797112
43,2019-02-13,3.76465,1721.6836713594787
44,2019-02-14,3.64582,1667.339264663598
45,2019-02-15,3.31621,1516.5990484637393
46,2019-02-16,3.81847,1746.2971188758659
47,2019-02-17,4.69068,2145.1840578997994
48,2019-02-18,4.50234,2059.0507114628545
49,2019-02-19,4.18395,1913.4417267965125
50,2019-02-20,4.06062,1857.039339539061
51,2019-02-21,3.75793,1718.6104203875327
52,2019-02-22,3.31173,1514.550214482442
53,2019-02-23,3.52025,1609.912460415498
54,2019-02-24,3.93955,1801.670515852532
55,2019-02-25,3.77586,1726.8103296028585
56,2019-02-26,3.47092,1587.3524201705447
57,2019-02-27,3.98439,1822.1771488260508
58,2019-02-28,6.47323,2960.3958912393764
59,2019-03-01,5.92165,2708.1423538724334
60,2019-03-02,4.96199,2269.2619926019734
61,2019-03-03,5.25348,2402.5688268002586
62,2019-03-04,4.11219,1880.6237967746629
63,2019-03-05,3.85883,1764.754917868088
64,2019-03-06,3.76465,1721.6836713594787
65,2019-03-07,4.56512,2087.7618269418363
66,2019-03-08,3.68842,1686.8214806464684
67,2019-03-09,3.87228,1770.905993102116
68,2019-03-10,4.97096,2273.3642338547047
69,2019-03-11,4.13237,1889.8526962707738
70,2019-03-12,4.5001,2058.026294472206
71,2019-03-13,3.87004,1769.8815761114677
72,2019-03-14,3.36554,1539.1590887086927
73,2019-03-15,3.19065,1459.1768175057762
74,2019-03-16,3.48214,1592.4836517040612
75,2019-03-17,3.81398,1744.2437116044318
76,2019-03-18,3.85883,1764.754917868088
77,2019-03-19,3.41935,1563.767962934943
78,2019-03-20,3.88797,1778.0814853267932
79,2019-03-21,3.33415,1524.8035309692018
80,2019-03-22,2.83862,1298.183284819158
81,2019-03-23,2.93055,1340.2255410469818
82,2019-03-24,3.77362,1725.7859126122098
83,2019-03-25,3.43505,1570.9480284497567
84,2019-03-26,3.29379,1506.3457319769798
85,2019-03-27,3.29379,1506.3457319769798
86,2019-03-28,2.86553,1310.4900085773515
87,2019-03-29,2.88123,1317.6700740921654
88,2019-03-30,2.75118,1258.1944358627682
89,2019-03-31,3.50904,1604.7858021721183
90,2019-04-01,3.45523,1580.1769279458676
91,2019-04-02,3.3476,1530.9546062032302
92,2019-04-03,3.20186,1464.303475749156
93,2019-04-04,2.92159,1336.1278730843874
94,2019-04-05,2.86777,1311.5144255680002
95,2019-04-06,2.6301,1202.8210388861023
96,2019-04-07,3.80501,1740.1414703517005
97,2019-04-08,3.16599,1447.899084028368
98,2019-04-09,3.13684,1434.5679432795257
99,2019-04-10,2.9754,1360.7367473106378
100,2019-04-11,3.01576,1379.1945463028599
101,2019-04-12,2.59198,1185.3876568845287
102,2019-04-13,2.81844,1288.9543853230468
103,2019-04-14,3.30052,1509.4235562390625
104,2019-04-15,3.07181,1404.8278375197588
105,2019-04-16,3.01127,1377.1411390314258
106,2019-04-17,2.89468,1323.8211493261938
107,2019-04-18,2.81844,1288.9543853230468
108,2019-04-19,2.59871,1188.4654811466114
109,2019-04-20,2.9597,1353.556681795824
110,2019-04-21,3.89022,1779.1104756075786
111,2019-04-22,4.24224,1940.0994350040598
112,2019-04-23,3.49783,1599.6591439287383
113,2019-04-24,3.20859,1467.3813000112386
114,2019-04-25,3.018,1380.2189632935083
115,2019-04-26,2.71306,1240.7610538611948
116,2019-04-27,2.7736,1268.4477523495277
117,2019-04-28,4.8454,2215.942002896741
118,2019-04-29,4.65705,2129.80408316966
119,2019-04-30,3.81174,1743.2192946137832
120,2019-05-01,3.45299,1579.152510955219
121,2019-05-02,3.4485,1577.0991036837852
122,2019-05-03,3.00903,1376.1167220407772
123,2019-05-04,2.54041,1161.803199648927
124,2019-05-05,2.54938,1165.9054409016583
125,2019-05-06,2.80723,1283.8277270796673
126,2019-05-07,2.8745,1314.5922498300827
127,2019-05-08,2.6727,1222.3032548689728
128,2019-05-09,4.94629,2262.08192708716
129,2019-05-10,3.39245,1551.4658124668863
130,2019-05-11,2.88347,1318.694491082814
131,2019-05-12,3.43505,1570.9480284497567
132,2019-05-13,3.66824,1677.5925811503575
133,2019-05-14,3.98439,1822.1771488260508
134,2019-05-15,3.71981,1701.1770383859593
135,2019-05-16,3.50456,1602.736968190821
136,2019-05-17,2.81396,1286.9055513417497
137,2019-05-18,2.98212,1363.8099982825836
138,2019-05-19,3.36778,1540.1835056993414
139,2019-05-20,3.41039,1559.6702949723485
140,2019-05-21,3.15926,1444.8212597662855
141,2019-05-22,3.1772,1453.0257422717477
142,2019-05-23,2.86553,1310.4900085773515
143,2019-05-24,2.81172,1285.8811343511013
144,2019-05-25,2.54041,1161.803199648927
145,2019-05-26,2.80723,1283.8277270796673
146,2019-05-27,3.02024,1381.243380284157
147,2019-05-28,3.02697,1384.3212045462396
148,2019-05-29,2.87674,1315.6166668207313
149,2019-05-30,2.70185,1235.634395617815
150,2019-05-31,2.33637,1068.4897876971684
151,2019-06-01,2.62337,1199.7432146240196
152,2019-06-02,3.2198,1472.5079582546184
153,2019-06-03,3.8364,1754.4970280911914
154,2019-06-04,4.24897,1943.1772592661425
155,2019-06-05,4.02026,1838.581540546839
156,2019-06-06,4.11668,1882.6772040460967
157,2019-06-07,3.48214,1592.4836517040612
158,2019-06-08,2.91037,1330.9966415508707
159,2019-06-09,3.25119,1486.863515994109
160,2019-06-10,3.45299,1579.152510955219
161,2019-06-11,3.37675,1544.2857469520723
162,2019-06-12,3.08975,1413.0323200252212
163,2019-06-13,2.75342,1259.2188528534168
164,2019-06-14,3.11441,1424.3100535026292
165,2019-06-15,3.1615,1445.8456767569342
166,2019-06-16,3.16823,1448.9235010190166
167,2019-06-17,3.33639,1525.8279479598505
168,2019-06-18,3.30052,1509.4235562390625
169,2019-06-19,2.88571,1319.7189080734627
170,2019-06-20,2.86329,1309.465591586703
171,2019-06-21,5.00683,2289.7686255754925
172,2019-06-22,4.63911,2121.599600664197
173,2019-06-23,3.77811,1727.8393198836438
174,2019-06-24,3.67945,1682.7192393937373
175,2019-06-25,3.28258,1501.2190737336
176,2019-06-26,3.25119,1486.863515994109
177,2019-06-27,2.75342,1259.2188528534168
178,2019-06-28,2.52472,1154.6277074242498
179,2019-06-29,2.46418,1126.941008935917
180,2019-06-30,2.7579,1261.267686834714
181,2019-07-01,2.89019,1321.7677420547598
182,2019-07-02,2.83862,1298.183284819158
183,2019-07-03,2.56283,1172.0565161356865
184,2019-07-04,2.52472,1154.6277074242498
185,2019-07-05,2.39243,1094.1276522042042
186,2019-07-06,2.50454,1145.398807928139
187,2019-07-07,2.69736,1233.580988346381
188,2019-07-08,2.91037,1330.9966415508707
189,2019-07-09,2.60319,1190.5143151279087
190,2019-07-10,2.76015,1262.2966771154993
191,2019-07-11,2.19511,1003.8874912243914
192,2019-07-12,2.16821,991.5853407563346
193,2019-07-13,2.24668,1027.4719484599932
194,2019-07-14,2.48884,1138.2187424133253
195,2019-07-15,2.62561,1200.767631614668
196,2019-07-16,2.55611,1168.9832651637407
197,2019-07-17,2.30722,1055.1586469483261
198,2019-07-18,2.29377,1049.0075717142977
199,2019-07-19,2.10991,964.9230592586503
200,2019-07-20,2.06058,942.3630190136969
201,2019-07-21,2.62561,1200.767631614668
202,2019-07-22,2.56956,1175.1343403977692
203,2019-07-23,5.56066,2543.051153223221
204,2019-07-24,8.78943,4019.66135273057
205,2019-07-25,6.08982,2785.0513741034038
206,2019-07-26,4.45301,2036.490671217901
207,2019-07-27,3.89246,1780.134892598227
208,2019-07-28,3.67497,1680.6704054124402
209,2019-07-29,3.94179,1802.6949328431804
210,2019-07-30,3.80277,1739.117053361052
211,2019-07-31,2.9754,1360.7367473106378
212,2019-08-01,2.93504,1342.2789483184158
213,2019-08-02,2.61889,1197.6943806427223
214,2019-08-03,2.76239,1263.321094106148
215,2019-08-04,2.99558,1369.9656468067487
216,2019-08-05,4.56512,2087.7618269418363
217,2019-08-06,4.71983,2158.515198648641
218,2019-08-07,4.02475,1840.634947818273
219,2019-08-08,3.20859,1467.3813000112386
220,2019-08-09,2.96419,1355.6100890672578
221,2019-08-10,2.39915,1097.20090317615
222,2019-08-11,2.83638,1297.1588678285095
223,2019-08-12,3.42384,1565.8213702063772
224,2019-08-13,3.32294,1519.676872725822
225,2019-08-14,3.24222,1482.761274741378
226,2019-08-15,3.24222,1482.761274741378
227,2019-08-16,3.03818,1389.4478627896194
228,2019-08-17,2.9171,1334.0744658129533
229,2019-08-18,2.96419,1355.6100890672578
230,2019-08-19,6.35664,2907.075901534144
231,2019-08-20,5.80282,2653.7979471765525
232,2019-08-21,4.8297,2208.7619373819275
233,2019-08-22,4.50682,2061.0995454441518
234,2019-08-23,3.89246,1780.134892598227
235,2019-08-24,3.7512,1715.53259612545
236,2019-08-25,6.01358,2750.184610100257
237,2019-08-26,7.49344,3426.967524288306
238,2019-08-27,9.78945,4476.999512993252
239,2019-08-28,7.39926,3383.896277779697
240,2019-08-29,6.28713,2875.28696179308
241,2019-08-30,5.14361,2352.3220880669724
242,2019-08-31,5.26917,2409.7443190249355
243,2019-09-01,5.46424,2498.955489723963
244,2019-09-02,5.14361,2352.3220880669724
245,2019-09-03,5.79609,2650.7201229144703
246,2019-09-04,5.07858,2322.581982307205
247,2019-09-05,4.59651,2102.1173846813267
248,2019-09-06,4.06735,1860.1171638011438
249,2019-09-07,4.12116,1884.7260380273938
250,2019-09-08,4.601,2104.1707919527607
251,2019-09-09,3.98215,1821.1527318354024
252,2019-09-10,3.98215,1821.1527318354024
253,2019-09-11,3.34312,1528.905772221933
254,2019-09-12,4.33417,1982.141691231884
255,2019-09-13,5.64138,2579.966751207665
256,2019-09-14,4.55167,2081.6107517078076
257,2019-09-15,6.22211,2845.5514293234496
258,2019-09-16,5.42837,2482.551098003175
259,2019-09-17,6.86562,3139.847222918216
260,2019-09-18,6.10551,2792.226866328081
261,2019-09-19,5.42388,2480.497690731741
262,2019-09-20,5.27366,2411.7977262963695
263,2019-09-21,4.63463,2119.5507666829
264,2019-09-22,6.25798,2861.955821044238
265,2019-09-23,5.01132,2291.822032846927
266,2019-09-24,4.89248,2237.4730528609093
267,2019-09-25,5.74228,2626.11124868822
268,2019-09-26,6.47323,2960.3958912393764
269,2019-09-27,4.60548,2106.219625934058
270,2019-09-28,4.48888,2052.895062938689
271,2019-09-29,5.2333,2393.3399273041473
272,2019-09-30,5.21087,2383.082037527251
273,2019-10-01,4.90818,2244.653118375723
274,2019-10-02,4.71086,2154.4129573959103
275,2019-10-03,4.61445,2110.321867186789
276,2019-10-04,4.23552,1937.0261840321143
277,2019-10-05,4.2557,1946.2550835282252
278,2019-10-06,4.32296,1977.0150329885041
279,2019-10-07,4.36332,1995.472831980726
280,2019-10-08,4.08305,1867.2972293159573
281,2019-10-09,4.30727,1969.839540763827
282,2019-10-10,4.56512,2087.7618269418363
283,2019-10-11,3.85883,1764.754917868088
284,2019-10-12,3.71308,1698.099214123877
285,2019-10-13,3.94403,1803.719349833829
286,2019-10-14,4.20861,1924.7194602739207
287,2019-10-15,4.00905,1833.4548823034593
288,2019-10-16,3.71308,1698.099214123877
289,2019-10-17,4.16601,1905.23724429105
290,2019-10-18,4.68171,2141.081816647068
291,2019-10-19,4.04269,1848.8394303237355
292,2019-10-20,4.38574,2005.7261484674857
293,2019-10-21,5.34765,2445.635500018731
294,2019-10-22,4.96423,2270.286409592622
295,2019-10-23,5.20415,2380.0087865553055
296,2019-10-24,5.75797,2633.2867409128967
297,2019-10-25,4.81625,2202.6108621478993
298,2019-10-26,4.66826,2134.9307414130394
299,2019-10-27,4.92836,2253.882017871834
300,2019-10-28,10.84329,4958.951120772322
301,2019-10-29,6.17502,2824.015806069145
302,2019-10-30,5.35886,2450.762158262111
303,2019-10-31,4.94854,2263.110917367945
304,2019-11-01,4.41938,2021.110696487762
305,2019-11-02,4.62566,2115.448525430169
306,2019-11-03,5.02477,2297.973108080955
307,2019-11-04,4.92836,2253.882017871834
308,2019-11-05,4.84988,2217.9908368780384
309,2019-11-06,4.61669,2111.346284177438
310,2019-11-07,4.39695,2010.8528067108655
311,2019-11-08,3.83865,1755.5260183719768
312,2019-11-09,4.20188,1921.641636011838
313,2019-11-10,5.13464,2348.219846814241
314,2019-11-11,4.97544,2275.4130678360016
315,2019-11-12,4.78486,2188.2553044084084
316,2019-11-13,4.6279,2116.4729424208176
317,2019-11-14,4.32072,1975.9906159978552
318,2019-11-15,3.94627,1804.7437668244777
319,2019-11-16,3.65927,1673.4903398976262
320,2019-11-17,5.06737,2317.4553240638256
321,2019-11-18,5.15033,2355.3953390389183
322,2019-11-19,4.46646,2042.6417464519295
323,2019-11-20,4.12565,1886.779445298828
324,2019-11-21,3.95076,1806.7971740959115
325,2019-11-22,4.21309,1926.7682942552178
326,2019-11-23,3.85658,1763.7259275873025
327,2019-11-24,4.40144,2012.9062139822995
328,2019-11-25,5.31402,2430.255525288592
329,2019-11-26,31.7025,14498.47305626655
330,2019-11-27,10.7536,4917.933281535146
331,2019-11-28,7.17504,3281.353966331827
332,2019-11-29,5.84542,2673.2801631594234
333,2019-11-30,5.1167,2340.0153643087788
334,2019-12-01,6.19296,2832.220288574608
335,2019-12-02,6.07188,2776.8468915979415
336,2019-12-03,6.95979,3182.913896136689
337,2019-12-04,4.41041,2017.0084552350304
338,2019-12-05,3.95524,1808.8460080772088
339,2019-12-06,3.42608,1566.8457871970254
340,2019-12-07,3.55389,1625.2970084357742
341,2019-12-08,3.93282,1798.5926915904492
342,2019-12-09,4.01802,1837.5571235561904
343,2019-12-10,3.55389,1625.2970084357742
344,2019-12-11,3.50232,1601.7125512001724
345,2019-12-12,3.5651,1630.4236666791542
346,2019-12-13,7.2311,3306.991830838863
347,2019-12-14,4.52476,2069.304027949614
348,2019-12-15,4.59651,2102.1173846813267
349,2019-12-16,4.80728,2198.5086208951684
350,2019-12-17,5.06065,2314.3820730918796
351,2019-12-18,4.35884,1993.4239979994288
352,2019-12-19,4.31175,1971.888374745124
353,2019-12-20,3.73999,1710.4059378820705
354,2019-12-21,3.79156,1733.9903951176723
355,2019-12-22,4.20188,1921.641636011838
356,2019-12-23,3.98887,1824.2259828073481
357,2019-12-24,3.34312,1528.905772221933
358,2019-12-25,3.32967,1522.7546969879047
359,2019-12-26,3.70187,1692.9725558804969
360,2019-12-27,3.31173,1514.550214482442
361,2019-12-28,3.25567,1488.9123499754064
362,2019-12-29,3.50456,1602.736968190821
363,2019-12-30,3.36106,1537.1102547273954
364,2019-12-31,2.72876,1247.9411193760086
365,2020-01-01,3.0763,1406.8812447911928
366,2020-01-02,3.53819,1618.1169429209604
367,2020-01-03,3.08751,1412.0079030345726
368,2020-01-04,3.22204,1473.5323752452668
369,2020-01-05,3.68393,1684.7680733750346
370,2020-01-06,3.24895,1485.8390990034604
371,2020-01-07,3.41263,1560.6947119629972
372,2020-01-08,3.46868,1586.328003179896
373,2020-01-09,3.32518,1520.7012897164707
374,2020-01-10,3.10769,1421.2368025306835
375,2020-01-11,2.80051,1280.7544761077215
376,2020-01-12,2.84535,1301.2611090812404
377,2020-01-13,3.28258,1501.2190737336
378,2020-01-14,3.47541,1589.4058274419788
379,2020-01-15,3.56286,1629.3992496885055
380,2020-01-16,3.33639,1525.8279479598505
381,2020-01-17,3.06509,1401.754586547813
382,2020-01-18,3.05163,1395.5989380236476
383,2020-01-19,3.5068,1603.7613851814697
384,2020-01-20,3.74672,1713.483762144153
385,2020-01-21,3.19065,1459.1768175057762
386,2020-01-22,3.44178,1574.0258527118394
387,2020-01-23,3.17047,1449.947918009665
388,2020-01-24,3.31621,1516.5990484637393
389,2020-01-25,3.08751,1412.0079030345726
390,2020-01-26,3.26016,1490.9657572468404
391,2020-01-27,4.10995,1879.5993797840144
392,2020-01-28,3.81847,1746.2971188758659
393,2020-01-29,3.83865,1755.5260183719768
394,2020-01-30,3.4216,1564.7969532157285
395,2020-01-31,3.15029,1440.7190185135541
396,2020-02-01,3.34985,1531.9835964840156
397,2020-02-02,3.37451,1543.2613299614238
398,2020-02-03,3.55389,1625.2970084357742
399,2020-02-04,3.69515,1689.8993049085511
400,2020-02-05,3.90815,1787.310384822904
401,2020-02-06,3.51128,1605.8102191627668
402,2020-02-07,3.19289,1460.2012344964246
403,2020-02-08,3.09648,1416.110144287304
404,2020-02-09,4.02475,1840.634947818273
405,2020-02-10,3.62564,1658.110365167487
406,2020-02-11,3.48438,1593.50806869471
407,2020-02-12,3.23774,1480.7124407600809
408,2020-02-13,3.15702,1443.7968427756368
409,2020-02-14,8.54279,3906.8657247959413
410,2020-02-15,5.70192,2607.653449695998
411,2020-02-16,5.47994,2506.1355552387768
412,2020-02-17,4.888,2235.424218879612
413,2020-02-18,4.52476,2069.304027949614
414,2020-02-19,3.86331,1766.803751849385
415,2020-02-20,3.1189,1426.3634607740635
416,2020-02-21,3.12787,1430.4657020267946
417,2020-02-22,3.46644,1585.3035861892477
418,2020-02-23,3.39917,1554.5390634388318
419,2020-02-24,3.31173,1514.550214482442
420,2020-02-25,3.36778,1540.1835056993414
421,2020-02-26,3.08975,1413.0323200252212
422,2020-02-27,3.15477,1442.7678524948515
423,2020-02-28,3.51577,1607.8636264342008
424,2020-02-29,4.63463,2119.5507666829
425,2020-03-01,4.19516,1918.568385039892
426,2020-03-02,5.76246,2635.3401481843307
427,2020-03-03,6.88356,3148.051705423679
428,2020-03-04,5.87457,2686.6113039082657
429,2020-03-05,5.42613,2481.5266810125263
430,2020-03-06,5.30729,2427.177701026509
431,2020-03-07,5.37007,2455.8888165054905
432,2020-03-08,7.56294,3458.7518907392337
433,2020-03-09,6.56068,3000.3893134859027
434,2020-03-10,6.20193,2836.3225298273387
435,2020-03-11,5.94856,2720.449077630627
436,2020-03-12,4.77813,2185.1774801463257
437,2020-03-13,4.45301,2036.490671217901
438,2020-03-14,4.4844,2050.8462289573918
439,2020-03-15,5.10101,2332.8398720841014
440,2020-03-16,5.19069,2373.85313803114
441,2020-03-17,5.2759,2412.822143287018
442,2020-03-18,4.52028,2067.2551939683167
443,2020-03-19,4.52028,2067.2551939683167
444,2020-03-20,3.9799,1820.123741554617
445,2020-03-21,4.11892,1883.7016210367453
446,2020-03-22,5.36559,2453.8399825241936
447,2020-03-23,5.98668,2737.8824596322
448,2020-03-24,4.3835,2004.7017314768368
449,2020-03-25,4.07184,1862.1705710725776
450,2020-03-26,4.10771,1878.5749627933656
451,2020-03-27,4.54718,2079.5573444363736
452,2020-03-28,4.49785,2056.9973041914204
453,2020-03-29,4.56512,2087.7618269418363
454,2020-03-30,4.54942,2080.581761427022
455,2020-03-31,6.01582,2751.2090270909057
456,2020-04-01,4.49785,2056.9973041914204
457,2020-04-02,4.60996,2108.2684599153554
458,2020-04-03,4.23103,1934.97277676068
459,2020-04-04,3.98663,1823.2015658166995
460,2020-04-05,5.26469,2407.695485043638
461,2020-04-06,4.03596,1845.7616060616529
462,2020-04-07,4.21085,1925.7438772645692
463,2020-04-08,3.84313,1757.5748523532739
464,2020-04-09,3.82295,1748.345952857163
465,2020-04-10,3.90367,1785.261550841607
466,2020-04-11,3.9956,1827.3038070694308
467,2020-04-12,4.49337,2054.948470210123
468,2020-04-13,4.35435,1991.3705907279948
469,2020-04-14,3.97094,1816.0260735920226
470,2020-04-15,3.92161,1793.4660333470692
471,2020-04-16,3.54492,1621.1947671830428
472,2020-04-17,3.35657,1535.0568474559614
473,2020-04-18,3.09872,1417.1345612779523
474,2020-04-19,3.6503,1669.3880986448953
475,2020-04-20,3.33639,1525.8279479598505
476,2020-04-21,3.10993,1422.2612195213321
477,2020-04-22,3.42832,1567.870204187674
478,2020-04-23,4.40592,2014.9550479635966
479,2020-04-24,3.28258,1501.2190737336
480,2020-04-25,3.01352,1378.1701293122112
481,2020-04-26,3.73326,1707.3281136199878
482,2020-04-27,3.24222,1482.761274741378
483,2020-04-28,3.28482,1502.2434907242484
484,2020-04-29,2.81172,1285.8811343511013
485,2020-04-30,2.73997,1253.0677776193884
486,2020-05-01,2.98885,1366.887822544666
487,2020-05-02,3.0606,1399.701179276379
488,2020-05-03,3.48886,1595.5569026760072
489,2020-05-04,3.82071,1747.3215358665145
490,2020-05-05,3.73102,1706.3036966293391
491,2020-05-06,3.21531,1470.4545509831844
492,2020-05-07,2.94849,1348.4300235524443
493,2020-05-08,3.11217,1423.2856365119808
494,2020-05-09,3.39469,1552.490229457535
495,2020-05-10,3.25119,1486.863515994109
496,2020-05-11,2.92159,1336.1278730843874
497,2020-05-12,3.10993,1422.2612195213321
498,2020-05-13,3.09423,1415.0811540065183
499,2020-05-14,4.53149,2072.3818522116967
500,2020-05-15,4.09202,1871.3994705686885
501,2020-05-16,3.33191,1523.7791139785534
502,2020-05-17,3.34088,1527.8813552312843
503,2020-05-18,3.49783,1599.6591439287383
504,2020-05-19,3.44626,1576.0746866931365
505,2020-05-20,3.58528,1639.652566175265
506,2020-05-21,4.06735,1860.1171638011438
507,2020-05-22,4.99338,2283.6175503414643
508,2020-05-23,2.85208,1304.338933343323
509,2020-05-24,3.2467,1484.8101087226753
510,2020-05-25,3.45299,1579.152510955219
511,2020-05-26,3.32294,1519.676872725822
512,2020-05-27,3.22428,1474.5567922359155
513,2020-05-28,3.00679,1375.0923050501285
514,2020-05-29,2.68615,1228.4543301030012
515,2020-05-30,3.08751,1412.0079030345726
516,2020-05-31,3.1615,1445.8456767569342
517,2020-06-01,3.52474,1611.965867686932
518,2020-06-02,3.48214,1592.4836517040612
519,2020-06-03,3.46868,1586.328003179896
520,2020-06-04,3.86555,1767.8281688400334
521,2020-06-05,2.76015,1262.2966771154993
522,2020-06-06,2.69961,1234.6099786271664
523,2020-06-07,3.1032,1419.1833952592497
524,2020-06-08,3.55164,1624.2680181549888
525,2020-06-09,4.04941,1851.912681295681
526,2020-06-10,3.4059,1557.6168877009145
527,2020-06-11,3.52474,1611.965867686932
528,2020-06-12,3.77362,1725.7859126122098
529,2020-06-13,3.2624,1491.9901742374889
530,2020-06-14,3.41711,1562.7435459442945
531,2020-06-15,3.82744,1750.399360128597
532,2020-06-16,3.44178,1574.0258527118394
533,2020-06-17,3.67272,1679.6414151316549
534,2020-06-18,3.18617,1457.127983524479
535,2020-06-19,3.45299,1579.152510955219
536,2020-06-20,3.27585,1498.1412494715175
537,2020-06-21,3.70636,1695.0259631519311
538,2020-06-22,3.65479,1671.4415059163293
539,2020-06-23,3.305,1511.4723902203596
540,2020-06-24,3.37675,1544.2857469520723
541,2020-06-25,2.74894,1257.1700188721197
542,2020-06-26,3.21083,1468.4057170018873
543,2020-06-27,2.75566,1260.2432698440655
544,2020-06-28,2.80723,1283.8277270796673
545,2020-06-29,2.83638,1297.1588678285095
546,2020-06-30,2.95746,1352.5322648051754
547,2020-07-01,2.86553,1310.4900085773515
548,2020-07-02,2.80723,1283.8277270796673
549,2020-07-03,2.731,1248.965536366657
550,2020-07-04,2.48211,1135.1409181512427
551,2020-07-05,2.66149,1217.176596625593
552,2020-07-06,2.91934,1335.098882803602
553,2020-07-07,2.82293,1291.0077925944809
554,2020-07-08,2.73772,1252.038787338603
555,2020-07-09,2.69288,1231.532154365084
556,2020-07-10,2.39243,1094.1276522042042
557,2020-07-11,2.37225,1084.8987527080933
558,2020-07-12,2.95298,1350.4834308238783
559,2020-07-13,2.89244,1322.7967323355454
560,2020-07-14,3.20186,1464.303475749156
561,2020-07-15,2.90141,1326.8989735882762
562,2020-07-16,2.96643,1356.6345060579065
563,2020-07-17,2.43054,1111.5564609156409
564,2020-07-18,2.40364,1099.2543104475842
565,2020-07-19,2.46642,1127.9654259265656
566,2020-07-20,2.81844,1288.9543853230468
567,2020-07-21,2.64579,1209.9965311107792
568,2020-07-22,2.79378,1277.6766518456388
569,2020-07-23,3.31173,1514.550214482442
570,2020-07-24,16.07883,7353.315465067118
571,2020-07-25,5.10773,2335.9131230560474
572,2020-07-26,4.69965,2149.2862991525303
573,2020-07-27,4.54494,2078.5329274457254
574,2020-07-28,4.13462,1890.8816865515591
575,2020-07-29,3.96869,1814.9970833112372
576,2020-07-30,3.68393,1684.7680733750346
577,2020-07-31,3.19962,1463.2790587585073
578,2020-08-01,3.5651,1630.4236666791542
579,2020-08-02,3.23774,1480.7124407600809
580,2020-08-03,3.18392,1456.0989932436937
581,2020-08-04,3.67497,1680.6704054124402
582,2020-08-05,3.34985,1531.9835964840156
583,2020-08-06,2.77584,1269.4721693401764
584,2020-08-07,2.68615,1228.4543301030012
585,2020-08-08,2.48211,1135.1409181512427
586,2020-08-09,2.77808,1270.496586330825
587,2020-08-10,2.84983,1303.3099430625377
588,2020-08-11,2.85432,1305.3633503339718
589,2020-08-12,2.88347,1318.694491082814
590,2020-08-13,3.34088,1527.8813552312843
591,2020-08-14,6.70418,3066.0160269493285
592,2020-08-15,3.82519,1749.3703698478116
593,2020-08-16,3.41711,1562.7435459442945
594,2020-08-17,7.42841,3397.227418528539
595,2020-08-18,6.50014,2972.70261499757
596,2020-08-19,3.91712,1791.4126260756354
597,2020-08-20,3.84986,1760.6526766153565
598,2020-08-21,3.25343,1487.8879329847578
599,2020-08-22,3.70636,1695.0259631519311
600,2020-08-23,4.0965,1873.4483045499858
601,2020-08-24,3.73326,1707.3281136199878
602,2020-08-25,3.47092,1587.3524201705447
603,2020-08-26,3.19065,1459.1768175057762
604,2020-08-27,3.31173,1514.550214482442
605,2020-08-28,3.23325,1478.6590334886469
606,2020-08-29,3.41935,1563.767962934943
607,2020-08-30,3.56286,1629.3992496885055
608,2020-08-31,12.28502,5618.29607966866
609,2020-09-01,8.91948,4079.1369909599675
610,2020-09-02,7.50241,3431.069765541037
611,2020-09-03,6.48669,2966.5515397635413
612,2020-09-04,5.78936,2647.6422986523876
613,2020-09-05,5.50909,2519.466695987619
614,2020-09-06,7.7782,3557.1965342245085
615,2020-09-07,6.83423,3125.4916651787253
616,2020-09-08,6.01134,2749.1601931096084
617,2020-09-09,5.78488,2645.5934646710907
618,2020-09-10,5.27366,2411.7977262963695
619,2020-09-11,4.76019,2176.972997640863
620,2020-09-12,5.63017,2574.840092964285
621,2020-09-13,5.7647,2636.3645651749794
622,2020-09-14,5.18621,2371.804304049843
623,2020-09-15,5.43285,2484.5999319844723
624,2020-09-16,5.69967,2606.6244594152126
625,2020-09-17,11.03836,5048.162291471349
626,2020-09-18,9.1437,4181.679302407838
627,2020-09-19,6.36337,2910.153725796227
628,2020-09-20,6.21762,2843.498022052016
629,2020-09-21,7.54501,3450.551981523908
630,2020-09-22,6.92167,3165.4805141351153
631,2020-09-23,5.85663,2678.406821402803
632,2020-09-24,5.175,2366.6776458064633
633,2020-09-25,4.71759,2157.490781657993
634,2020-09-26,4.82522,2206.71310340063
635,2020-09-27,4.83418,2210.810771363225
636,2020-09-28,4.34763,1988.2973397560488
637,2020-09-29,4.82746,2207.7375203912793
638,2020-09-30,4.53373,2073.4062692023454
639,2020-10-01,4.28933,1961.6350582583643
640,2020-10-02,4.7445,2169.7975054161866
641,2020-10-03,4.71983,2158.515198648641
642,2020-10-04,5.42837,2482.551098003175
643,2020-10-05,4.82073,2204.6596961291966
644,2020-10-06,4.64584,2124.67742492628
645,2020-10-07,4.47992,2048.797394976095
646,2020-10-08,4.08753,1869.3460632972547
647,2020-10-09,4.12341,1885.7550283081794
648,2020-10-10,4.68844,2144.1596409091508
649,2020-10-11,5.3342,2439.4844247847027
650,2020-10-12,4.7871,2189.279721399057
651,2020-10-13,4.61893,2112.3707011680863
652,2020-10-14,4.59875,2103.1418016719754
653,2020-10-15,4.91266,2246.70195235702
654,2020-10-16,4.34314,1986.243932484615
655,2020-10-17,3.9799,1820.123741554617
656,2020-10-18,4.41489,2019.0572892163277
657,2020-10-19,4.38126,2003.6773144861884
658,2020-10-20,4.13462,1890.8816865515591
659,2020-10-21,4.23103,1934.97277676068
660,2020-10-22,4.17722,1910.3639025344298
661,2020-10-23,4.66826,2134.9307414130394
662,2020-10-24,4.21534,1927.7972845360034
663,2020-10-25,4.9889,2281.568716360167
664,2020-10-26,4.83194,2209.786354372576
665,2020-10-27,4.05838,1856.0149225484122
666,2020-10-28,4.67275,2136.9841486844734
667,2020-10-29,6.58759,3012.6960372440963
668,2020-10-30,3.41935,1563.767962934943
669,2020-10-31,3.58528,1639.652566175265
670,2020-11-01,4.01354,1835.508289574893
671,2020-11-02,4.03596,1845.7616060616529
672,2020-11-03,4.05166,1852.9416715764667
673,2020-11-04,5.62568,2572.786685692851
674,2020-11-05,6.15484,2814.7869065730342
675,2020-11-06,3.97094,1816.0260735920226
676,2020-11-07,4.1391,1892.9305205328565
677,2020-11-08,4.95302,2265.1597513492425
678,2020-11-09,4.31624,1973.9417820165581
679,2020-11-10,4.24448,1941.1238519947087
680,2020-11-11,4.10995,1879.5993797840144
681,2020-11-12,3.79829,1737.068219379755
682,2020-11-13,3.67945,1682.7192393937373
683,2020-11-14,3.76241,1720.65925436883
684,2020-11-15,4.4418,2031.3640129745213
685,2020-11-16,3.69515,1689.8993049085511
686,2020-11-17,3.3633,1538.134671718044
687,2020-11-18,3.48214,1592.4836517040612
688,2020-11-19,3.15029,1440.7190185135541
689,2020-11-20,3.96421,1812.94824932994
690,2020-11-21,4.39471,2009.8283897202168
691,2020-11-22,4.33193,1981.117274241235
692,2020-11-23,4.07408,1863.1949880632264
693,2020-11-24,3.72878,1705.2792796386905
694,2020-11-25,4.02251,1839.6105308276242
695,2020-11-26,8.24009,3768.4322323542765
696,2020-11-27,4.73328,2164.6662738826694
697,2020-11-28,4.39471,2009.8283897202168
698,2020-11-29,5.34316,2443.582092747297
699,2020-11-30,4.60324,2105.1952089434094
700,2020-12-01,4.25345,1945.2260932474398
701,2020-12-02,4.05166,1852.9416715764667
702,2020-12-03,3.25792,1489.9413402561918
703,2020-12-04,3.21756,1471.48354126397
704,2020-12-05,3.16823,1448.9235010190166
705,2020-12-06,3.26688,1494.0390082187862
706,2020-12-07,17.74479,8115.207308701462
707,2020-12-08,5.10549,2334.8887060653988
708,2020-12-09,4.74001,2167.744098144752
709,2020-12-10,5.17276,2365.6532288158146
710,2020-12-11,4.89248,2237.4730528609093
711,2020-12-12,3.92161,1793.4660333470692
712,2020-12-13,4.63911,2121.599600664197
713,2020-12-14,8.79391,4021.7101867118677
714,2020-12-15,7.99345,3655.636604419647
715,2020-12-16,6.08533,2782.9979668319697
716,2020-12-17,4.86782,2226.195319383501
717,2020-12-18,3.99112,1825.2549730881335
718,2020-12-19,4.3992,2011.881796991651
719,2020-12-20,4.78037,2186.2018971369744
720,2020-12-21,4.08753,1869.3460632972547
721,2020-12-22,3.37451,1543.2613299614238
722,2020-12-23,3.1772,1453.0257422717477
723,2020-12-24,2.74894,1257.1700188721197
724,2020-12-25,2.65476,1214.0987723635103
725,2020-12-26,2.88123,1317.6700740921654
726,2020-12-27,3.45523,1580.1769279458676
727,2020-12-28,3.20634,1466.352309730453
728,2020-12-29,2.86553,1310.4900085773515
729,2020-12-30,3.06957,1403.8034205291103
730,2020-12-31,2.78481,1273.5744105929075
731,2021-01-01,3.32518,1520.7012897164707
732,2021-01-02,3.46196,1583.2547522079503
733,2021-01-03,3.26016,1490.9657572468404
734,2021-01-04,2.8745,1314.5922498300827
735,2021-01-05,3.19065,1459.1768175057762
736,2021-01-06,2.87674,1315.6166668207313
737,2021-01-07,2.8319,1295.1100338472122
738,2021-01-08,2.64355,1208.9721141201305
739,2021-01-09,2.62561,1200.767631614668
740,2021-01-10,3.36554,1539.1590887086927
741,2021-01-11,3.29828,1508.3991392484138
742,2021-01-12,3.24895,1485.8390990034604
743,2021-01-13,3.3207,1518.6524557351734
744,2021-01-14,3.52698,1612.9902846775806
745,2021-01-15,3.37899,1545.310163942721
746,2021-01-16,3.17047,1449.947918009665
747,2021-01-17,3.19065,1459.1768175057762
748,2021-01-18,2.8745,1314.5922498300827
749,2021-01-19,2.69064,1230.5077373744352
750,2021-01-20,2.9597,1353.556681795824
751,2021-01-21,3.08527,1410.983486043924
752,2021-01-22,2.97988,1362.785581291935
753,2021-01-23,2.63683,1205.8988631481848
754,2021-01-24,3.44626,1576.0746866931365
755,2021-01-25,3.95076,1806.7971740959115
756,2021-01-26,3.47317,1588.3814104513303
757,2021-01-27,3.16599,1447.899084028368
758,2021-01-28,3.05612,1397.6523452950817
759,2021-01-29,2.95746,1352.5322648051754
760,2021-01-30,3.40814,1558.6413046915632
761,2021-01-31,4.3252,1978.0394499791526
762,2021-02-01,3.56286,1629.3992496885055
763,2021-02-02,3.31621,1516.5990484637393
764,2021-02-03,3.02697,1384.3212045462396
765,2021-02-04,3.12787,1430.4657020267946
766,2021-02-05,3.18168,1455.074576253045
767,2021-02-06,3.25343,1487.8879329847578
768,2021-02-07,3.34536,1529.9301892125816
769,2021-02-08,3.01576,1379.1945463028599
770,2021-02-09,3.31846,1517.6280387445247
771,2021-02-10,2.5292,1156.6765414055471
772,2021-02-11,2.68167,1226.405496121704
773,2021-02-12,2.9754,1360.7367473106378
774,2021-02-13,2.98885,1366.887822544666
775,2021-02-14,3.51577,1607.8636264342008
776,2021-02-15,12.07874,5523.958250726253
777,2021-02-16,4.81849,2203.6352791385475
778,2021-02-17,4.06959,1861.1415807917922
779,2021-02-18,4.03372,1844.737189071004
780,2021-02-19,4.14807,1897.0327617855874
781,2021-02-20,3.8947,1781.1593095888757
782,2021-02-21,4.1391,1892.9305205328565
783,2021-02-22,6.40597,2929.6359417790973
784,2021-02-23,5.14809,2354.3709220482697
785,2021-02-24,4.86557,2225.1663291027157
786,2021-02-25,4.2826,1958.557233996282
787,2021-02-26,4.04493,1849.863847314384
788,2021-02-27,4.31848,1974.9661990072068
789,2021-02-28,7.80959,3571.5520919639994
790,2021-03-01,5.89923,2697.889037385674
791,2021-03-02,4.51131,2063.1529527155853
792,2021-03-03,4.08977,1870.370480287903
793,2021-03-04,4.03372,1844.737189071004
794,2021-03-05,3.51801,1608.8880434248492
795,2021-03-06,3.63685,1663.2370234108666
796,2021-03-07,4.55391,2082.6351686984563
797,2021-03-08,4.16601,1905.23724429105
798,2021-03-09,3.8521,1761.6770936060052
799,2021-03-10,4.0539,1853.966088567115
800,2021-03-11,3.65703,1672.4659229069778
801,2021-03-12,3.90591,1786.2859678322557
802,2021-03-13,4.23552,1937.0261840321143
803,2021-03-14,4.14359,1894.9839278042903
804,2021-03-15,4.19964,1920.6172190211892
805,2021-03-16,4.65929,2130.8285001603085
806,2021-03-17,4.12565,1886.779445298828
807,2021-03-18,5.25348,2402.5688268002586
808,2021-03-19,6.41494,2933.7381830318286
809,2021-03-20,36.61965,16747.228415895006
810,2021-03-21,21.93995,10033.775693741354
811,2021-03-22,7.82304,3577.7031671980276
812,2021-03-23,4.86557,2225.1663291027157
813,2021-03-24,4.33866,1984.1950985033177
814,2021-03-25,5.84542,2673.2801631594234
815,2021-03-26,4.92387,2251.8286106003998
816,2021-03-27,4.25345,1945.2260932474398
817,2021-03-28,4.02699,1841.6593648089215
818,2021-03-29,3.86555,1767.8281688400334
819,2021-03-30,3.75568,1717.5814301067473
820,2021-03-31,3.29155,1505.3213149863311
821,2021-04-01,3.45747,1581.2013449365163
822,2021-04-02,2.94625,1347.4056065617956
823,2021-04-03,3.29603,1507.3701489676284
824,2021-04-04,3.666,1676.5681641597089
825,2021-04-05,3.39245,1551.4658124668863
826,2021-04-06,3.76017,1719.6348373781814
827,2021-04-07,3.48886,1595.5569026760072
828,2021-04-08,3.11441,1424.3100535026292
829,2021-04-09,2.92159,1336.1278730843874
830,2021-04-10,2.9171,1334.0744658129533
831,2021-04-11,3.42608,1566.8457871970254
832,2021-04-12,3.05163,1395.5989380236476
833,2021-04-13,3.39469,1552.490229457535
834,2021-04-14,3.20634,1466.352309730453
835,2021-04-15,2.80723,1283.8277270796673
836,2021-04-16,2.48436,1136.169908432028
837,2021-04-17,2.56956,1175.1343403977692
838,2021-04-18,2.93055,1340.2255410469818
839,2021-04-19,2.56732,1174.1099234071205
840,2021-04-20,2.62113,1198.718797633371
841,2021-04-21,3.83865,1755.5260183719768
842,2021-04-22,3.02697,1384.3212045462396
843,2021-04-23,2.72651,1246.9121290952232
844,2021-04-24,2.52023,1152.574300152816
845,2021-04-25,2.80051,1280.7544761077215
846,2021-04-26,2.47763,1133.0920841699453
847,2021-04-27,2.65701,1215.127762644296
848,2021-04-28,2.35655,1077.7186871932793
849,2021-04-29,2.42157,1107.4542196629095
850,2021-04-30,2.30946,1056.1830639389748
851,2021-05-01,2.26686,1036.700847956104
852,2021-05-02,4.26018,1948.3039175095223
853,2021-05-03,4.68396,2142.1108069278534
854,2021-05-04,3.53819,1618.1169429209604
855,2021-05-05,3.42832,1567.870204187674
856,2021-05-06,4.29381,1963.6838922396616
857,2021-05-07,3.6503,1669.3880986448953
858,2021-05-08,5.17724,2367.702062797112
859,2021-05-09,4.39247,2008.8039727295684
860,2021-05-10,3.75568,1717.5814301067473
861,2021-05-11,3.40142,1555.5680537196174
862,2021-05-12,3.19513,1461.2256514870733
863,2021-05-13,3.12787,1430.4657020267946
864,2021-05-14,2.9597,1353.556681795824
865,2021-05-15,3.15702,1443.7968427756368
866,2021-05-16,3.40142,1555.5680537196174
867,2021-05-17,2.76463,1264.3455110967966
868,2021-05-18,2.73548,1251.0143703479544
869,2021-05-19,3.01576,1379.1945463028599
870,2021-05-20,2.72651,1246.9121290952232
871,2021-05-21,2.64579,1209.9965311107792
872,2021-05-22,2.72203,1244.8632951139261
873,2021-05-23,2.84983,1303.3099430625377
874,2021-05-24,4.31624,1973.9417820165581
875,2021-05-25,3.88797,1778.0814853267932
876,2021-05-26,3.21756,1471.48354126397
877,2021-05-27,2.62561,1200.767631614668
878,2021-05-28,2.70633,1237.683229599112
879,2021-05-29,6.14811,2811.7090823109515
880,2021-05-30,5.39025,2465.1177160016014
881,2021-05-31,4.00008,1829.3526410507277
882,2021-06-01,3.63012,1660.1591991487842
883,2021-06-02,3.22428,1474.5567922359155
884,2021-06-03,2.90365,1327.923390578925
885,2021-06-04,2.92159,1336.1278730843874
886,2021-06-05,3.25792,1489.9413402561918
887,2021-06-06,3.45747,1581.2013449365163
888,2021-06-07,2.94625,1347.4056065617956
889,2021-06-08,3.57631,1635.5503249225337
890,2021-06-09,3.65703,1672.4659229069778
891,2021-06-10,3.00903,1376.1167220407772
892,2021-06-11,2.39467,1095.1520691948529
893,2021-06-12,2.55162,1166.929857892307
894,2021-06-13,3.07405,1405.8522545104074
895,2021-06-14,2.6727,1222.3032548689728
896,2021-06-15,2.70409,1236.6588126084634
897,2021-06-16,2.58301,1181.2854156317974
898,2021-06-17,2.28704,1045.9297474522152
899,2021-06-18,2.26014,1033.6275969841583
900,2021-06-19,2.19511,1003.8874912243914
901,2021-06-20,2.56059,1171.032099145038
902,2021-06-21,2.60543,1191.5387321185572
903,2021-06-22,2.38121,1088.9964206706875
904,2021-06-23,2.15924,987.4830995036034
905,2021-06-24,2.16596,990.5563504755493
906,2021-06-25,2.3274,1064.3875464444372
907,2021-06-26,2.22202,1016.1942149825851
908,2021-06-27,2.62786,1201.7966218954537
909,2021-06-28,2.56956,1175.1343403977692
910,2021-06-29,2.42606,1109.5076269343435
911,2021-06-30,2.43278,1112.5808779062895
912,2021-07-01,2.3274,1064.3875464444372
913,2021-07-02,2.09197,956.7185767531877
914,2021-07-03,2.05385,939.2851947516144
915,2021-07-04,2.22426,1017.2186319732336
916,2021-07-05,2.28928,1046.9541644428639
917,2021-07-06,2.4709,1130.0142599078627
918,2021-07-07,2.07403,948.5140942477254
919,2021-07-08,2.26238,1034.652013974807
920,2021-07-09,1.82515,834.6940493224477
921,2021-07-10,1.98659,908.5252452913356
922,2021-07-11,2.51799,1151.5498831621674
923,2021-07-12,2.89019,1321.7677420547598
924,2021-07-13,2.30274,1053.109812967029
925,2021-07-14,1.91035,873.6584812881888
926,2021-07-15,1.99556,912.6274865440668
927,2021-07-16,2.33189,1066.4409537158713
928,2021-07-17,3.32294,1519.676872725822
929,2021-07-18,4.65481,2128.779666179011
930,2021-07-19,6.45978,2954.2448160053477
931,2021-07-20,3.9373,1800.6415255717463
932,2021-07-21,3.42608,1566.8457871970254
933,2021-07-22,3.09872,1417.1345612779523
934,2021-07-23,2.71754,1242.8098878424921
935,2021-07-24,2.40812,1101.303144428881
936,2021-07-25,2.72427,1245.8877121045746
937,2021-07-26,2.38794,1092.0742449327702
938,2021-07-27,2.31171,1057.2120542197604
939,2021-07-28,2.52023,1152.574300152816
940,2021-07-29,2.37225,1084.8987527080933
941,2021-07-30,2.07403,948.5140942477254
942,2021-07-31,1.9395,886.989622037031
943,2021-08-01,2.41933,1106.429802672261
944,2021-08-02,2.23099,1020.2964562353161
945,2021-08-03,2.18166,997.736415990363
946,2021-08-04,2.25117,1029.5253557314272
947,2021-08-05,2.29825,1051.056405695595
948,2021-08-06,2.14803,982.3564412602235
949,2021-08-07,4.06511,1859.0927468104949
950,2021-08-08,3.28706,1503.267907714897
951,2021-08-09,2.78033,1271.5255766116104
952,2021-08-10,2.54938,1165.9054409016583
953,2021-08-11,2.51575,1150.525466171519
954,2021-08-12,2.49781,1142.3209836660562
955,2021-08-13,4.40144,2012.9062139822995
956,2021-08-14,3.45299,1579.152510955219
957,2021-08-15,3.37227,1542.2369129707752
958,2021-08-16,5.75797,2633.2867409128967
959,2021-08-17,5.00683,2289.7686255754925
960,2021-08-18,3.91937,1792.4416163564208
961,2021-08-19,3.45747,1581.2013449365163
962,2021-08-20,3.21083,1468.4057170018873
963,2021-08-21,3.01576,1379.1945463028599
964,2021-08-22,3.22652,1475.5812092265642
965,2021-08-23,3.36106,1537.1102547273954
966,2021-08-24,2.92383,1337.152290075036
967,2021-08-25,3.06509,1401.754586547813
968,2021-08-26,2.62337,1199.7432146240196
969,2021-08-27,5.63241,2575.8645099549335
970,2021-08-28,3.8521,1761.6770936060052
971,2021-08-29,4.3252,1978.0394499791526
972,2021-08-30,8.44413,3861.7456443060346
973,2021-08-31,6.68176,3055.7627104625685
974,2021-09-01,4.87903,2231.3219776268807
975,2021-09-02,4.34538,1987.2683494752634
976,2021-09-03,4.76916,2181.075238893595
977,2021-09-04,3.96645,1813.9726663205886
978,2021-09-05,4.07856,1865.2438220445235
979,2021-09-06,3.9799,1820.123741554617
980,2021-09-07,4.26018,1948.3039175095223
981,2021-09-08,3.86331,1766.803751849385
982,2021-09-09,3.82519,1749.3703698478116
983,2021-09-10,3.18617,1457.127983524479
984,2021-09-11,3.35881,1536.08126444661
985,2021-09-12,5.30729,2427.177701026509
986,2021-09-13,4.73328,2164.6662738826694
987,2021-09-14,3.69739,1690.9237218991998
988,2021-09-15,3.55613,1626.3214254264228
989,2021-09-16,3.87901,1773.9838173641988
990,2021-09-17,4.73553,2165.6952641634552
991,2021-09-18,4.0113,1834.4838725842446
992,2021-09-19,3.94403,1803.719349833829
993,2021-09-20,3.55164,1624.2680181549888
994,2021-09-21,3.80053,1738.0926363704034
995,2021-09-22,4.59651,2102.1173846813267
996,2021-09-23,4.37229,1999.575073233457
997,2021-09-24,3.62788,1659.1347821581357
998,2021-09-25,5.50684,2518.4377057068336
999,2021-09-26,5.32074,2433.3287762605373
1000,2021-09-27,4.47992,2048.797394976095
1001,2021-09-28,4.07632,1864.2194050538747
1002,2021-09-29,3.68618,1685.7970636558198
1003,2021-09-30,3.37451,1543.2613299614238
1004,2021-10-01,3.7512,1715.53259612545
1005,2021-10-02,3.44626,1576.0746866931365
1006,2021-10-03,3.43281,1569.923611459108
1007,2021-10-04,3.36554,1539.1590887086927
1008,2021-10-05,3.25343,1487.8879329847578
1009,2021-10-06,3.22652,1475.5812092265642
1010,2021-10-07,3.4059,1557.6168877009145
1011,2021-10-08,3.1615,1445.8456767569342
1012,2021-10-09,2.73997,1253.0677776193884
1013,2021-10-10,3.04715,1393.5501040423505
1014,2021-10-11,3.57182,1633.4969176511
1015,2021-10-12,3.56734,1631.4480836698026
1016,2021-10-13,3.45971,1582.225761927165
1017,2021-10-14,3.24895,1485.8390990034604
1018,2021-10-15,3.74672,1713.483762144153
1019,2021-10-16,4.86782,2226.195319383501
1020,2021-10-17,4.51803,2066.226203687532
1021,2021-10-18,4.06287,1858.0683298198464
1022,2021-10-19,3.58079,1637.599158903831
1023,2021-10-20,3.21307,1469.4301339925357
1024,2021-10-21,3.65703,1672.4659229069778
1025,2021-10-22,3.18841,1458.1524005151277
1026,2021-10-23,3.04042,1390.472279780268
1027,2021-10-24,3.46868,1586.328003179896
1028,2021-10-25,3.32742,1521.7257067071191
1029,2021-10-26,2.98661,1365.8634055540176
1030,2021-10-27,3.71308,1698.099214123877
1031,2021-10-28,3.54268,1620.1703501923944
1032,2021-10-29,3.53371,1616.0681089396633
1033,2021-10-30,4.05166,1852.9416715764667
1034,2021-10-31,4.34314,1986.243932484615
1035,2021-11-01,3.83416,1753.4726111005427
1036,2021-11-02,3.24222,1482.761274741378
1037,2021-11-03,3.23774,1480.7124407600809
1038,2021-11-04,3.6503,1669.3880986448953
1039,2021-11-05,3.29603,1507.3701489676284
1040,2021-11-06,3.61891,1655.0325409054044
1041,2021-11-07,3.63685,1663.2370234108666
1042,2021-11-08,3.45971,1582.225761927165
1043,2021-11-09,4.04269,1848.8394303237355
1044,2021-11-10,3.66151,1674.5147568882749
1045,2021-11-11,3.60546,1648.881465671376
1046,2021-11-12,3.15702,1443.7968427756368
1047,2021-11-13,2.75566,1260.2432698440655
1048,2021-11-14,3.35209,1533.0080134746643
1049,2021-11-15,3.20186,1464.303475749156
1050,2021-11-16,2.9328,1341.2545313277672
1051,2021-11-17,3.18168,1455.074576253045
1052,2021-11-18,3.42832,1567.870204187674
1053,2021-11-19,2.92383,1337.152290075036
1054,2021-11-20,3.04042,1390.472279780268
1055,2021-11-21,3.47092,1587.3524201705447
1056,2021-11-22,3.52474,1611.965867686932
1057,2021-11-23,3.1032,1419.1833952592497
1058,2021-11-24,3.49335,1597.6103099474412
1059,2021-11-25,7.26025,3320.322971587705
1060,2021-11-26,4.71983,2158.515198648641
1061,2021-11-27,3.92385,1794.490450337718
1062,2021-11-28,4.35435,1991.3705907279948
1063,2021-11-29,4.66602,2133.9063244223908
1064,2021-11-30,4.26915,1952.4061587622534
1065,2021-12-01,3.79156,1733.9903951176723
1066,2021-12-02,3.17495,1451.9967519909624
1067,2021-12-03,2.88123,1317.6700740921654
1068,2021-12-04,2.82293,1291.0077925944809
1069,2021-12-05,3.26913,1495.0679984995716
1070,2021-12-06,2.83414,1296.1344508378609
1071,2021-12-07,2.99558,1369.9656468067487
1072,2021-12-08,3.18168,1455.074576253045
1073,2021-12-09,3.1032,1419.1833952592497
1074,2021-12-10,2.41933,1106.429802672261
1075,2021-12-11,2.66373,1218.2010136162417
1076,2021-12-12,3.63012,1660.1591991487842
1077,2021-12-13,5.95977,2725.5757358740066
1078,2021-12-14,4.06062,1857.039339539061
1079,2021-12-15,3.91488,1790.3882090849868
1080,2021-12-16,3.70411,1693.9969728711455
1081,2021-12-17,3.12338,1428.4122947553606
1082,2021-12-18,2.88123,1317.6700740921654
1083,2021-12-19,3.4485,1577.0991036837852
1084,2021-12-20,3.39917,1554.5390634388318
1085,2021-12-21,3.44626,1576.0746866931365
1086,2021-12-22,3.30276,1510.4479732297111
1087,2021-12-23,2.72427,1245.8877121045746
1088,2021-12-24,2.09421,957.7429937438363
1089,2021-12-25,2.26014,1033.6275969841583
1090,2021-12-26,2.71979,1243.8388781232775
1091,2021-12-27,2.4866,1137.1943254226767
1092,2021-12-28,2.36328,1080.796511455362
1093,2021-12-29,2.4866,1137.1943254226767
1094,2021-12-30,2.46418,1126.941008935917
1095,2021-12-31,1.87896,859.302923548698
1096,2022-01-01,2.14578,981.3274509794381
1097,2022-01-02,2.62113,1198.718797633371
1098,2022-01-03,2.26686,1036.700847956104
1099,2022-01-04,2.58525,1182.309832622446
1100,2022-01-05,2.51126,1148.472058900085
1101,2022-01-06,2.3431,1071.567611959251
1102,2022-01-07,2.22426,1017.2186319732336
1103,2022-01-08,2.19511,1003.8874912243914
1104,2022-01-09,2.41261,1103.356551700315
1105,2022-01-10,2.33189,1066.4409537158713
1106,2022-01-11,2.56956,1175.1343403977692
1107,2022-01-12,2.64131,1207.9476971294819
1108,2022-01-13,2.43503,1113.6098681870747
1109,2022-01-14,2.34982,1074.6408629311966
1110,2022-01-15,2.39467,1095.1520691948529
1111,2022-01-16,2.64804,1211.0255213915646
1112,2022-01-17,2.71979,1243.8388781232775
1113,2022-01-18,2.87001,1312.5388425586489
1114,2022-01-19,3.11666,1425.3390437834148
1115,2022-01-20,2.63683,1205.8988631481848
1116,2022-01-21,2.35655,1077.7186871932793
1117,2022-01-22,2.39243,1094.1276522042042
1118,2022-01-23,2.5875,1183.3388229032316
1119,2022-01-24,3.28931,1504.2968979956827
1120,2022-01-25,3.60097,1646.828058399942
1121,2022-01-26,2.87674,1315.6166668207313
1122,2022-01-27,2.32964,1065.4119634350857
1123,2022-01-28,2.25789,1032.598606703373
1124,2022-01-29,2.47987,1134.116501160594
1125,2022-01-30,2.30274,1053.109812967029
1126,2022-01-31,2.74894,1257.1700188721197
1127,2022-02-01,2.50678,1146.4232249187876
1128,2022-02-02,2.78705,1274.5988275835562
1129,2022-02-03,2.72876,1247.9411193760086
1130,2022-02-04,2.45072,1120.7853604117518
1131,2022-02-05,3.51801,1608.8880434248492
1132,2022-02-06,2.81844,1288.9543853230468
1133,2022-02-07,2.95522,1351.507847814527
1134,2022-02-08,2.78033,1271.5255766116104
1135,2022-02-09,2.37673,1086.9475866893904
1136,2022-02-10,2.40588,1100.2787274382324
1137,2022-02-11,2.36103,1079.7675211745766
1138,2022-02-12,2.60095,1189.48989813726
1139,2022-02-13,2.60992,1193.5921393899912
1140,2022-02-14,2.52247,1153.5987171434647
1141,2022-02-15,2.55611,1168.9832651637407
1142,2022-02-16,2.98437,1364.8389885633692
1143,2022-02-17,2.85432,1305.3633503339718
1144,2022-02-18,3.21756,1471.48354126397
1145,2022-02-19,2.96419,1355.6100890672578
1146,2022-02-20,3.55389,1625.2970084357742
1147,2022-02-21,3.75793,1718.6104203875327
1148,2022-02-22,3.34985,1531.9835964840156
1149,2022-02-23,3.28034,1500.1946567429513
1150,2022-02-24,4.78486,2188.2553044084084
1151,2022-02-25,5.43509,2485.6243489751205
1152,2022-02-26,4.22879,1933.9483597700316
1153,2022-02-27,4.36108,1994.4484149900775
1154,2022-02-28,3.7355,1708.3525306106364
1155,2022-03-01,4.04941,1851.912681295681
1156,2022-03-02,3.51353,1606.8392094435521
1157,2022-03-03,3.62564,1658.110365167487
1158,2022-03-04,3.45523,1580.1769279458676
1159,2022-03-05,4.79831,2194.4063796424366
1160,2022-03-06,6.06964,2775.822474607293
1161,2022-03-07,4.66153,2131.8529171509567
1162,2022-03-08,3.38348,1547.363571214155
1163,2022-03-09,3.39021,1550.4413954762376
1164,2022-03-10,2.81844,1288.9543853230468
1165,2022-03-11,3.018,1380.2189632935083
1166,2022-03-12,3.61218,1651.9547166433217
1167,2022-03-13,3.88573,1777.0570683361445
1168,2022-03-14,2.87674,1315.6166668207313
1169,2022-03-15,3.08527,1410.983486043924
1170,2022-03-16,3.19738,1462.2546417678586
1171,2022-03-17,2.92383,1337.152290075036
1172,2022-03-18,2.92831,1339.2011240563334
1173,2022-03-19,3.18617,1457.127983524479
1174,2022-03-20,3.17944,1454.0501592623964
1175,2022-03-21,3.10769,1421.2368025306835
1176,2022-03-22,3.07405,1405.8522545104074
1177,2022-03-23,3.42384,1565.8213702063772
1178,2022-03-24,3.19289,1460.2012344964246
1179,2022-03-25,3.35209,1533.0080134746643
1180,2022-03-26,4.16377,1904.2128273004016
1181,2022-03-27,3.69963,1691.9481388898485
1182,2022-03-28,3.30052,1509.4235562390625
1183,2022-03-29,3.1772,1453.0257422717477
1184,2022-03-30,2.9754,1360.7367473106378
1185,2022-03-31,2.63458,1204.8698728673994
1186,2022-04-01,2.52023,1152.574300152816
1187,2022-04-02,2.5292,1156.6765414055471
1188,2022-04-03,2.68615,1228.4543301030012
1189,2022-04-04,2.73324,1249.9899533573057
1190,2022-04-05,2.46866,1128.9898429172142
1191,2022-04-06,2.68615,1228.4543301030012
1192,2022-04-07,2.80948,1284.8567173604526
1193,2022-04-08,3.34088,1527.8813552312843
1194,2022-04-09,2.43054,1111.5564609156409
1195,2022-04-10,2.72876,1247.9411193760086
1196,2022-04-11,2.5718,1176.1587573884178
1197,2022-04-12,2.84759,1302.285526071889
1198,2022-04-13,2.80051,1280.7544761077215
1199,2022-04-14,2.57629,1178.2121646598519
1200,2022-04-15,2.23099,1020.2964562353161
1201,2022-04-16,2.13681,977.225209726707
1202,2022-04-17,2.21978,1015.1697979919364
1203,2022-04-18,2.11888,969.0253005113814
1204,2022-04-19,2.22874,1019.2674659545308
1205,2022-04-20,2.32292,1062.33871246314
1206,2022-04-21,2.37225,1084.8987527080933
1207,2022-04-22,1.88345,861.356330820132
1208,2022-04-23,1.79151,819.3095013021714
1209,2022-04-24,2.41709,1105.4053856816124
1210,2022-04-25,2.10991,964.9230592586503
1211,2022-04-26,2.24892,1028.4963654506419
1212,2022-04-27,2.23099,1020.2964562353161
1213,2022-04-28,2.23771,1023.369707207262
1214,2022-04-29,1.73994,795.7250440665696
1215,2022-04-30,2.01798,922.8808030308264
1216,2022-05-01,1.97538,903.3985870479557
1217,2022-05-02,2.53144,1157.7009583961958
1218,2022-05-03,2.74221,1254.092194610037
1219,2022-05-04,2.83862,1298.183284819158
1220,2022-05-05,2.64355,1208.9721141201305
1221,2022-05-06,2.83862,1298.183284819158
1222,2022-05-07,2.75566,1260.2432698440655
1223,2022-05-08,3.02921,1385.345621536888
1224,2022-05-09,2.50229,1144.3698176473536
1225,2022-05-10,2.56059,1171.032099145038
1226,2022-05-11,2.71754,1242.8098878424921
1227,2022-05-12,2.69961,1234.6099786271664
1228,2022-05-13,2.41933,1106.429802672261
1229,2022-05-14,2.17717,995.6830087189289
1230,2022-05-15,2.42157,1107.4542196629095
1231,2022-05-16,2.30946,1056.1830639389748
1232,2022-05-17,2.35431,1076.6942702026308
1233,2022-05-18,2.5718,1176.1587573884178
1234,2022-05-19,2.5292,1156.6765414055471
1235,2022-05-20,2.23996,1024.3986974880474
1236,2022-05-21,2.22874,1019.2674659545308
1237,2022-05-22,2.64355,1208.9721141201305
1238,2022-05-23,2.64355,1208.9721141201305
1239,2022-05-24,3.0023,1373.0388977786945
1240,2022-05-25,2.77808,1270.496586330825
1241,2022-05-26,4.02251,1839.6105308276242
1242,2022-05-27,21.35922,9768.19101562557
1243,2022-05-28,3.60321,1647.8524753905904
1244,2022-05-29,2.47314,1131.0386768985113
1245,2022-05-30,3.04266,1391.4966967709167
1246,2022-05-31,2.57404,1177.1831743790665
1247,2022-06-01,2.6884,1229.4833203837866
1248,2022-06-02,2.42382,1108.483209943695
1249,2022-06-03,1.99331,911.5984962632814
1250,2022-06-04,2.18838,1000.8096669623088
1251,2022-06-05,2.55835,1170.0076821543894
1252,2022-06-06,2.39243,1094.1276522042042
1253,2022-06-07,2.21529,1013.1163907205024
1254,2022-06-08,2.36552,1081.8209284460106
1255,2022-06-09,2.33413,1067.4653707065197
1256,2022-06-10,1.9552,894.1696875518448
1257,2022-06-11,1.91708,876.7363055502714
1258,2022-06-12,2.15027,983.3808582508722
1259,2022-06-13,3.0763,1406.8812447911928
1260,2022-06-14,2.35879,1078.743104183928
1261,2022-06-15,1.96641,899.2963457952246
1262,2022-06-16,1.796,821.3629085736054
1263,2022-06-17,1.77806,813.158426068143
1264,2022-06-18,1.96416,898.2673555144391
1265,2022-06-19,1.86327,852.127431324021
1266,2022-06-20,1.92605,880.8385468030026
1267,2022-06-21,1.83636,839.8207075658274
1268,2022-06-22,2.11663,967.9963102305959
1269,2022-06-23,2.27135,1038.7542552275381
1270,2022-06-24,1.88569,862.3807478107806
1271,2022-06-25,1.70631,780.3450693364301
1272,2022-06-26,1.80721,826.4895668169852
1273,2022-06-27,2.48884,1138.2187424133253
1274,2022-06-28,2.04488,935.1829534988832
1275,2022-06-29,1.96192,897.2429385237906
1276,2022-06-30,1.93277,883.9117977749485
1277,2022-07-01,1.88345,861.356330820132
1278,2022-07-02,1.71528,784.4473105891614
1279,2022-07-03,1.99331,911.5984962632814
1280,2022-07-04,2.04488,935.1829534988832
1281,2022-07-05,1.97538,903.3985870479557
1282,2022-07-06,2.17942,996.7119989997144
1283,2022-07-07,1.87448,857.2540895674008
1284,2022-07-08,1.94847,891.0918632897622
1285,2022-07-09,1.74219,796.754034347355
1286,2022-07-10,2.03592,931.0852855362888
1287,2022-07-11,1.87896,859.302923548698
1288,2022-07-12,1.82515,834.6940493224477
1289,2022-07-13,1.78927,818.2850843115227
1290,2022-07-14,1.76909,809.0561848154118
1291,2022-07-15,1.48209,677.8027578885606
1292,2022-07-16,1.5942,729.0739136124954
1293,2022-07-17,1.94847,891.0918632897622
1294,2022-07-18,3.87452,1771.9304100927648
1295,2022-07-19,2.64579,1209.9965311107792
1296,2022-07-20,2.44848,1119.760943421103
1297,2022-07-21,2.45969,1124.887601664483
1298,2022-07-22,2.33637,1068.4897876971684
1299,2022-07-23,2.25117,1029.5253557314272
1300,2022-07-24,2.7893,1275.6278178643415
1301,2022-07-25,2.70858,1238.7122198798975
1302,2022-07-26,2.33637,1068.4897876971684
1303,2022-07-27,2.38346,1090.0254109514728
1304,2022-07-28,2.5875,1183.3388229032316
1305,2022-07-29,2.07403,948.5140942477254
1306,2022-07-30,1.83187,837.7673002943934
1307,2022-07-31,2.29825,1051.056405695595
1308,2022-08-01,2.24668,1027.4719484599932
1309,2022-08-02,2.16821,991.5853407563346
1310,2022-08-03,2.09197,956.7185767531877
1311,2022-08-04,1.95744,895.1941045424934
1312,2022-08-05,1.72425,788.5495518418926
1313,2022-08-06,1.83412,838.7962905751788
1314,2022-08-07,1.96416,898.2673555144391
1315,2022-08-08,1.94847,891.0918632897622
1316,2022-08-09,1.91708,876.7363055502714
1317,2022-08-10,2.03367,930.0562952555033
1318,2022-08-11,1.89241,865.4539987827263
1319,2022-08-12,1.96641,899.2963457952246
1320,2022-08-13,1.81842,831.616225060365
1321,2022-08-14,1.89017,864.4295817920778
1322,2022-08-15,1.7803,814.1828430587916
1323,2022-08-16,1.86999,855.2006822959668
1324,2022-08-17,2.17045,992.6097577469833
1325,2022-08-18,1.91484,875.7118885596228
1326,2022-08-19,1.78255,815.2118333395771
1327,2022-08-20,1.86551,853.1518483146696
1328,2022-08-21,2.07627,949.538511238374
1329,2022-08-22,2.14354,980.3030339887895
1330,2022-08-23,2.06058,942.3630190136969
1331,2022-08-24,2.00677,917.7541447874465
1332,2022-08-25,2.16596,990.5563504755493
1333,2022-08-26,2.35879,1078.743104183928
1334,2022-08-27,2.40812,1101.303144428881
1335,2022-08-28,2.85656,1306.3877673246204
1336,2022-08-29,4.92387,2251.8286106003998
1337,2022-08-30,4.04044,1847.8104400429502
1338,2022-08-31,3.52698,1612.9902846775806
1339,2022-09-01,3.05163,1395.5989380236476
1340,2022-09-02,3.14805,1439.6946015229055
1341,2022-09-03,3.89694,1782.1837265795243
1342,2022-09-04,4.63687,2120.575183673549
1343,2022-09-05,4.07856,1865.2438220445235
1344,2022-09-06,3.7938,1735.0148121083207
1345,2022-09-07,3.58752,1640.6769831659135
1346,2022-09-08,2.95522,1351.507847814527
1347,2022-09-09,2.78257,1272.549993602259
1348,2022-09-10,2.57629,1178.2121646598519
1349,2022-09-11,3.47765,1590.4302444326274
1350,2022-09-12,4.0382,1846.7860230523013
1351,2022-09-13,3.87004,1769.8815761114677
1352,2022-09-14,3.13684,1434.5679432795257
1353,2022-09-15,2.80499,1282.8033100890186
1354,2022-09-16,2.63458,1204.8698728673994
1355,2022-09-17,2.94176,1345.3521992903616
1356,2022-09-18,3.09423,1415.0811540065183
1357,2022-09-19,3.18168,1455.074576253045
1358,2022-09-20,3.81622,1745.2681285950803
1359,2022-09-21,3.38796,1549.4124051954523
1360,2022-09-22,3.13908,1435.5923602701744
1361,2022-09-23,2.70185,1235.634395617815
1362,2022-09-24,2.82741,1293.0566265757782
1363,2022-09-25,2.98661,1365.8634055540176
1364,2022-09-26,3.68842,1686.8214806464684
1365,2022-09-27,3.38124,1546.3391542235065
1366,2022-09-28,3.45747,1581.2013449365163
1367,2022-09-29,3.25567,1488.9123499754064
1368,2022-09-30,2.444,1117.712109439806
1369,2022-10-01,2.34085,1070.5386216784657
1370,2022-10-02,2.72427,1245.8877121045746
1371,2022-10-03,3.08751,1412.0079030345726
1372,2022-10-04,3.14805,1439.6946015229055
1373,2022-10-05,2.94625,1347.4056065617956
1374,2022-10-06,2.90141,1326.8989735882762
1375,2022-10-07,2.71754,1242.8098878424921
1376,2022-10-08,2.38121,1088.9964206706875
1377,2022-10-09,2.97316,1359.7123303199892
1378,2022-10-10,3.5068,1603.7613851814697
1379,2022-10-11,3.29155,1505.3213149863311
1380,2022-10-12,3.2041,1465.3278927398046
1381,2022-10-13,3.08078,1408.9300787724899
1382,2022-10-14,2.81396,1286.9055513417497
1383,2022-10-15,3.14132,1436.616777260823
1384,2022-10-16,3.32294,1519.676872725822
1385,2022-10-17,3.63461,1662.2126064202182
1386,2022-10-18,3.66151,1674.5147568882749
1387,2022-10-19,3.57182,1633.4969176511
1388,2022-10-20,3.2624,1491.9901742374889
1389,2022-10-21,2.87001,1312.5388425586489
1390,2022-10-22,3.13459,1433.5389529987406
1391,2022-10-23,3.19738,1462.2546417678586
1392,2022-10-24,3.09423,1415.0811540065183
1393,2022-10-25,3.41039,1559.6702949723485
1394,2022-10-26,3.17944,1454.0501592623964
1395,2022-10-27,4.6279,2116.4729424208176
1396,2022-10-28,3.97766,1819.0993245639684
1397,2022-10-29,4.38799,2006.755138748271
1398,2022-10-30,3.87228,1770.905993102116
1399,2022-10-31,16.11471,7369.724430078042
1400,2022-11-01,5.52254,2525.6177712216477
1401,2022-11-02,4.69741,2148.2618821618817
1402,2022-11-03,4.08305,1867.2972293159573
1403,2022-11-04,4.6279,2116.4729424208176
1404,2022-11-05,3.21756,1471.48354126397
1405,2022-11-06,3.60321,1647.8524753905904
1406,2022-11-07,3.92161,1793.4660333470692
1407,2022-11-08,3.76017,1719.6348373781814
1408,2022-11-09,4.20413,1922.6706262926234
1409,2022-11-10,3.8095,1742.1948776231345
1410,2022-11-11,6.03152,2758.3890926057197
1411,2022-11-12,4.53149,2072.3818522116967
1412,2022-11-13,5.08755,2326.6842235599365
1413,2022-11-14,4.85885,2222.0930781307698
1414,2022-11-15,4.30278,1967.786133492393
1415,2022-11-16,4.05166,1852.9416715764667
1416,2022-11-17,3.666,1676.5681641597089
1417,2022-11-18,3.16374,1446.8700937475826
1418,2022-11-19,2.91486,1333.0500488223047
1419,2022-11-20,3.45075,1578.1280939645708
1420,2022-11-21,3.23101,1477.6346164979982
1421,2022-11-22,3.23774,1480.7124407600809
1422,2022-11-23,3.00903,1376.1167220407772
1423,2022-11-24,2.45296,1121.8097774024004
1424,2022-11-25,2.38794,1092.0742449327702
1425,2022-11-26,2.75342,1259.2188528534168
1426,2022-11-27,2.94849,1348.4300235524443
1427,2022-11-28,2.60992,1193.5921393899912
1428,2022-11-29,2.75118,1258.1944358627682
1429,2022-11-30,3.0606,1399.701179276379
1430,2022-12-01,2.59422,1186.4120738751774
1431,2022-12-02,2.3005,1052.0853959763804
1432,2022-12-03,2.06282,943.3874360043455
1433,2022-12-04,2.51126,1148.472058900085
1434,2022-12-05,2.46193,1125.9120186551318
1435,2022-12-06,2.50678,1146.4232249187876
1436,2022-12-07,2.58077,1180.260998641149
1437,2022-12-08,2.31395,1058.2364712104088
1438,2022-12-09,2.14578,981.3274509794381
1439,2022-12-10,2.25341,1030.5497727220759
1440,2022-12-11,2.56732,1174.1099234071205
1441,2022-12-12,2.42157,1107.4542196629095
1442,2022-12-13,2.86329,1309.465591586703
1443,2022-12-14,5.94632,2719.4246606399784
1444,2022-12-15,4.77364,2183.124072874892
1445,2022-12-16,4.88351,2233.370811608178
1446,2022-12-17,4.17049,1907.2860782723471
1447,2022-12-18,4.77813,2185.1774801463257
1448,2022-12-19,3.95524,1808.8460080772088
1449,2022-12-20,3.92609,1795.5148673283666
1450,2022-12-21,3.84986,1760.6526766153565
1451,2022-12-22,3.46868,1586.328003179896
1452,2022-12-23,3.53819,1618.1169429209604
1453,2022-12-24,2.93952,1344.327782299713
1454,2022-12-25,3.04939,1394.5745210329992
1455,2022-12-26,2.91934,1335.098882803602
1456,2022-12-27,2.9754,1360.7367473106378
1457,2022-12-28,2.83638,1297.1588678285095
1458,2022-12-29,2.89692,1324.8455663168425
1459,2022-12-30,2.55386,1167.9542748829554
1460,2022-12-31,2.29377,1049.0075717142977
1461,2023-01-01,2.58077,1180.260998641149
1462,2023-01-02,2.44848,1119.760943421103
1463,2023-01-03,2.65701,1215.127762644296
1464,2023-01-04,2.53817,1160.7787826582785
1465,2023-01-05,2.48211,1135.1409181512427
1466,2023-01-06,2.25341,1030.5497727220759
1467,2023-01-07,2.19511,1003.8874912243914
1468,2023-01-08,3.15029,1440.7190185135541
1469,2023-01-09,2.64131,1207.9476971294819
1470,2023-01-10,2.56956,1175.1343403977692
1471,2023-01-11,2.35655,1077.7186871932793
1472,2023-01-12,2.36328,1080.796511455362
1473,2023-01-13,2.4866,1137.1943254226767
1474,2023-01-14,2.5135,1149.4964758907333
1475,2023-01-15,2.80275,1281.77889309837
1476,2023-01-16,2.55162,1166.929857892307
1477,2023-01-17,2.45072,1120.7853604117518
1478,2023-01-18,2.52023,1152.574300152816
1479,2023-01-19,2.41036,1102.3275614195297
1480,2023-01-20,2.21753,1014.140807711151
1481,2023-01-21,2.23771,1023.369707207262
1482,2023-01-22,2.54938,1165.9054409016583
1483,2023-01-23,2.34534,1072.5920289498997
1484,2023-01-24,2.82517,1292.0322095851295
1485,2023-01-25,2.51799,1151.5498831621674
1486,2023-01-26,2.58974,1184.36323989388
1487,2023-01-27,2.33637,1068.4897876971684
1488,2023-01-28,2.4709,1130.0142599078627
1489,2023-01-29,2.81844,1288.9543853230468
1490,2023-01-30,3.29603,1507.3701489676284
1491,2023-01-31,2.51575,1150.525466171519
1492,2023-02-01,2.31171,1057.2120542197604
1493,2023-02-02,2.25341,1030.5497727220759
1494,2023-02-03,2.64804,1211.0255213915646
1495,2023-02-04,2.46418,1126.941008935917
1496,2023-02-05,2.69512,1232.5565713557326
1497,2023-02-06,3.7669,1722.712661640264
1498,2023-02-07,3.19738,1462.2546417678586
1499,2023-02-08,3.32518,1520.7012897164707
1500,2023-02-09,2.95073,1349.454440543093
1501,2023-02-10,4.38574,2005.7261484674857
1502,2023-02-11,3.10096,1418.158978268601
1503,2023-02-12,3.05836,1398.6767622857303
1504,2023-02-13,3.12787,1430.4657020267946
1505,2023-02-14,2.96643,1356.6345060579065
1506,2023-02-15,2.70633,1237.683229599112
1507,2023-02-16,2.6301,1202.8210388861023
1508,2023-02-17,2.91486,1333.0500488223047
1509,2023-02-18,3.29379,1506.3457319769798
1510,2023-02-19,3.25567,1488.9123499754064
1511,2023-02-20,3.91712,1791.4126260756354
1512,2023-02-21,3.61443,1652.9837069241073
1513,2023-02-22,3.22428,1474.5567922359155
1514,2023-02-23,3.55613,1626.3214254264228
1515,2023-02-24,3.3476,1530.9546062032302
1516,2023-02-25,4.00008,1829.3526410507277
1517,2023-02-26,3.3633,1538.134671718044
1518,2023-02-27,3.07854,1407.9056617818412
1519,2023-02-28,2.87001,1312.5388425586489
1520,2023-03-01,3.34088,1527.8813552312843
1521,2023-03-02,3.03594,1388.4234457989708
1522,2023-03-03,2.5718,1176.1587573884178
1523,2023-03-04,2.70858,1238.7122198798975
1524,2023-03-05,3.12563,1429.4412850361462
1525,2023-03-06,3.11441,1424.3100535026292
1526,2023-03-07,2.7579,1261.267686834714
1527,2023-03-08,2.89916,1325.869983307491
1528,2023-03-09,2.46642,1127.9654259265656
1529,2023-03-10,2.33189,1066.4409537158713
1530,2023-03-11,2.01125,919.8029787687437
1531,2023-03-12,2.80723,1283.8277270796673
1532,2023-03-13,2.40139,1098.2253201667986
1533,2023-03-14,2.46193,1125.9120186551318
1534,2023-03-15,2.45745,1123.8631846738344
1535,2023-03-16,2.21529,1013.1163907205024
1536,2023-03-17,1.94174,888.0140390276796
1537,2023-03-18,2.58301,1181.2854156317974
1538,2023-03-19,2.76463,1264.3455110967966
1539,2023-03-20,2.81844,1288.9543853230468
1540,2023-03-21,2.73772,1252.038787338603
1541,2023-03-22,2.34534,1072.5920289498997
1542,2023-03-23,2.28256,1043.8809134709181
1543,2023-03-24,2.02919,928.0074612742061
1544,2023-03-25,1.92829,881.8629637936513
1545,2023-03-26,2.59422,1186.4120738751774
1546,2023-03-27,2.49108,1139.2431594039738
1547,2023-03-28,2.21305,1012.0919737298537
1548,2023-03-29,2.14354,980.3030339887895
1549,2023-03-30,2.06955,946.4652602664282
1550,2023-03-31,2.06282,943.3874360043455
1551,2023-04-01,1.99556,912.6274865440668
1552,2023-04-02,2.19063,1001.8386572430942
1553,2023-04-03,1.89017,864.4295817920778
1554,2023-04-04,2.00228,915.7007375160125
1555,2023-04-05,1.89914,868.531823044809
1556,2023-04-06,1.86775,854.1762653053182
1557,2023-04-07,1.73994,795.7250440665696
1558,2023-04-08,1.69958,777.2672450743477
1559,2023-04-09,1.9821,906.4718380199016
1560,2023-04-10,1.97986,905.447421029253
1561,2023-04-11,2.04937,937.2363607703172
1562,2023-04-12,1.98883,909.5496622819842
1563,2023-04-13,1.97089,901.3451797765218
1564,2023-04-14,1.68389,770.0917528496707
1565,2023-04-15,1.91259,874.6828982788373
1566,2023-04-16,2.73772,1252.038787338603
1567,2023-04-17,1.93277,883.9117977749485
1568,2023-04-18,1.92156,878.7851395315686
1569,2023-04-19,1.8386,840.845124556476
1570,2023-04-20,1.70183,778.2962353551329
1571,2023-04-21,1.67044,763.9406776156421
1572,2023-04-22,1.41034,644.9894011568477
1573,2023-04-23,1.77358,811.1095920868457
1574,2023-04-24,1.7108,782.3984766078643
1575,2023-04-25,1.70631,780.3450693364301
1576,2023-04-26,1.70631,780.3450693364301
1577,2023-04-27,1.60765,735.2249888465238
1578,2023-04-28,1.83412,838.7962905751788
1579,2023-04-29,1.82291,833.669632331799
1580,2023-04-30,1.8969,867.5074060541604
1581,2023-05-01,1.66595,761.8872703442082
1582,2023-05-02,1.77806,813.158426068143
1583,2023-05-03,1.80497,825.4651498263365
1584,2023-05-04,1.5942,729.0739136124954
1585,2023-05-05,1.47761,675.7539239072635
1586,2023-05-06,1.54039,704.4650393862449
1587,2023-05-07,1.64129,750.6095368668
1588,2023-05-08,1.82739,835.7184663130962
1589,2023-05-09,1.84309,842.8985318279099
1590,2023-05-10,1.68165,769.067335859022
1591,2023-05-11,1.59196,728.0494966218469
1592,2023-05-12,1.67268,764.9650946062908
1593,2023-05-13,1.33635,611.1516274344864
1594,2023-05-14,1.48209,677.8027578885606
1595,2023-05-15,1.63456,747.5317126047174
1596,2023-05-16,1.82739,835.7184663130962
1597,2023-05-17,1.66595,761.8872703442082
1598,2023-05-18,1.49779,684.9828234033744
1599,2023-05-19,1.48433,678.8271748792091
1600,2023-05-20,1.2063,551.6759892050892
1601,2023-05-21,1.59196,728.0494966218469
1602,2023-05-22,1.64353,751.6339538574485
1603,2023-05-23,1.69734,776.242828083699
1604,2023-05-24,1.60541,734.2005718558752
1605,2023-05-25,2.00901,918.7785617780952
1606,2023-05-26,1.95295,893.1406972710594
1607,2023-05-27,1.58299,723.9472553691155
1608,2023-05-28,1.76012,804.9539435626805
1609,2023-05-29,1.75116,800.8562756000862
1610,2023-05-30,1.69286,774.1939941024018
1611,2023-05-31,1.53366,701.3872151241624
1612,2023-06-01,1.6525,755.7361951101798
1613,2023-06-02,1.41931,649.091642409579
1614,2023-06-03,1.46191,668.5738583924496
1615,2023-06-04,1.50676,689.0850646561056
1616,2023-06-05,1.53366,701.3872151241624
1617,2023-06-06,1.68837,772.1405868309678
1618,2023-06-07,1.62111,741.380637370689
1619,2023-06-08,1.46415,669.5982753830982
1620,2023-06-09,1.35429,619.3561099399487
1621,2023-06-10,1.56057,713.693938882356
1622,2023-06-11,1.65474,756.7606121008284
1623,2023-06-12,1.73546,793.6762100852724
1624,2023-06-13,1.56954,717.7961801350872
1625,2023-06-14,1.5942,729.0739136124954
1626,2023-06-15,1.42155,650.1160594002276
1627,2023-06-16,1.28926,589.6160041801818
1628,2023-06-17,1.21975,557.8270644391175
1629,2023-06-18,1.6368,748.556129595366
1630,2023-06-19,1.97762,904.4230040386044
1631,2023-06-20,1.91484,875.7118885596228
1632,2023-06-21,1.61438,738.3028131086063
1633,2023-06-22,1.76012,804.9539435626805
1634,2023-06-23,1.72873,790.5983858231898
1635,2023-06-24,1.435,656.267134634256
1636,2023-06-25,1.53366,701.3872151241624
1637,2023-06-26,1.52694,698.3139641522166
1638,2023-06-27,1.65923,758.8140193722624
1639,2023-06-28,1.47088,672.6760996451808
1640,2023-06-29,1.51348,692.1583156280514
1641,2023-06-30,1.44173,659.3449588963385
1642,2023-07-01,1.35429,619.3561099399487
1643,2023-07-02,1.31393,600.8983109477268
1644,2023-07-03,1.42379,651.1404763908761
1645,2023-07-04,1.4507,663.4472001490699
1646,2023-07-05,1.41258,646.0138181474964
1647,2023-07-06,1.50227,687.0316573846716
1648,2023-07-07,3.13011,1431.4901190174432
1649,2023-07-08,1.73546,793.6762100852724
1650,2023-07-09,1.61887,740.3562203800404
1651,2023-07-10,1.72425,788.5495518418926
1652,2023-07-11,1.53815,703.4406223955964
1653,2023-07-12,1.72873,790.5983858231898
1654,2023-07-13,1.65474,756.7606121008284
1655,2023-07-14,1.58972,727.0250796311982
1656,2023-07-15,1.44846,662.4227831584212
1657,2023-07-16,1.63905,749.5851198761513
1658,2023-07-17,1.42379,651.1404763908761
1659,2023-07-18,1.65923,758.8140193722624
1660,2023-07-19,1.41931,649.091642409579
1661,2023-07-20,1.24442,569.1093712066627
1662,2023-07-21,1.21975,557.8270644391175
1663,2023-07-22,1.19285,545.5249139710608
1664,2023-07-23,1.23545,565.0071299539313
1665,2023-07-24,1.50227,687.0316573846716
1666,2023-07-25,1.34307,614.2248784064321
1667,2023-07-26,1.2489,571.1582051879598
1668,2023-07-27,1.32514,606.0249691911066
1669,2023-07-28,1.15025,526.0426979881902
1670,2023-07-29,1.15921,530.1403659507846
1671,2023-07-30,1.15025,526.0426979881902
1672,2023-07-31,1.26011,576.2848634313397
1673,2023-08-01,1.35877,621.4049439212461
1674,2023-08-02,1.31841,602.947144929024
1675,2023-08-03,1.33635,611.1516274344864
1676,2023-08-04,1.20854,552.7004061957377
1677,2023-08-05,1.07401,491.17593398504334
1678,2023-08-06,1.30496,596.7960696949956
1679,2023-08-07,1.2915,590.6404211708305
1680,2023-08-08,1.19733,547.573747952358
1681,2023-08-09,1.46864,671.6516826545321
1682,2023-08-10,1.48209,677.8027578885606
1683,2023-08-11,1.71752,785.4717275798099
1684,2023-08-12,1.45967,667.549441401801
1685,2023-08-13,1.44397,660.3693758869872
1686,2023-08-14,1.45743,666.5250244111523
1687,2023-08-15,1.25339,573.2116124593938
1688,2023-08-16,1.38568,633.7116676794396
1689,2023-08-17,1.31168,599.8693206669413
1690,2023-08-18,1.47088,672.6760996451808
1691,2023-08-19,1.26908,580.3871046840708
1692,2023-08-20,1.21078,553.7248231863864
1693,2023-08-21,1.38792,634.7360846700882
1694,2023-08-22,1.54711,707.5382903581908
1695,2023-08-23,1.48433,678.8271748792091
1696,2023-08-24,1.50003,686.007240394023
1697,2023-08-25,2.80499,1282.8033100890186
1698,2023-08-26,1.94398,889.0384560183282
1699,2023-08-27,1.9821,906.4718380199016
1700,2023-08-28,2.0404,933.134119517586
1701,2023-08-29,2.31395,1058.2364712104088
1702,2023-08-30,2.05161,938.2607777609659
1703,2023-08-31,1.7108,782.3984766078643
1704,2023-09-01,1.73322,792.6517930946238
1705,2023-09-02,1.56505,715.7427728636532
1706,2023-09-03,1.78479,816.2362503302256
1707,2023-09-04,2.13009,974.1519587547612
1708,2023-09-05,1.8386,840.845124556476
1709,2023-09-06,1.61887,740.3562203800404
1710,2023-09-07,1.65923,758.8140193722624
1711,2023-09-08,1.55833,712.6695218917074
1712,2023-09-09,1.66147,759.838436362911
1713,2023-09-10,1.83636,839.8207075658274
1714,2023-09-11,1.74667,798.8028683286522
1715,2023-09-12,1.7534,801.8806925907348
1716,2023-09-13,1.84533,843.9229488185586
1717,2023-09-14,1.75564,802.9051095813834
1718,2023-09-15,1.86327,852.127431324021
1719,2023-09-16,1.5942,729.0739136124954
1720,2023-09-17,1.73546,793.6762100852724
1721,2023-09-18,1.76685,808.0317678247632
1722,2023-09-19,1.58523,724.9716723597642
1723,2023-09-20,1.67268,764.9650946062908
1724,2023-09-21,1.69958,777.2672450743477
1725,2023-09-22,1.28478,587.5671701988846
1726,2023-09-23,1.43052,654.2183006529588
1727,2023-09-24,1.41707,648.0672254189304
1728,2023-09-25,1.56505,715.7427728636532
1729,2023-09-26,1.48658,679.8561651599946
1730,2023-09-27,1.22648,560.9048887012002
1731,2023-09-28,1.09419,500.4048334811544
1732,2023-09-29,1.20182,549.6271552237921
1733,2023-09-30,1.29375,591.6694114516158
1734,2023-10-01,1.39913,639.862742913468
1735,2023-10-02,1.56729,716.7671898543018
1736,2023-10-03,1.79376,820.3384915829567
1737,2023-10-04,1.83412,838.7962905751788
1738,2023-10-05,1.83636,839.8207075658274
1739,2023-10-06,1.92829,881.8629637936513
1740,2023-10-07,3.04491,1392.5256870517019
1741,2023-10-08,2.6884,1229.4833203837866
1742,2023-10-09,2.05834,941.3386020230483
1743,2023-10-10,1.96865,900.3207627858732
1744,2023-10-11,1.84309,842.8985318279099
1745,2023-10-12,1.71528,784.4473105891614
1746,2023-10-13,1.91259,874.6828982788373
1747,2023-10-14,1.57851,721.8984213878184
1748,2023-10-15,1.73098,791.6273761039752
1749,2023-10-16,1.9238,879.8095565222171
1750,2023-10-17,1.91035,873.6584812881888
1751,2023-10-18,2.23547,1022.3452902166133
1752,2023-10-19,1.93053,882.8873807842998
1753,2023-10-20,1.66595,761.8872703442082
1754,2023-10-21,1.37447,628.5850094360599
1755,2023-10-22,1.5359,702.411632114811
1756,2023-10-23,1.63232,746.5072956140688
1757,2023-10-24,1.62335,742.4050543613376
1758,2023-10-25,1.52694,698.3139641522166
1759,2023-10-26,1.5359,702.411632114811
1760,2023-10-27,1.3924,636.7849186513854
1761,2023-10-28,1.78255,815.2118333395771
1762,2023-10-29,1.89466,866.4829890635118
1763,2023-10-30,1.90363,870.5852303162429
1764,2023-10-31,1.72649,789.5739688325413
1765,2023-11-01,1.75116,800.8562756000862
1766,2023-11-02,1.59644,730.0983306031441
1767,2023-11-03,1.65026,754.7117781195312
1768,2023-11-04,1.6099,736.2539791273092
1769,2023-11-05,1.796,821.3629085736054
1770,2023-11-06,2.00677,917.7541447874465
1771,2023-11-07,2.02022,923.9052200214751
1772,2023-11-08,1.88569,862.3807478107806
1773,2023-11-09,2.10318,961.8452349965676
1774,2023-11-10,2.25117,1029.5253557314272
1775,2023-11-11,2.29601,1050.0319887049463
1776,2023-11-12,3.73775,1709.3815208914218
1777,2023-11-13,6.76696,3094.72714242831
1778,2023-11-14,5.08083,2323.6109725879905
1779,2023-11-15,3.99336,1826.2793900787822
1780,2023-11-16,3.65254,1670.4125156355437
1781,2023-11-17,3.69963,1691.9481388898485
1782,2023-11-18,3.41935,1563.767962934943
1783,2023-11-19,4.06062,1857.039339539061
1784,2023-11-20,3.65479,1671.4415059163293
1785,2023-11-21,3.69963,1691.9481388898485
1786,2023-11-22,3.74672,1713.483762144153
1787,2023-11-23,3.38348,1547.363571214155
1788,2023-11-24,3.25792,1489.9413402561918
1789,2023-11-25,3.91712,1791.4126260756354
1790,2023-11-26,3.71308,1698.099214123877
1791,2023-11-27,3.83192,1752.4481941098943
1792,2023-11-28,3.49783,1599.6591439287383
1793,2023-11-29,2.9328,1341.2545313277672
1794,2023-11-30,2.51575,1150.525466171519
1795,2023-12-01,2.1839,998.7608329810116
1796,2023-12-02,2.08749,954.6697427718905
1797,2023-12-03,2.43278,1112.5808779062895
1798,2023-12-04,2.16596,990.5563504755493
1799,2023-12-05,2.26014,1033.6275969841583
1800,2023-12-06,1.87448,857.2540895674008
1801,2023-12-07,1.95295,893.1406972710594
1802,2023-12-08,1.82963,836.7428833037449
1803,2023-12-09,1.68389,770.0917528496707
1804,2023-12-10,1.69062,773.1695771117533
1805,2023-12-11,2.43727,1114.6342851777233
1806,2023-12-12,1.96192,897.2429385237906
1807,2023-12-13,1.9395,886.989622037031
1808,2023-12-14,1.86999,855.2006822959668
1809,2023-12-15,1.86551,853.1518483146696
1810,2023-12-16,1.61887,740.3562203800404
1811,2023-12-17,1.86327,852.127431324021
1812,2023-12-18,2.24668,1027.4719484599932
1813,2023-12-19,1.796,821.3629085736054
1814,2023-12-20,1.5516,709.5916976296248
1815,2023-12-21,1.65026,754.7117781195312
1816,2023-12-22,1.65923,758.8140193722624
1817,2023-12-23,1.3924,636.7849186513854
1818,2023-12-24,1.58972,727.0250796311982
1819,2023-12-25,1.57851,721.8984213878184
1820,2023-12-26,1.68165,769.067335859022
1821,2023-12-27,1.57402,719.8450141163844
1822,2023-12-28,1.74443,797.7784513380036
1823,2023-12-29,1.57178,718.8205971257357
1824,2023-12-30,1.48882,680.8805821506432
1825,2023-12-31,1.41707,648.0672254189304
1826,2024-01-01,1.58075,722.9228383784671
1827,2024-01-02,1.5516,709.5916976296248
1828,2024-01-03,1.56505,715.7427728636532
1829,2024-01-04,1.47088,672.6760996451808
1830,2024-01-05,1.48433,678.8271748792091
1831,2024-01-06,1.5516,709.5916976296248
1832,2024-01-07,2.13457,976.2007927360584
1833,2024-01-08,1.96641,899.2963457952246
1834,2024-01-09,1.64353,751.6339538574485
1835,2024-01-10,1.56505,715.7427728636532
1836,2024-01-11,1.71528,784.4473105891614
1837,2024-01-12,1.85878,850.074024052587
1838,2024-01-13,1.59196,728.0494966218469
1839,2024-01-14,2.37897,1087.9720036800388
1840,2024-01-15,2.79826,1279.725485826936
1841,2024-01-16,2.20632,1009.0141494677711
1842,2024-01-17,1.95295,893.1406972710594
1843,2024-01-18,2.03816,932.1097025269373
1844,2024-01-19,2.10318,961.8452349965676
1845,2024-01-20,1.96865,900.3207627858732
1846,2024-01-21,2.14803,982.3564412602235
1847,2024-01-22,1.82291,833.669632331799
1848,2024-01-23,1.79824,822.387325564254
1849,2024-01-24,1.79151,819.3095013021714
1850,2024-01-25,1.66371,760.8628533535596
1851,2024-01-26,1.61438,738.3028131086063
1852,2024-01-27,1.60541,734.2005718558752
1853,2024-01-28,1.83187,837.7673002943934
1854,2024-01-29,1.93726,885.9652050463824
1855,2024-01-30,1.5942,729.0739136124954
1856,2024-01-31,1.51572,693.1827326186999
1857,2024-02-01,1.58075,722.9228383784671
1858,2024-02-02,1.34756,616.2782856778663
1859,2024-02-03,1.28926,589.6160041801818
1860,2024-02-04,1.63008,745.4828786234202
1861,2024-02-05,1.51572,693.1827326186999
1862,2024-02-06,1.4081,643.9649841661992
1863,2024-02-07,1.31168,599.8693206669413
1864,2024-02-08,1.2646,578.3382707027736
1865,2024-02-09,1.18612,542.4470897089782
1866,2024-02-10,1.32514,606.0249691911066
1867,2024-02-11,1.52694,698.3139641522166
1868,2024-02-12,1.56729,716.7671898543018
1869,2024-02-13,1.53142,700.3627981335138
1870,2024-02-14,1.47985,676.778340897912
1871,2024-02-15,1.3498,617.3027026685148
1872,2024-02-16,2.37225,1084.8987527080933
1873,2024-02-17,1.78479,816.2362503302256
1874,2024-02-18,1.84309,842.8985318279099
1875,2024-02-19,1.76685,808.0317678247632
1876,2024-02-20,1.71752,785.4717275798099
1877,2024-02-21,1.71528,784.4473105891614
1878,2024-02-22,1.60093,732.151737874578
1879,2024-02-23,1.34532,615.2538686872176
1880,2024-02-24,1.3072,597.8204866856441
1881,2024-02-25,1.41482,647.038235138145
1882,2024-02-26,2.03143,929.0318782648548
1883,2024-02-27,1.84084,841.8695415471246
1884,2024-02-28,2.04488,935.1829534988832
1885,2024-02-29,2.02695,926.9830442835575
1886,2024-03-01,1.68837,772.1405868309678
1887,2024-03-02,1.5942,729.0739136124954
1888,2024-03-03,1.65026,754.7117781195312
1889,2024-03-04,1.47088,672.6760996451808
1890,2024-03-05,1.53366,701.3872151241624
1891,2024-03-06,1.47761,675.7539239072635
1892,2024-03-07,1.41931,649.091642409579
1893,2024-03-08,1.39913,639.862742913468
1894,2024-03-09,1.36101,622.4293609118946
1895,2024-03-10,1.61887,740.3562203800404
1896,2024-03-11,1.56954,717.7961801350872
1897,2024-03-12,1.4664,670.6272656638836
1898,2024-03-13,1.55608,711.6405316109219
1899,2024-03-14,1.34307,614.2248784064321
1900,2024-03-15,1.39465,637.8139089321708
1901,2024-03-16,2.30946,1056.1830639389748
1902,2024-03-17,1.71976,786.4961445704586
1903,2024-03-18,1.75788,803.929526572032
1904,2024-03-19,1.53366,701.3872151241624
1905,2024-03-20,1.38119,631.6582604080055
1906,2024-03-21,1.27357,582.4405119555048
1907,2024-03-22,1.20854,552.7004061957377
1908,2024-03-23,1.22872,561.9293056918488
1909,2024-03-24,1.54487,706.5138733675421
1910,2024-03-25,1.47761,675.7539239072635
1911,2024-03-26,1.53366,701.3872151241624
1912,2024-03-27,1.64353,751.6339538574485
1913,2024-03-28,1.6794,768.0383455782365
1914,2024-03-29,1.6368,748.556129595366
1915,2024-03-30,1.47985,676.778340897912
1916,2024-03-31,1.43725,657.2961249150413
1917,2024-04-01,1.47985,676.778340897912
1918,2024-04-02,1.43276,655.2427176436074
1919,2024-04-03,1.2915,590.6404211708305
1920,2024-04-04,1.25114,572.1826221786083
1921,2024-04-05,2.34534,1072.5920289498997
1922,2024-04-06,2.30274,1053.109812967029
1923,2024-04-07,2.51126,1148.472058900085
1924,2024-04-08,1.94398,889.0384560183282
1925,2024-04-09,1.59196,728.0494966218469
1926,2024-04-10,1.34532,615.2538686872176
1927,2024-04-11,1.35429,619.3561099399487
1928,2024-04-12,1.27805,584.4893459368019
1929,2024-04-13,1.26908,580.3871046840708
1930,2024-04-14,1.15921,530.1403659507846
1931,2024-04-15,1.2489,571.1582051879598
1932,2024-04-16,1.25339,573.2116124593938
1933,2024-04-17,1.33186,609.0982201630524
1934,2024-04-18,1.44173,659.3449588963385
1935,2024-04-19,2.47314,1131.0386768985113
1936,2024-04-20,1.67716,767.013928587588
1937,2024-04-21,1.41482,647.038235138145
1938,2024-04-22,1.32738,607.0493861817552
1939,2024-04-23,1.24442,569.1093712066627
1940,2024-04-24,1.13455,518.8626324733764
1941,2024-04-25,1.13231,517.8382154827277
1942,2024-04-26,1.15697,529.115948960136
1943,2024-04-27,1.00002,457.3381602626819
1944,2024-04-28,1.06953,489.12710000374625
1945,2024-04-29,1.36774,625.5071851739772
1946,2024-04-30,1.11437,509.6337329772654
1947,2024-05-01,1.31617,601.9227279383754
1948,2024-05-02,1.36774,625.5071851739772
1949,2024-05-03,1.15025,526.0426979881902
1950,2024-05-04,1.11213,508.6093159866168
1951,2024-05-05,1.25339,573.2116124593938
1952,2024-05-06,1.38119,631.6582604080055
1953,2024-05-07,1.27132,581.4115216747193
1954,2024-05-08,1.27805,584.4893459368019
1955,2024-05-09,1.32065,603.9715619196726
1956,2024-05-10,1.60765,735.2249888465238
1957,2024-05-11,1.07401,491.17593398504334
1958,2024-05-12,1.24666,570.1337881973112
1959,2024-05-13,1.27581,583.4649289461535
1960,2024-05-14,1.10764,506.55590871518274
1961,2024-05-15,1.0628,486.04927574166356
1962,2024-05-16,1.1054,505.53149172453413
1963,2024-05-17,1.21303,554.7538134671718
1964,2024-05-18,1.10764,506.55590871518274
1965,2024-05-19,1.0045,459.38699424397913
1966,2024-05-20,1.23096,562.9537226824974
1967,2024-05-21,1.17491,537.3204314655983
1968,2024-05-22,1.27581,583.4649289461535
1969,2024-05-23,1.16146,531.16935623157
1970,2024-05-24,1.45518,665.496034130367
1971,2024-05-25,0.97984,448.109260766571
1972,2024-05-26,1.07849,493.22476796634055
1973,2024-05-27,1.36325,623.4537779025433
1974,2024-05-28,1.09419,500.4048334811544
1975,2024-05-29,1.08298,495.27817523777463
1976,2024-05-30,1.148,525.0137077074047
1977,2024-05-31,0.99778,456.3137432720334
1978,2024-06-01,0.91033,416.32032102550676
1979,2024-06-02,1.1211,512.7115572393479
1980,2024-06-03,1.11213,508.6093159866168
1981,2024-06-04,1.08746,497.32700921907184
1982,2024-06-05,1.02244,467.5914767494416
1983,2024-06-06,0.91706,419.3981452875894
1984,2024-06-07,1.00899,461.4404015154132
1985,2024-06-08,0.94396,431.7002957556462
1986,2024-06-09,0.9619,439.90477826110856
1987,2024-06-10,1.02692,469.6403107307388
1988,2024-06-11,1.06953,489.12710000374625
1989,2024-06-12,1.07625,492.20035097569195
1990,2024-06-13,1.06728,488.09810972296077
1991,2024-06-14,0.92154,421.4469792688866
1992,2024-06-15,0.94172,430.6758787649976
1993,2024-06-16,0.91257,417.34473801615536
1994,2024-06-17,0.98881,452.2115020193022
1995,2024-06-18,1.00002,457.3381602626819
1996,2024-06-19,1.04262,476.8203762455526
1997,2024-06-20,0.95517,436.826953999026
1998,2024-06-21,1.43052,654.2183006529588
1999,2024-06-22,1.09643,501.429250471803
2000,2024-06-23,1.12334,513.7359742299966
2001,2024-06-24,1.02692,469.6403107307388
2002,2024-06-25,1.0202,466.567059758793
2003,2024-06-26,1.04038,475.795959254904
2004,2024-06-27,0.93724,428.6270447837004
2005,2024-06-28,1.12334,513.7359742299966
2006,2024-06-29,1.07177,490.15151699439474
2007,2024-06-30,0.95293,435.8025370083774
2008,2024-07-01,1.03365,472.7181349928214
2009,2024-07-02,1.12334,513.7359742299966
2010,2024-07-03,1.06504,487.07369273231217
2011,2024-07-04,0.95293,435.8025370083774
2012,2024-07-05,1.51124,691.1338986374027
2013,2024-07-06,1.21527,555.7782304578204
2014,2024-07-07,1.23321,563.9827129632828
2015,2024-07-08,1.31841,602.947144929024
2016,2024-07-09,1.51797,694.2117228994854
2017,2024-07-10,1.38343,632.6826773986542
2018,2024-07-11,1.32962,608.0738031724038
2019,2024-07-12,1.24442,569.1093712066627
2020,2024-07-13,0.96638,441.95361224240577
2021,2024-07-14,1.01347,463.4892354967104
2022,2024-07-15,1.06728,488.09810972296077
2023,2024-07-16,1.16818,534.2426072035158
2024,2024-07-17,1.02917,470.66930101152417
2025,2024-07-18,1.00226,458.3625772533305
2026,2024-07-19,1.00002,457.3381602626819
2027,2024-07-20,0.96414,440.92919525175716
2028,2024-07-21,1.09643,501.429250471803
2029,2024-07-22,1.09195,499.3804164905058
2030,2024-07-23,1.04038,475.795959254904
2031,2024-07-24,0.98656,451.1825117385168
2032,2024-07-25,0.92827,424.5248035309692
2033,2024-07-26,0.92154,421.4469792688866
2034,2024-07-27,0.79822,365.04916530157203
2035,2024-07-28,0.89015,407.0914215293958
2036,2024-07-29,0.88342,404.0135972673132
2037,2024-07-30,0.74441,340.4402910753216
2038,2024-07-31,0.82513,377.3558890597656
2039,2024-08-01,0.82513,377.3558890597656
2040,2024-08-02,0.82737,378.3803060504142
2041,2024-08-03,0.78925,360.9469240488408
2042,2024-08-04,0.78252,357.86909978675817
2043,2024-08-05,0.79149,361.9713410394894
2044,2024-08-06,0.95742,437.8559442798114
2045,2024-08-07,1.02468,468.6158937400902
2046,2024-08-08,1.08298,495.27817523777463
2047,2024-08-09,0.95293,435.8025370083774
2048,2024-08-10,0.87894,401.964763286016
2049,2024-08-11,0.99329,454.2603360005994
2050,2024-08-12,1.05607,482.971451479581
2051,2024-08-13,0.98656,451.1825117385168
2052,2024-08-14,0.93499,427.598054502915
2053,2024-08-15,0.87221,398.8869390239334
2054,2024-08-16,1.02244,467.5914767494416
2055,2024-08-17,1.02917,470.66930101152417
2056,2024-08-18,1.00226,458.3625772533305
2057,2024-08-19,1.00226,458.3625772533305
2058,2024-08-20,1.03141,471.6937180021728
2059,2024-08-21,0.93724,428.6270447837004
2060,2024-08-22,0.91481,418.36915500680396
2061,2024-08-23,0.7758,354.7958488148124
2062,2024-08-24,0.88567,405.0425875480986
2063,2024-08-25,0.87894,401.964763286016
2064,2024-08-26,1.73994,795.7250440665696
2065,2024-08-27,1.31617,601.9227279383754
2066,2024-08-28,1.34756,616.2782856778663
2067,2024-08-29,1.4081,643.9649841661992
2068,2024-08-30,1.25787,575.260446440691
2069,2024-08-31,1.2915,590.6404211708305
2070,2024-09-01,1.27357,582.4405119555048
2071,2024-09-02,1.24218,568.084954216014
2072,2024-09-03,1.2063,551.6759892050892
2073,2024-09-04,1.26908,580.3871046840708
2074,2024-09-05,1.52245,696.2605568807826
2075,2024-09-06,1.3498,617.3027026685148
2076,2024-09-07,1.1211,512.7115572393479
2077,2024-09-08,1.24666,570.1337881973112
2078,2024-09-09,1.27581,583.4649289461535
2079,2024-09-10,1.44397,660.3693758869872
2080,2024-09-11,1.23545,565.0071299539313
2081,2024-09-12,1.34083,613.2004614157836
2082,2024-09-13,1.10316,504.50707473388553
2083,2024-09-14,1.13903,520.9114664546736
2084,2024-09-15,1.13007,516.8137984920792
2085,2024-09-16,1.04262,476.8203762455526
2086,2024-09-17,1.05159,480.9226174982838
2087,2024-09-18,1.2646,578.3382707027736
2088,2024-09-19,1.42828,653.1938836623102
2089,2024-09-20,1.64801,753.6827878387458
2090,2024-09-21,1.84533,843.9229488185586
2091,2024-09-22,1.66595,761.8872703442082
2092,2024-09-23,1.53142,700.3627981335138
2093,2024-09-24,1.40137,640.8871599041166
2094,2024-09-25,1.27805,584.4893459368019
2095,2024-09-26,1.34083,613.2004614157836
2096,2024-09-27,1.25114,572.1826221786083
2097,2024-09-28,1.17715,538.344848456247
2098,2024-09-29,1.28926,589.6160041801818
2099,2024-09-30,1.29599,592.6938284422644
