,date,에디션,에디션_absolute
0,2019-01-01,0.23031,367.1479192283391
1,2019-01-02,0.30731,489.89721270487996
2,2019-01-03,0.29401,468.6950620134774
3,2019-01-04,0.30521,486.5495047009742
4,2019-01-05,0.26461,421.8271499587982
5,2019-01-06,0.45292,722.0209091090242
6,2019-01-07,0.30101,479.8540886931629
7,2019-01-08,0.28141,448.6088139900434
8,2019-01-09,0.26111,416.2476366189554
9,2019-01-10,0.29891,476.5063806892573
10,2019-01-11,0.28841,459.76784066972897
11,2019-01-12,0.25551,407.32041527520704
12,2019-01-13,0.27091,431.87027397051514
13,2019-01-14,0.25551,407.32041527520704
14,2019-01-15,0.27651,440.79749531426353
15,2019-01-16,0.28421,453.0724246619177
16,2019-01-17,0.26741,426.29076063067237
17,2019-01-18,0.25341,403.9727072713014
18,2019-01-19,0.27721,441.91339798223214
19,2019-01-20,0.28141,448.6088139900434
20,2019-01-21,0.24151,385.00236191583593
21,2019-01-22,0.26741,426.29076063067237
22,2019-01-23,0.26391,420.7112472908296
23,2019-01-24,0.29611,472.042770017383
24,2019-01-25,0.30241,482.0858940291001
25,2019-01-26,0.25971,414.0158312830183
26,2019-01-27,0.27581,439.68159264629503
27,2019-01-28,0.31291,498.82443404862835
28,2019-01-29,0.27791,443.0293006502007
29,2019-01-30,0.26321,419.5953446228611
30,2019-01-31,0.27791,443.0293006502007
31,2019-02-01,0.23871,380.53875124396177
32,2019-02-02,0.23241,370.4956272322448
33,2019-02-03,0.24781,395.04548592755293
34,2019-02-04,0.20861,332.55493652131395
35,2019-02-05,0.21771,347.0616712049051
36,2019-02-06,0.30241,482.0858940291001
37,2019-02-07,0.31781,506.6357527244082
38,2019-02-08,0.29751,474.27457535332013
39,2019-02-09,0.30311,483.2017966970686
40,2019-02-10,0.28561,455.30422999785475
41,2019-02-11,0.27931,445.2611059861378
42,2019-02-12,0.28491,454.1883273298862
43,2019-02-13,0.29261,466.46325667754024
44,2019-02-14,0.31291,498.82443404862835
45,2019-02-15,0.30801,491.01311537284846
46,2019-02-16,0.31571,503.2880447205025
47,2019-02-17,0.28001,446.3770086541063
48,2019-02-18,0.28281,450.8406193259806
49,2019-02-19,0.26881,428.5225659666095
50,2019-02-20,0.28281,450.8406193259806
51,2019-02-21,0.31571,503.2880447205025
52,2019-02-22,0.28911,460.88374333769747
53,2019-02-23,0.25341,403.9727072713014
54,2019-02-24,0.25551,407.32041527520704
55,2019-02-25,0.30381,484.3176993650372
56,2019-02-26,0.31291,498.82443404862835
57,2019-02-27,0.31011,494.3608233767541
58,2019-02-28,0.26251,418.47944195489254
59,2019-03-01,0.35561,566.89449679471
60,2019-03-02,0.31921,508.8675580603453
61,2019-03-03,0.29891,476.5063806892573
62,2019-03-04,0.28491,454.1883273298862
63,2019-03-05,0.29401,468.6950620134774
64,2019-03-06,0.30381,484.3176993650372
65,2019-03-07,0.31851,507.7516553923768
66,2019-03-08,0.27931,445.2611059861378
67,2019-03-09,0.31221,497.70853138065974
68,2019-03-10,0.33181,528.9538060837792
69,2019-03-11,0.31081,495.4767260447226
70,2019-03-12,0.31921,508.8675580603453
71,2019-03-13,0.28701,457.53603533379186
72,2019-03-14,0.32201,513.3311687322196
73,2019-03-15,0.33671,536.7651247595592
74,2019-03-16,0.30101,479.8540886931629
75,2019-03-17,0.30311,483.2017966970686
76,2019-03-18,0.31571,503.2880447205025
77,2019-03-19,0.39481,629.385046200949
78,2019-03-20,0.30941,493.24492070878557
79,2019-03-21,0.30101,479.8540886931629
80,2019-03-22,0.27861,444.14520331816925
81,2019-03-23,0.27651,440.79749531426353
82,2019-03-24,0.28981,461.9996460056661
83,2019-03-25,0.30311,483.2017966970686
84,2019-03-26,0.29821,475.3904780212887
85,2019-03-27,0.38361,611.5306035134522
86,2019-03-28,0.34441,549.0400541072132
87,2019-03-29,0.30801,491.01311537284846
88,2019-03-30,0.29891,476.5063806892573
89,2019-03-31,0.32131,512.215266064251
90,2019-04-01,0.31431,501.0562393845654
91,2019-04-02,0.32061,511.0993633962824
92,2019-04-03,0.27791,443.0293006502007
93,2019-04-04,0.26951,429.6384686345781
94,2019-04-05,0.29261,466.46325667754024
95,2019-04-06,0.26041,415.1317339509868
96,2019-04-07,0.28281,450.8406193259806
97,2019-04-08,0.31641,504.4039473884711
98,2019-04-09,0.29681,473.15867268535163
99,2019-04-10,0.28001,446.3770086541063
100,2019-04-11,0.33251,530.0697087517477
101,2019-04-12,0.23171,369.3797245642762
102,2019-04-13,0.26251,418.47944195489254
103,2019-04-14,0.27511,438.56568997832653
104,2019-04-15,0.24431,389.46597258771016
105,2019-04-16,0.29611,472.042770017383
106,2019-04-17,0.23801,379.42284857599316
107,2019-04-18,0.26111,416.2476366189554
108,2019-04-19,0.28771,458.65193800176047
109,2019-04-20,0.24431,389.46597258771016
110,2019-04-21,0.23731,378.3069459080246
111,2019-04-22,0.29401,468.6950620134774
112,2019-04-23,0.26321,419.5953446228611
113,2019-04-24,0.28421,453.0724246619177
114,2019-04-25,0.27931,445.2611059861378
115,2019-04-26,0.21841,348.17757387287367
116,2019-04-27,0.23661,377.19104324005605
117,2019-04-28,0.24431,389.46597258771016
118,2019-04-29,0.23591,376.07514057208755
119,2019-04-30,0.23731,378.3069459080246
120,2019-05-01,0.24011,382.7705565798988
121,2019-05-02,0.26111,416.2476366189554
122,2019-05-03,0.24571,391.69777792364727
123,2019-05-04,0.1967,313.5686496991633
124,2019-05-05,0.21491,342.59806053303095
125,2019-05-06,0.21701,345.9457685369366
126,2019-05-07,0.24431,389.46597258771016
127,2019-05-08,0.22681,361.56840588849633
128,2019-05-09,0.22471,358.22069788459066
129,2019-05-10,0.25551,407.32041527520704
130,2019-05-11,0.1848,294.5983043436979
131,2019-05-12,0.23451,373.84333523615044
132,2019-05-13,0.23661,377.19104324005605
133,2019-05-14,0.24081,383.8864592478674
134,2019-05-15,0.23451,373.84333523615044
135,2019-05-16,0.23241,370.4956272322448
136,2019-05-17,0.23101,368.26382189630766
137,2019-05-18,0.21141,337.01854719318817
138,2019-05-19,0.23101,368.26382189630766
139,2019-05-20,0.21491,342.59806053303095
140,2019-05-21,0.21841,348.17757387287367
141,2019-05-22,0.20441,325.8595205135027
142,2019-05-23,0.22821,363.80021122443344
143,2019-05-24,0.25831,411.7840259470812
144,2019-05-25,0.23871,380.53875124396177
145,2019-05-26,0.21421,341.4821578650624
146,2019-05-27,0.26181,417.3635392869239
147,2019-05-28,0.26251,418.47944195489254
148,2019-05-29,0.24781,395.04548592755293
149,2019-05-30,0.20721,330.3231311853769
150,2019-05-31,0.23241,370.4956272322448
151,2019-06-01,0.1806,287.9028883358866
152,2019-06-02,0.20861,332.55493652131395
153,2019-06-03,0.1981,315.8004550351004
154,2019-06-04,0.24151,385.00236191583593
155,2019-06-05,0.22191,353.75708721271644
156,2019-06-06,0.33601,535.6492220915906
157,2019-06-07,0.36541,582.5171341462698
158,2019-06-08,0.21421,341.4821578650624
159,2019-06-09,0.27231,434.10207930645225
160,2019-06-10,0.24851,396.1613885955215
161,2019-06-11,0.31641,504.4039473884711
162,2019-06-12,0.29121,464.23145134160325
163,2019-06-13,0.27581,439.68159264629503
164,2019-06-14,0.21911,349.2934765408423
165,2019-06-15,0.38501,613.7624088493893
166,2019-06-16,0.25061,399.50909659942715
167,2019-06-17,0.23941,381.6546539119303
168,2019-06-18,0.27231,434.10207930645225
169,2019-06-19,0.23941,381.6546539119303
170,2019-06-20,0.26531,422.9430526267667
171,2019-06-21,0.21841,348.17757387287367
172,2019-06-22,0.189,301.29372035150925
173,2019-06-23,0.20371,324.7436178455341
174,2019-06-24,0.26111,416.2476366189554
175,2019-06-25,0.25271,402.85680460333276
176,2019-06-26,0.23311,371.6115299002133
177,2019-06-27,0.27511,438.56568997832653
178,2019-06-28,0.20441,325.8595205135027
179,2019-06-29,0.66293,1056.8076509662753
180,2019-06-30,0.27301,435.21798197442075
181,2019-07-01,0.28211,449.724716658012
182,2019-07-02,0.21981,350.40937920881083
183,2019-07-03,0.23241,370.4956272322448
184,2019-07-04,0.26531,422.9430526267667
185,2019-07-05,0.27441,437.4497873103579
186,2019-07-06,0.1799,286.78698566791803
187,2019-07-07,0.1792,285.6710829999495
188,2019-07-08,0.20021,319.16410450569134
189,2019-07-09,0.23381,372.7274325681818
190,2019-07-10,0.20581,328.0913258494397
191,2019-07-11,0.22401,357.1047952166221
192,2019-07-12,0.21981,350.40937920881083
193,2019-07-13,0.20231,322.51181250959695
194,2019-07-14,0.23101,368.26382189630766
195,2019-07-15,0.1995,318.0322603710375
196,2019-07-16,0.22681,361.56840588849633
197,2019-07-17,0.23311,371.6115299002133
198,2019-07-18,0.23031,367.1479192283391
199,2019-07-19,0.20581,328.0913258494397
200,2019-07-20,0.1736,276.7438616562011
201,2019-07-21,0.20651,329.2072285174083
202,2019-07-22,0.24361,388.3500699197416
203,2019-07-23,0.23871,380.53875124396177
204,2019-07-24,0.25341,403.9727072713014
205,2019-07-25,0.26951,429.6384686345781
206,2019-07-26,0.35001,557.9672754509616
207,2019-07-27,0.20161,321.39590984162845
208,2019-07-28,0.21911,349.2934765408423
209,2019-07-29,0.20021,319.16410450569134
210,2019-07-30,0.28351,451.9565219939491
211,2019-07-31,0.23451,373.84333523615044
212,2019-08-01,0.27721,441.91339798223214
213,2019-08-02,0.25831,411.7840259470812
214,2019-08-03,0.1981,315.8004550351004
215,2019-08-04,0.1743,277.85976432416965
216,2019-08-05,0.182,290.1346936718237
217,2019-08-06,0.27861,444.14520331816925
218,2019-08-07,0.22401,357.1047952166221
219,2019-08-08,0.24221,386.1182645838045
220,2019-08-09,0.28211,449.724716658012
221,2019-08-10,0.23661,377.19104324005605
222,2019-08-11,0.25551,407.32041527520704
223,2019-08-12,0.25341,403.9727072713014
224,2019-08-13,0.29051,463.11554867363463
225,2019-08-14,0.25621,408.43631794317554
226,2019-08-15,0.33601,535.6492220915906
227,2019-08-16,0.25411,405.0886099392699
228,2019-08-17,0.21701,345.9457685369366
229,2019-08-18,0.21771,347.0616712049051
230,2019-08-19,0.28001,446.3770086541063
231,2019-08-20,0.22821,363.80021122443344
232,2019-08-21,0.24361,388.3500699197416
233,2019-08-22,0.27441,437.4497873103579
234,2019-08-23,0.22331,355.9888925486536
235,2019-08-24,0.22611,360.4525032205278
236,2019-08-25,0.23241,370.4956272322448
237,2019-08-26,0.30101,479.8540886931629
238,2019-08-27,0.24781,395.04548592755293
239,2019-08-28,0.24081,383.8864592478674
240,2019-08-29,0.26041,415.1317339509868
241,2019-08-30,0.24221,386.1182645838045
242,2019-08-31,0.27931,445.2611059861378
243,2019-09-01,0.27441,437.4497873103579
244,2019-09-02,0.24151,385.00236191583593
245,2019-09-03,0.26671,425.17485796270387
246,2019-09-04,0.27301,435.21798197442075
247,2019-09-05,0.25621,408.43631794317554
248,2019-09-06,0.25201,401.74090193536426
249,2019-09-07,0.24781,395.04548592755293
250,2019-09-08,0.26461,421.8271499587982
251,2019-09-09,0.28561,455.30422999785475
252,2019-09-10,0.25061,399.50909659942715
253,2019-09-11,0.30731,489.89721270487996
254,2019-09-12,0.23801,379.42284857599316
255,2019-09-13,0.1918,305.7573310233834
256,2019-09-14,0.22751,362.6843085564649
257,2019-09-15,0.22681,361.56840588849633
258,2019-09-16,0.26881,428.5225659666095
259,2019-09-17,0.27581,439.68159264629503
260,2019-09-18,0.25341,403.9727072713014
261,2019-09-19,0.29681,473.15867268535163
262,2019-09-20,0.26111,416.2476366189554
263,2019-09-21,0.22961,366.03201656037055
264,2019-09-22,0.28771,458.65193800176047
265,2019-09-23,0.30241,482.0858940291001
266,2019-09-24,0.26881,428.5225659666095
267,2019-09-25,0.25831,411.7840259470812
268,2019-09-26,0.27791,443.0293006502007
269,2019-09-27,0.22611,360.4525032205278
270,2019-09-28,0.24151,385.00236191583593
271,2019-09-29,0.28841,459.76784066972897
272,2019-09-30,0.25831,411.7840259470812
273,2019-10-01,0.24711,393.9295832595844
274,2019-10-02,0.26461,421.8271499587982
275,2019-10-03,0.32411,516.6788767361252
276,2019-10-04,0.27861,444.14520331816925
277,2019-10-05,0.28981,461.9996460056661
278,2019-10-06,0.31851,507.7516553923768
279,2019-10-07,0.30871,492.12901804081696
280,2019-10-08,0.26251,418.47944195489254
281,2019-10-09,0.30521,486.5495047009742
282,2019-10-10,0.30101,479.8540886931629
283,2019-10-11,0.27861,444.14520331816925
284,2019-10-12,0.23241,370.4956272322448
285,2019-10-13,0.28911,460.88374333769747
286,2019-10-14,0.27651,440.79749531426353
287,2019-10-15,0.29331,467.57915934550886
288,2019-10-16,0.32971,525.6060980798736
289,2019-10-17,0.29821,475.3904780212887
290,2019-10-18,0.33391,532.3015140876848
291,2019-10-19,0.32341,515.5629740681566
292,2019-10-20,0.34301,546.808248771276
293,2019-10-21,0.29191,465.34735400957175
294,2019-10-22,0.32201,513.3311687322196
295,2019-10-23,0.31991,509.9834607283139
296,2019-10-24,0.33811,538.9969300954963
297,2019-10-25,0.30591,487.6654073689428
298,2019-10-26,0.35141,560.1990807868987
299,2019-10-27,0.34231,545.6923461033075
300,2019-10-28,0.34861,555.7354701150244
301,2019-10-29,0.43262,689.6597317379361
302,2019-10-30,0.38011,605.9510901736094
303,2019-10-31,0.34231,545.6923461033075
304,2019-11-01,0.36471,581.4012314783012
305,2019-11-02,0.35071,559.0831781189302
306,2019-11-03,0.34861,555.7354701150244
307,2019-11-04,0.35981,573.5899128025213
308,2019-11-05,0.32901,524.4901954119051
309,2019-11-06,0.34791,554.6195674470559
310,2019-11-07,0.36751,585.8648421501754
311,2019-11-08,0.39341,627.1532408650119
312,2019-11-09,0.38151,608.1828955095465
313,2019-11-10,0.46832,746.5707678043323
314,2019-11-11,0.40812,650.6031383590367
315,2019-11-12,0.38431,612.6465061814207
316,2019-11-13,0.38641,615.9942141853263
317,2019-11-14,0.51942,828.0316625660366
318,2019-11-15,0.48652,775.5842371715147
319,2019-11-16,0.56842,906.1448493238354
320,2019-11-17,0.45712,728.7163251168355
321,2019-11-18,0.48512,773.3524318355776
322,2019-11-19,0.46202,736.5276437926153
323,2019-11-20,0.49072,782.2796531793259
324,2019-11-21,0.45082,718.6732011051184
325,2019-11-22,0.37731,601.4874795017352
326,2019-11-23,0.36891,588.0966474861126
327,2019-11-24,0.39201,624.9214355290748
328,2019-11-25,0.40602,647.2554303551311
329,2019-11-26,0.43682,696.3551477457473
330,2019-11-27,0.40462,645.0236250191939
331,2019-11-28,0.43822,698.5869530816846
332,2019-11-29,0.40882,651.7190410270053
333,2019-11-30,0.42632,679.6166077262191
334,2019-12-01,0.43262,689.6597317379361
335,2019-12-02,0.50682,807.9454145426027
336,2019-12-03,0.54952,876.0154772886845
337,2019-12-04,0.48512,773.3524318355776
338,2019-12-05,0.50892,811.2931225465084
339,2019-12-06,0.49912,795.6704851949486
340,2019-12-07,0.41652,663.9939703746594
341,2019-12-08,0.71333,1137.152643060011
342,2019-12-09,0.52642,839.1906892457222
343,2019-12-10,0.44942,716.4413957691813
344,2019-12-11,0.46412,739.8753517965209
345,2019-12-12,0.56492,900.5653359839926
346,2019-12-13,0.51102,814.6408305504141
347,2019-12-14,0.46972,748.8025731402694
348,2019-12-15,0.43682,696.3551477457473
349,2019-12-16,0.38711,617.1101168532949
350,2019-12-17,0.43262,689.6597317379361
351,2019-12-18,0.47322,754.3820864801121
352,2019-12-19,0.43822,698.5869530816846
353,2019-12-20,0.41372,659.5303597027852
354,2019-12-21,0.50752,809.0613172105711
355,2019-12-22,0.46902,747.6866704723009
356,2019-12-23,0.43542,694.1233424098102
357,2019-12-24,0.52712,840.3065919136908
358,2019-12-25,0.53202,848.1179105894706
359,2019-12-26,0.37941,604.8351875056409
360,2019-12-27,0.34371,547.9241514392446
361,2019-12-28,0.39971,637.1963648767289
362,2019-12-29,0.41582,662.8780677066909
363,2019-12-30,0.34931,556.851372782993
364,2019-12-31,0.31431,501.0562393845654
365,2020-01-01,0.33041,526.7220007478421
366,2020-01-02,0.34021,542.3446380994019
367,2020-01-03,0.28421,453.0724246619177
368,2020-01-04,0.44662,711.9777850973072
369,2020-01-05,0.38151,608.1828955095465
370,2020-01-06,0.35561,566.89449679471
371,2020-01-07,0.28631,456.4201326658233
372,2020-01-08,0.32411,516.6788767361252
373,2020-01-09,0.32971,525.6060980798736
374,2020-01-10,0.34231,545.6923461033075
375,2020-01-11,0.32341,515.5629740681566
376,2020-01-12,0.42422,676.2688997223134
377,2020-01-13,0.31221,497.70853138065974
378,2020-01-14,0.31291,498.82443404862835
379,2020-01-15,0.31781,506.6357527244082
380,2020-01-16,0.29681,473.15867268535163
381,2020-01-17,0.30661,488.78131003691135
382,2020-01-18,0.31291,498.82443404862835
383,2020-01-19,0.45782,729.832227784804
384,2020-01-20,0.33461,533.4174167556534
385,2020-01-21,0.33391,532.3015140876848
386,2020-01-22,0.29821,475.3904780212887
387,2020-01-23,0.26111,416.2476366189554
388,2020-01-24,0.24501,390.5818752556787
389,2020-01-25,0.1904,303.52552568744636
390,2020-01-26,0.33881,540.1128327634648
391,2020-01-27,0.28351,451.9565219939491
392,2020-01-28,0.26741,426.29076063067237
393,2020-01-29,0.29611,472.042770017383
394,2020-01-30,0.35771,570.2422047986156
395,2020-01-31,0.32621,520.0265847400308
396,2020-02-01,0.32131,512.215266064251
397,2020-02-02,0.44382,707.5141744254329
398,2020-02-03,0.35491,565.7785941267415
399,2020-02-04,0.33811,538.9969300954963
400,2020-02-05,0.33251,530.0697087517477
401,2020-02-06,0.39761,633.8486568728232
402,2020-02-07,0.31221,497.70853138065974
403,2020-02-08,0.35351,563.5467887908044
404,2020-02-09,0.48022,765.5411131597976
405,2020-02-10,0.35211,561.3149834548673
406,2020-02-11,0.34931,556.851372782993
407,2020-02-12,0.44662,711.9777850973072
408,2020-02-13,0.40882,651.7190410270053
409,2020-02-14,0.40602,647.2554303551311
410,2020-02-15,0.39901,636.0804622087603
411,2020-02-16,0.59572,949.6650533746089
412,2020-02-17,0.42492,677.3848023902821
413,2020-02-18,0.33461,533.4174167556534
414,2020-02-19,0.41792,666.2257757105965
415,2020-02-20,0.41792,666.2257757105965
416,2020-02-21,0.42772,681.8484130621562
417,2020-02-22,0.33321,531.1856114197163
418,2020-02-23,0.49282,785.6273611832316
419,2020-02-24,0.34931,556.851372782993
420,2020-02-25,0.34931,556.851372782993
421,2020-02-26,0.37311,594.7920634939238
422,2020-02-27,0.42282,674.0370943863763
423,2020-02-28,0.49772,793.4386798590115
424,2020-02-29,0.43052,686.3120237340305
425,2020-03-01,0.53552,853.6974239293133
426,2020-03-02,0.46552,742.107157132458
427,2020-03-03,0.43892,699.702855749653
428,2020-03-04,0.45852,730.9481304527725
429,2020-03-05,0.35911,572.4740101345528
430,2020-03-06,0.40042,638.3282090113827
431,2020-03-07,0.35001,557.9672754509616
432,2020-03-08,0.54182,863.7405479410303
433,2020-03-09,0.42282,674.0370943863763
434,2020-03-10,0.42422,676.2688997223134
435,2020-03-11,0.38781,618.2260195212634
436,2020-03-12,0.55022,877.1313799566531
437,2020-03-13,0.46272,737.6435464605839
438,2020-03-14,0.40532,646.1395276871625
439,2020-03-15,0.41162,656.1826516988795
440,2020-03-16,0.38291,610.4147008454836
441,2020-03-17,0.37941,604.8351875056409
442,2020-03-18,0.37101,591.4443554900182
443,2020-03-19,0.54812,873.7836719527473
444,2020-03-20,0.49142,783.3955558472945
445,2020-03-21,0.42142,671.8052890504392
446,2020-03-22,0.42492,677.3848023902821
447,2020-03-23,0.45992,733.1799357887096
448,2020-03-24,0.47112,751.0343784762065
449,2020-03-25,0.48442,772.236529167609
450,2020-03-26,0.60483,964.1877295248853
451,2020-03-27,0.56352,898.3335306480554
452,2020-03-28,0.46622,743.2230598004267
453,2020-03-29,0.64473,1027.7941815990928
454,2020-03-30,0.49002,781.1637505113574
455,2020-03-31,0.48372,771.1206264996404
456,2020-04-01,0.55442,883.8267959644643
457,2020-04-02,0.56982,908.3766546597724
458,2020-04-03,0.47602,758.8456971519863
459,2020-04-04,0.50752,809.0613172105711
460,2020-04-05,0.57612,918.4197786714893
461,2020-04-06,0.46342,738.7594491285524
462,2020-04-07,0.51382,819.1044412222883
463,2020-04-08,0.50822,810.1772198785397
464,2020-04-09,0.50472,804.5977065386969
465,2020-04-10,0.51662,823.5680518941624
466,2020-04-11,0.51382,819.1044412222883
467,2020-04-12,0.52292,833.6111759058795
468,2020-04-13,0.47462,756.6138918160492
469,2020-04-14,0.41652,663.9939703746594
470,2020-04-15,0.42422,676.2688997223134
471,2020-04-16,0.47392,755.4979891480807
472,2020-04-17,0.49632,791.2068745230744
473,2020-04-18,0.44382,707.5141744254329
474,2020-04-19,0.50962,812.4090252144769
475,2020-04-20,0.44592,710.8618824293386
476,2020-04-21,0.46062,734.2958384566782
477,2020-04-22,0.40182,640.5600143473198
478,2020-04-23,0.47952,764.4252104918291
479,2020-04-24,0.47392,755.4979891480807
480,2020-04-25,0.45292,722.0209091090242
481,2020-04-26,0.47952,764.4252104918291
482,2020-04-27,0.42212,672.9211917184078
483,2020-04-28,0.39271,626.0373381970434
484,2020-04-29,0.37731,601.4874795017352
485,2020-04-30,0.40392,643.9077223512254
486,2020-05-01,0.36821,586.980744818144
487,2020-05-02,0.35281,562.4308861228359
488,2020-05-03,0.34441,549.0400541072132
489,2020-05-04,0.39831,634.9645595407917
490,2020-05-05,0.56912,907.2607519918038
491,2020-05-06,0.41022,653.9508463629423
492,2020-05-07,0.37801,602.6033821697038
493,2020-05-08,0.41372,659.5303597027852
494,2020-05-09,0.37661,600.3715768337667
495,2020-05-10,0.40882,651.7190410270053
496,2020-05-11,0.40462,645.0236250191939
497,2020-05-12,0.38081,607.0669928415779
498,2020-05-13,0.32201,513.3311687322196
499,2020-05-14,0.37591,599.255674165798
500,2020-05-15,0.42212,672.9211917184078
501,2020-05-16,0.37031,590.3284528220496
502,2020-05-17,0.40602,647.2554303551311
503,2020-05-18,0.36051,574.7058154704899
504,2020-05-19,0.37241,593.6761608259553
505,2020-05-20,0.36401,580.2853288103327
506,2020-05-21,0.39271,626.0373381970434
507,2020-05-22,0.40812,650.6031383590367
508,2020-05-23,0.40532,646.1395276871625
509,2020-05-24,0.42072,670.6893863824706
510,2020-05-25,0.43332,690.7756344059046
511,2020-05-26,0.37521,598.1397714978295
512,2020-05-27,0.33531,534.533319423622
513,2020-05-28,0.41372,659.5303597027852
514,2020-05-29,0.38431,612.6465061814207
515,2020-05-30,0.36751,585.8648421501754
516,2020-05-31,0.38081,607.0669928415779
517,2020-06-01,0.34511,550.1559567751817
518,2020-06-02,0.32341,515.5629740681566
519,2020-06-03,0.32831,523.3742927439365
520,2020-06-04,0.39761,633.8486568728232
521,2020-06-05,0.30381,484.3176993650372
522,2020-06-06,0.40532,646.1395276871625
523,2020-06-07,0.37381,595.9079661618923
524,2020-06-08,0.39901,636.0804622087603
525,2020-06-09,0.38221,609.298798177515
526,2020-06-10,0.38921,620.4578248572005
527,2020-06-11,0.33951,541.2287354314333
528,2020-06-12,0.39691,632.7327542048546
529,2020-06-13,0.42632,679.6166077262191
530,2020-06-14,0.40952,652.8349436949738
531,2020-06-15,0.38291,610.4147008454836
532,2020-06-16,0.44452,708.6300770934015
533,2020-06-17,0.45432,724.2527144449613
534,2020-06-18,0.39971,637.1963648767289
535,2020-06-19,0.43052,686.3120237340305
536,2020-06-20,0.34091,543.4605407673704
537,2020-06-21,0.44592,710.8618824293386
538,2020-06-22,0.35911,572.4740101345528
539,2020-06-23,0.40112,639.4441116793512
540,2020-06-24,0.34931,556.851372782993
541,2020-06-25,0.34791,554.6195674470559
542,2020-06-26,0.43052,686.3120237340305
543,2020-06-27,0.38081,607.0669928415779
544,2020-06-28,0.43892,699.702855749653
545,2020-06-29,0.38501,613.7624088493893
546,2020-06-30,0.41232,657.2985543668481
547,2020-07-01,0.36821,586.980744818144
548,2020-07-02,0.32761,522.2583900759679
549,2020-07-03,0.33811,538.9969300954963
550,2020-07-04,0.28701,457.53603533379186
551,2020-07-05,0.34721,553.5036647790874
552,2020-07-06,0.34161,544.576443435339
553,2020-07-07,0.37941,604.8351875056409
554,2020-07-08,0.42212,672.9211917184078
555,2020-07-09,0.40602,647.2554303551311
556,2020-07-10,0.37591,599.255674165798
557,2020-07-11,0.32621,520.0265847400308
558,2020-07-12,0.31501,502.172142052534
559,2020-07-13,0.29681,473.15867268535163
560,2020-07-14,0.34931,556.851372782993
561,2020-07-15,0.31081,495.4767260447226
562,2020-07-16,0.31431,501.0562393845654
563,2020-07-17,0.33671,536.7651247595592
564,2020-07-18,0.29051,463.11554867363463
565,2020-07-19,0.30801,491.01311537284846
566,2020-07-20,0.31991,509.9834607283139
567,2020-07-21,0.34791,554.6195674470559
568,2020-07-22,0.33881,540.1128327634648
569,2020-07-23,0.33461,533.4174167556534
570,2020-07-24,0.31991,509.9834607283139
571,2020-07-25,0.25341,403.9727072713014
572,2020-07-26,0.32061,511.0993633962824
573,2020-07-27,0.30941,493.24492070878557
574,2020-07-28,0.33811,538.9969300954963
575,2020-07-29,0.33321,531.1856114197163
576,2020-07-30,0.34721,553.5036647790874
577,2020-07-31,0.29891,476.5063806892573
578,2020-08-01,0.28421,453.0724246619177
579,2020-08-02,0.29891,476.5063806892573
580,2020-08-03,0.26041,415.1317339509868
581,2020-08-04,0.32691,521.1424874079993
582,2020-08-05,0.31711,505.5198500564396
583,2020-08-06,0.34231,545.6923461033075
584,2020-08-07,0.33181,528.9538060837792
585,2020-08-08,0.32481,517.7947794040937
586,2020-08-09,0.28141,448.6088139900434
587,2020-08-10,0.27931,445.2611059861378
588,2020-08-11,0.32691,521.1424874079993
589,2020-08-12,0.30381,484.3176993650372
590,2020-08-13,0.28421,453.0724246619177
591,2020-08-14,0.31291,498.82443404862835
592,2020-08-15,0.31361,499.94033671659685
593,2020-08-16,0.27511,438.56568997832653
594,2020-08-17,0.30031,478.7381860251944
595,2020-08-18,0.27931,445.2611059861378
596,2020-08-19,0.30871,492.12901804081696
597,2020-08-20,0.32411,516.6788767361252
598,2020-08-21,0.29611,472.042770017383
599,2020-08-22,0.30521,486.5495047009742
600,2020-08-23,0.26741,426.29076063067237
601,2020-08-24,0.25411,405.0886099392699
602,2020-08-25,0.31711,505.5198500564396
603,2020-08-26,0.30521,486.5495047009742
604,2020-08-27,0.35701,569.1263021306471
605,2020-08-28,0.31431,501.0562393845654
606,2020-08-29,0.28701,457.53603533379186
607,2020-08-30,0.29611,472.042770017383
608,2020-08-31,0.30381,484.3176993650372
609,2020-09-01,0.29961,477.6222833572258
610,2020-09-02,0.36541,582.5171341462698
611,2020-09-03,0.37031,590.3284528220496
612,2020-09-04,0.30451,485.4336020330057
613,2020-09-05,0.30521,486.5495047009742
614,2020-09-06,0.33181,528.9538060837792
615,2020-09-07,0.39061,622.6896301931376
616,2020-09-08,0.42562,678.5007050582506
617,2020-09-09,0.46552,742.107157132458
618,2020-09-10,0.35071,559.0831781189302
619,2020-09-11,0.33671,536.7651247595592
620,2020-09-12,0.35071,559.0831781189302
621,2020-09-13,0.38921,620.4578248572005
622,2020-09-14,0.35351,563.5467887908044
623,2020-09-15,0.36961,589.2125501540811
624,2020-09-16,0.37381,595.9079661618923
625,2020-09-17,0.42702,680.7325103941877
626,2020-09-18,0.40322,642.7918196832569
627,2020-09-19,0.43892,699.702855749653
628,2020-09-20,0.52852,842.5383972496278
629,2020-09-21,0.47322,754.3820864801121
630,2020-09-22,0.37661,600.3715768337667
631,2020-09-23,0.38221,609.298798177515
632,2020-09-24,0.39481,629.385046200949
633,2020-09-25,0.35491,565.7785941267415
634,2020-09-26,0.40462,645.0236250191939
635,2020-09-27,0.44942,716.4413957691813
636,2020-09-28,0.44172,704.1664664215273
637,2020-09-29,0.38431,612.6465061814207
638,2020-09-30,0.31711,505.5198500564396
639,2020-10-01,0.31151,496.59262871269124
640,2020-10-02,0.37381,595.9079661618923
641,2020-10-03,0.39971,637.1963648767289
642,2020-10-04,0.46692,744.3389624683952
643,2020-10-05,0.41442,660.6462623707538
644,2020-10-06,0.47812,762.193405155892
645,2020-10-07,0.48232,768.8888211637034
646,2020-10-08,0.43052,686.3120237340305
647,2020-10-09,0.48162,767.7729184957348
648,2020-10-10,0.51172,815.7567332183825
649,2020-10-11,0.70563,1124.8777137123568
650,2020-10-12,0.54182,863.7405479410303
651,2020-10-13,0.46272,737.6435464605839
652,2020-10-14,0.44732,713.0936877652757
653,2020-10-15,0.47112,751.0343784762065
654,2020-10-16,0.53832,858.1610346011876
655,2020-10-17,1.04515,1666.1223906104756
656,2020-10-18,0.83024,1323.5243300774446
657,2020-10-19,0.60343,961.9559241889483
658,2020-10-20,0.55862,890.5222119722756
659,2020-10-21,0.54042,861.5087426050932
660,2020-10-22,0.53832,858.1610346011876
661,2020-10-23,0.52712,840.3065919136908
662,2020-10-24,0.52852,842.5383972496278
663,2020-10-25,0.52152,831.3793705699422
664,2020-10-26,0.55232,880.4790879605587
665,2020-10-27,0.53482,852.5815212613447
666,2020-10-28,0.47602,758.8456971519863
667,2020-10-29,0.48302,770.0047238316719
668,2020-10-30,0.48512,773.3524318355776
669,2020-10-31,0.52152,831.3793705699422
670,2020-11-01,0.67343,1073.5461909858034
671,2020-11-02,0.56352,898.3335306480554
672,2020-11-03,0.52642,839.1906892457222
673,2020-11-04,0.57542,917.3038760035209
674,2020-11-05,0.53342,850.3497159254077
675,2020-11-06,0.50192,800.1340958668229
676,2020-11-07,0.53342,850.3497159254077
677,2020-11-08,0.66643,1062.387164306118
678,2020-11-09,0.50542,805.7136092066655
679,2020-11-10,0.53272,849.2338132574391
680,2020-11-11,0.53412,851.4656185933763
681,2020-11-12,0.55372,882.7108932964957
682,2020-11-13,0.55302,881.5949906285271
683,2020-11-14,0.60273,960.8400215209797
684,2020-11-15,0.63353,1009.939738911596
685,2020-11-16,0.53552,853.6974239293133
686,2020-11-17,0.50052,797.9022905308857
687,2020-11-18,0.53412,851.4656185933763
688,2020-11-19,0.51802,825.7998572300996
689,2020-11-20,0.55442,883.8267959644643
690,2020-11-21,0.56492,900.5653359839926
691,2020-11-22,0.58032,925.1151946793007
692,2020-11-23,0.56002,892.7540173082126
693,2020-11-24,0.52712,840.3065919136908
694,2020-11-25,0.52642,839.1906892457222
695,2020-11-26,0.56212,896.1017253121182
696,2020-11-27,0.51312,817.9885385543197
697,2020-11-28,0.59782,953.0127613785146
698,2020-11-29,0.65593,1045.6486242865897
699,2020-11-30,0.59712,951.896858710546
700,2020-12-01,0.57752,920.6515840074265
701,2020-12-02,0.58452,931.8106106871121
702,2020-12-03,0.59082,941.853734698829
703,2020-12-04,0.56772,905.0289466558668
704,2020-12-05,0.57962,923.9992920113322
705,2020-12-06,0.58452,931.8106106871121
706,2020-12-07,0.57612,918.4197786714893
707,2020-12-08,0.59712,951.896858710546
708,2020-12-09,0.65383,1042.300916282684
709,2020-12-10,0.58032,925.1151946793007
710,2020-12-11,0.56002,892.7540173082126
711,2020-12-12,0.54672,871.5518666168101
712,2020-12-13,0.61883,986.5057828842564
713,2020-12-14,0.52222,832.4952732379109
714,2020-12-15,0.69163,1102.5596603529857
715,2020-12-16,0.58942,939.6219293628919
716,2020-12-17,0.54392,867.0882559449359
717,2020-12-18,0.61883,986.5057828842564
718,2020-12-19,0.52782,841.4224945816592
719,2020-12-20,0.55512,884.9426986324328
720,2020-12-21,0.56002,892.7540173082126
721,2020-12-22,0.54812,873.7836719527473
722,2020-12-23,0.55652,887.1745039683699
723,2020-12-24,0.60133,958.6082161850426
724,2020-12-25,1.33216,2123.6584259442675
725,2020-12-26,0.59362,946.3173453707033
726,2020-12-27,0.44592,710.8618824293386
727,2020-12-28,0.40952,652.8349436949738
728,2020-12-29,0.38711,617.1101168532949
729,2020-12-30,0.45152,719.7891037730869
730,2020-12-31,0.35981,573.5899128025213
731,2021-01-01,0.30871,492.12901804081696
732,2021-01-02,0.37241,593.6761608259553
733,2021-01-03,0.36261,578.0535234743955
734,2021-01-04,0.34231,545.6923461033075
735,2021-01-05,0.35001,557.9672754509616
736,2021-01-06,0.43542,694.1233424098102
737,2021-01-07,0.43822,698.5869530816846
738,2021-01-08,0.40532,646.1395276871625
739,2021-01-09,0.37871,603.7192848376723
740,2021-01-10,0.36051,574.7058154704899
741,2021-01-11,0.38431,612.6465061814207
742,2021-01-12,0.43262,689.6597317379361
743,2021-01-13,0.38501,613.7624088493893
744,2021-01-14,0.37171,592.5602581579867
745,2021-01-15,0.39901,636.0804622087603
746,2021-01-16,0.34301,546.808248771276
747,2021-01-17,0.36821,586.980744818144
748,2021-01-18,0.33951,541.2287354314333
749,2021-01-19,1.27126,2026.5748938310035
750,2021-01-20,0.81414,1297.8585687141679
751,2021-01-21,0.51942,828.0316625660366
752,2021-01-22,0.51312,817.9885385543197
753,2021-01-23,0.39131,623.8055328611063
754,2021-01-24,0.42072,670.6893863824706
755,2021-01-25,0.39551,630.5009488689175
756,2021-01-26,0.38991,621.573727525169
757,2021-01-27,0.46552,742.107157132458
758,2021-01-28,0.41022,653.9508463629423
759,2021-01-29,0.35141,560.1990807868987
760,2021-01-30,0.35561,566.89449679471
761,2021-01-31,0.40322,642.7918196832569
762,2021-02-01,0.35001,557.9672754509616
763,2021-02-02,0.36051,574.7058154704899
764,2021-02-03,0.37591,599.255674165798
765,2021-02-04,0.43682,696.3551477457473
766,2021-02-05,0.40532,646.1395276871625
767,2021-02-06,0.41162,656.1826516988795
768,2021-02-07,0.41092,655.066749030911
769,2021-02-08,0.34161,544.576443435339
770,2021-02-09,0.32691,521.1424874079993
771,2021-02-10,0.32761,522.2583900759679
772,2021-02-11,0.29051,463.11554867363463
773,2021-02-12,0.29121,464.23145134160325
774,2021-02-13,0.46062,734.2958384566782
775,2021-02-14,0.42422,676.2688997223134
776,2021-02-15,0.47182,752.1502811441751
777,2021-02-16,0.43402,691.8915370738732
778,2021-02-17,0.43892,699.702855749653
779,2021-02-18,0.39971,637.1963648767289
780,2021-02-19,0.41442,660.6462623707538
781,2021-02-20,0.38431,612.6465061814207
782,2021-02-21,0.36541,582.5171341462698
783,2021-02-22,0.35841,571.3581074665842
784,2021-02-23,0.35701,569.1263021306471
785,2021-02-24,0.35071,559.0831781189302
786,2021-02-25,0.34651,552.3877621111188
787,2021-02-26,0.37941,604.8351875056409
788,2021-02-27,0.38991,621.573727525169
789,2021-02-28,0.38641,615.9942141853263
790,2021-03-01,0.39271,626.0373381970434
791,2021-03-02,0.33391,532.3015140876848
792,2021-03-03,0.35141,560.1990807868987
793,2021-03-04,0.36891,588.0966474861126
794,2021-03-05,0.34161,544.576443435339
795,2021-03-06,0.40672,648.3713330230997
796,2021-03-07,0.42632,679.6166077262191
797,2021-03-08,0.36961,589.2125501540811
798,2021-03-09,0.40602,647.2554303551311
799,2021-03-10,0.36961,589.2125501540811
800,2021-03-11,0.39411,628.2691435329805
801,2021-03-12,0.73853,1177.3251391068789
802,2021-03-13,0.50402,803.4818038707285
803,2021-03-14,0.42352,675.152997054345
804,2021-03-15,0.46902,747.6866704723009
805,2021-03-16,0.39761,633.8486568728232
806,2021-03-17,0.43122,687.427926401999
807,2021-03-18,0.38291,610.4147008454836
808,2021-03-19,0.34301,546.808248771276
809,2021-03-20,0.45432,724.2527144449613
810,2021-03-21,0.46412,739.8753517965209
811,2021-03-22,0.39551,630.5009488689175
812,2021-03-23,0.37451,597.0238688298609
813,2021-03-24,0.38151,608.1828955095465
814,2021-03-25,0.40532,646.1395276871625
815,2021-03-26,0.40742,649.4872356910682
816,2021-03-27,0.40882,651.7190410270053
817,2021-03-28,0.41862,667.341678378565
818,2021-03-29,0.39341,627.1532408650119
819,2021-03-30,0.37381,595.9079661618923
820,2021-03-31,0.38781,618.2260195212634
821,2021-04-01,0.36821,586.980744818144
822,2021-04-02,0.32831,523.3742927439365
823,2021-04-03,0.54952,876.0154772886845
824,2021-04-04,0.57332,913.9561679996152
825,2021-04-05,0.40252,641.6759170152883
826,2021-04-06,0.43612,695.2392450777788
827,2021-04-07,0.40182,640.5600143473198
828,2021-04-08,0.37311,594.7920634939238
829,2021-04-09,0.40742,649.4872356910682
830,2021-04-10,0.42002,669.5734837145021
831,2021-04-11,0.41932,668.4575810465336
832,2021-04-12,0.36751,585.8648421501754
833,2021-04-13,0.34651,552.3877621111188
834,2021-04-14,0.35421,564.662691458773
835,2021-04-15,0.34091,543.4605407673704
836,2021-04-16,0.34441,549.0400541072132
837,2021-04-17,0.71683,1142.7321563998537
838,2021-04-18,0.62933,1003.2443229037846
839,2021-04-19,0.41862,667.341678378565
840,2021-04-20,0.43682,696.3551477457473
841,2021-04-21,0.40812,650.6031383590367
842,2021-04-22,0.38851,619.341922189232
843,2021-04-23,0.36961,589.2125501540811
844,2021-04-24,0.43402,691.8915370738732
845,2021-04-25,0.41022,653.9508463629423
846,2021-04-26,0.37941,604.8351875056409
847,2021-04-27,0.34791,554.6195674470559
848,2021-04-28,0.36961,589.2125501540811
849,2021-04-29,0.41232,657.2985543668481
850,2021-04-30,0.38011,605.9510901736094
851,2021-05-01,0.36961,589.2125501540811
852,2021-05-02,0.37941,604.8351875056409
853,2021-05-03,0.35561,566.89449679471
854,2021-05-04,0.31431,501.0562393845654
855,2021-05-05,0.30521,486.5495047009742
856,2021-05-06,0.37521,598.1397714978295
857,2021-05-07,0.35561,566.89449679471
858,2021-05-08,0.36051,574.7058154704899
859,2021-05-09,0.32901,524.4901954119051
860,2021-05-10,0.34931,556.851372782993
861,2021-05-11,0.33041,526.7220007478421
862,2021-05-12,0.33041,526.7220007478421
863,2021-05-13,0.35841,571.3581074665842
864,2021-05-14,0.34301,546.808248771276
865,2021-05-15,0.31571,503.2880447205025
866,2021-05-16,0.30661,488.78131003691135
867,2021-05-17,0.30241,482.0858940291001
868,2021-05-18,0.31221,497.70853138065974
869,2021-05-19,0.34441,549.0400541072132
870,2021-05-20,0.38151,608.1828955095465
871,2021-05-21,0.33601,535.6492220915906
872,2021-05-22,0.33041,526.7220007478421
873,2021-05-23,0.36681,584.7489394822069
874,2021-05-24,0.31711,505.5198500564396
875,2021-05-25,0.28491,454.1883273298862
876,2021-05-26,0.31921,508.8675580603453
877,2021-05-27,0.34301,546.808248771276
878,2021-05-28,0.42982,685.1961210660619
879,2021-05-29,0.33111,527.8379034158107
880,2021-05-30,0.33251,530.0697087517477
881,2021-05-31,0.33951,541.2287354314333
882,2021-06-01,0.84704,1350.30599410869
883,2021-06-02,0.44522,709.74597976137
884,2021-06-03,0.38781,618.2260195212634
885,2021-06-04,0.33321,531.1856114197163
886,2021-06-05,0.33531,534.533319423622
887,2021-06-06,0.40042,638.3282090113827
888,2021-06-07,0.35911,572.4740101345528
889,2021-06-08,0.37381,595.9079661618923
890,2021-06-09,0.32061,511.0993633962824
891,2021-06-10,0.38501,613.7624088493893
892,2021-06-11,0.32971,525.6060980798736
893,2021-06-12,0.32411,516.6788767361252
894,2021-06-13,2.091,3333.36068388892
895,2021-06-14,0.59782,953.0127613785146
896,2021-06-15,0.43612,695.2392450777788
897,2021-06-16,0.36821,586.980744818144
898,2021-06-17,0.33881,540.1128327634648
899,2021-06-18,0.34161,544.576443435339
900,2021-06-19,0.71403,1138.2685457279797
901,2021-06-20,0.55442,883.8267959644643
902,2021-06-21,0.43892,699.702855749653
903,2021-06-22,0.38501,613.7624088493893
904,2021-06-23,0.42842,682.9643157301248
905,2021-06-24,0.56982,908.3766546597724
906,2021-06-25,0.37871,603.7192848376723
907,2021-06-26,0.36541,582.5171341462698
908,2021-06-27,0.31711,505.5198500564396
909,2021-06-28,0.29961,477.6222833572258
910,2021-06-29,0.33251,530.0697087517477
911,2021-06-30,0.31711,505.5198500564396
912,2021-07-01,0.33531,534.533319423622
913,2021-07-02,0.28981,461.9996460056661
914,2021-07-03,0.29821,475.3904780212887
915,2021-07-04,0.28561,455.30422999785475
916,2021-07-05,0.29051,463.11554867363463
917,2021-07-06,0.33181,528.9538060837792
918,2021-07-07,0.41162,656.1826516988795
919,2021-07-08,0.31361,499.94033671659685
920,2021-07-09,0.29261,466.46325667754024
921,2021-07-10,0.31641,504.4039473884711
922,2021-07-11,0.46972,748.8025731402694
923,2021-07-12,0.31011,494.3608233767541
924,2021-07-13,0.30241,482.0858940291001
925,2021-07-14,0.30241,482.0858940291001
926,2021-07-15,0.31571,503.2880447205025
927,2021-07-16,0.29121,464.23145134160325
928,2021-07-17,0.28631,456.4201326658233
929,2021-07-18,0.31781,506.6357527244082
930,2021-07-19,0.29751,474.27457535332013
931,2021-07-20,0.28211,449.724716658012
932,2021-07-21,0.30591,487.6654073689428
933,2021-07-22,0.41162,656.1826516988795
934,2021-07-23,0.30591,487.6654073689428
935,2021-07-24,0.27931,445.2611059861378
936,2021-07-25,0.29051,463.11554867363463
937,2021-07-26,0.31711,505.5198500564396
938,2021-07-27,0.35771,570.2422047986156
939,2021-07-28,0.39901,636.0804622087603
940,2021-07-29,0.33531,534.533319423622
941,2021-07-30,0.35701,569.1263021306471
942,2021-07-31,0.29121,464.23145134160325
943,2021-08-01,0.32131,512.215266064251
944,2021-08-02,0.30521,486.5495047009742
945,2021-08-03,0.29891,476.5063806892573
946,2021-08-04,0.28561,455.30422999785475
947,2021-08-05,0.29821,475.3904780212887
948,2021-08-06,0.25971,414.0158312830183
949,2021-08-07,0.32691,521.1424874079993
950,2021-08-08,0.25551,407.32041527520704
951,2021-08-09,0.26601,424.0589552947353
952,2021-08-10,0.30521,486.5495047009742
953,2021-08-11,0.32621,520.0265847400308
954,2021-08-12,0.47322,754.3820864801121
955,2021-08-13,0.37311,594.7920634939238
956,2021-08-14,0.28001,446.3770086541063
957,2021-08-15,0.37101,591.4443554900182
958,2021-08-16,0.33041,526.7220007478421
959,2021-08-17,0.32411,516.6788767361252
960,2021-08-18,0.38151,608.1828955095465
961,2021-08-19,0.35771,570.2422047986156
962,2021-08-20,0.31501,502.172142052534
963,2021-08-21,0.30031,478.7381860251944
964,2021-08-22,0.30661,488.78131003691135
965,2021-08-23,0.29401,468.6950620134774
966,2021-08-24,0.35281,562.4308861228359
967,2021-08-25,0.39691,632.7327542048546
968,2021-08-26,0.37311,594.7920634939238
969,2021-08-27,0.39201,624.9214355290748
970,2021-08-28,0.32481,517.7947794040937
971,2021-08-29,0.38921,620.4578248572005
972,2021-08-30,0.33741,537.8810274275277
973,2021-08-31,0.35351,563.5467887908044
974,2021-09-01,0.37031,590.3284528220496
975,2021-09-02,0.37661,600.3715768337667
976,2021-09-03,0.31921,508.8675580603453
977,2021-09-04,0.32061,511.0993633962824
978,2021-09-05,0.33671,536.7651247595592
979,2021-09-06,0.33461,533.4174167556534
980,2021-09-07,0.39831,634.9645595407917
981,2021-09-08,0.33251,530.0697087517477
982,2021-09-09,0.36751,585.8648421501754
983,2021-09-10,0.48232,768.8888211637034
984,2021-09-11,0.43542,694.1233424098102
985,2021-09-12,0.44522,709.74597976137
986,2021-09-13,0.39061,622.6896301931376
987,2021-09-14,0.42212,672.9211917184078
988,2021-09-15,0.43332,690.7756344059046
989,2021-09-16,0.39691,632.7327542048546
990,2021-09-17,0.45152,719.7891037730869
991,2021-09-18,0.38991,621.573727525169
992,2021-09-19,0.39831,634.9645595407917
993,2021-09-20,0.37241,593.6761608259553
994,2021-09-21,0.34091,543.4605407673704
995,2021-09-22,0.39621,631.6168515368861
996,2021-09-23,0.42842,682.9643157301248
997,2021-09-24,0.47322,754.3820864801121
998,2021-09-25,0.40812,650.6031383590367
999,2021-09-26,0.46062,734.2958384566782
1000,2021-09-27,0.47812,762.193405155892
1001,2021-09-28,0.57052,909.492557327741
1002,2021-09-29,0.47812,762.193405155892
1003,2021-09-30,0.49492,788.9750691871374
1004,2021-10-01,0.47742,761.0775024879235
1005,2021-10-02,0.42562,678.5007050582506
1006,2021-10-03,0.46552,742.107157132458
1007,2021-10-04,0.50472,804.5977065386969
1008,2021-10-05,0.42842,682.9643157301248
1009,2021-10-06,0.42142,671.8052890504392
1010,2021-10-07,0.42982,685.1961210660619
1011,2021-10-08,0.57472,916.1879733355523
1012,2021-10-09,0.48372,771.1206264996404
1013,2021-10-10,0.51312,817.9885385543197
1014,2021-10-11,0.52572,838.0747865777536
1015,2021-10-12,0.50472,804.5977065386969
1016,2021-10-13,0.59292,945.2014427027347
1017,2021-10-14,0.54602,870.4359639488415
1018,2021-10-15,0.47252,753.2661838121436
1019,2021-10-16,0.59992,956.3604693824202
1020,2021-10-17,0.67763,1080.2416069936148
1021,2021-10-18,1.02625,1635.9930185753246
1022,2021-10-19,0.80714,1286.6995420344822
1023,2021-10-20,0.72593,1157.238891083445
1024,2021-10-21,0.69023,1100.3278550170487
1025,2021-10-22,0.72243,1151.6593777436021
1026,2021-10-23,0.58382,930.6947080191435
1027,2021-10-24,0.67623,1078.0098016576776
1028,2021-10-25,0.55022,877.1313799566531
1029,2021-10-26,0.53902,859.2769372691562
1030,2021-10-27,0.55162,879.3631852925901
1031,2021-10-28,1.03255,1646.0361425870417
1032,2021-10-29,0.70213,1119.2982003725142
1033,2021-10-30,0.56632,902.7971413199298
1034,2021-10-31,1.51697,2418.27267175465
1035,2021-11-01,0.91844,1464.1280662414822
1036,2021-11-02,0.79033,1259.9019365365518
1037,2021-11-03,0.71753,1143.8480590678223
1038,2021-11-04,0.58312,929.5788053511749
1039,2021-11-05,1.09555,1746.4673827042113
1040,2021-11-06,0.69933,1114.83458970064
1041,2021-11-07,0.61603,982.0421722123821
1042,2021-11-08,0.69863,1113.7186870326714
1043,2021-11-09,0.61113,974.2308535366022
1044,2021-11-10,0.82954,1322.4084274094762
1045,2021-11-11,0.70353,1121.5300057084512
1046,2021-11-12,0.73083,1165.0502097592248
1047,2021-11-13,0.68743,1095.8642443451745
1048,2021-11-14,0.64613,1030.02598693503
1049,2021-11-15,0.65663,1046.7645269545583
1050,2021-11-16,0.52012,829.1475652340052
1051,2021-11-17,0.57122,910.6084599957095
1052,2021-11-18,0.62373,994.3171015600362
1053,2021-11-19,0.54532,869.3200612808731
1054,2021-11-20,0.60553,965.3036321928539
1055,2021-11-21,0.54042,861.5087426050932
1056,2021-11-22,0.65593,1045.6486242865897
1057,2021-11-23,0.54602,870.4359639488415
1058,2021-11-24,0.52782,841.4224945816592
1059,2021-11-25,0.51452,820.2203438902567
1060,2021-11-26,0.53692,855.9292292652503
1061,2021-11-27,0.58592,934.0424160230491
1062,2021-11-28,0.64893,1034.4895976069042
1063,2021-11-29,0.62443,995.4330042280048
1064,2021-11-30,0.65173,1038.9532082787784
1065,2021-12-01,0.66223,1055.6917482983067
1066,2021-12-02,0.63913,1018.8669602553443
1067,2021-12-03,0.66643,1062.387164306118
1068,2021-12-04,1.01015,1610.327257212048
1069,2021-12-05,0.71053,1132.6890323881369
1070,2021-12-06,0.59082,941.853734698829
1071,2021-12-07,0.58802,937.3901240269548
1072,2021-12-08,0.57752,920.6515840074265
1073,2021-12-09,0.59222,944.085540034766
1074,2021-12-10,0.55582,886.0586013004014
1075,2021-12-11,0.57542,917.3038760035209
1076,2021-12-12,0.56072,893.8699199761812
1077,2021-12-13,0.47672,759.9615998199549
1078,2021-12-14,0.49212,784.511458515263
1079,2021-12-15,0.56982,908.3766546597724
1080,2021-12-16,0.52082,830.2634679019736
1081,2021-12-17,0.64963,1035.6055002748728
1082,2021-12-18,0.59852,954.1286640464832
1083,2021-12-19,0.58802,937.3901240269548
1084,2021-12-20,0.61253,976.4626588725395
1085,2021-12-21,0.54182,863.7405479410303
1086,2021-12-22,0.58242,928.4629026832065
1087,2021-12-23,0.59922,955.2445667144516
1088,2021-12-24,0.65033,1036.7214029428412
1089,2021-12-25,0.72313,1152.7752804115707
1090,2021-12-26,0.56632,902.7971413199298
1091,2021-12-27,0.53832,858.1610346011876
1092,2021-12-28,0.48162,767.7729184957348
1093,2021-12-29,0.44732,713.0936877652757
1094,2021-12-30,0.47952,764.4252104918291
1095,2021-12-31,0.45082,718.6732011051184
1096,2022-01-01,0.41582,662.8780677066909
1097,2022-01-02,0.44802,714.2095904332442
1098,2022-01-03,0.42702,680.7325103941877
1099,2022-01-04,0.37941,604.8351875056409
1100,2022-01-05,0.38711,617.1101168532949
1101,2022-01-06,0.44942,716.4413957691813
1102,2022-01-07,0.43752,697.471050413716
1103,2022-01-08,0.40882,651.7190410270053
1104,2022-01-09,0.46272,737.6435464605839
1105,2022-01-10,0.43192,688.5438290699676
1106,2022-01-11,0.50962,812.4090252144769
1107,2022-01-12,0.54672,871.5518666168101
1108,2022-01-13,0.52362,834.7270785738478
1109,2022-01-14,0.47252,753.2661838121436
1110,2022-01-15,0.48302,770.0047238316719
1111,2022-01-16,0.46062,734.2958384566782
1112,2022-01-17,0.43892,699.702855749653
1113,2022-01-18,0.42912,684.0802183980933
1114,2022-01-19,0.46132,735.4117411246467
1115,2022-01-20,0.39691,632.7327542048546
1116,2022-01-21,0.41022,653.9508463629423
1117,2022-01-22,0.35351,563.5467887908044
1118,2022-01-23,0.38851,619.341922189232
1119,2022-01-24,0.39271,626.0373381970434
1120,2022-01-25,0.36261,578.0535234743955
1121,2022-01-26,0.38361,611.5306035134522
1122,2022-01-27,0.36051,574.7058154704899
1123,2022-01-28,0.35491,565.7785941267415
1124,2022-01-29,0.36401,580.2853288103327
1125,2022-01-30,0.37661,600.3715768337667
1126,2022-01-31,0.36751,585.8648421501754
1127,2022-02-01,0.29331,467.57915934550886
1128,2022-02-02,0.35981,573.5899128025213
1129,2022-02-03,0.39761,633.8486568728232
1130,2022-02-04,0.39621,631.6168515368861
1131,2022-02-05,0.39201,624.9214355290748
1132,2022-02-06,0.40252,641.6759170152883
1133,2022-02-07,0.36611,583.6330368142383
1134,2022-02-08,0.35281,562.4308861228359
1135,2022-02-09,0.35771,570.2422047986156
1136,2022-02-10,0.38571,614.8783115173578
1137,2022-02-11,0.33881,540.1128327634648
1138,2022-02-12,0.43402,691.8915370738732
1139,2022-02-13,0.39831,634.9645595407917
1140,2022-02-14,0.41232,657.2985543668481
1141,2022-02-15,0.35631,568.0103994626786
1142,2022-02-16,0.35631,568.0103994626786
1143,2022-02-17,0.34301,546.808248771276
1144,2022-02-18,1.05005,1673.9337092862552
1145,2022-02-19,0.63353,1009.939738911596
1146,2022-02-20,0.36611,583.6330368142383
1147,2022-02-21,0.44312,706.3982717574644
1148,2022-02-22,0.35281,562.4308861228359
1149,2022-02-23,0.32691,521.1424874079993
1150,2022-02-24,0.36401,580.2853288103327
1151,2022-02-25,0.35141,560.1990807868987
1152,2022-02-26,0.32551,518.9106820720623
1153,2022-02-27,0.36471,581.4012314783012
1154,2022-02-28,0.38711,617.1101168532949
1155,2022-03-01,0.46342,738.7594491285524
1156,2022-03-02,0.34161,544.576443435339
1157,2022-03-03,0.36051,574.7058154704899
1158,2022-03-04,0.36821,586.980744818144
1159,2022-03-05,0.40602,647.2554303551311
1160,2022-03-06,0.47042,749.918475808238
1161,2022-03-07,0.35981,573.5899128025213
1162,2022-03-08,0.35421,564.662691458773
1163,2022-03-09,0.33811,538.9969300954963
1164,2022-03-10,0.34021,542.3446380994019
1165,2022-03-11,0.35771,570.2422047986156
1166,2022-03-12,0.38991,621.573727525169
1167,2022-03-13,0.45362,723.1368117769927
1168,2022-03-14,0.38991,621.573727525169
1169,2022-03-15,0.36961,589.2125501540811
1170,2022-03-16,0.33811,538.9969300954963
1171,2022-03-17,0.35911,572.4740101345528
1172,2022-03-18,0.35001,557.9672754509616
1173,2022-03-19,0.39481,629.385046200949
1174,2022-03-20,0.35841,571.3581074665842
1175,2022-03-21,0.35211,561.3149834548673
1176,2022-03-22,0.36541,582.5171341462698
1177,2022-03-23,0.37451,597.0238688298609
1178,2022-03-24,0.38781,618.2260195212634
1179,2022-03-25,0.35211,561.3149834548673
1180,2022-03-26,0.38011,605.9510901736094
1181,2022-03-27,0.39481,629.385046200949
1182,2022-03-28,0.44102,703.0505637535588
1183,2022-03-29,0.38361,611.5306035134522
1184,2022-03-30,0.40252,641.6759170152883
1185,2022-03-31,0.39201,624.9214355290748
1186,2022-04-01,0.37941,604.8351875056409
1187,2022-04-02,0.41652,663.9939703746594
1188,2022-04-03,0.50962,812.4090252144769
1189,2022-04-04,0.37031,590.3284528220496
1190,2022-04-05,0.41302,658.4144570348166
1191,2022-04-06,0.39411,628.2691435329805
1192,2022-04-07,0.45082,718.6732011051184
1193,2022-04-08,0.39971,637.1963648767289
1194,2022-04-09,0.43192,688.5438290699676
1195,2022-04-10,0.41652,663.9939703746594
1196,2022-04-11,0.47392,755.4979891480807
1197,2022-04-12,0.74763,1191.8318737904701
1198,2022-04-13,0.53412,851.4656185933763
1199,2022-04-14,0.42492,677.3848023902821
1200,2022-04-15,0.37101,591.4443554900182
1201,2022-04-16,0.40392,643.9077223512254
1202,2022-04-17,0.46132,735.4117411246467
1203,2022-04-18,0.41652,663.9939703746594
1204,2022-04-19,0.48932,780.0478478433888
1205,2022-04-20,0.41932,668.4575810465336
1206,2022-04-21,0.40252,641.6759170152883
1207,2022-04-22,0.45432,724.2527144449613
1208,2022-04-23,0.45432,724.2527144449613
1209,2022-04-24,0.40602,647.2554303551311
1210,2022-04-25,0.57752,920.6515840074265
1211,2022-04-26,0.46622,743.2230598004267
1212,2022-04-27,0.37801,602.6033821697038
1213,2022-04-28,0.40042,638.3282090113827
1214,2022-04-29,0.30241,482.0858940291001
1215,2022-04-30,0.33321,531.1856114197163
1216,2022-05-01,0.35211,561.3149834548673
1217,2022-05-02,0.31081,495.4767260447226
1218,2022-05-03,0.30591,487.6654073689428
1219,2022-05-04,0.30101,479.8540886931629
1220,2022-05-05,0.32131,512.215266064251
1221,2022-05-06,0.37241,593.6761608259553
1222,2022-05-07,0.39831,634.9645595407917
1223,2022-05-08,0.37801,602.6033821697038
1224,2022-05-09,0.32691,521.1424874079993
1225,2022-05-10,0.35001,557.9672754509616
1226,2022-05-11,0.33461,533.4174167556534
1227,2022-05-12,0.32481,517.7947794040937
1228,2022-05-13,0.32411,516.6788767361252
1229,2022-05-14,0.33041,526.7220007478421
1230,2022-05-15,0.34021,542.3446380994019
1231,2022-05-16,0.42492,677.3848023902821
1232,2022-05-17,0.35351,563.5467887908044
1233,2022-05-18,0.38011,605.9510901736094
1234,2022-05-19,0.32131,512.215266064251
1235,2022-05-20,0.34581,551.2718594431503
1236,2022-05-21,1.08015,1721.917524008903
1237,2022-05-22,0.54322,865.9723532769675
1238,2022-05-23,0.43542,694.1233424098102
1239,2022-05-24,0.40112,639.4441116793512
1240,2022-05-25,0.41582,662.8780677066909
1241,2022-05-26,0.36681,584.7489394822069
1242,2022-05-27,0.35491,565.7785941267415
1243,2022-05-28,0.51942,828.0316625660366
1244,2022-05-29,0.45432,724.2527144449613
1245,2022-05-30,0.34721,553.5036647790874
1246,2022-05-31,0.32901,524.4901954119051
1247,2022-06-01,0.39551,630.5009488689175
1248,2022-06-02,0.30241,482.0858940291001
1249,2022-06-03,0.40672,648.3713330230997
1250,2022-06-04,0.34021,542.3446380994019
1251,2022-06-05,0.33881,540.1128327634648
1252,2022-06-06,0.35981,573.5899128025213
1253,2022-06-07,0.33601,535.6492220915906
1254,2022-06-08,0.35001,557.9672754509616
1255,2022-06-09,0.33741,537.8810274275277
1256,2022-06-10,0.37591,599.255674165798
1257,2022-06-11,0.34231,545.6923461033075
1258,2022-06-12,0.31711,505.5198500564396
1259,2022-06-13,0.32131,512.215266064251
1260,2022-06-14,0.33741,537.8810274275277
1261,2022-06-15,0.33601,535.6492220915906
1262,2022-06-16,0.37591,599.255674165798
1263,2022-06-17,0.31851,507.7516553923768
1264,2022-06-18,0.29751,474.27457535332013
1265,2022-06-19,0.32271,514.4470714001881
1266,2022-06-20,0.33951,541.2287354314333
1267,2022-06-21,0.33951,541.2287354314333
1268,2022-06-22,0.50682,807.9454145426027
1269,2022-06-23,0.37241,593.6761608259553
1270,2022-06-24,0.28561,455.30422999785475
1271,2022-06-25,0.30381,484.3176993650372
1272,2022-06-26,0.27581,439.68159264629503
1273,2022-06-27,0.30241,482.0858940291001
1274,2022-06-28,0.31011,494.3608233767541
1275,2022-06-29,0.32691,521.1424874079993
1276,2022-06-30,0.30031,478.7381860251944
1277,2022-07-01,0.26181,417.3635392869239
1278,2022-07-02,0.29611,472.042770017383
1279,2022-07-03,0.42072,670.6893863824706
1280,2022-07-04,0.30381,484.3176993650372
1281,2022-07-05,0.29681,473.15867268535163
1282,2022-07-06,0.33461,533.4174167556534
1283,2022-07-07,0.32411,516.6788767361252
1284,2022-07-08,0.29681,473.15867268535163
1285,2022-07-09,0.30101,479.8540886931629
1286,2022-07-10,0.32761,522.2583900759679
1287,2022-07-11,0.30521,486.5495047009742
1288,2022-07-12,0.28631,456.4201326658233
1289,2022-07-13,0.31011,494.3608233767541
1290,2022-07-14,0.29191,465.34735400957175
1291,2022-07-15,0.25901,412.8999286150498
1292,2022-07-16,0.25971,414.0158312830183
1293,2022-07-17,0.29401,468.6950620134774
1294,2022-07-18,0.36891,588.0966474861126
1295,2022-07-19,0.28071,447.4929113220749
1296,2022-07-20,0.29331,467.57915934550886
1297,2022-07-21,0.28561,455.30422999785475
1298,2022-07-22,0.29121,464.23145134160325
1299,2022-07-23,0.24081,383.8864592478674
1300,2022-07-24,0.23871,380.53875124396177
1301,2022-07-25,0.23941,381.6546539119303
1302,2022-07-26,0.27021,430.7543713025466
1303,2022-07-27,0.25481,406.2045126072384
1304,2022-07-28,0.24781,395.04548592755293
1305,2022-07-29,0.22681,361.56840588849633
1306,2022-07-30,0.23241,370.4956272322448
1307,2022-07-31,0.24081,383.8864592478674
1308,2022-08-01,0.23661,377.19104324005605
1309,2022-08-02,0.21771,347.0616712049051
1310,2022-08-03,0.23031,367.1479192283391
1311,2022-08-04,0.22611,360.4525032205278
1312,2022-08-05,0.23871,380.53875124396177
1313,2022-08-06,0.1925,306.87323369135197
1314,2022-08-07,0.23311,371.6115299002133
1315,2022-08-08,0.30101,479.8540886931629
1316,2022-08-09,0.24081,383.8864592478674
1317,2022-08-10,0.26671,425.17485796270387
1318,2022-08-11,0.25061,399.50909659942715
1319,2022-08-12,0.26251,418.47944195489254
1320,2022-08-13,0.21351,340.36625519709384
1321,2022-08-14,0.22051,351.5252818767794
1322,2022-08-15,0.30521,486.5495047009742
1323,2022-08-16,0.34091,543.4605407673704
1324,2022-08-17,0.25901,412.8999286150498
1325,2022-08-18,0.30031,478.7381860251944
1326,2022-08-19,0.31431,501.0562393845654
1327,2022-08-20,0.28491,454.1883273298862
1328,2022-08-21,0.27231,434.10207930645225
1329,2022-08-22,0.29471,469.81096468144597
1330,2022-08-23,0.27721,441.91339798223214
1331,2022-08-24,0.34161,544.576443435339
1332,2022-08-25,0.29261,466.46325667754024
1333,2022-08-26,0.27721,441.91339798223214
1334,2022-08-27,0.27091,431.87027397051514
1335,2022-08-28,0.26601,424.0589552947353
1336,2022-08-29,0.29541,470.9268673494145
1337,2022-08-30,0.28281,450.8406193259806
1338,2022-08-31,0.30731,489.89721270487996
1339,2022-09-01,0.29401,468.6950620134774
1340,2022-09-02,0.25551,407.32041527520704
1341,2022-09-03,0.24921,397.27729126349
1342,2022-09-04,0.31221,497.70853138065974
1343,2022-09-05,0.31501,502.172142052534
1344,2022-09-06,0.37381,595.9079661618923
1345,2022-09-07,0.30031,478.7381860251944
1346,2022-09-08,0.31221,497.70853138065974
1347,2022-09-09,0.29261,466.46325667754024
1348,2022-09-10,0.25621,408.43631794317554
1349,2022-09-11,0.33671,536.7651247595592
1350,2022-09-12,0.45082,718.6732011051184
1351,2022-09-13,0.37591,599.255674165798
1352,2022-09-14,0.34301,546.808248771276
1353,2022-09-15,0.32691,521.1424874079993
1354,2022-09-16,0.30591,487.6654073689428
1355,2022-09-17,0.34931,556.851372782993
1356,2022-09-18,0.35071,559.0831781189302
1357,2022-09-19,0.32691,521.1424874079993
1358,2022-09-20,0.35211,561.3149834548673
1359,2022-09-21,0.44802,714.2095904332442
1360,2022-09-22,0.38851,619.341922189232
1361,2022-09-23,0.36401,580.2853288103327
1362,2022-09-24,0.38571,614.8783115173578
1363,2022-09-25,0.42562,678.5007050582506
1364,2022-09-26,0.37381,595.9079661618923
1365,2022-09-27,0.40112,639.4441116793512
1366,2022-09-28,0.38221,609.298798177515
1367,2022-09-29,0.34581,551.2718594431503
1368,2022-09-30,0.40532,646.1395276871625
1369,2022-10-01,0.44522,709.74597976137
1370,2022-10-02,0.42002,669.5734837145021
1371,2022-10-03,0.44802,714.2095904332442
1372,2022-10-04,0.44382,707.5141744254329
1373,2022-10-05,0.44942,716.4413957691813
1374,2022-10-06,0.45012,717.5572984371499
1375,2022-10-07,0.40952,652.8349436949738
1376,2022-10-08,0.45502,725.3686171129298
1377,2022-10-09,0.43962,700.8187584176217
1378,2022-10-10,0.59572,949.6650533746089
1379,2022-10-11,0.48372,771.1206264996404
1380,2022-10-12,0.48162,767.7729184957348
1381,2022-10-13,0.63073,1005.4761282397218
1382,2022-10-14,0.48302,770.0047238316719
1383,2022-10-15,0.49282,785.6273611832316
1384,2022-10-16,0.51032,813.5249278824455
1385,2022-10-17,0.46202,736.5276437926153
1386,2022-10-18,0.49352,786.7432638512003
1387,2022-10-19,0.47462,756.6138918160492
1388,2022-10-20,0.43472,693.0074397418417
1389,2022-10-21,0.41372,659.5303597027852
1390,2022-10-22,0.42492,677.3848023902821
1391,2022-10-23,0.52712,840.3065919136908
1392,2022-10-24,0.47252,753.2661838121436
1393,2022-10-25,0.46762,745.4548651363637
1394,2022-10-26,0.43682,696.3551477457473
1395,2022-10-27,0.43472,693.0074397418417
1396,2022-10-28,0.42492,677.3848023902821
1397,2022-10-29,0.42492,677.3848023902821
1398,2022-10-30,0.39761,633.8486568728232
1399,2022-10-31,0.38781,618.2260195212634
1400,2022-11-01,0.40462,645.0236250191939
1401,2022-11-02,0.46132,735.4117411246467
1402,2022-11-03,0.44732,713.0936877652757
1403,2022-11-04,0.67973,1083.5893149975204
1404,2022-11-05,0.53132,847.002007921502
1405,2022-11-06,0.54672,871.5518666168101
1406,2022-11-07,0.47602,758.8456971519863
1407,2022-11-08,0.48232,768.8888211637034
1408,2022-11-09,0.52642,839.1906892457222
1409,2022-11-10,0.48722,776.7001398394832
1410,2022-11-11,0.45852,730.9481304527725
1411,2022-11-12,0.51942,828.0316625660366
1412,2022-11-13,0.51592,822.4521492261939
1413,2022-11-14,0.48302,770.0047238316719
1414,2022-11-15,0.48162,767.7729184957348
1415,2022-11-16,0.47322,754.3820864801121
1416,2022-11-17,0.47742,761.0775024879235
1417,2022-11-18,0.48582,774.4683345035461
1418,2022-11-19,0.48652,775.5842371715147
1419,2022-11-20,0.47252,753.2661838121436
1420,2022-11-21,0.52432,835.8429812418165
1421,2022-11-22,0.47952,764.4252104918291
1422,2022-11-23,0.45362,723.1368117769927
1423,2022-11-24,0.41232,657.2985543668481
1424,2022-11-25,0.46342,738.7594491285524
1425,2022-11-26,0.44032,701.9346610855902
1426,2022-11-27,0.49142,783.3955558472945
1427,2022-11-28,0.47672,759.9615998199549
1428,2022-11-29,0.47462,756.6138918160492
1429,2022-11-30,0.49632,791.2068745230744
1430,2022-12-01,0.56142,894.9858226441498
1431,2022-12-02,1.04515,1666.1223906104756
1432,2022-12-03,0.58942,939.6219293628919
1433,2022-12-04,0.70073,1117.066395036577
1434,2022-12-05,0.56772,905.0289466558668
1435,2022-12-06,0.48652,775.5842371715147
1436,2022-12-07,0.56492,900.5653359839926
1437,2022-12-08,0.55512,884.9426986324328
1438,2022-12-09,0.49282,785.6273611832316
1439,2022-12-10,0.51242,816.8726358863511
1440,2022-12-11,0.54742,872.6677692847787
1441,2022-12-12,0.52572,838.0747865777536
1442,2022-12-13,0.54812,873.7836719527473
1443,2022-12-14,0.52502,836.9588839097851
1444,2022-12-15,0.48022,765.5411131597976
1445,2022-12-16,0.56632,902.7971413199298
1446,2022-12-17,0.50052,797.9022905308857
1447,2022-12-18,0.54462,868.2041586129045
1448,2022-12-19,0.41862,667.341678378565
1449,2022-12-20,0.46202,736.5276437926153
1450,2022-12-21,0.50402,803.4818038707285
1451,2022-12-22,0.49982,796.7863878629171
1452,2022-12-23,0.53622,854.813326597282
1453,2022-12-24,0.58522,932.9265133550805
1454,2022-12-25,0.64683,1031.1418896029986
1455,2022-12-26,0.51942,828.0316625660366
1456,2022-12-27,0.47322,754.3820864801121
1457,2022-12-28,0.43472,693.0074397418417
1458,2022-12-29,0.38291,610.4147008454836
1459,2022-12-30,0.36261,578.0535234743955
1460,2022-12-31,0.32831,523.3742927439365
1461,2023-01-01,0.36751,585.8648421501754
1462,2023-01-02,0.38011,605.9510901736094
1463,2023-01-03,0.34441,549.0400541072132
1464,2023-01-04,0.40112,639.4441116793512
1465,2023-01-05,0.36401,580.2853288103327
1466,2023-01-06,0.36821,586.980744818144
1467,2023-01-07,0.39551,630.5009488689175
1468,2023-01-08,0.40812,650.6031383590367
1469,2023-01-09,0.36051,574.7058154704899
1470,2023-01-10,0.38081,607.0669928415779
1471,2023-01-11,0.39691,632.7327542048546
1472,2023-01-12,0.40952,652.8349436949738
1473,2023-01-13,0.39551,630.5009488689175
1474,2023-01-14,0.37801,602.6033821697038
1475,2023-01-15,0.40182,640.5600143473198
1476,2023-01-16,0.46692,744.3389624683952
1477,2023-01-17,0.38361,611.5306035134522
1478,2023-01-18,0.38221,609.298798177515
1479,2023-01-19,0.62303,993.2011988920676
1480,2023-01-20,0.39481,629.385046200949
1481,2023-01-21,0.35211,561.3149834548673
1482,2023-01-22,0.31081,495.4767260447226
1483,2023-01-23,0.37591,599.255674165798
1484,2023-01-24,0.33391,532.3015140876848
1485,2023-01-25,0.37241,593.6761608259553
1486,2023-01-26,0.39551,630.5009488689175
1487,2023-01-27,0.36121,575.8217181384584
1488,2023-01-28,0.37941,604.8351875056409
1489,2023-01-29,0.39271,626.0373381970434
1490,2023-01-30,0.36961,589.2125501540811
1491,2023-01-31,0.35211,561.3149834548673
1492,2023-02-01,0.32971,525.6060980798736
1493,2023-02-02,0.40182,640.5600143473198
1494,2023-02-03,0.40672,648.3713330230997
1495,2023-02-04,0.39621,631.6168515368861
1496,2023-02-05,0.35981,573.5899128025213
1497,2023-02-06,0.37941,604.8351875056409
1498,2023-02-07,0.41022,653.9508463629423
1499,2023-02-08,0.40182,640.5600143473198
1500,2023-02-09,0.42842,682.9643157301248
1501,2023-02-10,0.35981,573.5899128025213
1502,2023-02-11,0.37871,603.7192848376723
1503,2023-02-12,0.43962,700.8187584176217
1504,2023-02-13,0.40532,646.1395276871625
1505,2023-02-14,0.45992,733.1799357887096
1506,2023-02-15,0.46902,747.6866704723009
1507,2023-02-16,0.40672,648.3713330230997
1508,2023-02-17,0.37451,597.0238688298609
1509,2023-02-18,0.44172,704.1664664215273
1510,2023-02-19,0.42352,675.152997054345
1511,2023-02-20,0.38641,615.9942141853263
1512,2023-02-21,0.40182,640.5600143473198
1513,2023-02-22,0.39901,636.0804622087603
1514,2023-02-23,0.33881,540.1128327634648
1515,2023-02-24,0.35631,568.0103994626786
1516,2023-02-25,0.41932,668.4575810465336
1517,2023-02-26,0.47252,753.2661838121436
1518,2023-02-27,0.38641,615.9942141853263
1519,2023-02-28,0.37871,603.7192848376723
1520,2023-03-01,0.42562,678.5007050582506
1521,2023-03-02,0.40672,648.3713330230997
1522,2023-03-03,0.38361,611.5306035134522
1523,2023-03-04,0.50192,800.1340958668229
1524,2023-03-05,0.49002,781.1637505113574
1525,2023-03-06,0.40042,638.3282090113827
1526,2023-03-07,0.44732,713.0936877652757
1527,2023-03-08,0.39551,630.5009488689175
1528,2023-03-09,0.42562,678.5007050582506
1529,2023-03-10,0.39481,629.385046200949
1530,2023-03-11,0.37661,600.3715768337667
1531,2023-03-12,0.43472,693.0074397418417
1532,2023-03-13,0.38641,615.9942141853263
1533,2023-03-14,0.41442,660.6462623707538
1534,2023-03-15,0.35351,563.5467887908044
1535,2023-03-16,0.44312,706.3982717574644
1536,2023-03-17,0.37101,591.4443554900182
1537,2023-03-18,0.37731,601.4874795017352
1538,2023-03-19,0.41302,658.4144570348166
1539,2023-03-20,0.42912,684.0802183980933
1540,2023-03-21,0.44032,701.9346610855902
1541,2023-03-22,0.44662,711.9777850973072
1542,2023-03-23,0.45292,722.0209091090242
1543,2023-03-24,0.40322,642.7918196832569
1544,2023-03-25,0.41722,665.1098730426279
1545,2023-03-26,0.50472,804.5977065386969
1546,2023-03-27,0.43192,688.5438290699676
1547,2023-03-28,0.41232,657.2985543668481
1548,2023-03-29,0.42352,675.152997054345
1549,2023-03-30,0.43962,700.8187584176217
1550,2023-03-31,0.42492,677.3848023902821
1551,2023-04-01,0.45992,733.1799357887096
1552,2023-04-02,0.59432,947.4332480386716
1553,2023-04-03,0.44382,707.5141744254329
1554,2023-04-04,0.44032,701.9346610855902
1555,2023-04-05,0.63493,1012.1715442475331
1556,2023-04-06,0.44872,715.3254931012128
1557,2023-04-07,0.41582,662.8780677066909
1558,2023-04-08,0.39481,629.385046200949
1559,2023-04-09,0.44452,708.6300770934015
1560,2023-04-10,0.40882,651.7190410270053
1561,2023-04-11,0.39411,628.2691435329805
1562,2023-04-12,0.42422,676.2688997223134
1563,2023-04-13,0.39341,627.1532408650119
1564,2023-04-14,0.39901,636.0804622087603
1565,2023-04-15,0.40672,648.3713330230997
1566,2023-04-16,0.42842,682.9643157301248
1567,2023-04-17,0.37661,600.3715768337667
1568,2023-04-18,0.41932,668.4575810465336
1569,2023-04-19,0.45222,720.9050064410555
1570,2023-04-20,0.37871,603.7192848376723
1571,2023-04-21,0.36191,576.937620806427
1572,2023-04-22,0.40182,640.5600143473198
1573,2023-04-23,0.44312,706.3982717574644
1574,2023-04-24,0.37031,590.3284528220496
1575,2023-04-25,0.39061,622.6896301931376
1576,2023-04-26,0.33671,536.7651247595592
1577,2023-04-27,0.35841,571.3581074665842
1578,2023-04-28,0.37941,604.8351875056409
1579,2023-04-29,0.38291,610.4147008454836
1580,2023-04-30,0.35351,563.5467887908044
1581,2023-05-01,0.39761,633.8486568728232
1582,2023-05-02,0.37031,590.3284528220496
1583,2023-05-03,0.36191,576.937620806427
1584,2023-05-04,0.34651,552.3877621111188
1585,2023-05-05,0.38851,619.341922189232
1586,2023-05-06,0.40882,651.7190410270053
1587,2023-05-07,0.38921,620.4578248572005
1588,2023-05-08,0.38781,618.2260195212634
1589,2023-05-09,0.37101,591.4443554900182
1590,2023-05-10,0.35351,563.5467887908044
1591,2023-05-11,0.37871,603.7192848376723
1592,2023-05-12,0.35631,568.0103994626786
1593,2023-05-13,0.35351,563.5467887908044
1594,2023-05-14,0.37941,604.8351875056409
1595,2023-05-15,0.40462,645.0236250191939
1596,2023-05-16,0.41582,662.8780677066909
1597,2023-05-17,0.40112,639.4441116793512
1598,2023-05-18,0.37661,600.3715768337667
1599,2023-05-19,0.34651,552.3877621111188
1600,2023-05-20,0.56982,908.3766546597724
1601,2023-05-21,0.46972,748.8025731402694
1602,2023-05-22,0.40112,639.4441116793512
1603,2023-05-23,0.40672,648.3713330230997
1604,2023-05-24,0.39551,630.5009488689175
1605,2023-05-25,0.37101,591.4443554900182
1606,2023-05-26,0.37031,590.3284528220496
1607,2023-05-27,0.39411,628.2691435329805
1608,2023-05-28,0.35001,557.9672754509616
1609,2023-05-29,0.38151,608.1828955095465
1610,2023-05-30,0.40042,638.3282090113827
1611,2023-05-31,0.38221,609.298798177515
1612,2023-06-01,0.36191,576.937620806427
1613,2023-06-02,0.32621,520.0265847400308
1614,2023-06-03,0.37871,603.7192848376723
1615,2023-06-04,0.32621,520.0265847400308
1616,2023-06-05,0.34651,552.3877621111188
1617,2023-06-06,0.35001,557.9672754509616
1618,2023-06-07,0.39481,629.385046200949
1619,2023-06-08,0.33601,535.6492220915906
1620,2023-06-09,0.30731,489.89721270487996
1621,2023-06-10,0.31641,504.4039473884711
1622,2023-06-11,0.30101,479.8540886931629
1623,2023-06-12,0.29191,465.34735400957175
1624,2023-06-13,0.35141,560.1990807868987
1625,2023-06-14,0.32691,521.1424874079993
1626,2023-06-15,0.30941,493.24492070878557
1627,2023-06-16,0.30101,479.8540886931629
1628,2023-06-17,0.28771,458.65193800176047
1629,2023-06-18,0.33041,526.7220007478421
1630,2023-06-19,0.32761,522.2583900759679
1631,2023-06-20,0.33741,537.8810274275277
1632,2023-06-21,0.32901,524.4901954119051
1633,2023-06-22,0.34231,545.6923461033075
1634,2023-06-23,0.54532,869.3200612808731
1635,2023-06-24,0.34861,555.7354701150244
1636,2023-06-25,0.37591,599.255674165798
1637,2023-06-26,0.29961,477.6222833572258
1638,2023-06-27,0.32901,524.4901954119051
1639,2023-06-28,0.35561,566.89449679471
1640,2023-06-29,0.36261,578.0535234743955
1641,2023-06-30,0.31711,505.5198500564396
1642,2023-07-01,0.28981,461.9996460056661
1643,2023-07-02,0.33951,541.2287354314333
1644,2023-07-03,0.36471,581.4012314783012
1645,2023-07-04,0.34301,546.808248771276
1646,2023-07-05,0.28911,460.88374333769747
1647,2023-07-06,0.31081,495.4767260447226
1648,2023-07-07,0.28001,446.3770086541063
1649,2023-07-08,0.29401,468.6950620134774
1650,2023-07-09,0.29331,467.57915934550886
1651,2023-07-10,0.27791,443.0293006502007
1652,2023-07-11,0.31571,503.2880447205025
1653,2023-07-12,0.34791,554.6195674470559
1654,2023-07-13,0.33321,531.1856114197163
1655,2023-07-14,0.30241,482.0858940291001
1656,2023-07-15,0.30031,478.7381860251944
1657,2023-07-16,0.28771,458.65193800176047
1658,2023-07-17,0.30451,485.4336020330057
1659,2023-07-18,0.36121,575.8217181384584
1660,2023-07-19,0.35841,571.3581074665842
1661,2023-07-20,0.29401,468.6950620134774
1662,2023-07-21,0.59432,947.4332480386716
1663,2023-07-22,0.35001,557.9672754509616
1664,2023-07-23,0.33671,536.7651247595592
1665,2023-07-24,0.34931,556.851372782993
1666,2023-07-25,0.31641,504.4039473884711
1667,2023-07-26,0.34861,555.7354701150244
1668,2023-07-27,0.32201,513.3311687322196
1669,2023-07-28,0.33251,530.0697087517477
1670,2023-07-29,0.31361,499.94033671659685
1671,2023-07-30,0.31431,501.0562393845654
1672,2023-07-31,0.33461,533.4174167556534
1673,2023-08-01,0.33181,528.9538060837792
1674,2023-08-02,0.30381,484.3176993650372
1675,2023-08-03,0.32621,520.0265847400308
1676,2023-08-04,0.28701,457.53603533379186
1677,2023-08-05,0.27161,432.98617663848376
1678,2023-08-06,0.32691,521.1424874079993
1679,2023-08-07,0.30381,484.3176993650372
1680,2023-08-08,0.32691,521.1424874079993
1681,2023-08-09,0.29961,477.6222833572258
1682,2023-08-10,0.29401,468.6950620134774
1683,2023-08-11,0.28561,455.30422999785475
1684,2023-08-12,0.27371,436.33388464238936
1685,2023-08-13,0.27091,431.87027397051514
1686,2023-08-14,0.25761,410.66812327911265
1687,2023-08-15,0.29961,477.6222833572258
1688,2023-08-16,0.38011,605.9510901736094
1689,2023-08-17,0.27931,445.2611059861378
1690,2023-08-18,0.28351,451.9565219939491
1691,2023-08-19,0.26181,417.3635392869239
1692,2023-08-20,0.28071,447.4929113220749
1693,2023-08-21,0.28771,458.65193800176047
1694,2023-08-22,0.25271,402.85680460333276
1695,2023-08-23,0.33531,534.533319423622
1696,2023-08-24,0.29401,468.6950620134774
1697,2023-08-25,0.29121,464.23145134160325
1698,2023-08-26,0.26181,417.3635392869239
1699,2023-08-27,0.26601,424.0589552947353
1700,2023-08-28,0.30521,486.5495047009742
1701,2023-08-29,0.30031,478.7381860251944
1702,2023-08-30,0.29751,474.27457535332013
1703,2023-08-31,0.28421,453.0724246619177
1704,2023-09-01,0.25831,411.7840259470812
1705,2023-09-02,0.26601,424.0589552947353
1706,2023-09-03,0.28281,450.8406193259806
1707,2023-09-04,0.30241,482.0858940291001
1708,2023-09-05,0.31011,494.3608233767541
1709,2023-09-06,0.30241,482.0858940291001
1710,2023-09-07,0.34441,549.0400541072132
1711,2023-09-08,0.41302,658.4144570348166
1712,2023-09-09,0.30381,484.3176993650372
1713,2023-09-10,0.39411,628.2691435329805
1714,2023-09-11,0.37871,603.7192848376723
1715,2023-09-12,0.40392,643.9077223512254
1716,2023-09-13,0.43542,694.1233424098102
1717,2023-09-14,0.40462,645.0236250191939
1718,2023-09-15,0.32201,513.3311687322196
1719,2023-09-16,0.40042,638.3282090113827
1720,2023-09-17,0.35981,573.5899128025213
1721,2023-09-18,0.34791,554.6195674470559
1722,2023-09-19,0.34581,551.2718594431503
1723,2023-09-20,0.38571,614.8783115173578
1724,2023-09-21,0.32061,511.0993633962824
1725,2023-09-22,0.32061,511.0993633962824
1726,2023-09-23,0.33951,541.2287354314333
1727,2023-09-24,0.38501,613.7624088493893
1728,2023-09-25,0.33041,526.7220007478421
1729,2023-09-26,0.32971,525.6060980798736
1730,2023-09-27,0.28071,447.4929113220749
1731,2023-09-28,0.29261,466.46325667754024
1732,2023-09-29,0.31221,497.70853138065974
1733,2023-09-30,0.36821,586.980744818144
1734,2023-10-01,0.37871,603.7192848376723
1735,2023-10-02,0.39761,633.8486568728232
1736,2023-10-03,0.46342,738.7594491285524
1737,2023-10-04,0.39271,626.0373381970434
1738,2023-10-05,0.44732,713.0936877652757
1739,2023-10-06,0.43122,687.427926401999
1740,2023-10-07,0.37731,601.4874795017352
1741,2023-10-08,0.39831,634.9645595407917
1742,2023-10-09,0.59922,955.2445667144516
1743,2023-10-10,0.43052,686.3120237340305
1744,2023-10-11,0.38641,615.9942141853263
1745,2023-10-12,0.41162,656.1826516988795
1746,2023-10-13,0.43962,700.8187584176217
1747,2023-10-14,0.49562,790.0909718551059
1748,2023-10-15,0.51452,820.2203438902567
1749,2023-10-16,0.52502,836.9588839097851
1750,2023-10-17,0.52292,833.6111759058795
1751,2023-10-18,0.50052,797.9022905308857
1752,2023-10-19,0.45012,717.5572984371499
1753,2023-10-20,0.45362,723.1368117769927
1754,2023-10-21,0.42142,671.8052890504392
1755,2023-10-22,0.46972,748.8025731402694
1756,2023-10-23,0.42352,675.152997054345
1757,2023-10-24,0.41232,657.2985543668481
1758,2023-10-25,0.42002,669.5734837145021
1759,2023-10-26,0.42772,681.8484130621562
1760,2023-10-27,0.36751,585.8648421501754
1761,2023-10-28,0.32551,518.9106820720623
1762,2023-10-29,0.41862,667.341678378565
1763,2023-10-30,0.40812,650.6031383590367
1764,2023-10-31,0.40602,647.2554303551311
1765,2023-11-01,0.38291,610.4147008454836
1766,2023-11-02,0.39831,634.9645595407917
1767,2023-11-03,0.41862,667.341678378565
1768,2023-11-04,0.43052,686.3120237340305
1769,2023-11-05,0.44662,711.9777850973072
1770,2023-11-06,0.49562,790.0909718551059
1771,2023-11-07,0.47882,763.3093078238606
1772,2023-11-08,0.45292,722.0209091090242
1773,2023-11-09,0.43052,686.3120237340305
1774,2023-11-10,0.44382,707.5141744254329
1775,2023-11-11,0.50402,803.4818038707285
1776,2023-11-12,0.51732,824.683954562131
1777,2023-11-13,0.47252,753.2661838121436
1778,2023-11-14,0.46762,745.4548651363637
1779,2023-11-15,0.48932,780.0478478433888
1780,2023-11-16,0.45362,723.1368117769927
1781,2023-11-17,0.49842,794.55458252698
1782,2023-11-18,0.50262,801.2499985347913
1783,2023-11-19,0.55652,887.1745039683699
1784,2023-11-20,0.56492,900.5653359839926
1785,2023-11-21,0.50822,810.1772198785397
1786,2023-11-22,0.46482,740.9912544644895
1787,2023-11-23,0.48022,765.5411131597976
1788,2023-11-24,0.52222,832.4952732379109
1789,2023-11-25,0.51522,821.3362465582253
1790,2023-11-26,0.56562,901.6812386519612
1791,2023-11-27,0.50542,805.7136092066655
1792,2023-11-28,0.57122,910.6084599957095
1793,2023-11-29,0.53132,847.002007921502
1794,2023-11-30,0.57472,916.1879733355523
1795,2023-12-01,0.55442,883.8267959644643
1796,2023-12-02,0.77843,1240.9315911810863
1797,2023-12-03,0.64823,1033.3736949389356
1798,2023-12-04,0.54812,873.7836719527473
1799,2023-12-05,0.47672,759.9615998199549
1800,2023-12-06,0.50612,806.8295118746341
1801,2023-12-07,0.45152,719.7891037730869
1802,2023-12-08,0.43122,687.427926401999
1803,2023-12-09,0.47112,751.0343784762065
1804,2023-12-10,0.54392,867.0882559449359
1805,2023-12-11,0.51382,819.1044412222883
1806,2023-12-12,0.47112,751.0343784762065
1807,2023-12-13,0.44662,711.9777850973072
1808,2023-12-14,0.46972,748.8025731402694
1809,2023-12-15,0.41652,663.9939703746594
1810,2023-12-16,0.51102,814.6408305504141
1811,2023-12-17,0.49492,788.9750691871374
1812,2023-12-18,0.48652,775.5842371715147
1813,2023-12-19,0.52082,830.2634679019736
1814,2023-12-20,0.48932,780.0478478433888
1815,2023-12-21,0.52922,843.6542999175964
1816,2023-12-22,0.46272,737.6435464605839
1817,2023-12-23,0.47882,763.3093078238606
1818,2023-12-24,0.56002,892.7540173082126
1819,2023-12-25,0.54672,871.5518666168101
1820,2023-12-26,0.43752,697.471050413716
1821,2023-12-27,0.34371,547.9241514392446
1822,2023-12-28,0.33741,537.8810274275277
1823,2023-12-29,0.29821,475.3904780212887
1824,2023-12-30,0.36261,578.0535234743955
1825,2023-12-31,0.32341,515.5629740681566
1826,2024-01-01,0.34651,552.3877621111188
1827,2024-01-02,0.34021,542.3446380994019
1828,2024-01-03,0.33531,534.533319423622
1829,2024-01-04,0.33111,527.8379034158107
1830,2024-01-05,0.40602,647.2554303551311
1831,2024-01-06,0.35421,564.662691458773
1832,2024-01-07,0.34861,555.7354701150244
1833,2024-01-08,0.32201,513.3311687322196
1834,2024-01-09,0.33741,537.8810274275277
1835,2024-01-10,0.40182,640.5600143473198
1836,2024-01-11,0.36401,580.2853288103327
1837,2024-01-12,0.32901,524.4901954119051
1838,2024-01-13,0.29961,477.6222833572258
1839,2024-01-14,0.38291,610.4147008454836
1840,2024-01-15,0.35071,559.0831781189302
1841,2024-01-16,0.34791,554.6195674470559
1842,2024-01-17,0.34861,555.7354701150244
1843,2024-01-18,0.30941,493.24492070878557
1844,2024-01-19,0.34371,547.9241514392446
1845,2024-01-20,0.30731,489.89721270487996
1846,2024-01-21,0.34791,554.6195674470559
1847,2024-01-22,0.32831,523.3742927439365
1848,2024-01-23,0.35561,566.89449679471
1849,2024-01-24,0.42422,676.2688997223134
1850,2024-01-25,0.32761,522.2583900759679
1851,2024-01-26,0.31291,498.82443404862835
1852,2024-01-27,0.33881,540.1128327634648
1853,2024-01-28,0.36611,583.6330368142383
1854,2024-01-29,0.33041,526.7220007478421
1855,2024-01-30,0.32411,516.6788767361252
1856,2024-01-31,0.27371,436.33388464238936
1857,2024-02-01,0.28841,459.76784066972897
1858,2024-02-02,0.30311,483.2017966970686
1859,2024-02-03,0.33881,540.1128327634648
1860,2024-02-04,0.32481,517.7947794040937
1861,2024-02-05,0.32201,513.3311687322196
1862,2024-02-06,0.32061,511.0993633962824
1863,2024-02-07,0.30311,483.2017966970686
1864,2024-02-08,0.35071,559.0831781189302
1865,2024-02-09,0.35071,559.0831781189302
1866,2024-02-10,0.32971,525.6060980798736
1867,2024-02-11,0.31921,508.8675580603453
1868,2024-02-12,0.37801,602.6033821697038
1869,2024-02-13,0.36961,589.2125501540811
1870,2024-02-14,0.35491,565.7785941267415
1871,2024-02-15,0.33811,538.9969300954963
1872,2024-02-16,0.32551,518.9106820720623
1873,2024-02-17,0.31431,501.0562393845654
1874,2024-02-18,0.37031,590.3284528220496
1875,2024-02-19,0.34371,547.9241514392446
1876,2024-02-20,0.36611,583.6330368142383
1877,2024-02-21,0.36961,589.2125501540811
1878,2024-02-22,0.36401,580.2853288103327
1879,2024-02-23,0.33391,532.3015140876848
1880,2024-02-24,0.34301,546.808248771276
1881,2024-02-25,0.34371,547.9241514392446
1882,2024-02-26,0.36891,588.0966474861126
1883,2024-02-27,0.32131,512.215266064251
1884,2024-02-28,0.35631,568.0103994626786
1885,2024-02-29,0.32061,511.0993633962824
1886,2024-03-01,0.36961,589.2125501540811
1887,2024-03-02,0.37731,601.4874795017352
1888,2024-03-03,0.36821,586.980744818144
1889,2024-03-04,0.33461,533.4174167556534
1890,2024-03-05,0.33601,535.6492220915906
1891,2024-03-06,0.36401,580.2853288103327
1892,2024-03-07,0.33531,534.533319423622
1893,2024-03-08,0.32621,520.0265847400308
1894,2024-03-09,0.37871,603.7192848376723
1895,2024-03-10,0.37941,604.8351875056409
1896,2024-03-11,0.34791,554.6195674470559
1897,2024-03-12,0.31921,508.8675580603453
1898,2024-03-13,0.38221,609.298798177515
1899,2024-03-14,0.34441,549.0400541072132
1900,2024-03-15,0.35141,560.1990807868987
1901,2024-03-16,0.36051,574.7058154704899
1902,2024-03-17,0.36751,585.8648421501754
1903,2024-03-18,0.35981,573.5899128025213
1904,2024-03-19,0.39131,623.8055328611063
1905,2024-03-20,0.37101,591.4443554900182
1906,2024-03-21,0.33181,528.9538060837792
1907,2024-03-22,0.32831,523.3742927439365
1908,2024-03-23,0.34511,550.1559567751817
1909,2024-03-24,0.32761,522.2583900759679
1910,2024-03-25,0.46272,737.6435464605839
1911,2024-03-26,0.37451,597.0238688298609
1912,2024-03-27,0.37521,598.1397714978295
1913,2024-03-28,0.37311,594.7920634939238
1914,2024-03-29,0.35421,564.662691458773
1915,2024-03-30,0.38571,614.8783115173578
1916,2024-03-31,0.43122,687.427926401999
1917,2024-04-01,0.38851,619.341922189232
1918,2024-04-02,0.44102,703.0505637535588
1919,2024-04-03,0.48092,766.6570158277663
1920,2024-04-04,0.42912,684.0802183980933
1921,2024-04-05,0.37591,599.255674165798
1922,2024-04-06,0.40532,646.1395276871625
1923,2024-04-07,0.63073,1005.4761282397218
1924,2024-04-08,0.45922,732.0640331207411
1925,2024-04-09,0.39971,637.1963648767289
1926,2024-04-10,0.40532,646.1395276871625
1927,2024-04-11,0.40812,650.6031383590367
1928,2024-04-12,0.40252,641.6759170152883
1929,2024-04-13,0.47882,763.3093078238606
1930,2024-04-14,0.47812,762.193405155892
1931,2024-04-15,0.44522,709.74597976137
1932,2024-04-16,0.37101,591.4443554900182
1933,2024-04-17,0.40392,643.9077223512254
1934,2024-04-18,0.36051,574.7058154704899
1935,2024-04-19,0.37031,590.3284528220496
1936,2024-04-20,0.35281,562.4308861228359
1937,2024-04-21,0.38641,615.9942141853263
1938,2024-04-22,0.38431,612.6465061814207
1939,2024-04-23,0.38711,617.1101168532949
1940,2024-04-24,0.34511,550.1559567751817
1941,2024-04-25,0.31991,509.9834607283139
1942,2024-04-26,0.34931,556.851372782993
1943,2024-04-27,0.35981,573.5899128025213
1944,2024-04-28,0.39901,636.0804622087603
1945,2024-04-29,0.39131,623.8055328611063
1946,2024-04-30,0.34721,553.5036647790874
1947,2024-05-01,0.36961,589.2125501540811
1948,2024-05-02,0.34161,544.576443435339
1949,2024-05-03,0.29051,463.11554867363463
1950,2024-05-04,0.29541,470.9268673494145
1951,2024-05-05,0.37101,591.4443554900182
1952,2024-05-06,0.35561,566.89449679471
1953,2024-05-07,0.31781,506.6357527244082
1954,2024-05-08,0.34441,549.0400541072132
1955,2024-05-09,0.32971,525.6060980798736
1956,2024-05-10,0.31991,509.9834607283139
1957,2024-05-11,0.30451,485.4336020330057
1958,2024-05-12,0.31081,495.4767260447226
1959,2024-05-13,0.31501,502.172142052534
1960,2024-05-14,0.36541,582.5171341462698
1961,2024-05-15,0.36191,576.937620806427
1962,2024-05-16,0.30451,485.4336020330057
1963,2024-05-17,0.28841,459.76784066972897
1964,2024-05-18,0.48372,771.1206264996404
1965,2024-05-19,0.38431,612.6465061814207
1966,2024-05-20,0.32271,514.4470714001881
1967,2024-05-21,0.29821,475.3904780212887
1968,2024-05-22,0.32201,513.3311687322196
1969,2024-05-23,0.35631,568.0103994626786
1970,2024-05-24,0.32621,520.0265847400308
1971,2024-05-25,0.30311,483.2017966970686
1972,2024-05-26,0.35421,564.662691458773
1973,2024-05-27,0.34721,553.5036647790874
1974,2024-05-28,0.33391,532.3015140876848
1975,2024-05-29,0.29821,475.3904780212887
1976,2024-05-30,0.32971,525.6060980798736
1977,2024-05-31,0.31991,509.9834607283139
1978,2024-06-01,0.37871,603.7192848376723
1979,2024-06-02,0.33111,527.8379034158107
1980,2024-06-03,0.31221,497.70853138065974
1981,2024-06-04,0.31991,509.9834607283139
1982,2024-06-05,0.31151,496.59262871269124
1983,2024-06-06,0.32691,521.1424874079993
1984,2024-06-07,0.39831,634.9645595407917
1985,2024-06-08,0.37941,604.8351875056409
1986,2024-06-09,0.42912,684.0802183980933
1987,2024-06-10,0.33181,528.9538060837792
1988,2024-06-11,0.36751,585.8648421501754
1989,2024-06-12,0.34931,556.851372782993
1990,2024-06-13,0.32271,514.4470714001881
1991,2024-06-14,0.31851,507.7516553923768
1992,2024-06-15,0.29751,474.27457535332013
1993,2024-06-16,0.35631,568.0103994626786
1994,2024-06-17,0.32411,516.6788767361252
1995,2024-06-18,0.35911,572.4740101345528
1996,2024-06-19,0.31921,508.8675580603453
1997,2024-06-20,0.30311,483.2017966970686
1998,2024-06-21,0.27791,443.0293006502007
1999,2024-06-22,0.28631,456.4201326658233
2000,2024-06-23,0.31291,498.82443404862835
2001,2024-06-24,0.31921,508.8675580603453
2002,2024-06-25,0.25481,406.2045126072384
2003,2024-06-26,0.30171,480.96999136113146
2004,2024-06-27,0.28071,447.4929113220749
2005,2024-06-28,0.27371,436.33388464238936
2006,2024-06-29,0.25691,409.55222061114415
2007,2024-06-30,0.29471,469.81096468144597
2008,2024-07-01,0.30801,491.01311537284846
2009,2024-07-02,0.27791,443.0293006502007
2010,2024-07-03,0.33671,536.7651247595592
2011,2024-07-04,0.33461,533.4174167556534
2012,2024-07-05,0.30311,483.2017966970686
2013,2024-07-06,0.28981,461.9996460056661
2014,2024-07-07,0.30731,489.89721270487996
2015,2024-07-08,0.27721,441.91339798223214
2016,2024-07-09,0.28211,449.724716658012
2017,2024-07-10,0.31641,504.4039473884711
2018,2024-07-11,0.34021,542.3446380994019
2019,2024-07-12,0.27861,444.14520331816925
2020,2024-07-13,0.33111,527.8379034158107
2021,2024-07-14,0.30311,483.2017966970686
2022,2024-07-15,0.30241,482.0858940291001
2023,2024-07-16,0.33601,535.6492220915906
2024,2024-07-17,0.30661,488.78131003691135
2025,2024-07-18,0.29751,474.27457535332013
2026,2024-07-19,0.30101,479.8540886931629
2027,2024-07-20,0.28841,459.76784066972897
2028,2024-07-21,0.31501,502.172142052534
2029,2024-07-22,0.30591,487.6654073689428
2030,2024-07-23,0.30311,483.2017966970686
2031,2024-07-24,0.31291,498.82443404862835
2032,2024-07-25,0.29051,463.11554867363463
2033,2024-07-26,0.28001,446.3770086541063
2034,2024-07-27,0.28561,455.30422999785475
2035,2024-07-28,0.33811,538.9969300954963
2036,2024-07-29,0.31361,499.94033671659685
2037,2024-07-30,0.34091,543.4605407673704
2038,2024-07-31,0.33321,531.1856114197163
2039,2024-08-01,0.32691,521.1424874079993
2040,2024-08-02,0.24781,395.04548592755293
2041,2024-08-03,0.26111,416.2476366189554
2042,2024-08-04,0.29051,463.11554867363463
2043,2024-08-05,0.24361,388.3500699197416
2044,2024-08-06,0.28001,446.3770086541063
2045,2024-08-07,0.30941,493.24492070878557
2046,2024-08-08,0.35421,564.662691458773
2047,2024-08-09,0.31361,499.94033671659685
2048,2024-08-10,0.23871,380.53875124396177
2049,2024-08-11,0.31501,502.172142052534
2050,2024-08-12,0.26111,416.2476366189554
2051,2024-08-13,0.29611,472.042770017383
2052,2024-08-14,0.26181,417.3635392869239
2053,2024-08-15,0.25621,408.43631794317554
2054,2024-08-16,0.28421,453.0724246619177
2055,2024-08-17,0.23521,374.959237904119
2056,2024-08-18,0.24501,390.5818752556787
2057,2024-08-19,0.27581,439.68159264629503
2058,2024-08-20,0.27021,430.7543713025466
2059,2024-08-21,0.27231,434.10207930645225
2060,2024-08-22,0.26041,415.1317339509868
2061,2024-08-23,0.24081,383.8864592478674
2062,2024-08-24,0.24641,392.8136805916158
2063,2024-08-25,0.26671,425.17485796270387
2064,2024-08-26,0.25971,414.0158312830183
2065,2024-08-27,0.28001,446.3770086541063
2066,2024-08-28,0.24431,389.46597258771016
2067,2024-08-29,0.25061,399.50909659942715
2068,2024-08-30,0.26531,422.9430526267667
2069,2024-08-31,0.24781,395.04548592755293
2070,2024-09-01,0.23171,369.3797245642762
2071,2024-09-02,0.27161,432.98617663848376
2072,2024-09-03,0.27721,441.91339798223214
2073,2024-09-04,0.26811,427.406663298641
2074,2024-09-05,0.27021,430.7543713025466
2075,2024-09-06,0.29331,467.57915934550886
2076,2024-09-07,0.29051,463.11554867363463
2077,2024-09-08,0.30451,485.4336020330057
2078,2024-09-09,0.26461,421.8271499587982
2079,2024-09-10,0.25971,414.0158312830183
2080,2024-09-11,0.26321,419.5953446228611
2081,2024-09-12,0.26251,418.47944195489254
2082,2024-09-13,0.27231,434.10207930645225
2083,2024-09-14,0.25481,406.2045126072384
2084,2024-09-15,0.23801,379.42284857599316
2085,2024-09-16,0.22891,364.916113892402
2086,2024-09-17,0.25131,400.62499926739565
2087,2024-09-18,0.31221,497.70853138065974
2088,2024-09-19,0.28211,449.724716658012
2089,2024-09-20,0.38571,614.8783115173578
2090,2024-09-21,0.40182,640.5600143473198
2091,2024-09-22,0.33811,538.9969300954963
2092,2024-09-23,0.33111,527.8379034158107
2093,2024-09-24,0.31081,495.4767260447226
2094,2024-09-25,0.30311,483.2017966970686
2095,2024-09-26,0.26531,422.9430526267667
2096,2024-09-27,0.26531,422.9430526267667
2097,2024-09-28,0.27091,431.87027397051514
2098,2024-09-29,0.28351,451.9565219939491
2099,2024-09-30,0.27861,444.14520331816925
