,date,인사일러스,인사일러스_absolute
0,2019-01-01,0.01121,5.126658243379797
1,2019-01-02,0.04484,20.50663297351919
2,2019-01-03,0.03363,15.379974730139393
3,2019-01-04,0.03587,16.404391720787988
4,2019-01-05,0.02914,13.326567458705378
5,2019-01-06,0.02017,9.224326205974176
6,2019-01-07,0.0,0.0
7,2019-01-08,0.04708,21.531049964167785
8,2019-01-09,0.01345,6.151075234028393
9,2019-01-10,0.0,0.0
10,2019-01-11,0.0,0.0
11,2019-01-12,0.0,0.0
12,2019-01-13,0.0,0.0
13,2019-01-14,0.0,0.0
14,2019-01-15,0.01121,5.126658243379797
15,2019-01-16,0.01569,7.1754922246769866
16,2019-01-17,0.0,0.0
17,2019-01-18,0.0,0.0
18,2019-01-19,0.0,0.0
19,2019-01-20,0.02017,9.224326205974176
20,2019-01-21,0.0,0.0
21,2019-01-22,0.0,0.0
22,2019-01-23,0.01121,5.126658243379797
23,2019-01-24,0.0,0.0
24,2019-01-25,0.0,0.0
25,2019-01-26,0.01121,5.126658243379797
26,2019-01-27,0.01793,8.199909215325583
27,2019-01-28,0.01569,7.1754922246769866
28,2019-01-29,0.03139,14.355557739490798
29,2019-01-30,0.01569,7.1754922246769866
30,2019-01-31,0.01569,7.1754922246769866
31,2019-02-01,0.02466,11.27773347740819
32,2019-02-02,0.0269,12.302150468056785
33,2019-02-03,0.01569,7.1754922246769866
34,2019-02-04,0.01569,7.1754922246769866
35,2019-02-05,0.0,0.0
36,2019-02-06,0.01121,5.126658243379797
37,2019-02-07,0.03587,16.404391720787988
38,2019-02-08,0.02466,11.27773347740819
39,2019-02-09,0.0,0.0
40,2019-02-10,0.02017,9.224326205974176
41,2019-02-11,0.02466,11.27773347740819
42,2019-02-12,0.01569,7.1754922246769866
43,2019-02-13,0.02466,11.27773347740819
44,2019-02-14,0.01345,6.151075234028393
45,2019-02-15,0.02017,9.224326205974176
46,2019-02-16,0.01121,5.126658243379797
47,2019-02-17,0.01345,6.151075234028393
48,2019-02-18,0.0426,19.482215982870596
49,2019-02-19,0.01345,6.151075234028393
50,2019-02-20,0.06278,28.711115478981597
51,2019-02-21,0.01569,7.1754922246769866
52,2019-02-22,0.03587,16.404391720787988
53,2019-02-23,0.0426,19.482215982870596
54,2019-02-24,0.02017,9.224326205974176
55,2019-02-25,0.02914,13.326567458705378
56,2019-02-26,0.04708,21.531049964167785
57,2019-02-27,0.04035,18.453225702085174
58,2019-02-28,0.0,0.0
59,2019-03-01,0.02017,9.224326205974176
60,2019-03-02,0.01569,7.1754922246769866
61,2019-03-03,0.02242,10.253316486759594
62,2019-03-04,0.02466,11.27773347740819
63,2019-03-05,0.03139,14.355557739490798
64,2019-03-06,0.01569,7.1754922246769866
65,2019-03-07,0.03139,14.355557739490798
66,2019-03-08,0.01569,7.1754922246769866
67,2019-03-09,0.01345,6.151075234028393
68,2019-03-10,0.01569,7.1754922246769866
69,2019-03-11,0.01345,6.151075234028393
70,2019-03-12,0.0,0.0
71,2019-03-13,0.0,0.0
72,2019-03-14,0.0269,12.302150468056785
73,2019-03-15,0.03363,15.379974730139393
74,2019-03-16,0.01121,5.126658243379797
75,2019-03-17,0.02466,11.27773347740819
76,2019-03-18,0.03363,15.379974730139393
77,2019-03-19,0.0269,12.302150468056785
78,2019-03-20,0.03587,16.404391720787988
79,2019-03-21,0.03363,15.379974730139393
80,2019-03-22,0.04035,18.453225702085174
81,2019-03-23,0.0269,12.302150468056785
82,2019-03-24,0.03139,14.355557739490798
83,2019-03-25,0.05157,23.584457235601796
84,2019-03-26,0.03363,15.379974730139393
85,2019-03-27,0.03139,14.355557739490798
86,2019-03-28,0.02914,13.326567458705378
87,2019-03-29,0.01793,8.199909215325583
88,2019-03-30,0.0,0.0
89,2019-03-31,0.02466,11.27773347740819
90,2019-04-01,0.03587,16.404391720787988
91,2019-04-02,0.02242,10.253316486759594
92,2019-04-03,0.01793,8.199909215325583
93,2019-04-04,0.0,0.0
94,2019-04-05,0.02466,11.27773347740819
95,2019-04-06,0.0,0.0
96,2019-04-07,0.02017,9.224326205974176
97,2019-04-08,0.01121,5.126658243379797
98,2019-04-09,0.0,0.0
99,2019-04-10,0.03139,14.355557739490798
100,2019-04-11,0.0,0.0
101,2019-04-12,0.0,0.0
102,2019-04-13,0.0,0.0
103,2019-04-14,0.0,0.0
104,2019-04-15,0.0,0.0
105,2019-04-16,0.0,0.0
106,2019-04-17,0.0,0.0
107,2019-04-18,0.0,0.0
108,2019-04-19,0.01569,7.1754922246769866
109,2019-04-20,0.0,0.0
110,2019-04-21,0.01569,7.1754922246769866
111,2019-04-22,0.0,0.0
112,2019-04-23,0.02466,11.27773347740819
113,2019-04-24,0.01121,5.126658243379797
114,2019-04-25,0.0,0.0
115,2019-04-26,0.0,0.0
116,2019-04-27,0.0,0.0
117,2019-04-28,0.0,0.0
118,2019-04-29,0.0,0.0
119,2019-04-30,0.01569,7.1754922246769866
120,2019-05-01,0.0,0.0
121,2019-05-02,0.0,0.0
122,2019-05-03,0.0,0.0
123,2019-05-04,0.0,0.0
124,2019-05-05,0.0,0.0
125,2019-05-06,0.0,0.0
126,2019-05-07,0.0,0.0
127,2019-05-08,0.0,0.0
128,2019-05-09,0.0,0.0
129,2019-05-10,0.0,0.0
130,2019-05-11,0.01345,6.151075234028393
131,2019-05-12,0.0,0.0
132,2019-05-13,0.01121,5.126658243379797
133,2019-05-14,0.0,0.0
134,2019-05-15,0.0,0.0
135,2019-05-16,0.0,0.0
136,2019-05-17,0.0,0.0
137,2019-05-18,0.0,0.0
138,2019-05-19,0.0,0.0
139,2019-05-20,0.0,0.0
140,2019-05-21,0.0,0.0
141,2019-05-22,0.0,0.0
142,2019-05-23,0.0,0.0
143,2019-05-24,0.01121,5.126658243379797
144,2019-05-25,0.0,0.0
145,2019-05-26,0.0,0.0
146,2019-05-27,0.01121,5.126658243379797
147,2019-05-28,0.0,0.0
148,2019-05-29,0.0,0.0
149,2019-05-30,0.0,0.0
150,2019-05-31,0.0,0.0
151,2019-06-01,0.0,0.0
152,2019-06-02,0.0,0.0
153,2019-06-03,0.0,0.0
154,2019-06-04,0.0,0.0
155,2019-06-05,0.0,0.0
156,2019-06-06,0.0,0.0
157,2019-06-07,0.01345,6.151075234028393
158,2019-06-08,0.0,0.0
159,2019-06-09,0.0,0.0
160,2019-06-10,0.0,0.0
161,2019-06-11,0.0,0.0
162,2019-06-12,0.0,0.0
163,2019-06-13,0.0,0.0
164,2019-06-14,0.0,0.0
165,2019-06-15,0.0,0.0
166,2019-06-16,0.0,0.0
167,2019-06-17,0.0,0.0
168,2019-06-18,0.01345,6.151075234028393
169,2019-06-19,0.0,0.0
170,2019-06-20,0.0,0.0
171,2019-06-21,0.0,0.0
172,2019-06-22,0.0,0.0
173,2019-06-23,0.0,0.0
174,2019-06-24,0.0,0.0
175,2019-06-25,0.01345,6.151075234028393
176,2019-06-26,0.01345,6.151075234028393
177,2019-06-27,0.0,0.0
178,2019-06-28,0.0,0.0
179,2019-06-29,0.0,0.0
180,2019-06-30,0.01121,5.126658243379797
181,2019-07-01,0.01345,6.151075234028393
182,2019-07-02,0.0,0.0
183,2019-07-03,0.0,0.0
184,2019-07-04,0.0,0.0
185,2019-07-05,0.0,0.0
186,2019-07-06,0.0,0.0
187,2019-07-07,0.0,0.0
188,2019-07-08,0.0,0.0
189,2019-07-09,0.0,0.0
190,2019-07-10,0.01121,5.126658243379797
191,2019-07-11,0.0,0.0
192,2019-07-12,0.0,0.0
193,2019-07-13,0.01121,5.126658243379797
194,2019-07-14,0.0,0.0
195,2019-07-15,0.0,0.0
196,2019-07-16,0.01121,5.126658243379797
197,2019-07-17,0.0,0.0
198,2019-07-18,0.0,0.0
199,2019-07-19,0.0,0.0
200,2019-07-20,0.0,0.0
201,2019-07-21,0.0,0.0
202,2019-07-22,0.01793,8.199909215325583
203,2019-07-23,0.01345,6.151075234028393
204,2019-07-24,0.0,0.0
205,2019-07-25,0.0,0.0
206,2019-07-26,0.01121,5.126658243379797
207,2019-07-27,0.0,0.0
208,2019-07-28,0.0,0.0
209,2019-07-29,0.0,0.0
210,2019-07-30,0.0,0.0
211,2019-07-31,0.01569,7.1754922246769866
212,2019-08-01,0.0,0.0
213,2019-08-02,0.0,0.0
214,2019-08-03,0.0,0.0
215,2019-08-04,0.0,0.0
216,2019-08-05,0.03139,14.355557739490798
217,2019-08-06,0.0,0.0
218,2019-08-07,0.01569,7.1754922246769866
219,2019-08-08,0.0,0.0
220,2019-08-09,0.01345,6.151075234028393
221,2019-08-10,0.0,0.0
222,2019-08-11,0.0,0.0
223,2019-08-12,0.0,0.0
224,2019-08-13,0.0,0.0
225,2019-08-14,0.0,0.0
226,2019-08-15,0.01121,5.126658243379797
227,2019-08-16,0.01121,5.126658243379797
228,2019-08-17,0.01121,5.126658243379797
229,2019-08-18,0.01121,5.126658243379797
230,2019-08-19,0.01121,5.126658243379797
231,2019-08-20,0.20852,95.36224593305579
232,2019-08-21,0.07175,32.813356731712794
233,2019-08-22,0.0695,31.784366450927383
234,2019-08-23,0.04932,22.55546695481638
235,2019-08-24,0.0426,19.482215982870596
236,2019-08-25,0.01345,6.151075234028393
237,2019-08-26,0.04484,20.50663297351919
238,2019-08-27,0.03363,15.379974730139393
239,2019-08-28,0.01793,8.199909215325583
240,2019-08-29,0.03363,15.379974730139393
241,2019-08-30,0.01345,6.151075234028393
242,2019-08-31,0.03587,16.404391720787988
243,2019-09-01,0.04035,18.453225702085174
244,2019-09-02,0.04035,18.453225702085174
245,2019-09-03,0.0,0.0
246,2019-09-04,0.02017,9.224326205974176
247,2019-09-05,0.04035,18.453225702085174
248,2019-09-06,0.0269,12.302150468056785
249,2019-09-07,0.03811,17.42880871143658
250,2019-09-08,0.02017,9.224326205974176
251,2019-09-09,0.02914,13.326567458705378
252,2019-09-10,0.0269,12.302150468056785
253,2019-09-11,0.01121,5.126658243379797
254,2019-09-12,0.02017,9.224326205974176
255,2019-09-13,0.02017,9.224326205974176
256,2019-09-14,0.02242,10.253316486759594
257,2019-09-15,0.03363,15.379974730139393
258,2019-09-16,0.05381,24.608874226250393
259,2019-09-17,0.0426,19.482215982870596
260,2019-09-18,0.01345,6.151075234028393
261,2019-09-19,0.05381,24.608874226250393
262,2019-09-20,0.01569,7.1754922246769866
263,2019-09-21,0.03587,16.404391720787988
264,2019-09-22,0.0426,19.482215982870596
265,2019-09-23,0.02914,13.326567458705378
266,2019-09-24,0.06053,27.68212519819618
267,2019-09-25,0.03811,17.42880871143658
268,2019-09-26,0.06278,28.711115478981597
269,2019-09-27,0.06502,29.735532469630186
270,2019-09-28,0.0426,19.482215982870596
271,2019-09-29,0.02466,11.27773347740819
272,2019-09-30,0.0695,31.784366450927383
273,2019-10-01,0.03363,15.379974730139393
274,2019-10-02,0.0426,19.482215982870596
275,2019-10-03,0.05157,23.584457235601796
276,2019-10-04,0.01569,7.1754922246769866
277,2019-10-05,0.01345,6.151075234028393
278,2019-10-06,0.03587,16.404391720787988
279,2019-10-07,0.03139,14.355557739490798
280,2019-10-08,0.0269,12.302150468056785
281,2019-10-09,0.0426,19.482215982870596
282,2019-10-10,0.06502,29.735532469630186
283,2019-10-11,0.02242,10.253316486759594
284,2019-10-12,0.01345,6.151075234028393
285,2019-10-13,0.03587,16.404391720787988
286,2019-10-14,0.0,0.0
287,2019-10-15,0.05605,25.63329121689899
288,2019-10-16,0.03811,17.42880871143658
289,2019-10-17,0.03363,15.379974730139393
290,2019-10-18,0.01345,6.151075234028393
291,2019-10-19,0.03139,14.355557739490798
292,2019-10-20,0.04708,21.531049964167785
293,2019-10-21,0.04484,20.50663297351919
294,2019-10-22,0.04932,22.55546695481638
295,2019-10-23,0.03587,16.404391720787988
296,2019-10-24,0.04035,18.453225702085174
297,2019-10-25,0.04035,18.453225702085174
298,2019-10-26,0.03811,17.42880871143658
299,2019-10-27,0.05605,25.63329121689899
300,2019-10-28,0.06278,28.711115478981597
301,2019-10-29,0.05381,24.608874226250393
302,2019-10-30,0.06278,28.711115478981597
303,2019-10-31,0.05605,25.63329121689899
304,2019-11-01,0.04708,21.531049964167785
305,2019-11-02,0.05157,23.584457235601796
306,2019-11-03,0.1278,58.44664794861178
307,2019-11-04,0.07175,32.813356731712794
308,2019-11-05,0.0695,31.784366450927383
309,2019-11-06,0.08296,37.9400149750926
310,2019-11-07,0.09417,43.066673218472395
311,2019-11-08,0.09417,43.066673218472395
312,2019-11-09,0.07847,35.88660770365858
313,2019-11-10,0.06053,27.68212519819618
314,2019-11-11,0.10089,46.13992419041818
315,2019-11-12,0.11883,54.344406695880586
316,2019-11-13,0.10762,49.217748452500786
317,2019-11-14,0.12332,56.3978139673146
318,2019-11-15,0.08744,39.98884895638979
319,2019-11-16,0.06726,30.759949460278786
320,2019-11-17,0.07847,35.88660770365858
321,2019-11-18,0.12556,57.422230957963194
322,2019-11-19,0.09193,42.0422562278238
323,2019-11-20,0.08744,39.98884895638979
324,2019-11-21,0.05157,23.584457235601796
325,2019-11-22,0.04035,18.453225702085174
326,2019-11-23,0.05605,25.63329121689899
327,2019-11-24,0.05381,24.608874226250393
328,2019-11-25,0.08968,41.01326594703838
329,2019-11-26,0.0426,19.482215982870596
330,2019-11-27,0.09417,43.066673218472395
331,2019-11-28,0.08296,37.9400149750926
332,2019-11-29,0.09417,43.066673218472395
333,2019-11-30,0.07623,34.862190713009994
334,2019-12-01,0.08296,37.9400149750926
335,2019-12-02,0.0852,38.96443196574119
336,2019-12-03,0.05829,26.657708207547582
337,2019-12-04,0.09641,44.091090209120985
338,2019-12-05,0.06502,29.735532469630186
339,2019-12-06,0.05381,24.608874226250393
340,2019-12-07,0.03363,15.379974730139393
341,2019-12-08,0.04484,20.50663297351919
342,2019-12-09,0.05605,25.63329121689899
343,2019-12-10,0.05381,24.608874226250393
344,2019-12-11,0.04932,22.55546695481638
345,2019-12-12,0.01569,7.1754922246769866
346,2019-12-13,0.02914,13.326567458705378
347,2019-12-14,0.03811,17.42880871143658
348,2019-12-15,0.0426,19.482215982870596
349,2019-12-16,0.04708,21.531049964167785
350,2019-12-17,0.0852,38.96443196574119
351,2019-12-18,0.07847,35.88660770365858
352,2019-12-19,0.02914,13.326567458705378
353,2019-12-20,0.01569,7.1754922246769866
354,2019-12-21,0.04035,18.453225702085174
355,2019-12-22,0.03587,16.404391720787988
356,2019-12-23,0.04484,20.50663297351919
357,2019-12-24,0.03811,17.42880871143658
358,2019-12-25,0.0426,19.482215982870596
359,2019-12-26,0.03811,17.42880871143658
360,2019-12-27,0.03811,17.42880871143658
361,2019-12-28,0.0269,12.302150468056785
362,2019-12-29,0.0426,19.482215982870596
363,2019-12-30,0.02914,13.326567458705378
364,2019-12-31,0.0,0.0
365,2020-01-01,0.0269,12.302150468056785
366,2020-01-02,0.04932,22.55546695481638
367,2020-01-03,0.01345,6.151075234028393
368,2020-01-04,0.01569,7.1754922246769866
369,2020-01-05,0.03363,15.379974730139393
370,2020-01-06,0.03587,16.404391720787988
371,2020-01-07,0.03139,14.355557739490798
372,2020-01-08,0.03587,16.404391720787988
373,2020-01-09,0.04708,21.531049964167785
374,2020-01-10,0.0,0.0
375,2020-01-11,0.03139,14.355557739490798
376,2020-01-12,0.03139,14.355557739490798
377,2020-01-13,0.03363,15.379974730139393
378,2020-01-14,0.0,0.0
379,2020-01-15,0.02017,9.224326205974176
380,2020-01-16,0.03587,16.404391720787988
381,2020-01-17,0.02242,10.253316486759594
382,2020-01-18,0.0269,12.302150468056785
383,2020-01-19,0.04932,22.55546695481638
384,2020-01-20,0.03363,15.379974730139393
385,2020-01-21,0.05157,23.584457235601796
386,2020-01-22,0.03587,16.404391720787988
387,2020-01-23,0.01569,7.1754922246769866
388,2020-01-24,0.0,0.0
389,2020-01-25,0.03139,14.355557739490798
390,2020-01-26,0.04484,20.50663297351919
391,2020-01-27,0.0,0.0
392,2020-01-28,0.02466,11.27773347740819
393,2020-01-29,0.04484,20.50663297351919
394,2020-01-30,0.05157,23.584457235601796
395,2020-01-31,0.05605,25.63329121689899
396,2020-02-01,0.06502,29.735532469630186
397,2020-02-02,0.04708,21.531049964167785
398,2020-02-03,0.0426,19.482215982870596
399,2020-02-04,0.04035,18.453225702085174
400,2020-02-05,0.04932,22.55546695481638
401,2020-02-06,0.01121,5.126658243379797
402,2020-02-07,0.0269,12.302150468056785
403,2020-02-08,0.01793,8.199909215325583
404,2020-02-09,0.0,0.0
405,2020-02-10,0.01345,6.151075234028393
406,2020-02-11,0.04932,22.55546695481638
407,2020-02-12,0.02017,9.224326205974176
408,2020-02-13,0.01345,6.151075234028393
409,2020-02-14,0.01793,8.199909215325583
410,2020-02-15,0.03139,14.355557739490798
411,2020-02-16,0.06502,29.735532469630186
412,2020-02-17,0.04035,18.453225702085174
413,2020-02-18,0.05605,25.63329121689899
414,2020-02-19,0.04708,21.531049964167785
415,2020-02-20,0.04035,18.453225702085174
416,2020-02-21,0.03811,17.42880871143658
417,2020-02-22,0.02914,13.326567458705378
418,2020-02-23,0.02914,13.326567458705378
419,2020-02-24,0.06278,28.711115478981597
420,2020-02-25,0.03139,14.355557739490798
421,2020-02-26,0.0426,19.482215982870596
422,2020-02-27,0.04484,20.50663297351919
423,2020-02-28,0.03587,16.404391720787988
424,2020-02-29,0.02914,13.326567458705378
425,2020-03-01,0.04484,20.50663297351919
426,2020-03-02,0.0426,19.482215982870596
427,2020-03-03,0.03811,17.42880871143658
428,2020-03-04,0.05157,23.584457235601796
429,2020-03-05,0.05157,23.584457235601796
430,2020-03-06,0.04035,18.453225702085174
431,2020-03-07,0.02017,9.224326205974176
432,2020-03-08,0.04035,18.453225702085174
433,2020-03-09,0.01345,6.151075234028393
434,2020-03-10,0.03363,15.379974730139393
435,2020-03-11,0.03587,16.404391720787988
436,2020-03-12,0.02017,9.224326205974176
437,2020-03-13,0.01121,5.126658243379797
438,2020-03-14,0.01345,6.151075234028393
439,2020-03-15,0.02914,13.326567458705378
440,2020-03-16,0.02242,10.253316486759594
441,2020-03-17,0.01121,5.126658243379797
442,2020-03-18,0.0426,19.482215982870596
443,2020-03-19,0.02017,9.224326205974176
444,2020-03-20,0.0,0.0
445,2020-03-21,0.0269,12.302150468056785
446,2020-03-22,0.02466,11.27773347740819
447,2020-03-23,0.04708,21.531049964167785
448,2020-03-24,0.04035,18.453225702085174
449,2020-03-25,0.04035,18.453225702085174
450,2020-03-26,0.03811,17.42880871143658
451,2020-03-27,0.03139,14.355557739490798
452,2020-03-28,0.01569,7.1754922246769866
453,2020-03-29,0.0269,12.302150468056785
454,2020-03-30,0.07399,33.83777372236139
455,2020-03-31,0.02914,13.326567458705378
456,2020-04-01,0.01345,6.151075234028393
457,2020-04-02,0.01569,7.1754922246769866
458,2020-04-03,0.02242,10.253316486759594
459,2020-04-04,0.02466,11.27773347740819
460,2020-04-05,0.01569,7.1754922246769866
461,2020-04-06,0.02466,11.27773347740819
462,2020-04-07,0.03587,16.404391720787988
463,2020-04-08,0.0269,12.302150468056785
464,2020-04-09,0.04035,18.453225702085174
465,2020-04-10,0.03587,16.404391720787988
466,2020-04-11,0.01793,8.199909215325583
467,2020-04-12,0.04035,18.453225702085174
468,2020-04-13,0.02242,10.253316486759594
469,2020-04-14,0.02466,11.27773347740819
470,2020-04-15,0.03139,14.355557739490798
471,2020-04-16,0.06726,30.759949460278786
472,2020-04-17,0.03139,14.355557739490798
473,2020-04-18,0.01793,8.199909215325583
474,2020-04-19,0.0,0.0
475,2020-04-20,0.03587,16.404391720787988
476,2020-04-21,0.01569,7.1754922246769866
477,2020-04-22,0.0,0.0
478,2020-04-23,0.01793,8.199909215325583
479,2020-04-24,0.02466,11.27773347740819
480,2020-04-25,0.0,0.0
481,2020-04-26,0.01345,6.151075234028393
482,2020-04-27,0.0269,12.302150468056785
483,2020-04-28,0.02017,9.224326205974176
484,2020-04-29,0.0269,12.302150468056785
485,2020-04-30,0.01569,7.1754922246769866
486,2020-05-01,0.01345,6.151075234028393
487,2020-05-02,0.02017,9.224326205974176
488,2020-05-03,0.0269,12.302150468056785
489,2020-05-04,0.02466,11.27773347740819
490,2020-05-05,0.01345,6.151075234028393
491,2020-05-06,0.03587,16.404391720787988
492,2020-05-07,0.01345,6.151075234028393
493,2020-05-08,0.04484,20.50663297351919
494,2020-05-09,0.01121,5.126658243379797
495,2020-05-10,0.0269,12.302150468056785
496,2020-05-11,0.0269,12.302150468056785
497,2020-05-12,0.0,0.0
498,2020-05-13,0.01569,7.1754922246769866
499,2020-05-14,0.02914,13.326567458705378
500,2020-05-15,0.0,0.0
501,2020-05-16,0.0,0.0
502,2020-05-17,0.01121,5.126658243379797
503,2020-05-18,0.01345,6.151075234028393
504,2020-05-19,0.02017,9.224326205974176
505,2020-05-20,0.0,0.0
506,2020-05-21,0.0,0.0
507,2020-05-22,0.01121,5.126658243379797
508,2020-05-23,0.0,0.0
509,2020-05-24,0.0,0.0
510,2020-05-25,0.0,0.0
511,2020-05-26,0.01569,7.1754922246769866
512,2020-05-27,0.0,0.0
513,2020-05-28,0.01121,5.126658243379797
514,2020-05-29,0.0,0.0
515,2020-05-30,0.0,0.0
516,2020-05-31,0.0,0.0
517,2020-06-01,0.01121,5.126658243379797
518,2020-06-02,0.0,0.0
519,2020-06-03,0.01121,5.126658243379797
520,2020-06-04,0.0,0.0
521,2020-06-05,0.0,0.0
522,2020-06-06,0.0,0.0
523,2020-06-07,0.0,0.0
524,2020-06-08,0.01121,5.126658243379797
525,2020-06-09,0.0,0.0
526,2020-06-10,0.01569,7.1754922246769866
527,2020-06-11,0.0,0.0
528,2020-06-12,0.0,0.0
529,2020-06-13,0.0,0.0
530,2020-06-14,0.01345,6.151075234028393
531,2020-06-15,0.01345,6.151075234028393
532,2020-06-16,0.0,0.0
533,2020-06-17,0.0,0.0
534,2020-06-18,0.0,0.0
535,2020-06-19,0.0,0.0
536,2020-06-20,0.01121,5.126658243379797
537,2020-06-21,0.0,0.0
538,2020-06-22,0.01345,6.151075234028393
539,2020-06-23,0.0,0.0
540,2020-06-24,0.0,0.0
541,2020-06-25,0.0,0.0
542,2020-06-26,0.0,0.0
543,2020-06-27,0.0,0.0
544,2020-06-28,0.0,0.0
545,2020-06-29,0.0,0.0
546,2020-06-30,0.01345,6.151075234028393
547,2020-07-01,0.04484,20.50663297351919
548,2020-07-02,0.01121,5.126658243379797
549,2020-07-03,0.0,0.0
550,2020-07-04,0.0,0.0
551,2020-07-05,0.0,0.0
552,2020-07-06,0.0,0.0
553,2020-07-07,0.0,0.0
554,2020-07-08,0.0,0.0
555,2020-07-09,0.0,0.0
556,2020-07-10,0.0,0.0
557,2020-07-11,0.0,0.0
558,2020-07-12,0.01345,6.151075234028393
559,2020-07-13,0.0,0.0
560,2020-07-14,0.01121,5.126658243379797
561,2020-07-15,0.0,0.0
562,2020-07-16,0.01345,6.151075234028393
563,2020-07-17,0.0,0.0
564,2020-07-18,0.01345,6.151075234028393
565,2020-07-19,0.0269,12.302150468056785
566,2020-07-20,0.0,0.0
567,2020-07-21,0.01345,6.151075234028393
568,2020-07-22,0.0,0.0
569,2020-07-23,0.0,0.0
570,2020-07-24,0.0,0.0
571,2020-07-25,0.0,0.0
572,2020-07-26,0.0,0.0
573,2020-07-27,0.0,0.0
574,2020-07-28,0.01793,8.199909215325583
575,2020-07-29,0.0,0.0
576,2020-07-30,0.01121,5.126658243379797
577,2020-07-31,0.0,0.0
578,2020-08-01,0.0,0.0
579,2020-08-02,0.0,0.0
580,2020-08-03,0.01345,6.151075234028393
581,2020-08-04,0.0,0.0
582,2020-08-05,0.0,0.0
583,2020-08-06,0.0,0.0
584,2020-08-07,0.0,0.0
585,2020-08-08,0.0,0.0
586,2020-08-09,0.0,0.0
587,2020-08-10,0.01793,8.199909215325583
588,2020-08-11,0.0,0.0
589,2020-08-12,0.0,0.0
590,2020-08-13,0.0,0.0
591,2020-08-14,0.01569,7.1754922246769866
592,2020-08-15,0.0,0.0
593,2020-08-16,0.0,0.0
594,2020-08-17,0.0,0.0
595,2020-08-18,0.01121,5.126658243379797
596,2020-08-19,0.03587,16.404391720787988
597,2020-08-20,0.02017,9.224326205974176
598,2020-08-21,0.02017,9.224326205974176
599,2020-08-22,0.02242,10.253316486759594
600,2020-08-23,0.0,0.0
601,2020-08-24,0.01121,5.126658243379797
602,2020-08-25,0.0,0.0
603,2020-08-26,0.03587,16.404391720787988
604,2020-08-27,0.02914,13.326567458705378
605,2020-08-28,0.01569,7.1754922246769866
606,2020-08-29,0.01121,5.126658243379797
607,2020-08-30,0.0269,12.302150468056785
608,2020-08-31,0.03139,14.355557739490798
609,2020-09-01,0.05381,24.608874226250393
610,2020-09-02,0.05157,23.584457235601796
611,2020-09-03,0.05157,23.584457235601796
612,2020-09-04,0.01345,6.151075234028393
613,2020-09-05,0.03139,14.355557739490798
614,2020-09-06,0.01793,8.199909215325583
615,2020-09-07,0.04932,22.55546695481638
616,2020-09-08,0.04484,20.50663297351919
617,2020-09-09,0.03139,14.355557739490798
618,2020-09-10,0.02017,9.224326205974176
619,2020-09-11,0.03811,17.42880871143658
620,2020-09-12,0.02914,13.326567458705378
621,2020-09-13,0.0426,19.482215982870596
622,2020-09-14,0.01793,8.199909215325583
623,2020-09-15,0.04932,22.55546695481638
624,2020-09-16,0.03363,15.379974730139393
625,2020-09-17,0.01121,5.126658243379797
626,2020-09-18,0.0,0.0
627,2020-09-19,0.01121,5.126658243379797
628,2020-09-20,0.02017,9.224326205974176
629,2020-09-21,0.02914,13.326567458705378
630,2020-09-22,0.03363,15.379974730139393
631,2020-09-23,0.02466,11.27773347740819
632,2020-09-24,0.03587,16.404391720787988
633,2020-09-25,0.0426,19.482215982870596
634,2020-09-26,0.0269,12.302150468056785
635,2020-09-27,0.02466,11.27773347740819
636,2020-09-28,0.01569,7.1754922246769866
637,2020-09-29,0.01121,5.126658243379797
638,2020-09-30,0.02466,11.27773347740819
639,2020-10-01,0.0,0.0
640,2020-10-02,0.0,0.0
641,2020-10-03,0.0,0.0
642,2020-10-04,0.03139,14.355557739490798
643,2020-10-05,0.03139,14.355557739490798
644,2020-10-06,0.05829,26.657708207547582
645,2020-10-07,0.04484,20.50663297351919
646,2020-10-08,0.01121,5.126658243379797
647,2020-10-09,0.03587,16.404391720787988
648,2020-10-10,0.10089,46.13992419041818
649,2020-10-11,0.08968,41.01326594703838
650,2020-10-12,0.07847,35.88660770365858
651,2020-10-13,0.06502,29.735532469630186
652,2020-10-14,0.05157,23.584457235601796
653,2020-10-15,0.26457,120.99553714995479
654,2020-10-16,0.06726,30.759949460278786
655,2020-10-17,0.24888,113.82004492527778
656,2020-10-18,0.0852,38.96443196574119
657,2020-10-19,0.12332,56.3978139673146
658,2020-10-20,0.10538,48.19333146185219
659,2020-10-21,0.08071,36.91102469430718
660,2020-10-22,0.1704,77.92886393148238
661,2020-10-23,0.22197,101.51332116708419
662,2020-10-24,0.17489,79.9822712029164
663,2020-10-25,0.16816,76.9044469408338
664,2020-10-26,0.38565,176.3689341266208
665,2020-10-27,0.23094,105.61556241981539
666,2020-10-28,0.17937,82.03110518421359
667,2020-10-29,0.14798,67.67554744472278
668,2020-10-30,0.1704,77.92886393148238
669,2020-10-31,0.14125,64.59772318264017
670,2020-11-01,0.16592,75.8800299501852
671,2020-11-02,0.20179,92.28442167097317
672,2020-11-03,0.18161,83.05552217486218
673,2020-11-04,0.19507,89.21117069902739
674,2020-11-05,0.18161,83.05552217486218
675,2020-11-06,0.15695,71.777788697454
676,2020-11-07,0.22197,101.51332116708419
677,2020-11-08,0.34081,155.86230115310158
678,2020-11-09,0.23318,106.63997941046398
679,2020-11-10,0.16368,74.8556129595366
680,2020-11-11,0.13453,61.5244722106944
681,2020-11-12,0.1278,58.44664794861178
682,2020-11-13,0.15022,68.69996443537138
683,2020-11-14,0.21749,99.46448718578698
684,2020-11-15,0.18386,84.0845124556476
685,2020-11-16,0.1435,65.62671346342559
686,2020-11-17,0.17713,81.006688193565
687,2020-11-18,0.17264,78.95328092213097
688,2020-11-19,0.15919,72.80220568810259
689,2020-11-20,0.11883,54.344406695880586
690,2020-11-21,0.1278,58.44664794861178
691,2020-11-22,0.19282,88.18218041824197
692,2020-11-23,0.19282,88.18218041824197
693,2020-11-24,0.15695,71.777788697454
694,2020-11-25,0.20628,94.33782894240719
695,2020-11-26,0.21076,96.38666292370438
696,2020-11-27,0.19058,87.15776342759338
697,2020-11-28,0.1861,85.10892944629619
698,2020-11-29,0.19058,87.15776342759338
699,2020-11-30,0.2287,104.59114542916679
700,2020-12-01,0.20404,93.3134119517586
701,2020-12-02,0.11435,52.29557271458339
702,2020-12-03,0.13004,59.47106493926037
703,2020-12-04,0.15022,68.69996443537138
704,2020-12-05,0.1278,58.44664794861178
705,2020-12-06,0.14125,64.59772318264017
706,2020-12-07,0.10986,50.24216544314938
707,2020-12-08,0.12332,56.3978139673146
708,2020-12-09,0.12556,57.422230957963194
709,2020-12-10,0.15919,72.80220568810259
710,2020-12-11,0.10089,46.13992419041818
711,2020-12-12,0.10314,47.16891447120359
712,2020-12-13,0.10762,49.217748452500786
713,2020-12-14,0.12332,56.3978139673146
714,2020-12-15,0.11659,53.31998970523199
715,2020-12-16,0.13228,60.495481929908976
716,2020-12-17,0.09641,44.091090209120985
717,2020-12-18,0.10314,47.16891447120359
718,2020-12-19,0.06053,27.68212519819618
719,2020-12-20,0.11659,53.31998970523199
720,2020-12-21,0.07847,35.88660770365858
721,2020-12-22,0.08968,41.01326594703838
722,2020-12-23,0.34978,159.9645424058328
723,2020-12-24,0.11435,52.29557271458339
724,2020-12-25,0.1278,58.44664794861178
725,2020-12-26,0.07847,35.88660770365858
726,2020-12-27,0.15246,69.72438142601999
727,2020-12-28,0.07847,35.88660770365858
728,2020-12-29,0.08071,36.91102469430718
729,2020-12-30,0.11211,51.2711557239348
730,2020-12-31,0.08071,36.91102469430718
731,2021-01-01,0.08071,36.91102469430718
732,2021-01-02,0.07175,32.813356731712794
733,2021-01-03,0.09193,42.0422562278238
734,2021-01-04,0.06053,27.68212519819618
735,2021-01-05,0.08071,36.91102469430718
736,2021-01-06,0.04708,21.531049964167785
737,2021-01-07,0.07399,33.83777372236139
738,2021-01-08,0.07175,32.813356731712794
739,2021-01-09,0.09865,45.11550719976958
740,2021-01-10,0.06726,30.759949460278786
741,2021-01-11,0.0269,12.302150468056785
742,2021-01-12,0.22646,103.5667284385182
743,2021-01-13,0.09417,43.066673218472395
744,2021-01-14,0.0426,19.482215982870596
745,2021-01-15,0.05605,25.63329121689899
746,2021-01-16,0.05829,26.657708207547582
747,2021-01-17,0.10089,46.13992419041818
748,2021-01-18,0.04932,22.55546695481638
749,2021-01-19,0.07623,34.862190713009994
750,2021-01-20,0.03139,14.355557739490798
751,2021-01-21,0.04035,18.453225702085174
752,2021-01-22,0.04932,22.55546695481638
753,2021-01-23,0.04035,18.453225702085174
754,2021-01-24,0.05381,24.608874226250393
755,2021-01-25,0.04484,20.50663297351919
756,2021-01-26,0.06278,28.711115478981597
757,2021-01-27,0.08071,36.91102469430718
758,2021-01-28,0.0426,19.482215982870596
759,2021-01-29,0.0695,31.784366450927383
760,2021-01-30,0.05605,25.63329121689899
761,2021-01-31,0.04708,21.531049964167785
762,2021-02-01,0.0695,31.784366450927383
763,2021-02-02,0.10089,46.13992419041818
764,2021-02-03,0.06278,28.711115478981597
765,2021-02-04,0.0426,19.482215982870596
766,2021-02-05,0.04484,20.50663297351919
767,2021-02-06,0.05605,25.63329121689899
768,2021-02-07,0.06053,27.68212519819618
769,2021-02-08,0.05829,26.657708207547582
770,2021-02-09,0.03811,17.42880871143658
771,2021-02-10,0.05157,23.584457235601796
772,2021-02-11,0.04932,22.55546695481638
773,2021-02-12,0.04932,22.55546695481638
774,2021-02-13,0.07175,32.813356731712794
775,2021-02-14,0.09193,42.0422562278238
776,2021-02-15,0.06278,28.711115478981597
777,2021-02-16,0.05829,26.657708207547582
778,2021-02-17,0.05605,25.63329121689899
779,2021-02-18,0.09193,42.0422562278238
780,2021-02-19,0.02914,13.326567458705378
781,2021-02-20,0.02242,10.253316486759594
782,2021-02-21,0.0695,31.784366450927383
783,2021-02-22,0.0695,31.784366450927383
784,2021-02-23,0.05605,25.63329121689899
785,2021-02-24,0.03139,14.355557739490798
786,2021-02-25,0.0852,38.96443196574119
787,2021-02-26,0.07175,32.813356731712794
788,2021-02-27,0.07623,34.862190713009994
789,2021-02-28,0.02914,13.326567458705378
790,2021-03-01,0.07847,35.88660770365858
791,2021-03-02,0.05381,24.608874226250393
792,2021-03-03,0.04035,18.453225702085174
793,2021-03-04,0.04484,20.50663297351919
794,2021-03-05,0.0269,12.302150468056785
795,2021-03-06,0.0695,31.784366450927383
796,2021-03-07,0.08296,37.9400149750926
797,2021-03-08,0.0426,19.482215982870596
798,2021-03-09,0.05157,23.584457235601796
799,2021-03-10,0.01793,8.199909215325583
800,2021-03-11,0.02017,9.224326205974176
801,2021-03-12,0.09193,42.0422562278238
802,2021-03-13,0.03587,16.404391720787988
803,2021-03-14,0.06278,28.711115478981597
804,2021-03-15,0.04484,20.50663297351919
805,2021-03-16,0.02914,13.326567458705378
806,2021-03-17,0.04708,21.531049964167785
807,2021-03-18,0.04708,21.531049964167785
808,2021-03-19,0.06502,29.735532469630186
809,2021-03-20,0.05829,26.657708207547582
810,2021-03-21,0.04484,20.50663297351919
811,2021-03-22,0.05157,23.584457235601796
812,2021-03-23,0.05157,23.584457235601796
813,2021-03-24,0.05829,26.657708207547582
814,2021-03-25,0.03363,15.379974730139393
815,2021-03-26,0.04708,21.531049964167785
816,2021-03-27,0.05381,24.608874226250393
817,2021-03-28,0.07175,32.813356731712794
818,2021-03-29,0.02017,9.224326205974176
819,2021-03-30,0.05605,25.63329121689899
820,2021-03-31,0.05381,24.608874226250393
821,2021-04-01,0.05157,23.584457235601796
822,2021-04-02,0.03811,17.42880871143658
823,2021-04-03,0.0426,19.482215982870596
824,2021-04-04,0.0426,19.482215982870596
825,2021-04-05,0.0695,31.784366450927383
826,2021-04-06,0.07399,33.83777372236139
827,2021-04-07,0.06502,29.735532469630186
828,2021-04-08,0.01793,8.199909215325583
829,2021-04-09,0.0426,19.482215982870596
830,2021-04-10,0.03363,15.379974730139393
831,2021-04-11,0.04708,21.531049964167785
832,2021-04-12,0.04932,22.55546695481638
833,2021-04-13,0.04708,21.531049964167785
834,2021-04-14,0.03139,14.355557739490798
835,2021-04-15,0.03139,14.355557739490798
836,2021-04-16,0.02466,11.27773347740819
837,2021-04-17,0.03811,17.42880871143658
838,2021-04-18,0.04035,18.453225702085174
839,2021-04-19,0.03139,14.355557739490798
840,2021-04-20,0.04035,18.453225702085174
841,2021-04-21,0.01793,8.199909215325583
842,2021-04-22,0.0269,12.302150468056785
843,2021-04-23,0.02466,11.27773347740819
844,2021-04-24,0.0426,19.482215982870596
845,2021-04-25,0.02914,13.326567458705378
846,2021-04-26,0.01793,8.199909215325583
847,2021-04-27,0.02914,13.326567458705378
848,2021-04-28,0.01793,8.199909215325583
849,2021-04-29,0.02017,9.224326205974176
850,2021-04-30,0.0269,12.302150468056785
851,2021-05-01,0.01569,7.1754922246769866
852,2021-05-02,0.0,0.0
853,2021-05-03,0.02017,9.224326205974176
854,2021-05-04,0.0,0.0
855,2021-05-05,0.03139,14.355557739490798
856,2021-05-06,0.03587,16.404391720787988
857,2021-05-07,0.01569,7.1754922246769866
858,2021-05-08,0.01345,6.151075234028393
859,2021-05-09,0.04035,18.453225702085174
860,2021-05-10,0.0,0.0
861,2021-05-11,0.0426,19.482215982870596
862,2021-05-12,0.04484,20.50663297351919
863,2021-05-13,0.04932,22.55546695481638
864,2021-05-14,0.0,0.0
865,2021-05-15,0.03587,16.404391720787988
866,2021-05-16,0.0,0.0
867,2021-05-17,0.02017,9.224326205974176
868,2021-05-18,0.02466,11.27773347740819
869,2021-05-19,0.0,0.0
870,2021-05-20,0.03811,17.42880871143658
871,2021-05-21,0.0,0.0
872,2021-05-22,0.03139,14.355557739490798
873,2021-05-23,0.01793,8.199909215325583
874,2021-05-24,0.02017,9.224326205974176
875,2021-05-25,0.0,0.0
876,2021-05-26,0.0,0.0
877,2021-05-27,0.0,0.0
878,2021-05-28,0.03363,15.379974730139393
879,2021-05-29,0.01569,7.1754922246769866
880,2021-05-30,0.03811,17.42880871143658
881,2021-05-31,0.01345,6.151075234028393
882,2021-06-01,0.0,0.0
883,2021-06-02,0.01121,5.126658243379797
884,2021-06-03,0.0,0.0
885,2021-06-04,0.02017,9.224326205974176
886,2021-06-05,0.01793,8.199909215325583
887,2021-06-06,0.03139,14.355557739490798
888,2021-06-07,0.02242,10.253316486759594
889,2021-06-08,0.01569,7.1754922246769866
890,2021-06-09,0.03811,17.42880871143658
891,2021-06-10,0.05381,24.608874226250393
892,2021-06-11,0.02017,9.224326205974176
893,2021-06-12,0.03587,16.404391720787988
894,2021-06-13,0.02242,10.253316486759594
895,2021-06-14,0.01121,5.126658243379797
896,2021-06-15,0.02466,11.27773347740819
897,2021-06-16,0.0,0.0
898,2021-06-17,0.01345,6.151075234028393
899,2021-06-18,0.0,0.0
900,2021-06-19,0.03363,15.379974730139393
901,2021-06-20,0.04035,18.453225702085174
902,2021-06-21,0.0,0.0
903,2021-06-22,0.03811,17.42880871143658
904,2021-06-23,0.01121,5.126658243379797
905,2021-06-24,0.03811,17.42880871143658
906,2021-06-25,0.0,0.0
907,2021-06-26,0.02466,11.27773347740819
908,2021-06-27,0.03811,17.42880871143658
909,2021-06-28,0.01569,7.1754922246769866
910,2021-06-29,0.01121,5.126658243379797
911,2021-06-30,0.03363,15.379974730139393
912,2021-07-01,0.03811,17.42880871143658
913,2021-07-02,0.01121,5.126658243379797
914,2021-07-03,0.01121,5.126658243379797
915,2021-07-04,0.04932,22.55546695481638
916,2021-07-05,0.02466,11.27773347740819
917,2021-07-06,0.01793,8.199909215325583
918,2021-07-07,0.03139,14.355557739490798
919,2021-07-08,0.03363,15.379974730139393
920,2021-07-09,0.01121,5.126658243379797
921,2021-07-10,0.0269,12.302150468056785
922,2021-07-11,0.03587,16.404391720787988
923,2021-07-12,0.02017,9.224326205974176
924,2021-07-13,0.04035,18.453225702085174
925,2021-07-14,0.02017,9.224326205974176
926,2021-07-15,0.01345,6.151075234028393
927,2021-07-16,0.01121,5.126658243379797
928,2021-07-17,0.0,0.0
929,2021-07-18,0.02914,13.326567458705378
930,2021-07-19,0.0269,12.302150468056785
931,2021-07-20,0.02242,10.253316486759594
932,2021-07-21,0.02914,13.326567458705378
933,2021-07-22,0.01569,7.1754922246769866
934,2021-07-23,0.02914,13.326567458705378
935,2021-07-24,0.02914,13.326567458705378
936,2021-07-25,0.0695,31.784366450927383
937,2021-07-26,0.02466,11.27773347740819
938,2021-07-27,0.01793,8.199909215325583
939,2021-07-28,0.03587,16.404391720787988
940,2021-07-29,0.02017,9.224326205974176
941,2021-07-30,0.02914,13.326567458705378
942,2021-07-31,0.04035,18.453225702085174
943,2021-08-01,0.0695,31.784366450927383
944,2021-08-02,0.10762,49.217748452500786
945,2021-08-03,0.09417,43.066673218472395
946,2021-08-04,0.05829,26.657708207547582
947,2021-08-05,0.04708,21.531049964167785
948,2021-08-06,0.06278,28.711115478981597
949,2021-08-07,0.06053,27.68212519819618
950,2021-08-08,0.04484,20.50663297351919
951,2021-08-09,0.05381,24.608874226250393
952,2021-08-10,0.01121,5.126658243379797
953,2021-08-11,0.05157,23.584457235601796
954,2021-08-12,0.0269,12.302150468056785
955,2021-08-13,0.0269,12.302150468056785
956,2021-08-14,0.03139,14.355557739490798
957,2021-08-15,0.03363,15.379974730139393
958,2021-08-16,0.04035,18.453225702085174
959,2021-08-17,0.01793,8.199909215325583
960,2021-08-18,0.03587,16.404391720787988
961,2021-08-19,0.05605,25.63329121689899
962,2021-08-20,0.04932,22.55546695481638
963,2021-08-21,0.0426,19.482215982870596
964,2021-08-22,0.08071,36.91102469430718
965,2021-08-23,0.07623,34.862190713009994
966,2021-08-24,0.09865,45.11550719976958
967,2021-08-25,0.07399,33.83777372236139
968,2021-08-26,0.05829,26.657708207547582
969,2021-08-27,0.07399,33.83777372236139
970,2021-08-28,0.0695,31.784366450927383
971,2021-08-29,0.06053,27.68212519819618
972,2021-08-30,0.09193,42.0422562278238
973,2021-08-31,0.07847,35.88660770365858
974,2021-09-01,0.05829,26.657708207547582
975,2021-09-02,0.0695,31.784366450927383
976,2021-09-03,0.0426,19.482215982870596
977,2021-09-04,0.0695,31.784366450927383
978,2021-09-05,0.0852,38.96443196574119
979,2021-09-06,0.07175,32.813356731712794
980,2021-09-07,0.10762,49.217748452500786
981,2021-09-08,0.08296,37.9400149750926
982,2021-09-09,0.07175,32.813356731712794
983,2021-09-10,0.06278,28.711115478981597
984,2021-09-11,0.05157,23.584457235601796
985,2021-09-12,0.10538,48.19333146185219
986,2021-09-13,0.04932,22.55546695481638
987,2021-09-14,0.0852,38.96443196574119
988,2021-09-15,0.08968,41.01326594703838
989,2021-09-16,0.04708,21.531049964167785
990,2021-09-17,0.06726,30.759949460278786
991,2021-09-18,0.04484,20.50663297351919
992,2021-09-19,0.05605,25.63329121689899
993,2021-09-20,0.04484,20.50663297351919
994,2021-09-21,0.08968,41.01326594703838
995,2021-09-22,0.06278,28.711115478981597
996,2021-09-23,0.0695,31.784366450927383
997,2021-09-24,0.08968,41.01326594703838
998,2021-09-25,0.09193,42.0422562278238
999,2021-09-26,0.09193,42.0422562278238
1000,2021-09-27,0.10089,46.13992419041818
1001,2021-09-28,0.05157,23.584457235601796
1002,2021-09-29,0.0695,31.784366450927383
1003,2021-09-30,0.06726,30.759949460278786
1004,2021-10-01,0.04035,18.453225702085174
1005,2021-10-02,0.04932,22.55546695481638
1006,2021-10-03,0.03587,16.404391720787988
1007,2021-10-04,0.04932,22.55546695481638
1008,2021-10-05,0.04708,21.531049964167785
1009,2021-10-06,0.04708,21.531049964167785
1010,2021-10-07,0.06502,29.735532469630186
1011,2021-10-08,0.05605,25.63329121689899
1012,2021-10-09,0.04484,20.50663297351919
1013,2021-10-10,0.08968,41.01326594703838
1014,2021-10-11,0.0695,31.784366450927383
1015,2021-10-12,0.07623,34.862190713009994
1016,2021-10-13,0.05605,25.63329121689899
1017,2021-10-14,0.0695,31.784366450927383
1018,2021-10-15,0.05829,26.657708207547582
1019,2021-10-16,0.05605,25.63329121689899
1020,2021-10-17,0.07847,35.88660770365858
1021,2021-10-18,0.10762,49.217748452500786
1022,2021-10-19,0.0852,38.96443196574119
1023,2021-10-20,0.09417,43.066673218472395
1024,2021-10-21,0.09641,44.091090209120985
1025,2021-10-22,0.10986,50.24216544314938
1026,2021-10-23,0.11883,54.344406695880586
1027,2021-10-24,0.10986,50.24216544314938
1028,2021-10-25,0.12107,55.368823686529176
1029,2021-10-26,0.09193,42.0422562278238
1030,2021-10-27,0.0852,38.96443196574119
1031,2021-10-28,0.09641,44.091090209120985
1032,2021-10-29,0.07175,32.813356731712794
1033,2021-10-30,0.06053,27.68212519819618
1034,2021-10-31,0.10986,50.24216544314938
1035,2021-11-01,0.11435,52.29557271458339
1036,2021-11-02,0.07847,35.88660770365858
1037,2021-11-03,0.07175,32.813356731712794
1038,2021-11-04,0.09417,43.066673218472395
1039,2021-11-05,0.07623,34.862190713009994
1040,2021-11-06,0.07175,32.813356731712794
1041,2021-11-07,0.05829,26.657708207547582
1042,2021-11-08,0.07175,32.813356731712794
1043,2021-11-09,0.14125,64.59772318264017
1044,2021-11-10,0.09865,45.11550719976958
1045,2021-11-11,0.13677,62.54888920134299
1046,2021-11-12,0.13004,59.47106493926037
1047,2021-11-13,0.12107,55.368823686529176
1048,2021-11-14,0.13004,59.47106493926037
1049,2021-11-15,0.15919,72.80220568810259
1050,2021-11-16,0.13453,61.5244722106944
1051,2021-11-17,0.11435,52.29557271458339
1052,2021-11-18,0.11883,54.344406695880586
1053,2021-11-19,0.0695,31.784366450927383
1054,2021-11-20,0.06278,28.711115478981597
1055,2021-11-21,0.09417,43.066673218472395
1056,2021-11-22,0.10089,46.13992419041818
1057,2021-11-23,0.09417,43.066673218472395
1058,2021-11-24,0.07847,35.88660770365858
1059,2021-11-25,0.12332,56.3978139673146
1060,2021-11-26,0.12107,55.368823686529176
1061,2021-11-27,0.08744,39.98884895638979
1062,2021-11-28,0.10762,49.217748452500786
1063,2021-11-29,0.08296,37.9400149750926
1064,2021-11-30,0.10986,50.24216544314938
1065,2021-12-01,0.13901,63.573306191991584
1066,2021-12-02,0.08744,39.98884895638979
1067,2021-12-03,0.07623,34.862190713009994
1068,2021-12-04,0.08296,37.9400149750926
1069,2021-12-05,0.0852,38.96443196574119
1070,2021-12-06,0.05605,25.63329121689899
1071,2021-12-07,0.08744,39.98884895638979
1072,2021-12-08,0.08968,41.01326594703838
1073,2021-12-09,0.10538,48.19333146185219
1074,2021-12-10,0.08744,39.98884895638979
1075,2021-12-11,0.06278,28.711115478981597
1076,2021-12-12,0.07623,34.862190713009994
1077,2021-12-13,0.07847,35.88660770365858
1078,2021-12-14,0.0695,31.784366450927383
1079,2021-12-15,0.06726,30.759949460278786
1080,2021-12-16,0.03139,14.355557739490798
1081,2021-12-17,0.04035,18.453225702085174
1082,2021-12-18,0.03811,17.42880871143658
1083,2021-12-19,0.06053,27.68212519819618
1084,2021-12-20,0.11211,51.2711557239348
1085,2021-12-21,0.0695,31.784366450927383
1086,2021-12-22,0.04484,20.50663297351919
1087,2021-12-23,0.05381,24.608874226250393
1088,2021-12-24,0.03139,14.355557739490798
1089,2021-12-25,0.03811,17.42880871143658
1090,2021-12-26,0.07623,34.862190713009994
1091,2021-12-27,0.04932,22.55546695481638
1092,2021-12-28,0.05157,23.584457235601796
1093,2021-12-29,0.04932,22.55546695481638
1094,2021-12-30,0.07399,33.83777372236139
1095,2021-12-31,0.01569,7.1754922246769866
1096,2022-01-01,0.0426,19.482215982870596
1097,2022-01-02,0.03363,15.379974730139393
1098,2022-01-03,0.04708,21.531049964167785
1099,2022-01-04,0.0426,19.482215982870596
1100,2022-01-05,0.04035,18.453225702085174
1101,2022-01-06,0.04708,21.531049964167785
1102,2022-01-07,0.0426,19.482215982870596
1103,2022-01-08,0.05157,23.584457235601796
1104,2022-01-09,0.05605,25.63329121689899
1105,2022-01-10,0.05605,25.63329121689899
1106,2022-01-11,0.05157,23.584457235601796
1107,2022-01-12,0.05381,24.608874226250393
1108,2022-01-13,0.05157,23.584457235601796
1109,2022-01-14,0.0426,19.482215982870596
1110,2022-01-15,0.03139,14.355557739490798
1111,2022-01-16,0.05157,23.584457235601796
1112,2022-01-17,0.04932,22.55546695481638
1113,2022-01-18,0.03363,15.379974730139393
1114,2022-01-19,0.04035,18.453225702085174
1115,2022-01-20,0.02914,13.326567458705378
1116,2022-01-21,0.04035,18.453225702085174
1117,2022-01-22,0.05157,23.584457235601796
1118,2022-01-23,0.04035,18.453225702085174
1119,2022-01-24,0.04484,20.50663297351919
1120,2022-01-25,0.02914,13.326567458705378
1121,2022-01-26,0.01345,6.151075234028393
1122,2022-01-27,0.03139,14.355557739490798
1123,2022-01-28,0.06278,28.711115478981597
1124,2022-01-29,0.03811,17.42880871143658
1125,2022-01-30,0.05157,23.584457235601796
1126,2022-01-31,0.02017,9.224326205974176
1127,2022-02-01,0.03139,14.355557739490798
1128,2022-02-02,0.04932,22.55546695481638
1129,2022-02-03,0.05381,24.608874226250393
1130,2022-02-04,0.03587,16.404391720787988
1131,2022-02-05,0.05157,23.584457235601796
1132,2022-02-06,0.06726,30.759949460278786
1133,2022-02-07,0.03587,16.404391720787988
1134,2022-02-08,0.04708,21.531049964167785
1135,2022-02-09,0.0426,19.482215982870596
1136,2022-02-10,0.06278,28.711115478981597
1137,2022-02-11,0.07399,33.83777372236139
1138,2022-02-12,0.06278,28.711115478981597
1139,2022-02-13,0.05829,26.657708207547582
1140,2022-02-14,0.05829,26.657708207547582
1141,2022-02-15,0.08744,39.98884895638979
1142,2022-02-16,0.05381,24.608874226250393
1143,2022-02-17,0.07399,33.83777372236139
1144,2022-02-18,0.11659,53.31998970523199
1145,2022-02-19,0.08296,37.9400149750926
1146,2022-02-20,0.05829,26.657708207547582
1147,2022-02-21,0.08071,36.91102469430718
1148,2022-02-22,0.06053,27.68212519819618
1149,2022-02-23,0.04708,21.531049964167785
1150,2022-02-24,0.04932,22.55546695481638
1151,2022-02-25,0.06053,27.68212519819618
1152,2022-02-26,0.03811,17.42880871143658
1153,2022-02-27,0.04932,22.55546695481638
1154,2022-02-28,0.06726,30.759949460278786
1155,2022-03-01,0.06053,27.68212519819618
1156,2022-03-02,0.05157,23.584457235601796
1157,2022-03-03,0.20404,93.3134119517586
1158,2022-03-04,0.15919,72.80220568810259
1159,2022-03-05,0.09641,44.091090209120985
1160,2022-03-06,0.12556,57.422230957963194
1161,2022-03-07,0.06726,30.759949460278786
1162,2022-03-08,0.06278,28.711115478981597
1163,2022-03-09,0.05605,25.63329121689899
1164,2022-03-10,0.08071,36.91102469430718
1165,2022-03-11,0.08744,39.98884895638979
1166,2022-03-12,0.07399,33.83777372236139
1167,2022-03-13,0.08296,37.9400149750926
1168,2022-03-14,0.0426,19.482215982870596
1169,2022-03-15,0.06053,27.68212519819618
1170,2022-03-16,0.04932,22.55546695481638
1171,2022-03-17,0.02017,9.224326205974176
1172,2022-03-18,0.0426,19.482215982870596
1173,2022-03-19,0.04708,21.531049964167785
1174,2022-03-20,0.04035,18.453225702085174
1175,2022-03-21,0.0426,19.482215982870596
1176,2022-03-22,0.03811,17.42880871143658
1177,2022-03-23,0.04035,18.453225702085174
1178,2022-03-24,0.06726,30.759949460278786
1179,2022-03-25,0.04708,21.531049964167785
1180,2022-03-26,0.04708,21.531049964167785
1181,2022-03-27,0.02466,11.27773347740819
1182,2022-03-28,0.06726,30.759949460278786
1183,2022-03-29,0.01569,7.1754922246769866
1184,2022-03-30,0.05829,26.657708207547582
1185,2022-03-31,0.0269,12.302150468056785
1186,2022-04-01,0.04484,20.50663297351919
1187,2022-04-02,0.03139,14.355557739490798
1188,2022-04-03,0.01569,7.1754922246769866
1189,2022-04-04,0.03587,16.404391720787988
1190,2022-04-05,0.01345,6.151075234028393
1191,2022-04-06,0.01345,6.151075234028393
1192,2022-04-07,0.0,0.0
1193,2022-04-08,0.0269,12.302150468056785
1194,2022-04-09,0.01793,8.199909215325583
1195,2022-04-10,0.0269,12.302150468056785
1196,2022-04-11,0.05157,23.584457235601796
1197,2022-04-12,0.03139,14.355557739490798
1198,2022-04-13,0.01793,8.199909215325583
1199,2022-04-14,0.01345,6.151075234028393
1200,2022-04-15,0.0,0.0
1201,2022-04-16,0.02017,9.224326205974176
1202,2022-04-17,0.0269,12.302150468056785
1203,2022-04-18,0.02242,10.253316486759594
1204,2022-04-19,0.01121,5.126658243379797
1205,2022-04-20,0.0269,12.302150468056785
1206,2022-04-21,0.03139,14.355557739490798
1207,2022-04-22,0.02466,11.27773347740819
1208,2022-04-23,0.02242,10.253316486759594
1209,2022-04-24,0.02914,13.326567458705378
1210,2022-04-25,0.04932,22.55546695481638
1211,2022-04-26,0.02466,11.27773347740819
1212,2022-04-27,0.02017,9.224326205974176
1213,2022-04-28,0.02242,10.253316486759594
1214,2022-04-29,0.0,0.0
1215,2022-04-30,0.05605,25.63329121689899
1216,2022-05-01,0.04708,21.531049964167785
1217,2022-05-02,0.05829,26.657708207547582
1218,2022-05-03,0.04484,20.50663297351919
1219,2022-05-04,0.0269,12.302150468056785
1220,2022-05-05,0.03811,17.42880871143658
1221,2022-05-06,0.02242,10.253316486759594
1222,2022-05-07,0.05605,25.63329121689899
1223,2022-05-08,0.04708,21.531049964167785
1224,2022-05-09,0.0426,19.482215982870596
1225,2022-05-10,0.02466,11.27773347740819
1226,2022-05-11,0.02466,11.27773347740819
1227,2022-05-12,0.03811,17.42880871143658
1228,2022-05-13,0.02466,11.27773347740819
1229,2022-05-14,0.03587,16.404391720787988
1230,2022-05-15,0.03139,14.355557739490798
1231,2022-05-16,0.0269,12.302150468056785
1232,2022-05-17,0.04708,21.531049964167785
1233,2022-05-18,0.0426,19.482215982870596
1234,2022-05-19,0.02466,11.27773347740819
1235,2022-05-20,0.02914,13.326567458705378
1236,2022-05-21,0.02466,11.27773347740819
1237,2022-05-22,0.02914,13.326567458705378
1238,2022-05-23,0.01569,7.1754922246769866
1239,2022-05-24,0.02466,11.27773347740819
1240,2022-05-25,0.01569,7.1754922246769866
1241,2022-05-26,0.01121,5.126658243379797
1242,2022-05-27,0.02914,13.326567458705378
1243,2022-05-28,0.01345,6.151075234028393
1244,2022-05-29,0.01345,6.151075234028393
1245,2022-05-30,0.03363,15.379974730139393
1246,2022-05-31,0.01345,6.151075234028393
1247,2022-06-01,0.01345,6.151075234028393
1248,2022-06-02,0.02466,11.27773347740819
1249,2022-06-03,0.02914,13.326567458705378
1250,2022-06-04,0.05157,23.584457235601796
1251,2022-06-05,0.01345,6.151075234028393
1252,2022-06-06,0.0426,19.482215982870596
1253,2022-06-07,0.03139,14.355557739490798
1254,2022-06-08,0.02242,10.253316486759594
1255,2022-06-09,0.04035,18.453225702085174
1256,2022-06-10,0.0,0.0
1257,2022-06-11,0.04484,20.50663297351919
1258,2022-06-12,0.01345,6.151075234028393
1259,2022-06-13,0.01569,7.1754922246769866
1260,2022-06-14,0.01121,5.126658243379797
1261,2022-06-15,0.04484,20.50663297351919
1262,2022-06-16,0.02242,10.253316486759594
1263,2022-06-17,0.01569,7.1754922246769866
1264,2022-06-18,0.03363,15.379974730139393
1265,2022-06-19,0.02466,11.27773347740819
1266,2022-06-20,0.04708,21.531049964167785
1267,2022-06-21,0.04708,21.531049964167785
1268,2022-06-22,0.05381,24.608874226250393
1269,2022-06-23,0.01121,5.126658243379797
1270,2022-06-24,0.01569,7.1754922246769866
1271,2022-06-25,0.01121,5.126658243379797
1272,2022-06-26,0.02914,13.326567458705378
1273,2022-06-27,0.02466,11.27773347740819
1274,2022-06-28,0.01569,7.1754922246769866
1275,2022-06-29,0.0269,12.302150468056785
1276,2022-06-30,0.02466,11.27773347740819
1277,2022-07-01,0.01345,6.151075234028393
1278,2022-07-02,0.03139,14.355557739490798
1279,2022-07-03,0.0426,19.482215982870596
1280,2022-07-04,0.02466,11.27773347740819
1281,2022-07-05,0.0426,19.482215982870596
1282,2022-07-06,0.01121,5.126658243379797
1283,2022-07-07,0.0,0.0
1284,2022-07-08,0.03587,16.404391720787988
1285,2022-07-09,0.02017,9.224326205974176
1286,2022-07-10,0.04035,18.453225702085174
1287,2022-07-11,0.02242,10.253316486759594
1288,2022-07-12,0.0,0.0
1289,2022-07-13,0.02242,10.253316486759594
1290,2022-07-14,0.01569,7.1754922246769866
1291,2022-07-15,0.01793,8.199909215325583
1292,2022-07-16,0.03587,16.404391720787988
1293,2022-07-17,0.02017,9.224326205974176
1294,2022-07-18,0.01793,8.199909215325583
1295,2022-07-19,0.01121,5.126658243379797
1296,2022-07-20,0.01121,5.126658243379797
1297,2022-07-21,0.02017,9.224326205974176
1298,2022-07-22,0.01793,8.199909215325583
1299,2022-07-23,0.01793,8.199909215325583
1300,2022-07-24,0.0,0.0
1301,2022-07-25,0.0269,12.302150468056785
1302,2022-07-26,0.03811,17.42880871143658
1303,2022-07-27,0.03139,14.355557739490798
1304,2022-07-28,0.05829,26.657708207547582
1305,2022-07-29,0.04708,21.531049964167785
1306,2022-07-30,0.0,0.0
1307,2022-07-31,0.07847,35.88660770365858
1308,2022-08-01,0.05381,24.608874226250393
1309,2022-08-02,0.07399,33.83777372236139
1310,2022-08-03,0.02017,9.224326205974176
1311,2022-08-04,0.03139,14.355557739490798
1312,2022-08-05,0.05605,25.63329121689899
1313,2022-08-06,0.04484,20.50663297351919
1314,2022-08-07,0.01345,6.151075234028393
1315,2022-08-08,0.03587,16.404391720787988
1316,2022-08-09,0.04035,18.453225702085174
1317,2022-08-10,0.01121,5.126658243379797
1318,2022-08-11,0.05157,23.584457235601796
1319,2022-08-12,0.02017,9.224326205974176
1320,2022-08-13,0.01793,8.199909215325583
1321,2022-08-14,0.03587,16.404391720787988
1322,2022-08-15,0.0269,12.302150468056785
1323,2022-08-16,0.04035,18.453225702085174
1324,2022-08-17,0.03139,14.355557739490798
1325,2022-08-18,0.04035,18.453225702085174
1326,2022-08-19,0.03811,17.42880871143658
1327,2022-08-20,0.04708,21.531049964167785
1328,2022-08-21,0.0852,38.96443196574119
1329,2022-08-22,0.05829,26.657708207547582
1330,2022-08-23,0.05157,23.584457235601796
1331,2022-08-24,0.03363,15.379974730139393
1332,2022-08-25,0.06502,29.735532469630186
1333,2022-08-26,0.10986,50.24216544314938
1334,2022-08-27,0.07847,35.88660770365858
1335,2022-08-28,0.05829,26.657708207547582
1336,2022-08-29,0.07399,33.83777372236139
1337,2022-08-30,0.05157,23.584457235601796
1338,2022-08-31,0.06053,27.68212519819618
1339,2022-09-01,0.0426,19.482215982870596
1340,2022-09-02,0.0695,31.784366450927383
1341,2022-09-03,0.04484,20.50663297351919
1342,2022-09-04,0.06726,30.759949460278786
1343,2022-09-05,0.05829,26.657708207547582
1344,2022-09-06,0.03587,16.404391720787988
1345,2022-09-07,0.07175,32.813356731712794
1346,2022-09-08,0.05157,23.584457235601796
1347,2022-09-09,0.06053,27.68212519819618
1348,2022-09-10,0.07175,32.813356731712794
1349,2022-09-11,0.03587,16.404391720787988
1350,2022-09-12,0.06278,28.711115478981597
1351,2022-09-13,0.04708,21.531049964167785
1352,2022-09-14,0.04035,18.453225702085174
1353,2022-09-15,0.04708,21.531049964167785
1354,2022-09-16,0.04708,21.531049964167785
1355,2022-09-17,0.0426,19.482215982870596
1356,2022-09-18,0.05605,25.63329121689899
1357,2022-09-19,0.05829,26.657708207547582
1358,2022-09-20,0.07623,34.862190713009994
1359,2022-09-21,0.05829,26.657708207547582
1360,2022-09-22,0.07399,33.83777372236139
1361,2022-09-23,0.06053,27.68212519819618
1362,2022-09-24,0.06278,28.711115478981597
1363,2022-09-25,0.05381,24.608874226250393
1364,2022-09-26,0.08968,41.01326594703838
1365,2022-09-27,0.06502,29.735532469630186
1366,2022-09-28,0.04708,21.531049964167785
1367,2022-09-29,0.04708,21.531049964167785
1368,2022-09-30,0.0426,19.482215982870596
1369,2022-10-01,0.04708,21.531049964167785
1370,2022-10-02,0.05829,26.657708207547582
1371,2022-10-03,0.05829,26.657708207547582
1372,2022-10-04,0.06726,30.759949460278786
1373,2022-10-05,0.06053,27.68212519819618
1374,2022-10-06,0.06053,27.68212519819618
1375,2022-10-07,0.07847,35.88660770365858
1376,2022-10-08,0.12556,57.422230957963194
1377,2022-10-09,0.09865,45.11550719976958
1378,2022-10-10,0.08968,41.01326594703838
1379,2022-10-11,0.07623,34.862190713009994
1380,2022-10-12,0.05829,26.657708207547582
1381,2022-10-13,0.10538,48.19333146185219
1382,2022-10-14,0.08071,36.91102469430718
1383,2022-10-15,0.07399,33.83777372236139
1384,2022-10-16,0.06726,30.759949460278786
1385,2022-10-17,0.08071,36.91102469430718
1386,2022-10-18,0.0852,38.96443196574119
1387,2022-10-19,0.07847,35.88660770365858
1388,2022-10-20,0.04035,18.453225702085174
1389,2022-10-21,0.06502,29.735532469630186
1390,2022-10-22,0.07623,34.862190713009994
1391,2022-10-23,0.10314,47.16891447120359
1392,2022-10-24,0.06502,29.735532469630186
1393,2022-10-25,0.07847,35.88660770365858
1394,2022-10-26,0.09417,43.066673218472395
1395,2022-10-27,0.06502,29.735532469630186
1396,2022-10-28,0.05829,26.657708207547582
1397,2022-10-29,0.05157,23.584457235601796
1398,2022-10-30,0.04932,22.55546695481638
1399,2022-10-31,0.04484,20.50663297351919
1400,2022-11-01,0.04932,22.55546695481638
1401,2022-11-02,0.04932,22.55546695481638
1402,2022-11-03,0.04035,18.453225702085174
1403,2022-11-04,0.06053,27.68212519819618
1404,2022-11-05,0.09865,45.11550719976958
1405,2022-11-06,0.0852,38.96443196574119
1406,2022-11-07,0.06726,30.759949460278786
1407,2022-11-08,0.09641,44.091090209120985
1408,2022-11-09,0.10314,47.16891447120359
1409,2022-11-10,0.10986,50.24216544314938
1410,2022-11-11,0.07175,32.813356731712794
1411,2022-11-12,0.06053,27.68212519819618
1412,2022-11-13,0.36547,167.14003463050977
1413,2022-11-14,0.32063,146.6334016569906
1414,2022-11-15,0.24888,113.82004492527778
1415,2022-11-16,0.19507,89.21117069902739
1416,2022-11-17,0.13004,59.47106493926037
1417,2022-11-18,0.10986,50.24216544314938
1418,2022-11-19,0.07175,32.813356731712794
1419,2022-11-20,0.11211,51.2711557239348
1420,2022-11-21,0.11883,54.344406695880586
1421,2022-11-22,0.08744,39.98884895638979
1422,2022-11-23,0.09193,42.0422562278238
1423,2022-11-24,0.05605,25.63329121689899
1424,2022-11-25,0.08071,36.91102469430718
1425,2022-11-26,0.0852,38.96443196574119
1426,2022-11-27,0.07847,35.88660770365858
1427,2022-11-28,0.04484,20.50663297351919
1428,2022-11-29,0.0695,31.784366450927383
1429,2022-11-30,0.07175,32.813356731712794
1430,2022-12-01,0.08071,36.91102469430718
1431,2022-12-02,0.0695,31.784366450927383
1432,2022-12-03,0.0695,31.784366450927383
1433,2022-12-04,0.16816,76.9044469408338
1434,2022-12-05,0.12556,57.422230957963194
1435,2022-12-06,0.07175,32.813356731712794
1436,2022-12-07,0.06502,29.735532469630186
1437,2022-12-08,0.0695,31.784366450927383
1438,2022-12-09,0.03587,16.404391720787988
1439,2022-12-10,0.04035,18.453225702085174
1440,2022-12-11,0.07175,32.813356731712794
1441,2022-12-12,0.05605,25.63329121689899
1442,2022-12-13,0.07399,33.83777372236139
1443,2022-12-14,0.07175,32.813356731712794
1444,2022-12-15,0.06502,29.735532469630186
1445,2022-12-16,0.1704,77.92886393148238
1446,2022-12-17,0.08968,41.01326594703838
1447,2022-12-18,0.0695,31.784366450927383
1448,2022-12-19,0.05157,23.584457235601796
1449,2022-12-20,0.06278,28.711115478981597
1450,2022-12-21,0.08071,36.91102469430718
1451,2022-12-22,0.06278,28.711115478981597
1452,2022-12-23,0.03811,17.42880871143658
1453,2022-12-24,0.05157,23.584457235601796
1454,2022-12-25,0.06278,28.711115478981597
1455,2022-12-26,0.04484,20.50663297351919
1456,2022-12-27,0.05157,23.584457235601796
1457,2022-12-28,0.05605,25.63329121689899
1458,2022-12-29,0.05605,25.63329121689899
1459,2022-12-30,0.03811,17.42880871143658
1460,2022-12-31,0.05157,23.584457235601796
1461,2023-01-01,0.03811,17.42880871143658
1462,2023-01-02,0.02242,10.253316486759594
1463,2023-01-03,0.05605,25.63329121689899
1464,2023-01-04,0.04932,22.55546695481638
1465,2023-01-05,0.01345,6.151075234028393
1466,2023-01-06,0.05605,25.63329121689899
1467,2023-01-07,0.04708,21.531049964167785
1468,2023-01-08,0.03139,14.355557739490798
1469,2023-01-09,0.05829,26.657708207547582
1470,2023-01-10,0.03587,16.404391720787988
1471,2023-01-11,0.05829,26.657708207547582
1472,2023-01-12,0.03587,16.404391720787988
1473,2023-01-13,0.04484,20.50663297351919
1474,2023-01-14,0.03587,16.404391720787988
1475,2023-01-15,0.05605,25.63329121689899
1476,2023-01-16,0.05157,23.584457235601796
1477,2023-01-17,0.03587,16.404391720787988
1478,2023-01-18,0.03363,15.379974730139393
1479,2023-01-19,0.04035,18.453225702085174
1480,2023-01-20,0.02914,13.326567458705378
1481,2023-01-21,0.04932,22.55546695481638
1482,2023-01-22,0.0,0.0
1483,2023-01-23,0.0269,12.302150468056785
1484,2023-01-24,0.06278,28.711115478981597
1485,2023-01-25,0.0269,12.302150468056785
1486,2023-01-26,0.04932,22.55546695481638
1487,2023-01-27,0.0,0.0
1488,2023-01-28,0.05381,24.608874226250393
1489,2023-01-29,0.04932,22.55546695481638
1490,2023-01-30,0.02466,11.27773347740819
1491,2023-01-31,0.04932,22.55546695481638
1492,2023-02-01,0.03139,14.355557739490798
1493,2023-02-02,0.04932,22.55546695481638
1494,2023-02-03,0.04708,21.531049964167785
1495,2023-02-04,0.0269,12.302150468056785
1496,2023-02-05,0.06502,29.735532469630186
1497,2023-02-06,0.01793,8.199909215325583
1498,2023-02-07,0.02466,11.27773347740819
1499,2023-02-08,0.04932,22.55546695481638
1500,2023-02-09,0.06053,27.68212519819618
1501,2023-02-10,0.03363,15.379974730139393
1502,2023-02-11,0.06053,27.68212519819618
1503,2023-02-12,0.03363,15.379974730139393
1504,2023-02-13,0.0695,31.784366450927383
1505,2023-02-14,0.02242,10.253316486759594
1506,2023-02-15,0.05381,24.608874226250393
1507,2023-02-16,0.05157,23.584457235601796
1508,2023-02-17,0.0426,19.482215982870596
1509,2023-02-18,0.05829,26.657708207547582
1510,2023-02-19,0.05381,24.608874226250393
1511,2023-02-20,0.05829,26.657708207547582
1512,2023-02-21,0.06053,27.68212519819618
1513,2023-02-22,0.0695,31.784366450927383
1514,2023-02-23,0.04035,18.453225702085174
1515,2023-02-24,0.04932,22.55546695481638
1516,2023-02-25,0.04708,21.531049964167785
1517,2023-02-26,0.05157,23.584457235601796
1518,2023-02-27,0.06726,30.759949460278786
1519,2023-02-28,0.06053,27.68212519819618
1520,2023-03-01,0.03811,17.42880871143658
1521,2023-03-02,0.03363,15.379974730139393
1522,2023-03-03,0.04932,22.55546695481638
1523,2023-03-04,0.05605,25.63329121689899
1524,2023-03-05,0.03363,15.379974730139393
1525,2023-03-06,0.07847,35.88660770365858
1526,2023-03-07,0.07623,34.862190713009994
1527,2023-03-08,0.0695,31.784366450927383
1528,2023-03-09,0.05829,26.657708207547582
1529,2023-03-10,0.03811,17.42880871143658
1530,2023-03-11,0.03139,14.355557739490798
1531,2023-03-12,0.0426,19.482215982870596
1532,2023-03-13,0.04484,20.50663297351919
1533,2023-03-14,0.04484,20.50663297351919
1534,2023-03-15,0.05829,26.657708207547582
1535,2023-03-16,0.05157,23.584457235601796
1536,2023-03-17,0.0426,19.482215982870596
1537,2023-03-18,0.03587,16.404391720787988
1538,2023-03-19,0.0426,19.482215982870596
1539,2023-03-20,0.03139,14.355557739490798
1540,2023-03-21,0.04035,18.453225702085174
1541,2023-03-22,0.05157,23.584457235601796
1542,2023-03-23,0.01121,5.126658243379797
1543,2023-03-24,0.03139,14.355557739490798
1544,2023-03-25,0.0269,12.302150468056785
1545,2023-03-26,0.04035,18.453225702085174
1546,2023-03-27,0.03587,16.404391720787988
1547,2023-03-28,0.03587,16.404391720787988
1548,2023-03-29,0.01793,8.199909215325583
1549,2023-03-30,0.01121,5.126658243379797
1550,2023-03-31,0.01345,6.151075234028393
1551,2023-04-01,0.0426,19.482215982870596
1552,2023-04-02,0.0426,19.482215982870596
1553,2023-04-03,0.05157,23.584457235601796
1554,2023-04-04,0.05381,24.608874226250393
1555,2023-04-05,0.08071,36.91102469430718
1556,2023-04-06,0.05381,24.608874226250393
1557,2023-04-07,0.03587,16.404391720787988
1558,2023-04-08,0.02242,10.253316486759594
1559,2023-04-09,0.02242,10.253316486759594
1560,2023-04-10,0.0269,12.302150468056785
1561,2023-04-11,0.0,0.0
1562,2023-04-12,0.03139,14.355557739490798
1563,2023-04-13,0.03139,14.355557739490798
1564,2023-04-14,0.01569,7.1754922246769866
1565,2023-04-15,0.04035,18.453225702085174
1566,2023-04-16,0.05381,24.608874226250393
1567,2023-04-17,0.04484,20.50663297351919
1568,2023-04-18,0.02466,11.27773347740819
1569,2023-04-19,0.02466,11.27773347740819
1570,2023-04-20,0.0,0.0
1571,2023-04-21,0.01345,6.151075234028393
1572,2023-04-22,0.0269,12.302150468056785
1573,2023-04-23,0.02914,13.326567458705378
1574,2023-04-24,0.01121,5.126658243379797
1575,2023-04-25,0.03363,15.379974730139393
1576,2023-04-26,0.01345,6.151075234028393
1577,2023-04-27,0.01121,5.126658243379797
1578,2023-04-28,0.01793,8.199909215325583
1579,2023-04-29,0.02242,10.253316486759594
1580,2023-04-30,0.02914,13.326567458705378
1581,2023-05-01,0.01345,6.151075234028393
1582,2023-05-02,0.0269,12.302150468056785
1583,2023-05-03,0.02017,9.224326205974176
1584,2023-05-04,0.03811,17.42880871143658
1585,2023-05-05,0.03139,14.355557739490798
1586,2023-05-06,0.01793,8.199909215325583
1587,2023-05-07,0.03811,17.42880871143658
1588,2023-05-08,0.01569,7.1754922246769866
1589,2023-05-09,0.01345,6.151075234028393
1590,2023-05-10,0.02017,9.224326205974176
1591,2023-05-11,0.0269,12.302150468056785
1592,2023-05-12,0.01569,7.1754922246769866
1593,2023-05-13,0.0269,12.302150468056785
1594,2023-05-14,0.03363,15.379974730139393
1595,2023-05-15,0.03811,17.42880871143658
1596,2023-05-16,0.01569,7.1754922246769866
1597,2023-05-17,0.03811,17.42880871143658
1598,2023-05-18,0.04035,18.453225702085174
1599,2023-05-19,0.04035,18.453225702085174
1600,2023-05-20,0.0426,19.482215982870596
1601,2023-05-21,0.0269,12.302150468056785
1602,2023-05-22,0.04708,21.531049964167785
1603,2023-05-23,0.02017,9.224326205974176
1604,2023-05-24,0.01121,5.126658243379797
1605,2023-05-25,0.02914,13.326567458705378
1606,2023-05-26,0.03811,17.42880871143658
1607,2023-05-27,0.01569,7.1754922246769866
1608,2023-05-28,0.03363,15.379974730139393
1609,2023-05-29,0.03363,15.379974730139393
1610,2023-05-30,0.03587,16.404391720787988
1611,2023-05-31,0.01793,8.199909215325583
1612,2023-06-01,0.01569,7.1754922246769866
1613,2023-06-02,0.0,0.0
1614,2023-06-03,0.02242,10.253316486759594
1615,2023-06-04,0.03139,14.355557739490798
1616,2023-06-05,0.0269,12.302150468056785
1617,2023-06-06,0.01793,8.199909215325583
1618,2023-06-07,0.01121,5.126658243379797
1619,2023-06-08,0.0269,12.302150468056785
1620,2023-06-09,0.0,0.0
1621,2023-06-10,0.01793,8.199909215325583
1622,2023-06-11,0.0,0.0
1623,2023-06-12,0.01793,8.199909215325583
1624,2023-06-13,0.01345,6.151075234028393
1625,2023-06-14,0.02914,13.326567458705378
1626,2023-06-15,0.01121,5.126658243379797
1627,2023-06-16,0.03587,16.404391720787988
1628,2023-06-17,0.01345,6.151075234028393
1629,2023-06-18,0.0,0.0
1630,2023-06-19,0.01793,8.199909215325583
1631,2023-06-20,0.03363,15.379974730139393
1632,2023-06-21,0.01569,7.1754922246769866
1633,2023-06-22,0.02017,9.224326205974176
1634,2023-06-23,0.01569,7.1754922246769866
1635,2023-06-24,0.02242,10.253316486759594
1636,2023-06-25,0.03587,16.404391720787988
1637,2023-06-26,0.02017,9.224326205974176
1638,2023-06-27,0.0,0.0
1639,2023-06-28,0.01569,7.1754922246769866
1640,2023-06-29,0.0,0.0
1641,2023-06-30,0.0,0.0
1642,2023-07-01,0.0,0.0
1643,2023-07-02,0.0,0.0
1644,2023-07-03,0.01121,5.126658243379797
1645,2023-07-04,0.01121,5.126658243379797
1646,2023-07-05,0.0,0.0
1647,2023-07-06,0.0,0.0
1648,2023-07-07,0.0,0.0
1649,2023-07-08,0.01345,6.151075234028393
1650,2023-07-09,0.01569,7.1754922246769866
1651,2023-07-10,0.01121,5.126658243379797
1652,2023-07-11,0.0,0.0
1653,2023-07-12,0.02466,11.27773347740819
1654,2023-07-13,0.01121,5.126658243379797
1655,2023-07-14,0.0,0.0
1656,2023-07-15,0.02242,10.253316486759594
1657,2023-07-16,0.0,0.0
1658,2023-07-17,0.03811,17.42880871143658
1659,2023-07-18,0.0,0.0
1660,2023-07-19,0.03363,15.379974730139393
1661,2023-07-20,0.0,0.0
1662,2023-07-21,0.01121,5.126658243379797
1663,2023-07-22,0.02242,10.253316486759594
1664,2023-07-23,0.01569,7.1754922246769866
1665,2023-07-24,0.03587,16.404391720787988
1666,2023-07-25,0.02914,13.326567458705378
1667,2023-07-26,0.01121,5.126658243379797
1668,2023-07-27,0.01569,7.1754922246769866
1669,2023-07-28,0.02017,9.224326205974176
1670,2023-07-29,0.01569,7.1754922246769866
1671,2023-07-30,0.0,0.0
1672,2023-07-31,0.01345,6.151075234028393
1673,2023-08-01,0.0,0.0
1674,2023-08-02,0.01569,7.1754922246769866
1675,2023-08-03,0.0,0.0
1676,2023-08-04,0.0,0.0
1677,2023-08-05,0.0,0.0
1678,2023-08-06,0.04484,20.50663297351919
1679,2023-08-07,0.0,0.0
1680,2023-08-08,0.01121,5.126658243379797
1681,2023-08-09,0.0269,12.302150468056785
1682,2023-08-10,0.03811,17.42880871143658
1683,2023-08-11,0.02914,13.326567458705378
1684,2023-08-12,0.01345,6.151075234028393
1685,2023-08-13,0.01121,5.126658243379797
1686,2023-08-14,0.01121,5.126658243379797
1687,2023-08-15,0.01345,6.151075234028393
1688,2023-08-16,0.0,0.0
1689,2023-08-17,0.03363,15.379974730139393
1690,2023-08-18,0.01345,6.151075234028393
1691,2023-08-19,0.01345,6.151075234028393
1692,2023-08-20,0.0,0.0
1693,2023-08-21,0.01121,5.126658243379797
1694,2023-08-22,0.0,0.0
1695,2023-08-23,0.02466,11.27773347740819
1696,2023-08-24,0.02466,11.27773347740819
1697,2023-08-25,0.01345,6.151075234028393
1698,2023-08-26,0.01569,7.1754922246769866
1699,2023-08-27,0.01793,8.199909215325583
1700,2023-08-28,0.01345,6.151075234028393
1701,2023-08-29,0.02914,13.326567458705378
1702,2023-08-30,0.03139,14.355557739490798
1703,2023-08-31,0.03587,16.404391720787988
1704,2023-09-01,0.01569,7.1754922246769866
1705,2023-09-02,0.02914,13.326567458705378
1706,2023-09-03,0.02914,13.326567458705378
1707,2023-09-04,0.02017,9.224326205974176
1708,2023-09-05,0.01345,6.151075234028393
1709,2023-09-06,0.0,0.0
1710,2023-09-07,0.02466,11.27773347740819
1711,2023-09-08,0.0426,19.482215982870596
1712,2023-09-09,0.04932,22.55546695481638
1713,2023-09-10,0.04035,18.453225702085174
1714,2023-09-11,0.03139,14.355557739490798
1715,2023-09-12,0.02914,13.326567458705378
1716,2023-09-13,0.02914,13.326567458705378
1717,2023-09-14,0.01569,7.1754922246769866
1718,2023-09-15,0.01569,7.1754922246769866
1719,2023-09-16,0.02466,11.27773347740819
1720,2023-09-17,0.01793,8.199909215325583
1721,2023-09-18,0.01121,5.126658243379797
1722,2023-09-19,0.02242,10.253316486759594
1723,2023-09-20,0.01345,6.151075234028393
1724,2023-09-21,0.05157,23.584457235601796
1725,2023-09-22,0.04035,18.453225702085174
1726,2023-09-23,0.02017,9.224326205974176
1727,2023-09-24,0.01793,8.199909215325583
1728,2023-09-25,0.02242,10.253316486759594
1729,2023-09-26,0.03811,17.42880871143658
1730,2023-09-27,0.01345,6.151075234028393
1731,2023-09-28,0.04035,18.453225702085174
1732,2023-09-29,0.04035,18.453225702085174
1733,2023-09-30,0.03139,14.355557739490798
1734,2023-10-01,0.04708,21.531049964167785
1735,2023-10-02,0.03363,15.379974730139393
1736,2023-10-03,0.04484,20.50663297351919
1737,2023-10-04,0.05605,25.63329121689899
1738,2023-10-05,0.06278,28.711115478981597
1739,2023-10-06,0.05381,24.608874226250393
1740,2023-10-07,0.04035,18.453225702085174
1741,2023-10-08,0.03363,15.379974730139393
1742,2023-10-09,0.05605,25.63329121689899
1743,2023-10-10,0.04484,20.50663297351919
1744,2023-10-11,0.04932,22.55546695481638
1745,2023-10-12,0.04708,21.531049964167785
1746,2023-10-13,0.0269,12.302150468056785
1747,2023-10-14,0.03587,16.404391720787988
1748,2023-10-15,0.02466,11.27773347740819
1749,2023-10-16,0.04708,21.531049964167785
1750,2023-10-17,0.05605,25.63329121689899
1751,2023-10-18,0.02914,13.326567458705378
1752,2023-10-19,0.0426,19.482215982870596
1753,2023-10-20,0.03139,14.355557739490798
1754,2023-10-21,0.03587,16.404391720787988
1755,2023-10-22,0.08296,37.9400149750926
1756,2023-10-23,0.04932,22.55546695481638
1757,2023-10-24,0.04932,22.55546695481638
1758,2023-10-25,0.0426,19.482215982870596
1759,2023-10-26,0.0269,12.302150468056785
1760,2023-10-27,0.02017,9.224326205974176
1761,2023-10-28,0.06278,28.711115478981597
1762,2023-10-29,0.06726,30.759949460278786
1763,2023-10-30,0.03587,16.404391720787988
1764,2023-10-31,0.0269,12.302150468056785
1765,2023-11-01,0.01793,8.199909215325583
1766,2023-11-02,0.02466,11.27773347740819
1767,2023-11-03,0.04035,18.453225702085174
1768,2023-11-04,0.04035,18.453225702085174
1769,2023-11-05,0.03363,15.379974730139393
1770,2023-11-06,0.02242,10.253316486759594
1771,2023-11-07,0.06502,29.735532469630186
1772,2023-11-08,0.04484,20.50663297351919
1773,2023-11-09,0.05605,25.63329121689899
1774,2023-11-10,0.05605,25.63329121689899
1775,2023-11-11,0.06053,27.68212519819618
1776,2023-11-12,0.05157,23.584457235601796
1777,2023-11-13,0.08744,39.98884895638979
1778,2023-11-14,0.08296,37.9400149750926
1779,2023-11-15,0.07399,33.83777372236139
1780,2023-11-16,0.06278,28.711115478981597
1781,2023-11-17,0.07623,34.862190713009994
1782,2023-11-18,0.07399,33.83777372236139
1783,2023-11-19,0.08296,37.9400149750926
1784,2023-11-20,0.10314,47.16891447120359
1785,2023-11-21,0.0695,31.784366450927383
1786,2023-11-22,0.11435,52.29557271458339
1787,2023-11-23,0.04708,21.531049964167785
1788,2023-11-24,0.04484,20.50663297351919
1789,2023-11-25,0.10762,49.217748452500786
1790,2023-11-26,0.08296,37.9400149750926
1791,2023-11-27,0.08071,36.91102469430718
1792,2023-11-28,0.08296,37.9400149750926
1793,2023-11-29,0.06053,27.68212519819618
1794,2023-11-30,0.0852,38.96443196574119
1795,2023-12-01,0.04035,18.453225702085174
1796,2023-12-02,0.05605,25.63329121689899
1797,2023-12-03,0.10538,48.19333146185219
1798,2023-12-04,0.05605,25.63329121689899
1799,2023-12-05,0.05605,25.63329121689899
1800,2023-12-06,0.03811,17.42880871143658
1801,2023-12-07,0.06278,28.711115478981597
1802,2023-12-08,0.04708,21.531049964167785
1803,2023-12-09,0.04035,18.453225702085174
1804,2023-12-10,0.05829,26.657708207547582
1805,2023-12-11,0.07399,33.83777372236139
1806,2023-12-12,0.06502,29.735532469630186
1807,2023-12-13,0.05829,26.657708207547582
1808,2023-12-14,0.0269,12.302150468056785
1809,2023-12-15,0.02466,11.27773347740819
1810,2023-12-16,0.06726,30.759949460278786
1811,2023-12-17,0.04484,20.50663297351919
1812,2023-12-18,0.0269,12.302150468056785
1813,2023-12-19,0.0426,19.482215982870596
1814,2023-12-20,0.04035,18.453225702085174
1815,2023-12-21,0.03139,14.355557739490798
1816,2023-12-22,0.02914,13.326567458705378
1817,2023-12-23,0.08071,36.91102469430718
1818,2023-12-24,0.03139,14.355557739490798
1819,2023-12-25,0.02466,11.27773347740819
1820,2023-12-26,0.06502,29.735532469630186
1821,2023-12-27,0.03811,17.42880871143658
1822,2023-12-28,0.02466,11.27773347740819
1823,2023-12-29,0.04932,22.55546695481638
1824,2023-12-30,0.04932,22.55546695481638
1825,2023-12-31,0.03139,14.355557739490798
1826,2024-01-01,0.02242,10.253316486759594
1827,2024-01-02,0.04035,18.453225702085174
1828,2024-01-03,0.04035,18.453225702085174
1829,2024-01-04,0.05829,26.657708207547582
1830,2024-01-05,0.07175,32.813356731712794
1831,2024-01-06,0.06053,27.68212519819618
1832,2024-01-07,0.02017,9.224326205974176
1833,2024-01-08,0.03811,17.42880871143658
1834,2024-01-09,0.04708,21.531049964167785
1835,2024-01-10,0.03811,17.42880871143658
1836,2024-01-11,0.02017,9.224326205974176
1837,2024-01-12,0.03363,15.379974730139393
1838,2024-01-13,0.02017,9.224326205974176
1839,2024-01-14,0.0426,19.482215982870596
1840,2024-01-15,0.03363,15.379974730139393
1841,2024-01-16,0.05157,23.584457235601796
1842,2024-01-17,0.0269,12.302150468056785
1843,2024-01-18,0.04708,21.531049964167785
1844,2024-01-19,0.04484,20.50663297351919
1845,2024-01-20,0.05829,26.657708207547582
1846,2024-01-21,0.02914,13.326567458705378
1847,2024-01-22,0.05157,23.584457235601796
1848,2024-01-23,0.05157,23.584457235601796
1849,2024-01-24,0.0269,12.302150468056785
1850,2024-01-25,0.03139,14.355557739490798
1851,2024-01-26,0.03811,17.42880871143658
1852,2024-01-27,0.02242,10.253316486759594
1853,2024-01-28,0.04932,22.55546695481638
1854,2024-01-29,0.03139,14.355557739490798
1855,2024-01-30,0.05381,24.608874226250393
1856,2024-01-31,0.0426,19.482215982870596
1857,2024-02-01,0.04484,20.50663297351919
1858,2024-02-02,0.0426,19.482215982870596
1859,2024-02-03,0.04035,18.453225702085174
1860,2024-02-04,0.03587,16.404391720787988
1861,2024-02-05,0.03587,16.404391720787988
1862,2024-02-06,0.04484,20.50663297351919
1863,2024-02-07,0.0,0.0
1864,2024-02-08,0.04035,18.453225702085174
1865,2024-02-09,0.03811,17.42880871143658
1866,2024-02-10,0.02466,11.27773347740819
1867,2024-02-11,0.04932,22.55546695481638
1868,2024-02-12,0.04035,18.453225702085174
1869,2024-02-13,0.05829,26.657708207547582
1870,2024-02-14,0.03363,15.379974730139393
1871,2024-02-15,0.0426,19.482215982870596
1872,2024-02-16,0.04708,21.531049964167785
1873,2024-02-17,0.03587,16.404391720787988
1874,2024-02-18,0.03811,17.42880871143658
1875,2024-02-19,0.04035,18.453225702085174
1876,2024-02-20,0.05157,23.584457235601796
1877,2024-02-21,0.03587,16.404391720787988
1878,2024-02-22,0.06726,30.759949460278786
1879,2024-02-23,0.03587,16.404391720787988
1880,2024-02-24,0.03139,14.355557739490798
1881,2024-02-25,0.05829,26.657708207547582
1882,2024-02-26,0.03139,14.355557739490798
1883,2024-02-27,0.01793,8.199909215325583
1884,2024-02-28,0.03587,16.404391720787988
1885,2024-02-29,0.04484,20.50663297351919
1886,2024-03-01,0.03587,16.404391720787988
1887,2024-03-02,0.05381,24.608874226250393
1888,2024-03-03,0.03587,16.404391720787988
1889,2024-03-04,0.01345,6.151075234028393
1890,2024-03-05,0.01793,8.199909215325583
1891,2024-03-06,0.04708,21.531049964167785
1892,2024-03-07,0.02242,10.253316486759594
1893,2024-03-08,0.06053,27.68212519819618
1894,2024-03-09,0.04484,20.50663297351919
1895,2024-03-10,0.07399,33.83777372236139
1896,2024-03-11,0.04484,20.50663297351919
1897,2024-03-12,0.07399,33.83777372236139
1898,2024-03-13,0.05157,23.584457235601796
1899,2024-03-14,0.03139,14.355557739490798
1900,2024-03-15,0.01793,8.199909215325583
1901,2024-03-16,0.03139,14.355557739490798
1902,2024-03-17,0.03363,15.379974730139393
1903,2024-03-18,0.05605,25.63329121689899
1904,2024-03-19,0.06278,28.711115478981597
1905,2024-03-20,0.04484,20.50663297351919
1906,2024-03-21,0.03363,15.379974730139393
1907,2024-03-22,0.05157,23.584457235601796
1908,2024-03-23,0.02242,10.253316486759594
1909,2024-03-24,0.05829,26.657708207547582
1910,2024-03-25,0.04035,18.453225702085174
1911,2024-03-26,0.05829,26.657708207547582
1912,2024-03-27,0.03811,17.42880871143658
1913,2024-03-28,0.01345,6.151075234028393
1914,2024-03-29,0.03587,16.404391720787988
1915,2024-03-30,0.04035,18.453225702085174
1916,2024-03-31,0.03139,14.355557739490798
1917,2024-04-01,0.05605,25.63329121689899
1918,2024-04-02,0.05605,25.63329121689899
1919,2024-04-03,0.05157,23.584457235601796
1920,2024-04-04,0.0695,31.784366450927383
1921,2024-04-05,0.01121,5.126658243379797
1922,2024-04-06,0.01793,8.199909215325583
1923,2024-04-07,0.05605,25.63329121689899
1924,2024-04-08,0.03139,14.355557739490798
1925,2024-04-09,0.03587,16.404391720787988
1926,2024-04-10,0.02017,9.224326205974176
1927,2024-04-11,0.06053,27.68212519819618
1928,2024-04-12,0.04035,18.453225702085174
1929,2024-04-13,0.03811,17.42880871143658
1930,2024-04-14,0.01793,8.199909215325583
1931,2024-04-15,0.0,0.0
1932,2024-04-16,0.04932,22.55546695481638
1933,2024-04-17,0.01121,5.126658243379797
1934,2024-04-18,0.02914,13.326567458705378
1935,2024-04-19,0.03587,16.404391720787988
1936,2024-04-20,0.03139,14.355557739490798
1937,2024-04-21,0.03363,15.379974730139393
1938,2024-04-22,0.02242,10.253316486759594
1939,2024-04-23,0.01793,8.199909215325583
1940,2024-04-24,0.03363,15.379974730139393
1941,2024-04-25,0.03363,15.379974730139393
1942,2024-04-26,0.03139,14.355557739490798
1943,2024-04-27,0.02466,11.27773347740819
1944,2024-04-28,0.01793,8.199909215325583
1945,2024-04-29,0.02242,10.253316486759594
1946,2024-04-30,0.01121,5.126658243379797
1947,2024-05-01,0.03363,15.379974730139393
1948,2024-05-02,0.03363,15.379974730139393
1949,2024-05-03,0.02914,13.326567458705378
1950,2024-05-04,0.01569,7.1754922246769866
1951,2024-05-05,0.01569,7.1754922246769866
1952,2024-05-06,0.03363,15.379974730139393
1953,2024-05-07,0.01793,8.199909215325583
1954,2024-05-08,0.02017,9.224326205974176
1955,2024-05-09,0.03363,15.379974730139393
1956,2024-05-10,0.02242,10.253316486759594
1957,2024-05-11,0.02914,13.326567458705378
1958,2024-05-12,0.03363,15.379974730139393
1959,2024-05-13,0.05381,24.608874226250393
1960,2024-05-14,0.01121,5.126658243379797
1961,2024-05-15,0.05157,23.584457235601796
1962,2024-05-16,0.05381,24.608874226250393
1963,2024-05-17,0.04484,20.50663297351919
1964,2024-05-18,0.06502,29.735532469630186
1965,2024-05-19,0.03587,16.404391720787988
1966,2024-05-20,0.06502,29.735532469630186
1967,2024-05-21,0.02017,9.224326205974176
1968,2024-05-22,0.02017,9.224326205974176
1969,2024-05-23,0.0426,19.482215982870596
1970,2024-05-24,0.04932,22.55546695481638
1971,2024-05-25,0.02466,11.27773347740819
1972,2024-05-26,0.02466,11.27773347740819
1973,2024-05-27,0.01121,5.126658243379797
1974,2024-05-28,0.01345,6.151075234028393
1975,2024-05-29,0.03363,15.379974730139393
1976,2024-05-30,0.02914,13.326567458705378
1977,2024-05-31,0.01345,6.151075234028393
1978,2024-06-01,0.01121,5.126658243379797
1979,2024-06-02,0.03139,14.355557739490798
1980,2024-06-03,0.01793,8.199909215325583
1981,2024-06-04,0.03363,15.379974730139393
1982,2024-06-05,0.03587,16.404391720787988
1983,2024-06-06,0.01569,7.1754922246769866
1984,2024-06-07,0.04035,18.453225702085174
1985,2024-06-08,0.02466,11.27773347740819
1986,2024-06-09,0.02466,11.27773347740819
1987,2024-06-10,0.01121,5.126658243379797
1988,2024-06-11,0.04484,20.50663297351919
1989,2024-06-12,0.03811,17.42880871143658
1990,2024-06-13,0.03811,17.42880871143658
1991,2024-06-14,0.03363,15.379974730139393
1992,2024-06-15,0.01121,5.126658243379797
1993,2024-06-16,0.01569,7.1754922246769866
1994,2024-06-17,0.01345,6.151075234028393
1995,2024-06-18,0.0,0.0
1996,2024-06-19,0.0426,19.482215982870596
1997,2024-06-20,0.02017,9.224326205974176
1998,2024-06-21,0.02466,11.27773347740819
1999,2024-06-22,0.0,0.0
2000,2024-06-23,0.02242,10.253316486759594
2001,2024-06-24,0.03139,14.355557739490798
2002,2024-06-25,0.03587,16.404391720787988
2003,2024-06-26,0.03587,16.404391720787988
2004,2024-06-27,0.02914,13.326567458705378
2005,2024-06-28,0.03363,15.379974730139393
2006,2024-06-29,0.02017,9.224326205974176
2007,2024-06-30,0.02242,10.253316486759594
2008,2024-07-01,0.0269,12.302150468056785
2009,2024-07-02,0.03139,14.355557739490798
2010,2024-07-03,0.03363,15.379974730139393
2011,2024-07-04,0.0269,12.302150468056785
2012,2024-07-05,0.06278,28.711115478981597
2013,2024-07-06,0.04484,20.50663297351919
2014,2024-07-07,0.05829,26.657708207547582
2015,2024-07-08,0.06278,28.711115478981597
2016,2024-07-09,0.04708,21.531049964167785
2017,2024-07-10,0.04035,18.453225702085174
2018,2024-07-11,0.05605,25.63329121689899
2019,2024-07-12,0.05157,23.584457235601796
2020,2024-07-13,0.04484,20.50663297351919
2021,2024-07-14,0.07399,33.83777372236139
2022,2024-07-15,0.04035,18.453225702085174
2023,2024-07-16,0.0426,19.482215982870596
2024,2024-07-17,0.05157,23.584457235601796
2025,2024-07-18,0.03363,15.379974730139393
2026,2024-07-19,0.07175,32.813356731712794
2027,2024-07-20,0.02466,11.27773347740819
2028,2024-07-21,0.06502,29.735532469630186
2029,2024-07-22,0.03363,15.379974730139393
2030,2024-07-23,0.03363,15.379974730139393
2031,2024-07-24,0.03811,17.42880871143658
2032,2024-07-25,0.0269,12.302150468056785
2033,2024-07-26,0.01569,7.1754922246769866
2034,2024-07-27,0.02914,13.326567458705378
2035,2024-07-28,0.05605,25.63329121689899
2036,2024-07-29,0.0426,19.482215982870596
2037,2024-07-30,0.05605,25.63329121689899
2038,2024-07-31,0.05829,26.657708207547582
2039,2024-08-01,0.05829,26.657708207547582
2040,2024-08-02,0.06053,27.68212519819618
2041,2024-08-03,0.04035,18.453225702085174
2042,2024-08-04,0.04035,18.453225702085174
2043,2024-08-05,0.04035,18.453225702085174
2044,2024-08-06,0.04484,20.50663297351919
2045,2024-08-07,0.03587,16.404391720787988
2046,2024-08-08,0.03139,14.355557739490798
2047,2024-08-09,0.04708,21.531049964167785
2048,2024-08-10,0.08968,41.01326594703838
2049,2024-08-11,0.07847,35.88660770365858
2050,2024-08-12,0.10986,50.24216544314938
2051,2024-08-13,0.07623,34.862190713009994
2052,2024-08-14,0.10762,49.217748452500786
2053,2024-08-15,0.13004,59.47106493926037
2054,2024-08-16,0.09865,45.11550719976958
2055,2024-08-17,0.08071,36.91102469430718
2056,2024-08-18,0.11211,51.2711557239348
2057,2024-08-19,0.05381,24.608874226250393
2058,2024-08-20,0.09641,44.091090209120985
2059,2024-08-21,0.0695,31.784366450927383
2060,2024-08-22,0.03811,17.42880871143658
2061,2024-08-23,0.03587,16.404391720787988
2062,2024-08-24,0.05381,24.608874226250393
2063,2024-08-25,0.06726,30.759949460278786
2064,2024-08-26,0.04484,20.50663297351919
2065,2024-08-27,0.03363,15.379974730139393
2066,2024-08-28,0.02242,10.253316486759594
2067,2024-08-29,0.05381,24.608874226250393
2068,2024-08-30,0.03139,14.355557739490798
2069,2024-08-31,0.03363,15.379974730139393
2070,2024-09-01,0.03587,16.404391720787988
2071,2024-09-02,0.04708,21.531049964167785
2072,2024-09-03,0.13677,62.54888920134299
2073,2024-09-04,0.04932,22.55546695481638
2074,2024-09-05,0.04932,22.55546695481638
2075,2024-09-06,0.02466,11.27773347740819
2076,2024-09-07,0.02914,13.326567458705378
2077,2024-09-08,0.04708,21.531049964167785
2078,2024-09-09,0.04484,20.50663297351919
2079,2024-09-10,0.04932,22.55546695481638
2080,2024-09-11,0.04708,21.531049964167785
2081,2024-09-12,0.05157,23.584457235601796
2082,2024-09-13,0.01793,8.199909215325583
2083,2024-09-14,0.03139,14.355557739490798
2084,2024-09-15,0.02914,13.326567458705378
2085,2024-09-16,0.02017,9.224326205974176
2086,2024-09-17,0.04035,18.453225702085174
2087,2024-09-18,0.04484,20.50663297351919
2088,2024-09-19,0.06278,28.711115478981597
2089,2024-09-20,0.03587,16.404391720787988
2090,2024-09-21,0.06278,28.711115478981597
2091,2024-09-22,0.06278,28.711115478981597
2092,2024-09-23,0.05605,25.63329121689899
2093,2024-09-24,0.03811,17.42880871143658
2094,2024-09-25,0.04035,18.453225702085174
2095,2024-09-26,0.03587,16.404391720787988
2096,2024-09-27,0.02242,10.253316486759594
2097,2024-09-28,0.05157,23.584457235601796
2098,2024-09-29,0.01345,6.151075234028393
2099,2024-09-30,0.04932,22.55546695481638
