,date,질스튜어트,질스튜어트_absolute
0,2019-01-01,41.41626,4856.488930738764
1,2019-01-02,43.14832,5059.591050953756
2,2019-01-03,42.57416,4992.264795891783
3,2019-01-04,45.24401,5305.332585492604
4,2019-01-05,47.35885,5553.319657485187
5,2019-01-06,52.10526,6109.88578937995
6,2019-01-07,47.93301,5620.645912547161
7,2019-01-08,49.30143,5781.107445833883
8,2019-01-09,49.94258,5856.2889778684785
9,2019-01-10,49.72248,5830.479954705701
10,2019-01-11,45.79904,5370.41564830967
11,2019-01-12,48.19138,5650.942492804165
12,2019-01-13,51.94258,6090.809860765136
13,2019-01-14,52.66985,6176.089862017262
14,2019-01-15,47.67464,5590.349332290155
15,2019-01-16,45.27272,5308.6991327665855
16,2019-01-17,43.95215,5153.848511603166
17,2019-01-18,41.15789,4826.192350481759
18,2019-01-19,45.42583,5326.652878956739
19,2019-01-20,53.40669,6262.492045694049
20,2019-01-21,47.87559,5613.912817999198
21,2019-01-22,48.01913,5630.74438176469
22,2019-01-23,48.39234,5674.507151117621
23,2019-01-24,46.74641,5481.5046727245735
24,2019-01-25,43.64593,5117.941019222859
25,2019-01-26,45.57894,5344.606625146894
26,2019-01-27,53.60765,6286.056704007505
27,2019-01-28,50.00956,5864.143082236687
28,2019-01-29,46.98564,5509.556888132257
29,2019-01-30,45.85645,5377.147570253219
30,2019-01-31,48.41148,5676.751515966942
31,2019-02-01,49.05263,5751.933048001539
32,2019-02-02,54.1244,6346.651037125929
33,2019-02-03,62.01913,7272.390562041294
34,2019-02-04,58.16267,6820.180360013472
35,2019-02-05,71.5598,8391.133737954122
36,2019-02-06,90.80382,10647.69601839459
37,2019-02-07,87.95215,10313.307935329634
38,2019-02-08,84.82296,9946.377734553938
39,2019-02-09,83.08133,9742.153431914285
40,2019-02-10,88.06698,10326.772951821147
41,2019-02-11,77.75119,9117.13886253289
42,2019-02-12,69.82775,8188.032790343543
43,2019-02-13,67.21531,7881.696922686272
44,2019-02-14,63.1866,7409.288609618974
45,2019-02-15,62.48803,7327.373983036416
46,2019-02-16,64.28708,7538.331380224032
47,2019-02-17,71.62679,8398.989014926745
48,2019-02-18,65.11004,7634.832033118348
49,2019-02-19,62.28708,7303.810497327374
50,2019-02-20,59.33971,6958.200590015813
51,2019-02-21,74.89952,8782.750779467933
52,2019-02-22,100.0,11726.044144832884
53,2019-02-23,84.86124,9950.86646425258
54,2019-02-24,84.54545,9913.836789447614
55,2019-02-25,73.69377,8641.364002191613
56,2019-02-26,68.7177,8057.8678373138255
57,2019-02-27,67.61722,7928.82506670877
58,2019-02-28,64.61244,7576.483237453661
59,2019-03-01,67.84688,7955.755099691793
60,2019-03-02,67.29186,7890.673209479141
61,2019-03-03,67.62679,7929.94724913343
62,2019-03-04,51.59808,6050.413638686187
63,2019-03-05,45.01435,5278.402552509581
64,2019-03-06,44.78468,5251.471346922143
65,2019-03-07,39.08133,4582.694008187817
66,2019-03-08,43.00478,5042.759487188262
67,2019-03-09,47.78947,5603.814348781668
68,2019-03-10,55.98086,6564.340356257094
69,2019-03-11,40.70813,4773.453294335958
70,2019-03-12,37.10047,4350.41749014048
71,2019-03-13,35.74162,4191.078139278418
72,2019-03-14,33.30143,3904.9403826606217
73,2019-03-15,33.12918,3884.7422716211463
74,2019-03-16,43.98086,5157.215058877147
75,2019-03-17,50.75598,5951.66862094255
76,2019-03-18,40.51674,4751.010818447163
77,2019-03-19,38.94736,4566.984626846985
78,2019-03-20,37.93301,4448.0414980638725
79,2019-03-21,35.34928,4145.072177680581
80,2019-03-22,33.5311,3931.871588248059
81,2019-03-23,44.63157,5233.517600731991
82,2019-03-24,48.3732,5672.2627862683
83,2019-03-25,44.60287,5230.152226062423
84,2019-03-26,40.97607,4804.872057017624
85,2019-03-27,35.56937,4170.880028238944
86,2019-03-28,36.97607,4335.830291224308
87,2019-03-29,32.98564,3867.910707855653
88,2019-03-30,42.68899,5005.729812383294
89,2019-03-31,46.34449,5434.375356097661
90,2019-04-01,39.54066,4636.555246758278
91,2019-04-02,37.25358,4368.371236330634
92,2019-04-03,33.23444,3897.085105687998
93,2019-04-04,33.35885,3911.673477208584
94,2019-04-05,33.0622,3876.8881672529374
95,2019-04-06,39.57894,4641.04397645692
96,2019-04-07,44.0287,5162.8247983960355
97,2019-04-08,36.87081,4323.487457157457
98,2019-04-09,34.61244,4058.6699940037947
99,2019-04-10,31.61722,3707.4491745689315
100,2019-04-11,31.94258,3745.6010317985597
101,2019-04-12,30.77511,3608.7029842208794
102,2019-04-13,35.33014,4142.82781283126
103,2019-04-14,41.20574,4831.803262605061
104,2019-04-15,34.07655,3995.8312960360495
105,2019-04-16,36.58373,4289.824329626471
106,2019-04-17,33.51196,3929.6272233987384
107,2019-04-18,32.53588,3815.171651709853
108,2019-04-19,31.13875,3651.3435711491497
109,2019-04-20,34.93779,4096.820678629008
110,2019-04-21,39.21531,4598.404562133064
111,2019-04-22,31.13875,3651.3435711491497
112,2019-04-23,30.54545,3581.772951237856
113,2019-04-24,28.72727,3368.5723618053335
114,2019-04-25,28.91866,3391.014837694129
115,2019-04-26,27.94258,3276.5592660052444
116,2019-04-27,32.9665,3865.6663430063327
117,2019-04-28,38.75598,4544.543323562603
118,2019-04-29,33.80861,3964.412533354385
119,2019-04-30,29.62679,3474.050474096934
120,2019-05-01,32.44019,3803.951000067663
121,2019-05-02,29.03349,3404.4798541856408
122,2019-05-03,27.40669,3213.7205680374996
123,2019-05-04,31.80861,3729.8916504577273
124,2019-05-05,33.87559,3972.266637722594
125,2019-05-06,37.08133,4348.1731252911595
126,2019-05-07,30.69856,3599.7266974280096
127,2019-05-08,31.21531,3660.3210305464336
128,2019-05-09,34.25837,4017.151589500185
129,2019-05-10,31.19617,3658.0766656971123
130,2019-05-11,35.32057,4141.7056304066
131,2019-05-12,39.39712,4619.723682992785
132,2019-05-13,34.60287,4057.5478115791348
133,2019-05-14,30.56459,3584.017316087177
134,2019-05-15,29.75119,3488.6376730131065
135,2019-05-16,33.59808,3939.7256926162686
136,2019-05-17,39.74162,4660.119905071734
137,2019-05-18,36.16267,4240.450648150238
138,2019-05-19,40.79425,4783.551763553488
139,2019-05-20,37.46411,4393.05807706875
140,2019-05-21,32.5933,3821.904746257816
141,2019-05-22,29.54066,3463.9508322749894
142,2019-05-23,29.30143,3435.898616867306
143,2019-05-24,27.77033,3256.36115496577
144,2019-05-25,31.16746,3654.710118423131
145,2019-05-26,36.54545,4285.335599927829
146,2019-05-27,31.5311,3697.3507053514013
147,2019-05-28,29.96172,3513.324513751223
148,2019-05-29,29.70334,3483.026760889804
149,2019-05-30,28.41148,3331.5426870003657
150,2019-05-31,28.57416,3350.61861561518
151,2019-06-01,33.22488,3895.9640958677514
152,2019-06-02,37.23444,4366.126871481313
153,2019-06-03,32.01913,3754.577318591429
154,2019-06-04,29.70334,3483.026760889804
155,2019-06-05,27.0622,3173.3255185629646
156,2019-06-06,34.46889,4041.8372576338875
157,2019-06-07,29.34928,3441.5095289906085
158,2019-06-08,31.89473,3739.990119675257
159,2019-06-09,34.07655,3995.8312960360495
160,2019-06-10,30.35406,3559.33047534906
161,2019-06-11,29.23444,3428.0433398946825
162,2019-06-12,29.7799,3492.004220287088
163,2019-06-13,28.3732,3327.0539573017236
164,2019-06-14,25.91387,3038.671835834605
165,2019-06-15,31.07177,3643.4894667809403
166,2019-06-16,33.89473,3974.511002571915
167,2019-06-17,28.57416,3350.61861561518
168,2019-06-18,29.46411,3454.9745454821204
169,2019-06-19,28.63157,3357.3505375587283
170,2019-06-20,29.30143,3435.898616867306
171,2019-06-21,26.54545,3112.7311854445406
172,2019-06-22,31.49282,3692.861975652759
173,2019-06-23,34.00956,3987.9760190634265
174,2019-06-24,31.68421,3715.304451541555
175,2019-06-25,28.73684,3369.694544229994
176,2019-06-26,29.03349,3404.4798541856408
177,2019-06-27,26.73684,3135.1736613333364
178,2019-06-28,25.69377,3012.862812671828
179,2019-06-29,30.06698,3525.667347818074
180,2019-06-30,36.0287,4224.741266809405
181,2019-07-01,31.6555,3711.9379042675732
182,2019-07-02,31.49282,3692.861975652759
183,2019-07-03,29.14832,3417.9448706771523
184,2019-07-04,30.64114,3592.9936028800466
185,2019-07-05,30.55502,3582.8951336625164
186,2019-07-06,32.65071,3828.6366682013645
187,2019-07-07,35.49282,4161.9037414460745
188,2019-07-08,33.48325,3926.260676124756
189,2019-07-09,31.54066,3698.4717151716472
190,2019-07-10,31.80861,3729.8916504577273
191,2019-07-11,30.07655,3526.7895302427346
192,2019-07-12,28.77511,3374.1821013242215
193,2019-07-13,32.2488,3781.5085241788674
194,2019-07-14,36.13397,4237.08527348067
195,2019-07-15,31.34928,3676.0304118872664
196,2019-07-16,33.28229,3902.696017811301
197,2019-07-17,32.52631,3814.049469285193
198,2019-07-18,30.89952,3623.291355741466
199,2019-07-19,29.55023,3465.0730146996502
200,2019-07-20,33.33014,3908.306929934603
201,2019-07-21,37.19617,4361.6393143870855
202,2019-07-22,32.46889,3807.3163747372296
203,2019-07-23,31.54066,3698.4717151716472
204,2019-07-24,31.52153,3696.2285229267404
205,2019-07-25,32.35406,3793.8513582457176
206,2019-07-26,30.29665,3552.5985534055117
207,2019-07-27,33.48325,3926.260676124756
208,2019-07-28,36.97607,4335.830291224308
209,2019-07-29,37.05263,4344.807750621592
210,2019-07-30,34.5933,4056.425629154474
211,2019-07-31,33.23444,3897.085105687998
212,2019-08-01,33.37799,3913.917842057905
213,2019-08-02,33.03349,3873.521619978956
214,2019-08-03,33.84688,3968.900090448612
215,2019-08-04,39.71291,4656.753357797753
216,2019-08-05,34.07655,3995.8312960360495
217,2019-08-06,35.91387,4211.276250317894
218,2019-08-07,36.32535,4259.526576765052
219,2019-08-08,33.62679,3943.0922398902494
220,2019-08-09,33.81818,3965.534715779045
221,2019-08-10,35.85645,4204.54315576993
222,2019-08-11,41.02392,4810.482969140926
223,2019-08-12,36.13397,4237.08527348067
224,2019-08-13,45.00478,5277.28037008492
225,2019-08-14,40.61244,4762.232642693768
226,2019-08-15,43.92344,5150.481964329185
227,2019-08-16,37.63636,4413.256188108226
228,2019-08-17,39.57894,4641.04397645692
229,2019-08-18,42.95693,5037.14857506496
230,2019-08-19,38.99521,4572.595538970287
231,2019-08-20,39.01435,4574.8399038196085
232,2019-08-21,38.26794,4487.315537718161
233,2019-08-22,36.4976,4279.724687804526
234,2019-08-23,34.19138,4009.296312527562
235,2019-08-24,37.75119,4426.721204599737
236,2019-08-25,43.16746,5061.835415803077
237,2019-08-26,38.64114,4531.077134466677
238,2019-08-27,41.10047,4819.459255933796
239,2019-08-28,37.94258,4449.163680488533
240,2019-08-29,36.88038,4324.609639582118
241,2019-08-30,36.98564,4336.952473648968
242,2019-08-31,41.44497,4859.855478012745
243,2019-09-01,49.95215,5857.41116029314
244,2019-09-02,42.46889,4979.920789220518
245,2019-09-03,41.56937,4874.4426769289175
246,2019-09-04,36.4976,4279.724687804526
247,2019-09-05,38.3732,4499.658371785012
248,2019-09-06,37.45454,4391.935894644091
249,2019-09-07,41.28229,4840.779549397931
250,2019-09-08,46.68899,5474.77157817661
251,2019-09-09,40.51674,4751.010818447163
252,2019-09-10,34.85167,4086.7222094114786
253,2019-09-11,34.57416,4054.1812643051526
254,2019-09-12,38.60287,4526.58957737245
255,2019-09-13,39.20574,4597.282379708404
256,2019-09-14,49.05263,5751.933048001539
257,2019-09-15,52.36363,6140.182369636956
258,2019-09-16,46.69856,5475.893760601271
259,2019-09-17,41.5311,4869.95511983469
260,2019-09-18,40.30622,4726.325150313461
261,2019-09-19,36.63157,4295.43406914536
262,2019-09-20,33.62679,3943.0922398902494
263,2019-09-21,40.32535,4728.5683425583675
264,2019-09-22,46.52631,5455.695649561797
265,2019-09-23,40.622,4763.353652514013
266,2019-09-24,38.3732,4499.658371785012
267,2019-09-25,41.7799,4899.129517667034
268,2019-09-26,35.80861,4198.933416251042
269,2019-09-27,35.54066,4167.513480964963
270,2019-09-28,65.91387,7729.0894937677585
271,2019-09-29,63.50239,7446.318284423942
272,2019-09-30,52.11483,6111.007971804611
273,2019-10-01,51.42583,6030.215527646712
274,2019-10-02,48.86124,5729.490572112743
275,2019-10-03,49.50239,5804.672104147338
276,2019-10-04,41.76076,4896.885152817713
277,2019-10-05,43.61722,5114.5744719488775
278,2019-10-06,52.86124,6198.532337906058
279,2019-10-07,47.93301,5620.645912547161
280,2019-10-08,42.79425,5018.072646450146
281,2019-10-09,45.5598,5342.362260297572
282,2019-10-10,41.50239,4866.588572560708
283,2019-10-11,36.06698,4229.229996508047
284,2019-10-12,41.32057,4845.268279096573
285,2019-10-13,46.42105,5443.352815494945
286,2019-10-14,40.92822,4799.261144894322
287,2019-10-15,39.28229,4606.258666501274
288,2019-10-16,38.42105,4505.269283908315
289,2019-10-17,37.87559,4441.308403515909
290,2019-10-18,38.47846,4512.001205851863
291,2019-10-19,41.33971,4847.512643945894
292,2019-10-20,46.11483,5407.445323114638
293,2019-10-21,41.26315,4838.53518454861
294,2019-10-22,40.0287,4693.783032602721
295,2019-10-23,38.64114,4531.077134466677
296,2019-10-24,35.13875,4120.385336942465
297,2019-10-25,34.85167,4086.7222094114786
298,2019-10-26,39.44497,4625.334595116087
299,2019-10-27,46.85167,5493.847506791424
300,2019-10-28,47.33014,5549.953110211207
301,2019-10-29,43.17703,5062.957598227737
302,2019-10-30,39.0622,4580.450815942911
303,2019-10-31,34.1244,4001.4422081593525
304,2019-11-01,35.55023,4168.635663389623
305,2019-11-02,42.56459,4991.142613467124
306,2019-11-03,49.14832,5763.153699643729
307,2019-11-04,45.62679,5350.217537270196
308,2019-11-05,42.31578,4961.967043030364
309,2019-11-06,43.32057,5079.789161993231
310,2019-11-07,45.95215,5388.369394499824
311,2019-11-08,45.28229,5309.821315191247
312,2019-11-09,48.13397,5644.210570860617
313,2019-11-10,57.12918,6698.992866381039
314,2019-11-11,50.99521,5979.720836350233
315,2019-11-12,48.04784,5634.110929038672
316,2019-11-13,46.7177,5478.138125450592
317,2019-11-14,49.81818,5841.701778952306
318,2019-11-15,47.55023,5575.7609607695695
319,2019-11-16,52.68899,6178.334226866583
320,2019-11-17,60.01913,7037.869679144636
321,2019-11-18,53.07177,6223.2191786441745
322,2019-11-19,52.63157,6171.601132318621
323,2019-11-20,49.38755,5791.205915051412
324,2019-11-21,44.34449,5199.854473201003
325,2019-11-22,39.87559,4675.829286412567
326,2019-11-23,41.55023,4872.198312079596
327,2019-11-24,53.73205,6300.643902923677
328,2019-11-25,49.30143,5781.107445833883
329,2019-11-26,45.16746,5296.356298699735
330,2019-11-27,42.97607,5039.392939914282
331,2019-11-28,43.49282,5099.987273032705
332,2019-11-29,40.41148,4738.667984380311
333,2019-11-30,45.96172,5389.491576924484
334,2019-12-01,56.70813,6649.6203575092195
335,2019-12-02,51.16746,5999.918947389708
336,2019-12-03,46.27751,5426.521251729452
337,2019-12-04,45.38755,5322.1641492580975
338,2019-12-05,43.59808,5112.330107099557
339,2019-12-06,46.91866,5501.702783764048
340,2019-12-07,51.63636,6054.902368384829
341,2019-12-08,57.0622,6691.138762012829
342,2019-12-09,50.78468,5955.033995612117
343,2019-12-10,48.20095,5652.064675228826
344,2019-12-11,47.37799,5555.564022334509
345,2019-12-12,45.58851,5345.728807571553
346,2019-12-13,43.69377,5123.550758741747
347,2019-12-14,46.50717,5453.451284712475
348,2019-12-15,53.23444,6242.2939346545745
349,2019-12-16,47.23444,5538.731285964602
350,2019-12-17,46.43062,5444.474997919606
351,2019-12-18,45.97129,5390.613759349145
352,2019-12-19,42.01913,4927.181733074717
353,2019-12-20,40.30622,4726.325150313461
354,2019-12-21,46.97607,5508.434705707597
355,2019-12-22,53.94258,6325.330743661794
356,2019-12-23,47.50239,5570.1512212506805
357,2019-12-24,43.93301,5151.604146753845
358,2019-12-25,51.78947,6072.856114574983
359,2019-12-26,47.10047,5523.021904623769
360,2019-12-27,42.74641,5012.462906931258
361,2019-12-28,48.22966,5655.431222502808
362,2019-12-29,53.76076,6304.010450197658
363,2019-12-30,45.08133,5286.25665687779
364,2019-12-31,38.22009,4481.704625594858
365,2020-01-01,42.53588,4987.776066193142
366,2020-01-02,43.61722,5114.5744719488775
367,2020-01-03,44.5933,5229.030043637762
368,2020-01-04,49.05263,5751.933048001539
369,2020-01-05,54.11483,6345.528854701269
370,2020-01-06,48.17224,5648.6981279548445
371,2020-01-07,45.33014,5315.432227314549
372,2020-01-08,43.59808,5112.330107099557
373,2020-01-09,41.40669,4855.366748314103
374,2020-01-10,40.53588,4753.255183296484
375,2020-01-11,45.92344,5385.002847225842
376,2020-01-12,54.23923,6360.11605361744
377,2020-01-13,51.11004,5993.185852841744
378,2020-01-14,48.89952,5733.979301811385
379,2020-01-15,46.06698,5401.834410991336
380,2020-01-16,47.11961,5525.26626947309
381,2020-01-17,55.82775,6546.38661006694
382,2020-01-18,56.33492,6605.857588156288
383,2020-01-19,58.7177,6885.263422830538
384,2020-01-20,53.22488,6241.172924834328
385,2020-01-21,59.04306,6923.415280060166
386,2020-01-22,58.2488,6830.280001835417
387,2020-01-23,57.64593,6759.587199499462
388,2020-01-24,57.44497,6736.0225411860065
389,2020-01-25,73.49282,8617.80051648257
390,2020-01-26,91.0622,10677.993771256011
391,2020-01-27,98.54545,11555.482969724217
392,2020-01-28,82.83253,9712.979034081942
393,2020-01-29,78.88038,9249.54818041193
394,2020-01-30,74.67942,8756.941756305156
395,2020-01-31,62.65071,7346.44991165123
396,2020-02-01,68.48803,8030.936631726388
397,2020-02-02,71.36842,8368.69243466974
398,2020-02-03,61.12918,7168.034632174354
399,2020-02-04,57.88516,6787.639414907147
400,2020-02-05,57.61722,6756.220652225481
401,2020-02-06,56.75598,6655.2312696325225
402,2020-02-07,60.82296,7132.127139794047
403,2020-02-08,60.22966,7062.5565198827535
404,2020-02-09,68.622,8046.646013067221
405,2020-02-10,56.15311,6584.538467296568
406,2020-02-11,58.41148,6849.3559304502305
407,2020-02-12,59.27272,6950.345313043189
408,2020-02-13,56.14354,6583.416284871908
409,2020-02-14,52.3732,6141.304552061615
410,2020-02-15,59.60765,6989.6193526974785
411,2020-02-16,61.41626,7201.69775970534
412,2020-02-17,57.89473,6788.761597331807
413,2020-02-18,58.44976,6853.844660148872
414,2020-02-19,53.16746,6234.439830286366
415,2020-02-20,51.19617,6003.28549466369
416,2020-02-21,47.25358,5540.975650813923
417,2020-02-22,54.65071,6408.366380064599
418,2020-02-23,52.11483,6111.007971804611
419,2020-02-24,49.55023,5810.281843666226
420,2020-02-25,51.84688,6079.588036518531
421,2020-02-26,51.33971,6020.117058429182
422,2020-02-27,50.51674,5923.615232930451
423,2020-02-28,46.92822,5502.823793584294
424,2020-02-29,52.40191,6144.671099335597
425,2020-03-01,59.33971,6958.200590015813
426,2020-03-02,49.36842,5788.9627228065065
427,2020-03-03,46.51674,5454.573467137136
428,2020-03-04,49.37799,5790.084905231166
429,2020-03-05,46.2488,5423.154704455471
430,2020-03-06,44.70813,5242.495060129273
431,2020-03-07,48.67942,5708.170278648608
432,2020-03-08,54.74641,6419.588204311204
433,2020-03-09,49.62679,5819.259303063511
434,2020-03-10,51.28229,6013.38396388122
435,2020-03-11,48.40191,5675.6293335422815
436,2020-03-12,42.60287,4995.631343165765
437,2020-03-13,44.68899,5240.250695279952
438,2020-03-14,47.89473,5616.1571828485185
439,2020-03-15,51.11961,5994.308035266406
440,2020-03-16,41.10047,4819.459255933796
441,2020-03-17,39.72248,4657.875540222412
442,2020-03-18,48.06698,5636.355293887993
443,2020-03-19,40.50717,4749.888636022502
444,2020-03-20,34.82296,4083.3556621374973
445,2020-03-21,38.25837,4486.193355293501
446,2020-03-22,42.44976,4977.677596975611
447,2020-03-23,38.42105,4505.269283908315
448,2020-03-24,35.62679,4177.613122786907
449,2020-03-25,37.1866,4360.517131962425
450,2020-03-26,36.5933,4290.946512051131
451,2020-03-27,34.22966,4013.785042226204
452,2020-03-28,36.63157,4295.43406914536
453,2020-03-29,41.11961,4821.703620783117
454,2020-03-30,35.91387,4211.276250317894
455,2020-03-31,33.82775,3966.656898203706
456,2020-04-01,35.97129,4218.009344865857
457,2020-04-02,34.20095,4010.418494952222
458,2020-04-03,33.88516,3973.388820147254
459,2020-04-04,37.46411,4393.05807706875
460,2020-04-05,37.51196,4398.668989192053
461,2020-04-06,35.04306,4109.164685300274
462,2020-04-07,36.41148,4269.626218586996
463,2020-04-08,35.44497,4156.2928293227715
464,2020-04-09,33.62679,3943.0922398902494
465,2020-04-10,31.91387,3742.234484524578
466,2020-04-11,38.36363,4498.536189360351
467,2020-04-12,41.57894,4875.564859353578
468,2020-04-13,38.70813,4538.9324114393
469,2020-04-14,33.51196,3929.6272233987384
470,2020-04-15,38.15311,4473.850521226649
471,2020-04-16,31.11961,3649.0992062998284
472,2020-04-17,31.20574,3659.1988481217727
473,2020-04-18,34.03827,3991.3425663374073
474,2020-04-19,40.55502,4755.4995481458045
475,2020-04-20,33.05263,3875.765984828277
476,2020-04-21,29.70334,3483.026760889804
477,2020-04-22,31.48325,3691.7397932280987
478,2020-04-23,31.311,3671.5416821886242
479,2020-04-24,32.10526,3764.6769604133738
480,2020-04-25,35.59808,4174.246575512926
481,2020-04-26,40.78468,4782.429581128828
482,2020-04-27,34.00956,3987.9760190634265
483,2020-04-28,34.35406,4028.3722411423755
484,2020-04-29,31.15789,3653.58793599847
485,2020-04-30,33.55023,3934.1147804929656
486,2020-05-01,36.51674,4281.969052653847
487,2020-05-02,37.62679,4412.134005683565
488,2020-05-03,40.04784,4696.027397452041
489,2020-05-04,37.40669,4386.324982520788
490,2020-05-05,41.66507,4885.664501175523
491,2020-05-06,36.1244,4235.96309105601
492,2020-05-07,32.04784,3757.9438658654108
493,2020-05-08,31.35885,3677.152594311927
494,2020-05-09,33.85645,3970.022272873273
495,2020-05-10,34.70813,4069.890645645985
496,2020-05-11,32.98564,3867.910707855653
497,2020-05-12,30.23923,3545.8654588575487
498,2020-05-13,28.27751,3315.833305659533
499,2020-05-14,28.8421,3382.037378296845
500,2020-05-15,29.75119,3488.6376730131065
501,2020-05-16,34.32535,4025.0056938683942
502,2020-05-17,34.5933,4056.425629154474
503,2020-05-18,36.03827,4225.863449234065
504,2020-05-19,31.21531,3660.3210305464336
505,2020-05-20,32.90909,3858.9344210627837
506,2020-05-21,36.41148,4269.626218586996
507,2020-05-22,31.73205,3720.914191060443
508,2020-05-23,31.58851,3704.08262729495
509,2020-05-24,37.05263,4344.807750621592
510,2020-05-25,31.61722,3707.4491745689315
511,2020-05-26,30.99521,3634.5120073836565
512,2020-05-27,27.04306,3171.0811537136437
513,2020-05-28,26.18181,3070.0905985162703
514,2020-05-29,30.36363,3560.452657773721
515,2020-05-30,33.68421,3949.8253344382124
516,2020-05-31,39.02392,4575.962086244268
517,2020-06-01,34.25837,4017.151589500185
518,2020-06-02,33.46411,3924.0163112754353
519,2020-06-03,31.36842,3678.2747767365872
520,2020-06-04,29.13875,3416.822688252492
521,2020-06-05,26.2488,3077.9458754888938
522,2020-06-06,33.60765,3940.8478750409286
523,2020-06-07,38.38277,4500.780554209673
524,2020-06-08,32.27751,3784.8750714528483
525,2020-06-09,29.7799,3492.004220287088
526,2020-06-10,28.54545,3347.252068341198
527,2020-06-11,28.42105,3332.664869425026
528,2020-06-12,28.16267,3302.367116563607
529,2020-06-13,29.22488,3426.922330074436
530,2020-06-14,32.3732,3796.0957230950385
531,2020-06-15,28.19138,3305.733663837588
532,2020-06-16,28.44019,3334.9092342743475
533,2020-06-17,28.45933,3337.1535991236683
534,2020-06-18,26.78468,3140.7834008522245
535,2020-06-19,27.1866,3187.9127174791365
536,2020-06-20,30.51674,3578.4064039638743
537,2020-06-21,33.88516,3973.388820147254
538,2020-06-22,30.77511,3608.7029842208794
539,2020-06-23,28.18181,3304.611481412928
540,2020-06-24,28.18181,3304.611481412928
541,2020-06-25,26.80382,3143.0277657015454
542,2020-06-26,27.75119,3254.1167901164486
543,2020-06-27,29.79904,3494.248585136409
544,2020-06-28,39.23444,4600.647754377971
545,2020-06-29,36.06698,4229.229996508047
546,2020-06-30,30.88995,3622.169173316805
547,2020-07-01,30.99521,3634.5120073836565
548,2020-07-02,29.63636,3475.1726565215945
549,2020-07-03,26.51674,3109.364638170559
550,2020-07-04,30.43062,3568.3079347463445
551,2020-07-05,36.98564,4336.952473648968
552,2020-07-06,31.81818,3731.0138328823878
553,2020-07-07,31.14832,3652.4657535738097
554,2020-07-08,29.08133,3410.089593704529
555,2020-07-09,27.46411,3220.4536625854626
556,2020-07-10,28.3732,3327.0539573017236
557,2020-07-11,30.94736,3628.901095260354
558,2020-07-12,36.83253,4318.998727458815
559,2020-07-13,30.18181,3539.1323643095857
560,2020-07-14,28.95693,3395.5023947883565
561,2020-07-15,27.68421,3246.2626857482396
562,2020-07-16,27.22488,3192.4014471777787
563,2020-07-17,25.70334,3013.9849950964885
564,2020-07-18,28.7177,3367.450179380673
565,2020-07-19,32.06698,3760.188230714732
566,2020-07-20,28.81339,3378.6708310228632
567,2020-07-21,26.19138,3071.2127809409308
568,2020-07-22,26.05741,3055.5033996000984
569,2020-07-23,26.90909,3155.371772372811
570,2020-07-24,26.63157,3122.829654662071
571,2020-07-25,30.63157,3591.871420455386
572,2020-07-26,35.38755,4149.559734774809
573,2020-07-27,32.70813,3835.3697627493275
574,2020-07-28,29.35885,3442.631711415269
575,2020-07-29,26.90909,3155.371772372811
576,2020-07-30,25.84688,3030.8165588619813
577,2020-07-31,25.86602,3033.0609237113026
578,2020-08-01,31.49282,3692.861975652759
579,2020-08-02,31.24401,3663.6864052160004
580,2020-08-03,28.53588,3346.1298859165377
581,2020-08-04,28.42105,3332.664869425026
582,2020-08-05,27.74162,3252.994607691788
583,2020-08-06,24.70813,2897.2862311626973
584,2020-08-07,24.44019,2865.867468481032
585,2020-08-08,27.86602,3267.58180660796
586,2020-08-09,29.73205,3486.3933081637856
587,2020-08-10,27.54066,3229.429949378332
588,2020-08-11,28.78468,3375.3042837488824
589,2020-08-12,27.70334,3248.505877993146
590,2020-08-13,27.68421,3246.2626857482396
591,2020-08-14,26.0287,3052.1368523261167
592,2020-08-15,28.79425,3376.426466173543
593,2020-08-16,32.52631,3814.049469285193
594,2020-08-17,33.0622,3876.8881672529374
595,2020-08-18,28.46889,3338.2746089439142
596,2020-08-19,29.86602,3502.102689504618
597,2020-08-20,27.74162,3252.994607691788
598,2020-08-21,25.84688,3030.8165588619813
599,2020-08-22,30.65071,3594.115785304707
600,2020-08-23,35.22488,4130.484978764409
601,2020-08-24,29.74162,3487.515490588446
602,2020-08-25,29.63636,3475.1726565215945
603,2020-08-26,34.32535,4025.0056938683942
604,2020-08-27,33.17703,3890.3531837444493
605,2020-08-28,29.36842,3443.7538938399293
606,2020-08-29,28.22966,3310.2223935362304
607,2020-08-30,34.92822,4095.6984962043484
608,2020-08-31,28.39234,3329.298322151045
609,2020-09-01,30.23923,3545.8654588575487
610,2020-09-02,31.50239,3693.9841580774196
611,2020-09-03,29.50239,3459.4632751807617
612,2020-09-04,28.79425,3376.426466173543
613,2020-09-05,31.73205,3720.914191060443
614,2020-09-06,36.9665,4334.7081087996485
615,2020-09-07,33.62679,3943.0922398902494
616,2020-09-08,28.60287,3353.985162889161
617,2020-09-09,27.44497,3218.2092977361417
618,2020-09-10,28.31578,3320.3208627537606
619,2020-09-11,28.48803,3340.518973793235
620,2020-09-12,32.35406,3793.8513582457176
621,2020-09-13,38.03827,4460.384332130723
622,2020-09-14,31.91387,3742.234484524578
623,2020-09-15,30.58373,3586.261680936498
624,2020-09-16,29.6555,3477.417021370916
625,2020-09-17,28.00956,3284.4133703734533
626,2020-09-18,28.73684,3369.694544229994
627,2020-09-19,33.64593,3945.3366047395707
628,2020-09-20,34.10526,3999.1978433100317
629,2020-09-21,28.20095,3306.855846262249
630,2020-09-22,30.67942,3597.482332578689
631,2020-09-23,29.23444,3428.0433398946825
632,2020-09-24,28.93779,3393.2580299390356
633,2020-09-25,24.90909,2920.850889476153
634,2020-09-26,32.01913,3754.577318591429
635,2020-09-27,32.80382,3846.5904143915186
636,2020-09-28,27.04306,3171.0811537136437
637,2020-09-29,26.07655,3057.7477644494193
638,2020-09-30,26.0287,3052.1368523261167
639,2020-10-01,28.65071,3359.5949024080496
640,2020-10-02,35.28229,4137.216900707958
641,2020-10-03,37.35885,4380.7152430019
642,2020-10-04,40.44019,4742.0345316542935
643,2020-10-05,33.64593,3945.3366047395707
644,2020-10-06,31.5598,3700.716080020968
645,2020-10-07,30.82296,3614.3138963441816
646,2020-10-08,28.27751,3315.833305659533
647,2020-10-09,35.11004,4117.018789668483
648,2020-10-10,33.42583,3919.527581576793
649,2020-10-11,34.67942,4066.524098372004
650,2020-10-12,30.52631,3579.5285863885347
651,2020-10-13,29.75119,3488.6376730131065
652,2020-10-14,28.23923,3311.344575960891
653,2020-10-15,27.79904,3259.7277022397516
654,2020-10-16,29.97129,3514.4466961758835
655,2020-10-17,32.66985,3830.8810330506853
656,2020-10-18,38.52631,4517.612117975166
657,2020-10-19,29.15789,3419.0670531018127
658,2020-10-20,29.35885,3442.631711415269
659,2020-10-21,29.04306,3405.602036610301
660,2020-10-22,28.33492,3322.565227603082
661,2020-10-23,28.75598,3371.938909079315
662,2020-10-24,34.03827,3991.3425663374073
663,2020-10-25,38.58373,4524.345212523129
664,2020-10-26,32.86124,3853.3235089394816
665,2020-10-27,31.36842,3678.2747767365872
666,2020-10-28,31.311,3671.5416821886242
667,2020-10-29,28.23923,3311.344575960891
668,2020-10-30,26.82296,3145.272130550866
669,2020-10-31,33.36842,3912.7956596332447
670,2020-11-01,47.12918,5526.38845189775
671,2020-11-02,38.72727,4541.176776288621
672,2020-11-03,38.51674,4516.489935550505
673,2020-11-04,40.39234,4736.42361953099
674,2020-11-05,36.28708,4255.039019670825
675,2020-11-06,35.86602,4205.665338194591
676,2020-11-07,39.80861,4667.975182044358
677,2020-11-08,52.87081,6199.654520330719
678,2020-11-09,39.64593,4648.899253429544
679,2020-11-10,38.30622,4491.804267416804
680,2020-11-11,37.08133,4348.1731252911595
681,2020-11-12,35.81818,4200.055598675703
682,2020-11-13,34.98564,4102.4315907523105
683,2020-11-14,38.53588,4518.734300399826
684,2020-11-15,43.87559,5144.871052205883
685,2020-11-16,36.41148,4269.626218586996
686,2020-11-17,35.17703,4124.874066641107
687,2020-11-18,37.15789,4357.150584688444
688,2020-11-19,33.03349,3873.521619978956
689,2020-11-20,34.77511,4077.7447500141943
690,2020-11-21,38.61244,4527.71175979711
691,2020-11-22,43.30143,5077.54479714391
692,2020-11-23,37.37799,4382.95960785122
693,2020-11-24,33.77033,3959.9238036557426
694,2020-11-25,33.96172,3982.3662795445384
695,2020-11-26,33.84688,3968.900090448612
696,2020-11-27,34.17224,4007.0519476782406
697,2020-11-28,38.68899,4536.688046589979
698,2020-11-29,44.51674,5220.052584240478
699,2020-11-30,37.69377,4419.988110051774
700,2020-12-01,33.80861,3964.412533354385
701,2020-12-02,32.2488,3781.5085241788674
702,2020-12-03,31.64593,3710.815721842913
703,2020-12-04,30.98564,3633.3898249589956
704,2020-12-05,33.311,3906.0625650852817
705,2020-12-06,37.88516,4442.4305859405695
706,2020-12-07,34.23923,4014.907224650864
707,2020-12-08,32.74641,3839.8584924479696
708,2020-12-09,30.70813,3600.84887985267
709,2020-12-10,32.06698,3760.188230714732
710,2020-12-11,31.66507,3713.060086692234
711,2020-12-12,34.05741,3993.5869311867286
712,2020-12-13,38.29665,4490.682084992142
713,2020-12-14,39.14832,4590.54928516044
714,2020-12-15,37.63636,4413.256188108226
715,2020-12-16,37.40669,4386.324982520788
716,2020-12-17,33.73205,3955.435073957101
717,2020-12-18,32.44976,3805.0731824923228
718,2020-12-19,37.5311,4400.913354041375
719,2020-12-20,40.72727,4775.697659185279
720,2020-12-21,35.95215,4215.764980016535
721,2020-12-22,33.68421,3949.8253344382124
722,2020-12-23,32.74641,3839.8584924479696
723,2020-12-24,29.25358,3430.2877047440033
724,2020-12-25,33.39712,3916.161034302812
725,2020-12-26,33.84688,3968.900090448612
726,2020-12-27,36.45933,4275.237130710299
727,2020-12-28,28.97607,3397.7467596376778
728,2020-12-29,25.86602,3033.0609237113026
729,2020-12-30,27.97129,3279.9258132792256
730,2020-12-31,24.10526,2826.593428826743
731,2021-01-01,28.61244,3355.107345313822
732,2021-01-02,32.32535,3790.4848109717364
733,2021-01-03,33.56937,3936.3591453422864
734,2021-01-04,27.62679,3239.5295912002766
735,2021-01-05,27.92344,3274.314901155923
736,2021-01-06,28.26794,3314.7111232348725
737,2021-01-07,26.07655,3057.7477644494193
738,2021-01-08,28.11483,3296.7573770447193
739,2021-01-09,32.27751,3784.8750714528483
740,2021-01-10,36.82296,4317.876545034155
741,2021-01-11,29.54066,3463.9508322749894
742,2021-01-12,27.93301,3275.437083580584
743,2021-01-13,25.40669,2979.1996851408417
744,2021-01-14,26.26794,3080.190240338215
745,2021-01-15,26.41148,3097.0218041037083
746,2021-01-16,31.36842,3678.2747767365872
747,2021-01-17,32.68899,3833.125397900006
748,2021-01-18,29.46411,3454.9745454821204
749,2021-01-19,28.4976,3341.6411562178955
750,2021-01-20,29.68421,3480.783568644897
751,2021-01-21,29.7799,3492.004220287088
752,2021-01-22,29.01435,3402.23548933632
753,2021-01-23,34.01913,3989.0982014880865
754,2021-01-24,40.72727,4775.697659185279
755,2021-01-25,35.75119,4192.20032170308
756,2021-01-26,36.18181,4242.6950129995585
757,2021-01-27,32.9665,3865.6663430063327
758,2021-01-28,29.96172,3513.324513751223
759,2021-01-29,28.06698,3291.1464649214167
760,2021-01-30,34.0287,3990.2203839127474
761,2021-01-31,36.28708,4255.039019670825
762,2021-02-01,32.82296,3848.8347792408395
763,2021-02-02,30.44019,3569.430117171005
764,2021-02-03,26.99521,3165.470241590341
765,2021-02-04,30.69856,3599.7266974280096
766,2021-02-05,28.32535,3321.443045178421
767,2021-02-06,33.22488,3895.9640958677514
768,2021-02-07,42.65071,5001.241082684653
769,2021-02-08,31.16746,3654.710118423131
770,2021-02-09,29.74162,3487.515490588446
771,2021-02-10,29.29186,3434.7764344426455
772,2021-02-11,33.23444,3897.085105687998
773,2021-02-12,41.51196,4867.710754985369
774,2021-02-13,48.40191,5675.6293335422815
775,2021-02-14,47.80861,5606.058713630989
776,2021-02-15,40.11483,4703.882674424664
777,2021-02-16,36.34449,4261.7709416143725
778,2021-02-17,36.58373,4289.824329626471
779,2021-02-18,35.79904,4197.811233826382
780,2021-02-19,32.57416,3819.660381408495
781,2021-02-20,39.57894,4641.04397645692
782,2021-02-21,41.55023,4872.198312079596
783,2021-02-22,34.78468,4078.866932438855
784,2021-02-23,33.70334,3952.0685266831188
785,2021-02-24,30.5933,3587.3838633611585
786,2021-02-25,32.76555,3842.1028572972905
787,2021-02-26,32.58373,3820.782563833156
788,2021-02-27,36.60287,4292.068694475793
789,2021-02-28,43.5598,5107.841377400915
790,2021-03-01,51.0622,5987.576113322856
791,2021-03-02,33.81818,3965.534715779045
792,2021-03-03,32.21052,3777.0197944802253
793,2021-03-04,28.92822,3392.135847514375
794,2021-03-05,26.97607,3163.22587674102
795,2021-03-06,36.03827,4225.863449234065
796,2021-03-07,41.73205,4893.518605543732
797,2021-03-08,32.27751,3784.8750714528483
798,2021-03-09,30.80382,3612.0695314948607
799,2021-03-10,34.5933,4056.425629154474
800,2021-03-11,29.49282,3458.3410927561013
801,2021-03-12,29.0622,3407.8464014596225
802,2021-03-13,35.5598,4169.757845814284
803,2021-03-14,39.32057,4610.747396199915
804,2021-03-15,30.95693,3630.0232776850144
805,2021-03-16,29.5598,3466.1951971243107
806,2021-03-17,29.76076,3489.759855437767
807,2021-03-18,27.97129,3279.9258132792256
808,2021-03-19,28.2488,3312.4667583855517
809,2021-03-20,36.08612,4231.474361357368
810,2021-03-21,37.76076,4427.843387024397
811,2021-03-22,30.95693,3630.0232776850144
812,2021-03-23,28.52631,3345.0077034918772
813,2021-03-24,27.16746,3185.6683526298157
814,2021-03-25,26.1244,3063.358676572722
815,2021-03-26,24.88995,2918.606524626832
816,2021-03-27,31.88516,3738.8679372505967
817,2021-03-28,35.86602,4205.665338194591
818,2021-03-29,28.22009,3309.10021111157
819,2021-03-30,28.38277,3328.1761397263845
820,2021-03-31,27.66507,3244.018320898919
821,2021-04-01,24.9665,2927.582811419702
822,2021-04-02,27.14832,3183.4239877804944
823,2021-04-03,32.81339,3847.7125968161786
824,2021-04-04,33.24401,3898.2072881126587
825,2021-04-05,26.09569,3059.9921292987406
826,2021-04-06,27.38755,3211.4762031881783
827,2021-04-07,25.76076,3020.7180896444515
828,2021-04-08,24.0287,2817.6159694294593
829,2021-04-09,25.19617,2954.5140170071395
830,2021-04-10,29.79904,3494.248585136409
831,2021-04-11,31.70334,3717.5476437864613
832,2021-04-12,29.74162,3487.515490588446
833,2021-04-13,26.06698,3056.625582024759
834,2021-04-14,27.47368,3221.575845010123
835,2021-04-15,23.57894,2764.8769132836587
836,2021-04-16,23.92344,2805.2731353626077
837,2021-04-17,28.33492,3322.565227603082
838,2021-04-18,30.88038,3621.0469908921445
839,2021-04-19,24.0287,2817.6159694294593
840,2021-04-20,32.26794,3783.7528890281883
841,2021-04-21,25.85645,3031.9387412866417
842,2021-04-22,24.86124,2915.2399773528505
843,2021-04-23,31.11961,3649.0992062998284
844,2021-04-24,28.40191,3330.4205045757053
845,2021-04-25,30.82296,3614.3138963441816
846,2021-04-26,25.23444,2959.001574101367
847,2021-04-27,23.95215,2808.6396826365894
848,2021-04-28,23.47368,2752.5340792168076
849,2021-04-29,21.28229,2495.5707204313544
850,2021-04-30,19.11961,2241.9739089198824
851,2021-05-01,25.67464,3010.6196204269213
852,2021-05-02,28.98564,3398.868942062338
853,2021-05-03,23.61722,2769.365642982301
854,2021-05-04,23.04306,2702.0393879203284
855,2021-05-05,26.86124,3149.7608602495084
856,2021-05-06,23.50239,2755.900626490789
857,2021-05-07,21.68421,2542.7000370582664
858,2021-05-08,28.01913,3285.5355527981137
859,2021-05-09,28.53588,3346.1298859165377
860,2021-05-10,24.51674,2874.8437552739015
861,2021-05-11,23.30143,2732.335968177333
862,2021-05-12,23.311,2733.4581506019936
863,2021-05-13,23.67464,2776.098737530264
864,2021-05-14,21.1866,2484.3500687891633
865,2021-05-15,23.94258,2807.517500211929
866,2021-05-16,29.0909,3411.2117761291893
867,2021-05-17,23.08133,2706.526945014556
868,2021-05-18,21.48325,2519.1353787448106
869,2021-05-19,25.24401,2960.1237565260276
870,2021-05-20,24.94736,2925.3384465703807
871,2021-05-21,20.1244,2359.796027882749
872,2021-05-22,23.57894,2764.8769132836587
873,2021-05-23,25.71291,3015.107177521149
874,2021-05-24,21.71291,2546.0654117278336
875,2021-05-25,20.23923,2373.26104437426
876,2021-05-26,19.82775,2325.010717927102
877,2021-05-27,20.73684,2431.611012643363
878,2021-05-28,19.49282,2285.736678272813
879,2021-05-29,25.40669,2979.1996851408417
880,2021-05-30,27.311,3202.499916395309
881,2021-05-31,22.14354,2596.561275628728
882,2021-06-01,20.82296,2441.709481860893
883,2021-06-02,20.68899,2426.0001005200606
884,2021-06-03,19.33014,2266.660749657999
885,2021-06-04,17.58851,2062.436447018346
886,2021-06-05,22.17224,2599.926650298294
887,2021-06-06,26.38277,3093.6552568297266
888,2021-06-07,22.07655,2588.705998656104
889,2021-06-08,21.67464,2541.577854633606
890,2021-06-09,19.77033,2318.277623379139
891,2021-06-10,19.61722,2300.3238771889855
892,2021-06-11,19.86602,2329.4982750213294
893,2021-06-12,22.51674,2640.3228723772436
894,2021-06-13,24.68899,2895.041866313376
895,2021-06-14,20.83253,2442.831664285554
896,2021-06-15,19.60765,2299.2016947643247
897,2021-06-16,19.57894,2295.8351474903434
898,2021-06-17,20.5933,2414.77944887787
899,2021-06-18,19.20574,2252.0735507418267
900,2021-06-19,23.27272,2728.9694209033514
901,2021-06-20,25.04306,2936.560270816986
902,2021-06-21,21.64593,2538.2113073596247
903,2021-06-22,19.97129,2341.842281692595
904,2021-06-23,21.42583,2512.4022841968476
905,2021-06-24,19.30143,2263.294202384018
906,2021-06-25,18.39234,2156.6939076677563
907,2021-06-26,27.89473,3270.948353881942
908,2021-06-27,26.63157,3122.829654662071
909,2021-06-28,20.74641,2432.733195068024
910,2021-06-29,22.00956,2580.8507216834805
911,2021-06-30,21.56937,2529.2338479623404
912,2021-07-01,20.77511,2436.098569737591
913,2021-07-02,20.3732,2388.970425715093
914,2021-07-03,26.41148,3097.0218041037083
915,2021-07-04,29.73205,3486.3933081637856
916,2021-07-05,24.27751,2846.7915398662176
917,2021-07-06,21.22488,2488.8387984878054
918,2021-07-07,21.46411,2516.89101389549
919,2021-07-08,19.15789,2246.462638618524
920,2021-07-09,17.41626,2042.2383359788716
921,2021-07-10,22.63157,2653.7878888687555
922,2021-07-11,24.56459,2880.454667397204
923,2021-07-12,21.94258,2572.996617315271
924,2021-07-13,19.30143,2263.294202384018
925,2021-07-14,21.34928,2503.425997403978
926,2021-07-15,22.18181,2601.048832722955
927,2021-07-16,20.45933,2399.0700675370376
928,2021-07-17,23.49282,2754.7784440661285
929,2021-07-18,26.19138,3071.2127809409308
930,2021-07-19,22.51674,2640.3228723772436
931,2021-07-20,21.96172,2575.2409821645924
932,2021-07-21,20.64114,2420.389188396758
933,2021-07-22,19.74162,2314.9110761051575
934,2021-07-23,20.48803,2402.4354422066044
935,2021-07-24,22.26794,2611.1484745448997
936,2021-07-25,21.82775,2559.53160082376
937,2021-07-26,18.28708,2144.3510736009052
938,2021-07-27,21.01435,2464.1519577496892
939,2021-07-28,21.24401,2491.0819907327123
940,2021-07-29,18.83253,2208.310781388896
941,2021-07-30,19.61722,2300.3238771889855
942,2021-07-31,21.33014,2501.181632554657
943,2021-08-01,23.39712,2743.556619819524
944,2021-08-02,20.23923,2373.26104437426
945,2021-08-03,20.17224,2365.4057674016367
946,2021-08-04,19.99043,2344.0866465419163
947,2021-08-05,20.70813,2428.244465369382
948,2021-08-06,18.79425,2203.8220516902543
949,2021-08-07,20.15311,2363.1625751567303
950,2021-08-08,23.04306,2702.0393879203284
951,2021-08-09,20.22009,2371.0166795249393
952,2021-08-10,21.01435,2464.1519577496892
953,2021-08-11,22.30622,2615.6372042435414
954,2021-08-12,22.25837,2610.026292120239
955,2021-08-13,21.17703,2483.227886364503
956,2021-08-14,24.2488,2843.4249925922363
957,2021-08-15,28.50717,3342.763338642556
958,2021-08-16,35.41626,4152.926282048791
959,2021-08-17,29.85645,3500.980507079957
960,2021-08-18,24.622,2887.1865893407526
961,2021-08-19,23.36842,2740.1912451499566
962,2021-08-20,22.04784,2585.3394513821227
963,2021-08-21,26.15311,3066.7252238467036
964,2021-08-22,28.47846,3339.3967913685747
965,2021-08-23,24.90909,2920.850889476153
966,2021-08-24,22.65071,2656.0322537180764
967,2021-08-25,22.72727,2665.0097131153607
968,2021-08-26,23.47368,2752.5340792168076
969,2021-08-27,24.70813,2897.2862311626973
970,2021-08-28,27.5598,3231.6743142276528
971,2021-08-29,28.9665,3396.6245772130173
972,2021-08-30,24.66985,2892.797501464055
973,2021-08-31,24.13397,2829.959976100725
974,2021-09-01,23.64593,2772.732190256282
975,2021-09-02,21.73205,2548.309776577155
976,2021-09-03,20.33492,2384.481696016451
977,2021-09-04,23.80861,2791.8081188710967
978,2021-09-05,28.22966,3310.2223935362304
979,2021-09-06,24.07655,2823.226881552762
980,2021-09-07,23.311,2733.4581506019936
981,2021-09-08,21.7799,2553.9206887004575
982,2021-09-09,22.09569,2590.9503635054252
983,2021-09-10,21.63636,2537.089124934964
984,2021-09-11,25.9043,3037.5496534099443
985,2021-09-12,29.92344,3508.835784052581
986,2021-09-13,23.85645,2797.4178583899843
987,2021-09-14,22.5933,2649.300331774528
988,2021-09-15,23.70334,2779.4641121998307
989,2021-09-16,22.32535,2617.8803964884482
990,2021-09-17,20.77511,2436.098569737591
991,2021-09-18,25.69377,3012.862812671828
992,2021-09-19,27.40669,3213.7205680374996
993,2021-09-20,24.09569,2825.4712464020827
994,2021-09-21,24.26794,2845.669357441557
995,2021-09-22,31.62679,3708.571356993592
996,2021-09-23,31.21531,3660.3210305464336
997,2021-09-24,26.3732,3092.533074405066
998,2021-09-25,29.32057,3438.1429817166268
999,2021-09-26,30.32535,3555.963928075079
1000,2021-09-27,29.59808,3470.683926822953
1001,2021-09-28,28.20095,3306.855846262249
1002,2021-09-29,27.49282,3223.820209859444
1003,2021-09-30,25.78947,3024.0846369184333
1004,2021-10-01,23.07177,2705.4059351943097
1005,2021-10-02,26.01913,3051.0146699014563
1006,2021-10-03,28.54545,3347.252068341198
1007,2021-10-04,29.35885,3442.631711415269
1008,2021-10-05,23.33971,2736.824697875975
1009,2021-10-06,23.03349,2700.917205495668
1010,2021-10-07,23.13875,2713.260039562519
1011,2021-10-08,22.05741,2586.461633806783
1012,2021-10-09,25.44497,2983.688414839484
1013,2021-10-10,28.4976,3341.6411562178955
1014,2021-10-11,30.08612,3527.911712667395
1015,2021-10-12,25.27272,2963.490303800009
1016,2021-10-13,22.99521,2696.428475797026
1017,2021-10-14,23.14832,2714.382221987179
1018,2021-10-15,22.28708,2613.3928393942206
1019,2021-10-16,28.54545,3347.252068341198
1020,2021-10-17,32.1244,3766.921325262695
1021,2021-10-18,25.32057,2969.1012159233114
1022,2021-10-19,24.32535,2852.4012793851057
1023,2021-10-20,46.93779,5503.945976008955
1024,2021-10-21,53.04306,6219.852631370193
1025,2021-10-22,35.11961,4118.140972093144
1026,2021-10-23,34.50717,4046.3259873325296
1027,2021-10-24,39.16746,4592.793650009761
1028,2021-10-25,26.95693,3160.981511891699
1029,2021-10-26,26.00956,3049.892487476796
1030,2021-10-27,24.93779,2924.2162641457203
1031,2021-10-28,25.21531,2956.7583818564603
1032,2021-10-29,24.72727,2899.530596012018
1033,2021-10-30,27.67464,3245.140503323579
1034,2021-10-31,29.79904,3494.248585136409
1035,2021-11-01,26.56459,3114.9755502938615
1036,2021-11-02,25.14832,2948.903104883837
1037,2021-11-03,23.78947,2789.5637540217754
1038,2021-11-04,23.33014,2735.7025154513144
1039,2021-11-05,21.98086,2577.4853470139133
1040,2021-11-06,26.07655,3057.7477644494193
1041,2021-11-07,29.5311,3462.8298224547434
1042,2021-11-08,26.79425,3141.905583276885
1043,2021-11-09,26.51674,3109.364638170559
1044,2021-11-10,27.74162,3252.994607691788
1045,2021-11-11,25.83732,3029.6955490417354
1046,2021-11-12,25.23444,2959.001574101367
1047,2021-11-13,28.98564,3398.868942062338
1048,2021-11-14,32.61244,3824.1491111071373
1049,2021-11-15,26.61244,3120.586462417164
1050,2021-11-16,25.70334,3013.9849950964885
1051,2021-11-17,25.22488,2957.8805642811208
1052,2021-11-18,24.0287,2817.6159694294593
1053,2021-11-19,22.86124,2680.719094456193
1054,2021-11-20,26.93779,3158.7371470423777
1055,2021-11-21,29.82775,3497.6151324103907
1056,2021-11-22,28.20095,3306.855846262249
1057,2021-11-23,28.15311,3301.246106743361
1058,2021-11-24,25.02392,2934.315905967665
1059,2021-11-25,25.87559,3034.183106135963
1060,2021-11-26,22.92822,2688.573198824402
1061,2021-11-27,26.81339,3144.149948126206
1062,2021-11-28,29.93301,3509.9579664772414
1063,2021-11-29,26.51674,3109.364638170559
1064,2021-11-30,24.82296,2910.7512476542083
1065,2021-12-01,27.88516,3269.8261714572814
1066,2021-12-02,24.68899,2895.041866313376
1067,2021-12-03,23.63636,2771.6100078316217
1068,2021-12-04,30.97607,3632.267642534335
1069,2021-12-05,31.11961,3649.0992062998284
1070,2021-12-06,26.17224,3068.9684160916095
1071,2021-12-07,29.00478,3401.113306911659
1072,2021-12-08,24.81339,2909.629065229548
1073,2021-12-09,24.26794,2845.669357441557
1074,2021-12-10,22.1244,2594.3169107794065
1075,2021-12-11,26.50717,3108.2424557458985
1076,2021-12-12,30.72727,3603.0932447019914
1077,2021-12-13,30.2488,3546.987641282209
1078,2021-12-14,29.63636,3475.1726565215945
1079,2021-12-15,25.4354,2982.5662324148234
1080,2021-12-16,25.5311,2993.788056661428
1081,2021-12-17,25.33971,2971.3455807726327
1082,2021-12-18,27.39712,3212.598385612839
1083,2021-12-19,31.81818,3731.0138328823878
1084,2021-12-20,26.81339,3144.149948126206
1085,2021-12-21,25.45454,2984.8105972641442
1086,2021-12-22,24.66028,2891.6753190393947
1087,2021-12-23,23.50239,2755.900626490789
1088,2021-12-24,22.40191,2626.857855885732
1089,2021-12-25,28.40191,3330.4205045757053
1090,2021-12-26,32.41148,3800.5844527936806
1091,2021-12-27,27.88516,3269.8261714572814
1092,2021-12-28,25.71291,3015.107177521149
1093,2021-12-29,24.8421,2912.9956125035296
1094,2021-12-30,25.36842,2974.712128046614
1095,2021-12-31,21.7799,2553.9206887004575
1096,2022-01-01,23.61722,2769.365642982301
1097,2022-01-02,30.15311,3535.766989640019
1098,2022-01-03,27.02392,3168.8367888643224
1099,2022-01-04,25.01435,2933.1937235430046
1100,2022-01-05,25.16746,2951.147469733158
1101,2022-01-06,24.93779,2924.2162641457203
1102,2022-01-07,23.87559,2799.662223239305
1103,2022-01-08,26.98564,3164.3480591656803
1104,2022-01-09,32.1244,3766.921325262695
1105,2022-01-10,27.87559,3268.7039890326205
1106,2022-01-11,26.0287,3052.1368523261167
1107,2022-01-12,24.75598,2902.897143286
1108,2022-01-13,24.78468,2906.262517955567
1109,2022-01-14,23.60765,2768.24346055764
1110,2022-01-15,26.1244,3063.358676572722
1111,2022-01-16,30.2488,3546.987641282209
1112,2022-01-17,25.38755,2976.955320291521
1113,2022-01-18,27.05263,3172.203336138304
1114,2022-01-19,26.61244,3120.586462417164
1115,2022-01-20,27.46411,3220.4536625854626
1116,2022-01-21,28.80382,3377.5486485982033
1117,2022-01-22,29.6555,3477.417021370916
1118,2022-01-23,34.11483,4000.3200257346916
1119,2022-01-24,30.92822,3626.6567304110326
1120,2022-01-25,30.46889,3572.7954918405717
1121,2022-01-26,29.34928,3441.5095289906085
1122,2022-01-27,29.24401,3429.165522319343
1123,2022-01-28,27.61722,3238.407408775616
1124,2022-01-29,30.26794,3549.2320061315304
1125,2022-01-30,31.75119,3723.158555909764
1126,2022-01-31,32.69856,3834.2475803246675
1127,2022-02-01,37.63636,4413.256188108226
1128,2022-02-02,43.50239,5101.109455457366
1129,2022-02-03,36.52631,4283.091235078508
1130,2022-02-04,32.47846,3808.43855716189
1131,2022-02-05,35.83732,4202.2999635250235
1132,2022-02-06,37.23444,4366.126871481313
1133,2022-02-07,31.78947,3727.647285608406
1134,2022-02-08,31.82775,3732.136015307048
1135,2022-02-09,29.85645,3500.980507079957
1136,2022-02-10,29.87559,3503.2248719292784
1137,2022-02-11,28.8421,3382.037378296845
1138,2022-02-12,32.76555,3842.1028572972905
1139,2022-02-13,36.45933,4275.237130710299
1140,2022-02-14,31.38755,3680.5179689814936
1141,2022-02-15,29.98086,3515.568878600544
1142,2022-02-16,27.98086,3281.0479957038865
1143,2022-02-17,28.98564,3398.868942062338
1144,2022-02-18,29.39712,3447.1192685094966
1145,2022-02-19,40.22966,4717.347690916177
1146,2022-02-20,39.99043,4689.295475508493
1147,2022-02-21,32.86124,3853.3235089394816
1148,2022-02-22,32.43062,3802.828817643002
1149,2022-02-23,32.50717,3811.8051044358717
1150,2022-02-24,30.25837,3548.1098237068695
1151,2022-02-25,28.66985,3361.8392672573705
1152,2022-02-26,35.78947,4196.689051401721
1153,2022-02-27,38.09569,4467.117426678686
1154,2022-02-28,31.83732,3733.258197731708
1155,2022-03-01,37.62679,4412.134005683565
1156,2022-03-02,29.72248,3485.2711257391247
1157,2022-03-03,28.43062,3333.787051849687
1158,2022-03-04,25.87559,3034.183106135963
1159,2022-03-05,32.75598,3840.9806748726305
1160,2022-03-06,35.5311,4166.392471144717
1161,2022-03-07,28.60287,3353.985162889161
1162,2022-03-08,25.45454,2984.8105972641442
1163,2022-03-09,27.69377,3247.3836955684856
1164,2022-03-10,24.45933,2868.111833330353
1165,2022-03-11,26.00956,3049.892487476796
1166,2022-03-12,32.32535,3790.4848109717364
1167,2022-03-13,35.08133,4113.652242394502
1168,2022-03-14,28.28708,3316.9554880841933
1169,2022-03-15,23.78947,2789.5637540217754
1170,2022-03-16,24.78468,2906.262517955567
1171,2022-03-17,24.31578,2851.2790969604453
1172,2022-03-18,23.13875,2713.260039562519
1173,2022-03-19,28.52631,3345.0077034918772
1174,2022-03-20,30.73684,3604.215427126652
1175,2022-03-21,24.86124,2915.2399773528505
1176,2022-03-22,23.05263,2703.161570344989
1177,2022-03-23,23.25358,2726.72505605403
1178,2022-03-24,21.78947,2555.042871125118
1179,2022-03-25,22.73684,2666.131895540021
1180,2022-03-26,26.91866,3156.4939547974714
1181,2022-03-27,32.00956,3753.4551361667686
1182,2022-03-28,24.23923,2842.3028101675754
1183,2022-03-29,23.7799,2788.441571597115
1184,2022-03-30,22.94736,2690.8175636737233
1185,2022-03-31,22.07655,2588.705998656104
1186,2022-04-01,23.03349,2700.917205495668
1187,2022-04-02,28.03827,3287.779917647435
1188,2022-04-03,31.71291,3718.669826211122
1189,2022-04-04,25.49282,2989.299326962786
1190,2022-04-05,23.21531,2722.237498959803
1191,2022-04-06,24.76555,2904.0193257106603
1192,2022-04-07,23.00478,2697.5506582216863
1193,2022-04-08,30.88038,3621.0469908921445
1194,2022-04-09,25.77033,3021.840272069112
1195,2022-04-10,26.76555,3138.540208607318
1196,2022-04-11,25.81818,3027.4511841924145
1197,2022-04-12,23.70334,2779.4641121998307
1198,2022-04-13,22.23923,2607.781927270918
1199,2022-04-14,21.56937,2529.2338479623404
1200,2022-04-15,20.5933,2414.77944887787
1201,2022-04-16,26.14354,3065.603041422043
1202,2022-04-17,27.37799,3210.3551933679323
1203,2022-04-18,22.77511,2670.619452634249
1204,2022-04-19,21.23444,2489.959808308052
1205,2022-04-20,22.5933,2649.300331774528
1206,2022-04-21,20.94736,2456.2966807770654
1207,2022-04-22,20.41148,2393.459155413735
1208,2022-04-23,24.43062,2864.7452860563717
1209,2022-04-24,28.80382,3377.5486485982033
1210,2022-04-25,23.02392,2699.795023071007
1211,2022-04-26,23.35885,2739.069062725296
1212,2022-04-27,23.01435,2698.6728406463467
1213,2022-04-28,21.59808,2532.600395236322
1214,2022-04-29,21.11004,2475.37260939188
1215,2022-04-30,26.23923,3076.8236930642333
1216,2022-05-01,30.39234,3563.8192050477023
1217,2022-05-02,22.86124,2680.719094456193
1218,2022-05-03,22.3732,2623.491308611751
1219,2022-05-04,20.74641,2432.733195068024
1220,2022-05-05,26.29665,3083.5567876121963
1221,2022-05-06,22.42105,2629.1022207350534
1222,2022-05-07,24.50717,2873.7215728492406
1223,2022-05-08,27.47368,3221.575845010123
1224,2022-05-09,21.07177,2470.8850522976522
1225,2022-05-10,22.8421,2678.4747296068717
1226,2022-05-11,21.11961,2476.4947918165403
1227,2022-05-12,21.14832,2479.8613390905216
1228,2022-05-13,20.91866,2452.931306107498
1229,2022-05-14,24.622,2887.1865893407526
1230,2022-05-15,28.86124,3384.281743146166
1231,2022-05-16,23.96172,2809.76186506125
1232,2022-05-17,23.01435,2698.6728406463467
1233,2022-05-18,21.79904,2556.1650535497783
1234,2022-05-19,21.41626,2511.280101772187
1235,2022-05-20,20.47846,2401.313259781944
1236,2022-05-21,23.0622,2704.2837527696493
1237,2022-05-22,26.51674,3109.364638170559
1238,2022-05-23,20.88038,2448.4425764088564
1239,2022-05-24,21.20574,2486.5944336384846
1240,2022-05-25,22.07655,2588.705998656104
1241,2022-05-26,21.0909,2473.1282445425586
1242,2022-05-27,18.22009,2136.4957966282814
1243,2022-05-28,21.47368,2518.01319632015
1244,2022-05-29,25.04306,2936.560270816986
1245,2022-05-30,21.0622,2469.762869872992
1246,2022-05-31,19.34928,2268.9051145073204
1247,2022-06-01,24.33492,2853.5234618097666
1248,2022-06-02,21.46411,2516.89101389549
1249,2022-06-03,19.6555,2304.812606887627
1250,2022-06-04,22.69856,2661.643165841379
1251,2022-06-05,23.78947,2789.5637540217754
1252,2022-06-06,24.48803,2871.4772079999198
1253,2022-06-07,20.33492,2384.481696016451
1254,2022-06-08,20.17224,2365.4057674016367
1255,2022-06-09,20.19138,2367.6501322509575
1256,2022-06-10,19.33014,2266.660749657999
1257,2022-06-11,23.61722,2769.365642982301
1258,2022-06-12,24.85167,2914.11779492819
1259,2022-06-13,21.96172,2575.2409821645924
1260,2022-06-14,21.49282,2520.2575611694706
1261,2022-06-15,19.76076,2317.1554409544788
1262,2022-06-16,18.89952,2216.16605836152
1263,2022-06-17,19.27272,2259.927655110036
1264,2022-06-18,22.75598,2668.376260389342
1265,2022-06-19,24.57416,2881.5768498218645
1266,2022-06-20,20.50717,2404.6798070559253
1267,2022-06-21,19.76076,2317.1554409544788
1268,2022-06-22,20.5933,2414.77944887787
1269,2022-06-23,18.50717,2170.158924159268
1270,2022-06-24,18.03827,2115.1755031641464
1271,2022-06-25,20.95693,2457.418863201726
1272,2022-06-26,22.98564,2695.306293372365
1273,2022-06-27,19.311,2264.4163848086782
1274,2022-06-28,18.75598,2199.3344945960266
1275,2022-06-29,18.32535,2148.838630695133
1276,2022-06-30,18.3732,2154.4495428184355
1277,2022-07-01,17.46411,2047.8492481021742
1278,2022-07-02,21.91387,2569.63007004129
1279,2022-07-03,23.04306,2702.0393879203284
1280,2022-07-04,19.72248,2312.6667112558366
1281,2022-07-05,20.0,2345.2088289665767
1282,2022-07-06,19.85645,2328.376092596669
1283,2022-07-07,19.19617,2250.9513683171663
1284,2022-07-08,17.96172,2106.199216371277
1285,2022-07-09,20.94736,2456.2966807770654
1286,2022-07-10,23.12918,2712.1378571378586
1287,2022-07-11,19.75119,2316.033258529818
1288,2022-07-12,19.84688,2327.2539101720085
1289,2022-07-13,17.75119,2081.5123756331604
1290,2022-07-14,16.60287,1946.8598655092153
1291,2022-07-15,16.54545,1940.126770961252
1292,2022-07-16,19.6555,2304.812606887627
1293,2022-07-17,22.04784,2585.3394513821227
1294,2022-07-18,19.10047,2239.7295440705616
1295,2022-07-19,21.11004,2475.37260939188
1296,2022-07-20,20.38277,2390.092608139754
1297,2022-07-21,16.92822,1985.0105501344292
1298,2022-07-22,15.88516,1862.7008740773354
1299,2022-07-23,19.11961,2241.9739089198824
1300,2022-07-24,20.97607,2459.663228051047
1301,2022-07-25,18.44976,2163.4270022157193
1302,2022-07-26,17.14832,2010.819573297206
1303,2022-07-27,17.12918,2008.5752084478854
1304,2022-07-28,16.26794,1907.5858258549265
1305,2022-07-29,14.72727,1726.9261815287298
1306,2022-07-30,17.27272,2025.4067722133784
1307,2022-07-31,18.95693,2222.8979803050684
1308,2022-08-01,18.14354,2127.5195098354125
1309,2022-08-02,17.40669,2041.1161535542112
1310,2022-08-03,17.58851,2062.436447018346
1311,2022-08-04,18.07655,2119.6642328627886
1312,2022-08-05,16.87081,1978.2786281908805
1313,2022-08-06,19.35885,2270.027296931981
1314,2022-08-07,20.55502,2410.290719179228
1315,2022-08-08,16.91866,1983.889540314183
1316,2022-08-09,17.17703,2014.1861205711878
1317,2022-08-10,19.24401,2256.5611078360544
1318,2022-08-11,18.44019,2162.304819791059
1319,2022-08-12,17.11004,2006.3308435985643
1320,2022-08-13,20.31578,2382.23733116713
1321,2022-08-14,22.9665,2693.061928523044
1322,2022-08-15,22.48803,2636.956325103262
1323,2022-08-16,19.01435,2229.6310748530314
1324,2022-08-17,19.32057,2265.5385672333387
1325,2022-08-18,18.33492,2149.9608131197933
1326,2022-08-19,17.57894,2061.3142645936855
1327,2022-08-20,20.4976,2403.557624631265
1328,2022-08-21,22.53588,2642.567237226565
1329,2022-08-22,18.3732,2154.4495428184355
1330,2022-08-23,19.44497,2280.125766149511
1331,2022-08-24,18.57416,2178.0142011318912
1332,2022-08-25,18.04784,2116.2976855888073
1333,2022-08-26,18.27751,2143.228891176245
1334,2022-08-27,21.74162,2549.4319590018154
1335,2022-08-28,23.79904,2790.6859364464362
1336,2022-08-29,20.23923,2373.26104437426
1337,2022-08-30,20.29665,2379.9941389222236
1338,2022-08-31,19.28229,2261.0498375346965
1339,2022-09-01,19.33971,2267.7829320826595
1340,2022-09-02,18.95693,2222.8979803050684
1341,2022-09-03,21.83732,2560.65378324842
1342,2022-09-04,24.21052,2838.936262893594
1343,2022-09-05,21.84688,2561.774793068666
1344,2022-09-06,19.75119,2316.033258529818
1345,2022-09-07,17.17703,2014.1861205711878
1346,2022-09-08,17.98086,2108.443581220598
1347,2022-09-09,19.311,2264.4163848086782
1348,2022-09-10,20.03827,2349.6963860608043
1349,2022-09-11,26.22009,3074.579328214912
1350,2022-09-12,28.66985,3361.8392672573705
1351,2022-09-13,23.33971,2736.824697875975
1352,2022-09-14,21.15789,2480.983521515182
1353,2022-09-15,20.22966,2372.1388619495997
1354,2022-09-16,19.20574,2252.0735507418267
1355,2022-09-17,21.44497,2514.6466490461685
1356,2022-09-18,24.38277,2859.134373933069
1357,2022-09-19,21.00478,2463.0297753250284
1358,2022-09-20,20.53588,2408.046354329907
1359,2022-09-21,18.25837,2140.9845263269235
1360,2022-09-22,17.96172,2106.199216371277
1361,2022-09-23,19.24401,2256.5611078360544
1362,2022-09-24,22.47846,2635.8341426786014
1363,2022-09-25,24.31578,2851.2790969604453
1364,2022-09-26,22.0,2579.729711863234
1365,2022-09-27,19.93301,2337.3535519939533
1366,2022-09-28,19.33014,2266.660749657999
1367,2022-09-29,18.65071,2186.990487924761
1368,2022-09-30,17.77033,2083.7567404824813
1369,2022-10-01,27.29186,3200.2555515459876
1370,2022-10-02,27.95215,3277.681448429905
1371,2022-10-03,28.48803,3340.518973793235
1372,2022-10-04,20.80382,2439.4651170115726
1373,2022-10-05,21.36842,2505.6703622532987
1374,2022-10-06,18.99521,2227.3867100037105
1375,2022-10-07,19.51196,2287.981043122134
1376,2022-10-08,22.66985,2658.2766185673972
1377,2022-10-09,26.36363,3091.4108919804057
1378,2022-10-10,29.25358,3430.2877047440033
1379,2022-10-11,23.33014,2735.7025154513144
1380,2022-10-12,23.66507,2774.9765551056034
1381,2022-10-13,20.82296,2441.709481860893
1382,2022-10-14,19.62679,2301.446059613646
1383,2022-10-15,25.08133,2941.0478279112135
1384,2022-10-16,27.26315,3196.8890042720063
1385,2022-10-17,21.29186,2496.692902856015
1386,2022-10-18,21.94258,2572.996617315271
1387,2022-10-19,20.38277,2390.092608139754
1388,2022-10-20,20.5933,2414.77944887787
1389,2022-10-21,19.6555,2304.812606887627
1390,2022-10-22,22.13397,2595.439093204067
1391,2022-10-23,24.53588,2877.0881201232223
1392,2022-10-24,22.36363,2622.3691261870904
1393,2022-10-25,21.14832,2479.8613390905216
1394,2022-10-26,20.52631,2406.9241719052466
1395,2022-10-27,19.33971,2267.7829320826595
1396,2022-10-28,18.88995,2215.043875936859
1397,2022-10-29,20.77511,2436.098569737591
1398,2022-10-30,20.10526,2357.5516630334278
1399,2022-10-31,19.17703,2248.7070034678454
1400,2022-11-01,19.36842,2271.149479356641
1401,2022-11-02,19.57894,2295.8351474903434
1402,2022-11-03,19.42583,2277.8814013001897
1403,2022-11-04,21.70334,2544.943229303173
1404,2022-11-05,23.97129,2810.8840474859103
1405,2022-11-06,29.47368,3456.096727906781
1406,2022-11-07,26.28708,3082.434605187536
1407,2022-11-08,23.74162,2783.952841898473
1408,2022-11-09,21.80861,2557.2872359744388
1409,2022-11-10,21.4354,2513.524466621508
1410,2022-11-11,20.76555,2434.977559917345
1411,2022-11-12,25.49282,2989.299326962786
1412,2022-11-13,29.1866,3422.433600375794
1413,2022-11-14,24.10526,2826.593428826743
1414,2022-11-15,26.40191,3095.8996216790474
1415,2022-11-16,23.19617,2719.9931341104816
1416,2022-11-17,21.92344,2570.7522524659503
1417,2022-11-18,20.94736,2456.2966807770654
1418,2022-11-19,23.25358,2726.72505605403
1419,2022-11-20,25.93301,3040.916200683926
1420,2022-11-21,22.04784,2585.3394513821227
1421,2022-11-22,22.0,2579.729711863234
1422,2022-11-23,23.17703,2717.7487692611608
1423,2022-11-24,19.69377,2309.300163981855
1424,2022-11-25,19.21531,2253.1957331664876
1425,2022-11-26,24.23923,2842.3028101675754
1426,2022-11-27,28.18181,3304.611481412928
1427,2022-11-28,23.07177,2705.4059351943097
1428,2022-11-29,22.32535,2617.8803964884482
1429,2022-11-30,23.76076,2786.197206747794
1430,2022-12-01,24.46889,2869.232843150599
1431,2022-12-02,23.35885,2739.069062725296
1432,2022-12-03,24.03827,2818.7381518541197
1433,2022-12-04,29.64593,3476.2948389462554
1434,2022-12-05,24.87081,2916.362159777511
1435,2022-12-06,24.17224,2834.447533194952
1436,2022-12-07,22.03827,2584.217268957462
1437,2022-12-08,21.80861,2557.2872359744388
1438,2022-12-09,21.16746,2482.1057039398424
1439,2022-12-10,24.28708,2847.913722290878
1440,2022-12-11,27.87559,3268.7039890326205
1441,2022-12-12,24.33492,2853.5234618097666
1442,2022-12-13,23.21531,2722.237498959803
1443,2022-12-14,25.45454,2984.8105972641442
1444,2022-12-15,24.00956,2815.371604580138
1445,2022-12-16,23.96172,2809.76186506125
1446,2022-12-17,28.30622,3319.1998529335146
1447,2022-12-18,30.82296,3614.3138963441816
1448,2022-12-19,26.11483,3062.2364941480614
1449,2022-12-20,25.08133,2941.0478279112135
1450,2022-12-21,22.87081,2681.8412768808535
1451,2022-12-22,22.90909,2686.3300065794956
1452,2022-12-23,23.95215,2808.6396826365894
1453,2022-12-24,25.33014,2970.2233983479723
1454,2022-12-25,27.92344,3274.314901155923
1455,2022-12-26,29.1866,3422.433600375794
1456,2022-12-27,24.54545,2878.2103025478827
1457,2022-12-28,22.22009,2605.5375624215967
1458,2022-12-29,22.16267,2598.8044678736337
1459,2022-12-30,23.62679,2770.4878254069613
1460,2022-12-31,23.54066,2760.3881835850166
1461,2023-01-01,24.16267,2833.3253507702916
1462,2023-01-02,21.1866,2484.3500687891633
1463,2023-01-03,22.22009,2605.5375624215967
1464,2023-01-04,21.95215,2574.1187997399315
1465,2023-01-05,20.22966,2372.1388619495997
1466,2023-01-06,22.45933,2633.5909504336955
1467,2023-01-07,24.89952,2919.7287070514926
1468,2023-01-08,29.11961,3414.578323403171
1469,2023-01-09,22.41148,2627.980038310393
1470,2023-01-10,23.56937,2763.7547308589983
1471,2023-01-11,23.30143,2732.335968177333
1472,2023-01-12,22.16267,2598.8044678736337
1473,2023-01-13,21.58851,2531.4782128116613
1474,2023-01-14,27.23444,3193.5224569980246
1475,2023-01-15,29.89473,3505.469236778599
1476,2023-01-16,24.77511,2905.140335530906
1477,2023-01-17,23.39712,2743.556619819524
1478,2023-01-18,21.41626,2511.280101772187
1479,2023-01-19,20.90909,2451.8091236828377
1480,2023-01-20,20.7177,2429.3666477940424
1481,2023-01-21,23.08133,2706.526945014556
1482,2023-01-22,24.58373,2882.699032246525
1483,2023-01-23,32.0287,3755.69950101609
1484,2023-01-24,35.84688,4203.42097334527
1485,2023-01-25,27.88516,3269.8261714572814
1486,2023-01-26,25.50239,2990.4215093874463
1487,2023-01-27,25.83732,3029.6955490417354
1488,2023-01-28,28.18181,3304.611481412928
1489,2023-01-29,36.58373,4289.824329626471
1490,2023-01-30,27.83732,3264.216431938393
1491,2023-01-31,26.54545,3112.7311854445406
1492,2023-02-01,27.0622,3173.3255185629646
1493,2023-02-02,26.23923,3076.8236930642333
1494,2023-02-03,24.87081,2916.362159777511
1495,2023-02-04,27.86602,3267.58180660796
1496,2023-02-05,35.29186,4138.339083132619
1497,2023-02-06,32.10526,3764.6769604133738
1498,2023-02-07,31.44497,3687.251063529457
1499,2023-02-08,30.28708,3551.4763709808512
1500,2023-02-09,27.93301,3275.437083580584
1501,2023-02-10,28.69856,3365.205814531352
1502,2023-02-11,32.21052,3777.0197944802253
1503,2023-02-12,35.66507,4182.101852485549
1504,2023-02-13,30.57416,3585.1394985118372
1505,2023-02-14,28.38277,3328.1761397263845
1506,2023-02-15,28.28708,3316.9554880841933
1507,2023-02-16,28.54545,3347.252068341198
1508,2023-02-17,29.311,3437.0207992919663
1509,2023-02-18,33.67464,3948.7031520135515
1510,2023-02-19,38.9665,4569.2289916963055
1511,2023-02-20,32.5933,3821.904746257816
1512,2023-02-21,30.70813,3600.84887985267
1513,2023-02-22,32.87081,3854.4456913641416
1514,2023-02-23,30.70813,3600.84887985267
1515,2023-02-24,29.61722,3472.9282916722736
1516,2023-02-25,34.10526,3999.1978433100317
1517,2023-02-26,36.27751,4253.916837246164
1518,2023-02-27,28.66028,3360.71708483271
1519,2023-02-28,26.80382,3143.0277657015454
1520,2023-03-01,37.25358,4368.371236330634
1521,2023-03-02,24.86124,2915.2399773528505
1522,2023-03-03,24.27751,2846.7915398662176
1523,2023-03-04,30.66028,3595.2379677293675
1524,2023-03-05,34.31578,4023.8835114437334
1525,2023-03-06,24.83253,2911.873430078869
1526,2023-03-07,24.51674,2874.8437552739015
1527,2023-03-08,24.26794,2845.669357441557
1528,2023-03-09,22.35406,2621.2469437624295
1529,2023-03-10,22.32535,2617.8803964884482
1530,2023-03-11,25.39712,2978.0775027161812
1531,2023-03-12,29.20574,3424.6779652251153
1532,2023-03-13,22.74641,2667.2540779646815
1533,2023-03-14,22.04784,2585.3394513821227
1534,2023-03-15,20.92822,2454.0523159277445
1535,2023-03-16,21.85645,2562.8969754933264
1536,2023-03-17,22.18181,2601.048832722955
1537,2023-03-18,27.58851,3235.0408615016345
1538,2023-03-19,30.52631,3579.5285863885347
1539,2023-03-20,23.9043,2803.028770513287
1540,2023-03-21,23.54066,2760.3881835850166
1541,2023-03-22,21.84688,2561.774793068666
1542,2023-03-23,20.83253,2442.831664285554
1543,2023-03-24,21.35885,2504.5481798286382
1544,2023-03-25,25.50239,2990.4215093874463
1545,2023-03-26,27.25358,3195.7668218473455
1546,2023-03-27,22.17224,2599.926650298294
1547,2023-03-28,20.2488,2374.383226798921
1548,2023-03-29,20.05741,2351.940750910125
1549,2023-03-30,19.89473,2332.864822295311
1550,2023-03-31,18.81339,2206.066416539575
1551,2023-04-01,22.67942,2659.398800992058
1552,2023-04-02,24.90909,2920.850889476153
1553,2023-04-03,20.68899,2426.0001005200606
1554,2023-04-04,20.34449,2385.6038784411116
1555,2023-04-05,19.95215,2339.597916843274
1556,2023-04-06,19.13875,2244.2182737692037
1557,2023-04-07,18.78468,2202.699869265594
1558,2023-04-08,22.1244,2594.3169107794065
1559,2023-04-09,26.45933,3102.632716227011
1560,2023-04-10,23.54066,2760.3881835850166
1561,2023-04-11,22.72727,2665.0097131153607
1562,2023-04-12,20.54545,2409.1685367545674
1563,2023-04-13,20.75598,2433.8553774926845
1564,2023-04-14,19.29186,2262.172019959357
1565,2023-04-15,23.29186,2731.2137857526723
1566,2023-04-16,26.87081,3150.883042674169
1567,2023-04-17,20.11483,2358.6738454580886
1568,2023-04-18,19.67464,2307.0569717369485
1569,2023-04-19,19.71291,2311.544528831176
1570,2023-04-20,18.92822,2219.5314330310866
1571,2023-04-21,18.0287,2114.053320739486
1572,2023-04-22,21.91387,2569.63007004129
1573,2023-04-23,24.07655,2823.226881552762
1574,2023-04-24,19.36842,2271.149479356641
1575,2023-04-25,17.95215,2105.077033946616
1576,2023-04-26,17.89473,2098.343939398653
1577,2023-04-27,16.92822,1985.0105501344292
1578,2023-04-28,24.13397,2829.959976100725
1579,2023-04-29,22.47846,2635.8341426786014
1580,2023-04-30,22.91866,2687.452189004156
1581,2023-05-01,23.73205,2782.8306594738124
1582,2023-05-02,18.2488,2139.862343902263
1583,2023-05-03,19.67464,2307.0569717369485
1584,2023-05-04,18.68899,2191.479217623403
1585,2023-05-05,21.13875,2478.739156665861
1586,2023-05-06,23.33971,2736.824697875975
1587,2023-05-07,24.26794,2845.669357441557
1588,2023-05-08,18.42105,2160.060454941738
1589,2023-05-09,18.61244,2182.5029308305334
1590,2023-05-10,18.0,2110.6879460699192
1591,2023-05-11,17.9043,2099.4661218233136
1592,2023-05-12,16.33492,1915.4399302231357
1593,2023-05-13,18.89952,2216.16605836152
1594,2023-05-14,22.7177,2663.8875306907
1595,2023-05-15,17.57894,2061.3142645936855
1596,2023-05-16,17.39712,2039.9939711295506
1597,2023-05-17,17.80861,2088.2454701811234
1598,2023-05-18,17.83732,2091.6120174551047
1599,2023-05-19,16.88995,1980.5229930402015
1600,2023-05-20,19.79904,2321.644170653121
1601,2023-05-21,19.45454,2281.2479485741715
1602,2023-05-22,17.32057,2031.017684336681
1603,2023-05-23,17.52153,2054.582342650137
1604,2023-05-24,17.98086,2108.443581220598
1605,2023-05-25,15.68421,1839.1373883682936
1606,2023-05-26,15.01435,1760.589309059716
1607,2023-05-27,18.5933,2180.2585659812125
1608,2023-05-28,19.94258,2338.4757344186137
1609,2023-05-29,21.58851,2531.4782128116613
1610,2023-05-30,18.77511,2201.5776868409334
1611,2023-05-31,18.41148,2158.9382725170776
1612,2023-06-01,18.32535,2148.838630695133
1613,2023-06-02,16.67942,1955.8361523020849
1614,2023-06-03,19.16746,2247.584821043185
1615,2023-06-04,20.74641,2432.733195068024
1616,2023-06-05,17.81818,2089.367652605784
1617,2023-06-06,20.97607,2459.663228051047
1618,2023-06-07,18.0287,2114.053320739486
1619,2023-06-08,16.73684,1962.569246850048
1620,2023-06-09,16.22966,1903.0970961562844
1621,2023-06-10,18.19138,2133.1292493543
1622,2023-06-11,20.0,2345.2088289665767
1623,2023-06-12,17.30143,2028.77331948736
1624,2023-06-13,16.28708,1909.8301907042476
1625,2023-06-14,17.54066,2056.8255348950433
1626,2023-06-15,15.61722,1831.28211139567
1627,2023-06-16,15.51196,1818.939277328819
1628,2023-06-17,17.21531,2018.6748502698297
1629,2023-06-18,17.1866,2015.3083029958482
1630,2023-06-19,15.73205,1844.7471278871815
1631,2023-06-20,15.47368,1814.450547630177
1632,2023-06-21,15.15789,1777.4208728252092
1633,2023-06-22,14.76555,1731.4149112273717
1634,2023-06-23,15.04306,1763.9558563336975
1635,2023-06-24,16.44976,1928.9061193190619
1636,2023-06-25,18.09569,2121.90859771211
1637,2023-06-26,15.44497,1811.0840003561952
1638,2023-06-27,14.70813,1724.681816679409
1639,2023-06-28,14.28708,1675.30930780759
1640,2023-06-29,15.02392,1761.7114914843767
1641,2023-06-30,13.61722,1596.7612284990123
1642,2023-07-01,16.85167,1976.0342633415594
1643,2023-07-02,18.63157,2184.74612307544
1644,2023-07-03,14.85167,1741.513380444902
1645,2023-07-04,14.79425,1734.780285896939
1646,2023-07-05,15.19617,1781.9096025238512
1647,2023-07-06,13.61722,1596.7612284990123
1648,2023-07-07,12.10526,1419.468131446797
1649,2023-07-08,15.73205,1844.7471278871815
1650,2023-07-09,16.45933,1930.0283017437223
1651,2023-07-10,13.75119,1612.4706098398449
1652,2023-07-11,13.79904,1618.0815219631475
1653,2023-07-12,13.13875,1540.6556250792305
1654,2023-07-13,14.44019,1693.2630539977436
1655,2023-07-14,12.70813,1490.1609337827513
1656,2023-07-15,14.86124,1742.6355628695624
1657,2023-07-16,16.27751,1908.708008279587
1658,2023-07-17,13.61722,1596.7612284990123
1659,2023-07-18,13.60765,1595.6390460743519
1660,2023-07-19,13.0622,1531.679338286361
1661,2023-07-20,12.87081,1509.2368623975653
1662,2023-07-21,12.61244,1478.9402821405604
1663,2023-07-22,13.66507,1602.3721406223149
1664,2023-07-23,15.56937,1825.6711992723674
1665,2023-07-24,13.11004,1537.289077805249
1666,2023-07-25,12.64114,1482.3056568101276
1667,2023-07-26,13.17703,1545.1443547778724
1668,2023-07-27,12.64114,1482.3056568101276
1669,2023-07-28,11.99043,1406.0031149552856
1670,2023-07-29,12.73684,1493.5274810567328
1671,2023-07-30,14.39234,1687.6521418744412
1672,2023-07-31,12.72727,1492.4052986320721
1673,2023-08-01,12.51674,1467.7184578939555
1674,2023-08-02,12.22966,1434.0553303629692
1675,2023-08-03,12.4976,1465.4740930446344
1676,2023-08-04,11.96172,1402.6365676813039
1677,2023-08-05,14.72727,1726.9261815287298
1678,2023-08-06,14.43062,1692.140871573083
1679,2023-08-07,13.07177,1532.8015207110216
1680,2023-08-08,13.37799,1568.7090130913286
1681,2023-08-09,13.72248,1609.1040625658634
1682,2023-08-10,12.66028,1484.5500216594487
1683,2023-08-11,12.14354,1423.956861145439
1684,2023-08-12,13.78947,1616.959339538487
1685,2023-08-13,15.26315,1789.76370689206
1686,2023-08-14,12.94736,1518.2131491904347
1687,2023-08-15,15.34928,1799.8633487140048
1688,2023-08-16,14.58373,1710.0946177632366
1689,2023-08-17,12.93779,1517.0909667657743
1690,2023-08-18,13.48325,1581.0518471581797
1691,2023-08-19,15.1866,1780.7874200991907
1692,2023-08-20,15.41626,1807.7174530822138
1693,2023-08-21,13.96172,1637.1574505779615
1694,2023-08-22,13.59808,1594.5168636496912
1695,2023-08-23,13.99043,1640.5239978519432
1696,2023-08-24,13.47368,1579.9296647335193
1697,2023-08-25,13.29186,1558.6093712693842
1698,2023-08-26,14.87081,1743.757745294223
1699,2023-08-27,16.68899,1956.9583347267455
1700,2023-08-28,14.31578,1678.674682477157
1701,2023-08-29,14.43062,1692.140871573083
1702,2023-08-30,15.07177,1767.3224036076792
1703,2023-08-31,14.89952,1747.1242925682045
1704,2023-09-01,14.36363,1684.2855946004595
1705,2023-09-02,15.17703,1779.66523767453
1706,2023-09-03,18.18181,2132.0070669296397
1707,2023-09-04,14.65071,1717.9487221314457
1708,2023-09-05,14.26794,1673.0649429582688
1709,2023-09-06,13.11961,1538.4112602299094
1710,2023-09-07,13.77033,1614.714974689166
1711,2023-09-08,13.61722,1596.7612284990123
1712,2023-09-09,16.34449,1916.562112647796
1713,2023-09-10,18.66985,2189.234852774082
1714,2023-09-11,15.57894,1826.7933816970278
1715,2023-09-12,15.15789,1777.4208728252092
1716,2023-09-13,14.38277,1686.5299594497806
1717,2023-09-14,13.75119,1612.4706098398449
1718,2023-09-15,14.21052,1666.3318484103058
1719,2023-09-16,16.26794,1907.5858258549265
1720,2023-09-17,17.35885,2035.506414035323
1721,2023-09-18,15.37799,1803.2298959879863
1722,2023-09-19,13.83732,1622.5702516617896
1723,2023-09-20,14.20095,1665.2096659856454
1724,2023-09-21,14.57416,1708.9724353385761
1725,2023-09-22,14.10526,1653.9890143434548
1726,2023-09-23,14.75598,1730.2927288027113
1727,2023-09-24,17.96172,2106.199216371277
1728,2023-09-25,14.29665,1676.4314902322503
1729,2023-09-26,12.79425,1500.2594030002813
1730,2023-09-27,11.58851,1358.8737983283731
1731,2023-09-28,11.49282,1347.6531466861825
1732,2023-09-29,11.78947,1382.4384566418294
1733,2023-09-30,16.31578,1913.1955653738146
1734,2023-10-01,17.9043,2099.4661218233136
1735,2023-10-02,18.41148,2158.9382725170776
1736,2023-10-03,17.52153,2054.582342650137
1737,2023-10-04,15.05263,1765.0780387583582
1738,2023-10-05,13.99043,1640.5239978519432
1739,2023-10-06,13.99043,1640.5239978519432
1740,2023-10-07,14.57416,1708.9724353385761
1741,2023-10-08,17.95215,2105.077033946616
1742,2023-10-09,18.39234,2156.6939076677563
1743,2023-10-10,15.17703,1779.66523767453
1744,2023-10-11,14.86124,1742.6355628695624
1745,2023-10-12,14.19138,1664.087483560985
1746,2023-10-13,13.81818,1620.3258868124685
1747,2023-10-14,16.53588,1939.0045885365917
1748,2023-10-15,17.45454,2046.7270656775138
1749,2023-10-16,15.04306,1763.9558563336975
1750,2023-10-17,15.02392,1761.7114914843767
1751,2023-10-18,14.58373,1710.0946177632366
1752,2023-10-19,14.8421,1740.3911980202415
1753,2023-10-20,14.99521,1758.344944210395
1754,2023-10-21,16.69856,1958.080517151406
1755,2023-10-22,18.35406,2152.205177969114
1756,2023-10-23,16.7177,1960.324882000727
1757,2023-10-24,15.5598,1824.549016847707
1758,2023-10-25,15.25358,1788.6415244673997
1759,2023-10-26,13.60765,1595.6390460743519
1760,2023-10-27,12.94736,1518.2131491904347
1761,2023-10-28,15.80861,1853.7245872844658
1762,2023-10-29,17.68421,2073.658271264951
1763,2023-10-30,14.83253,1739.2690155955809
1764,2023-10-31,13.79904,1618.0815219631475
1765,2023-11-01,14.86124,1742.6355628695624
1766,2023-11-02,14.03827,1646.1337373708313
1767,2023-11-03,13.29186,1558.6093712693842
1768,2023-11-04,16.19138,1898.6083664576424
1769,2023-11-05,18.11483,2124.1529625614307
1770,2023-11-06,16.14354,1892.9986269387546
1771,2023-11-07,16.72727,1961.4470644253875
1772,2023-11-08,17.34928,2034.3842316106625
1773,2023-11-09,16.52631,1937.8824061119312
1774,2023-11-10,17.12918,2008.5752084478854
1775,2023-11-11,19.93301,2337.3535519939533
1776,2023-11-12,26.58373,3117.219915143183
1777,2023-11-13,21.7799,2553.9206887004575
1778,2023-11-14,19.21531,2253.1957331664876
1779,2023-11-15,18.30622,2146.595438450226
1780,2023-11-16,19.23444,2255.438925411394
1781,2023-11-17,18.63157,2184.74612307544
1782,2023-11-18,22.25837,2610.026292120239
1783,2023-11-19,24.76555,2904.0193257106603
1784,2023-11-20,20.60287,2415.9016313025304
1785,2023-11-21,20.48803,2402.4354422066044
1786,2023-11-22,18.622,2183.6239406507793
1787,2023-11-23,17.70334,2075.901463509858
1788,2023-11-24,22.18181,2601.048832722955
1789,2023-11-25,22.01913,2581.972904108141
1790,2023-11-26,23.47368,2752.5340792168076
1791,2023-11-27,19.63636,2302.5682420383064
1792,2023-11-28,18.78468,2202.699869265594
1793,2023-11-29,19.42583,2277.8814013001897
1794,2023-11-30,18.36363,2153.327360393775
1795,2023-12-01,17.48325,2050.0936129514953
1796,2023-12-02,20.20095,2368.7723146756184
1797,2023-12-03,22.64114,2654.910071293416
1798,2023-12-04,19.49282,2285.736678272813
1799,2023-12-05,15.92344,1867.1896037759773
1800,2023-12-06,18.13397,2126.3973274107516
1801,2023-12-07,16.60287,1946.8598655092153
1802,2023-12-08,15.63636,1833.526476244991
1803,2023-12-09,18.26794,2142.1067087515844
1804,2023-12-10,19.85645,2328.376092596669
1805,2023-12-11,16.82296,1972.6677160675779
1806,2023-12-12,15.37799,1803.2298959879863
1807,2023-12-13,15.02392,1761.7114914843767
1808,2023-12-14,15.54066,1822.3046519983861
1809,2023-12-15,14.78468,1733.6581034722783
1810,2023-12-16,17.81818,2089.367652605784
1811,2023-12-17,20.79425,2438.342934586912
1812,2023-12-18,19.08133,2237.4851792212407
1813,2023-12-19,17.44497,2045.6048832528531
1814,2023-12-20,17.85645,2093.855209700011
1815,2023-12-21,17.87559,2096.0995745493324
1816,2023-12-22,17.1866,2015.3083029958482
1817,2023-12-23,19.76076,2317.1554409544788
1818,2023-12-24,19.311,2264.4163848086782
1819,2023-12-25,19.40669,2275.637036450869
1820,2023-12-26,16.79425,1969.3011687935966
1821,2023-12-27,15.04306,1763.9558563336975
1822,2023-12-28,15.62679,1832.4042938203304
1823,2023-12-29,14.70813,1724.681816679409
1824,2023-12-30,17.25358,2023.1624073640573
1825,2023-12-31,16.76555,1965.9357941240296
1826,2024-01-01,16.89952,1981.645175464862
1827,2024-01-02,17.16746,2013.063938146527
1828,2024-01-03,15.37799,1803.2298959879863
1829,2024-01-04,15.24401,1787.5193420427393
1830,2024-01-05,15.21531,1784.1539673731722
1831,2024-01-06,17.75119,2081.5123756331604
1832,2024-01-07,19.9043,2333.9870047199715
1833,2024-01-08,15.45454,1812.206182780856
1834,2024-01-09,16.09569,1887.387714815452
1835,2024-01-10,15.42583,1808.8396355068744
1836,2024-01-11,15.56937,1825.6711992723674
1837,2024-01-12,14.50717,1701.1171583659527
1838,2024-01-13,17.96172,2106.199216371277
1839,2024-01-14,21.56937,2529.2338479623404
1840,2024-01-15,16.08612,1886.2655323907916
1841,2024-01-16,15.23444,1786.3971596180786
1842,2024-01-17,15.26315,1789.76370689206
1843,2024-01-18,15.59808,1829.037746546349
1844,2024-01-19,15.40669,1806.5952706575533
1845,2024-01-20,18.622,2183.6239406507793
1846,2024-01-21,19.08133,2237.4851792212407
1847,2024-01-22,17.10047,2005.208661173904
1848,2024-01-23,15.49282,1816.6949124794978
1849,2024-01-24,15.12918,1774.0543255512275
1850,2024-01-25,15.42583,1808.8396355068744
1851,2024-01-26,15.13875,1775.1765079758882
1852,2024-01-27,17.7799,2084.878922907142
1853,2024-01-28,19.68421,2308.179154161609
1854,2024-01-29,16.76555,1965.9357941240296
1855,2024-01-30,16.83253,1973.7898984922383
1856,2024-01-31,15.52153,1820.0614597534795
1857,2024-02-01,16.15311,1894.1208093634152
1858,2024-02-02,15.75119,1846.9914927365026
1859,2024-02-03,17.4354,2044.4827008281927
1860,2024-02-04,19.7799,2319.3998058037996
1861,2024-02-05,17.03349,1997.3545568056948
1862,2024-02-06,15.02392,1761.7114914843767
1863,2024-02-07,15.78947,1851.4802224351447
1864,2024-02-08,14.64114,1716.8265397067853
1865,2024-02-09,15.77033,1849.2358575858236
1866,2024-02-10,17.07177,2001.843286504337
1867,2024-02-11,22.622,2652.6657064440947
1868,2024-02-12,23.84688,2796.295675965324
1869,2024-02-13,21.00478,2463.0297753250284
1870,2024-02-14,19.72248,2312.6667112558366
1871,2024-02-15,17.9043,2099.4661218233136
1872,2024-02-16,16.90909,1982.7673578895226
1873,2024-02-17,19.9043,2333.9870047199715
1874,2024-02-18,21.83732,2560.65378324842
1875,2024-02-19,18.77511,2201.5776868409334
1876,2024-02-20,17.23444,2020.9180425147363
1877,2024-02-21,17.78947,2086.0011053318026
1878,2024-02-22,15.93301,1868.3117862006377
1879,2024-02-23,15.11961,1772.932143126567
1880,2024-02-24,19.17703,2248.7070034678454
1881,2024-02-25,21.56937,2529.2338479623404
1882,2024-02-26,18.30622,2146.595438450226
1883,2024-02-27,16.56459,1942.3711358105732
1884,2024-02-28,17.91387,2100.5883042479745
1885,2024-02-29,15.61722,1831.28211139567
1886,2024-03-01,20.33492,2384.481696016451
1887,2024-03-02,20.55502,2410.290719179228
1888,2024-03-03,20.94736,2456.2966807770654
1889,2024-03-04,17.62679,2066.925176716988
1890,2024-03-05,17.57894,2061.3142645936855
1891,2024-03-06,18.4976,2169.0367417346074
1892,2024-03-07,17.0909,2004.0864787492435
1893,2024-03-08,17.33971,2033.262049186002
1894,2024-03-09,19.87559,2330.62045744599
1895,2024-03-10,21.76076,2551.676323851136
1896,2024-03-11,18.00956,2111.808955890165
1897,2024-03-12,16.622,1949.103057754122
1898,2024-03-13,16.13397,1891.8764445140941
1899,2024-03-14,17.33971,2033.262049186002
1900,2024-03-15,15.86602,1860.4565092280143
1901,2024-03-16,19.38755,2273.3926716015476
1902,2024-03-17,22.22966,2606.6597448462576
1903,2024-03-18,16.03827,1880.654620267489
1904,2024-03-19,16.03827,1880.654620267489
1905,2024-03-20,15.76076,1848.113675161163
1906,2024-03-21,14.51674,1702.2393407906131
1907,2024-03-22,15.50239,1817.8170949041585
1908,2024-03-23,17.5598,2059.0698997443646
1909,2024-03-24,19.0622,2235.241986976334
1910,2024-03-25,16.80382,1970.4233512182573
1911,2024-03-26,15.00478,1759.4671266350556
1912,2024-03-27,14.88995,1746.002110143544
1913,2024-03-28,14.52631,1703.3615232152738
1914,2024-03-29,14.29665,1676.4314902322503
1915,2024-03-30,16.85167,1976.0342633415594
1916,2024-03-31,18.22009,2136.4957966282814
1917,2024-04-01,14.78468,1733.6581034722783
1918,2024-04-02,14.69856,1723.5596342547483
1919,2024-04-03,14.17224,1661.843118711664
1920,2024-04-04,13.50239,1583.2962120075008
1921,2024-04-05,13.7799,1615.8371571138264
1922,2024-04-06,16.88038,1979.4008106155409
1923,2024-04-07,16.82296,1972.6677160675779
1924,2024-04-08,14.79425,1734.780285896939
1925,2024-04-09,13.57894,1592.2724988003702
1926,2024-04-10,16.35406,1917.6842950724567
1927,2024-04-11,14.23923,1669.6983956842873
1928,2024-04-12,12.9665,1520.4575140397558
1929,2024-04-13,15.76076,1848.113675161163
1930,2024-04-14,16.95693,1988.3770974084107
1931,2024-04-15,14.14354,1658.4777440420967
1932,2024-04-16,13.0909,1535.044712955928
1933,2024-04-17,12.60287,1477.8180997159
1934,2024-04-18,12.90909,1513.7255920962073
1935,2024-04-19,12.90909,1513.7255920962073
1936,2024-04-20,14.75598,1730.2927288027113
1937,2024-04-21,15.32057,1796.4968014400233
1938,2024-04-22,13.1866,1546.266537202533
1939,2024-04-23,13.10047,1536.1668953805884
1940,2024-04-24,12.58373,1475.573734866579
1941,2024-04-25,11.50239,1348.7753291108431
1942,2024-04-26,12.25837,1437.4218776369507
1943,2024-04-27,13.59808,1594.5168636496912
1944,2024-04-28,15.75119,1846.9914927365026
1945,2024-04-29,13.12918,1539.5334426545699
1946,2024-04-30,11.66507,1367.8512577256572
1947,2024-05-01,14.08612,1651.7446494941337
1948,2024-05-02,12.70813,1490.1609337827513
1949,2024-05-03,11.4354,1340.9200521382195
1950,2024-05-04,13.37799,1568.7090130913286
1951,2024-05-05,16.52631,1937.8824061119312
1952,2024-05-06,14.63157,1715.7043572821246
1953,2024-05-07,13.49282,1582.1740295828401
1954,2024-05-08,13.0622,1531.679338286361
1955,2024-05-09,11.44497,1342.04223456288
1956,2024-05-10,11.68421,1370.0956225749783
1957,2024-05-11,13.73205,1610.2262449905238
1958,2024-05-12,15.79904,1852.6024048598051
1959,2024-05-13,13.20574,1548.5109020518541
1960,2024-05-14,12.03827,1411.6128544741737
1961,2024-05-15,16.35406,1917.6842950724567
1962,2024-05-16,12.35406,1448.6425292791414
1963,2024-05-17,11.5598,1355.5072510543916
1964,2024-05-18,13.38755,1569.8300229115746
1965,2024-05-19,14.33492,1680.919047326478
1966,2024-05-20,12.2488,1436.29969521229
1967,2024-05-21,11.72248,1374.5831796692057
1968,2024-05-22,12.95693,1519.3353316150954
1969,2024-05-23,11.81818,1385.8050039158109
1970,2024-05-24,12.23923,1435.1775127876297
1971,2024-05-25,13.23444,1551.876276721421
1972,2024-05-26,14.38277,1686.5299594497806
1973,2024-05-27,12.75598,1495.7718459060536
1974,2024-05-28,12.13397,1422.8346787207786
1975,2024-05-29,12.11483,1420.5903138714575
1976,2024-05-30,11.07177,1298.280637814364
1977,2024-05-31,10.26794,1204.0231771649535
1978,2024-06-01,13.35885,1566.4646482420076
1979,2024-06-02,14.64114,1716.8265397067853
1980,2024-06-03,12.05741,1413.8572193234947
1981,2024-06-04,11.50239,1348.7753291108431
1982,2024-06-05,11.6555,1366.7290753009968
1983,2024-06-06,12.42105,1456.4978062517648
1984,2024-06-07,11.75119,1377.9497269431872
1985,2024-06-08,12.56459,1473.329370017258
1986,2024-06-09,13.19617,1547.3887196271935
1987,2024-06-10,11.75119,1377.9497269431872
1988,2024-06-11,11.5598,1355.5072510543916
1989,2024-06-12,12.58373,1475.573734866579
1990,2024-06-13,11.32057,1327.455035646708
1991,2024-06-14,10.78468,1264.616337678963
1992,2024-06-15,12.47846,1463.2297281953133
1993,2024-06-16,13.45454,1577.6852998841982
1994,2024-06-17,11.71291,1373.4609972445453
1995,2024-06-18,11.28229,1322.9663059480658
1996,2024-06-19,11.41626,1338.6756872888984
1997,2024-06-20,10.34449,1212.999463957823
1998,2024-06-21,9.71291,1138.9401143478876
1999,2024-06-22,12.05741,1413.8572193234947
2000,2024-06-23,13.08133,1533.9225305312673
2001,2024-06-24,10.28708,1206.2675420142746
2002,2024-06-25,10.15311,1190.558160673442
2003,2024-06-26,10.26794,1204.0231771649535
2004,2024-06-27,10.11483,1186.0694309747998
2005,2024-06-28,9.50239,1114.2544462141855
2006,2024-06-29,11.99043,1406.0031149552856
2007,2024-06-30,11.54066,1353.2628862050708
2008,2024-07-01,10.36363,1215.2438288071442
2009,2024-07-02,9.74162,1142.3066616218691
2010,2024-07-03,9.6555,1132.2081924043391
2011,2024-07-04,9.77033,1145.6732088958506
2012,2024-07-05,9.80861,1150.1619385944928
2013,2024-07-06,12.01913,1409.3684896248526
2014,2024-07-07,12.90909,1513.7255920962073
2015,2024-07-08,10.60287,1243.2972168192423
2016,2024-07-09,10.48803,1229.8310277233163
2017,2024-07-10,9.6555,1132.2081924043391
2018,2024-07-11,9.75119,1143.4288440465295
2019,2024-07-12,9.95215,1166.9935023599858
2020,2024-07-13,11.87559,1392.5369258593596
2021,2024-07-14,12.03827,1411.6128544741737
2022,2024-07-15,9.51196,1115.376628638846
2023,2024-07-16,9.83732,1153.5284858684743
2024,2024-07-17,10.06698,1180.4585188514973
2025,2024-07-18,10.25837,1202.900994740293
2026,2024-07-19,9.93301,1164.7491375106647
2027,2024-07-20,11.32057,1327.455035646708
2028,2024-07-21,11.44497,1342.04223456288
2029,2024-07-22,9.15789,1073.8582241352362
2030,2024-07-23,9.32057,1092.9341527500503
2031,2024-07-24,9.9043,1161.3825902366832
2032,2024-07-25,10.18181,1193.923535343009
2033,2024-07-26,9.16746,1074.9804065598967
2034,2024-07-27,10.622,1245.540409064149
2035,2024-07-28,10.73684,1259.006598160075
2036,2024-07-29,8.99521,1054.782295520422
2037,2024-07-30,9.14832,1072.7360417105756
2038,2024-07-31,9.82775,1152.4063034438136
2039,2024-08-01,8.91866,1045.8060087275524
2040,2024-08-02,8.44019,989.7004053077704
2041,2024-08-03,10.41148,1220.8547409304465
2042,2024-08-04,11.14832,1307.2569246072333
2043,2024-08-05,8.89952,1043.5616438782315
2044,2024-08-06,9.03349,1059.271025219064
2045,2024-08-07,9.13875,1071.6138592859152
2046,2024-08-08,8.91866,1045.8060087275524
2047,2024-08-09,12.13397,1422.8346787207786
2048,2024-08-10,11.30143,1325.210670797387
2049,2024-08-11,12.06698,1414.979401748155
2050,2024-08-12,10.87081,1274.7159795009077
2051,2024-08-13,10.34449,1212.999463957823
2052,2024-08-14,9.56937,1122.1085505823944
2053,2024-08-15,10.01913,1174.847606728195
2054,2024-08-16,10.07655,1181.580701276158
2055,2024-08-17,10.41148,1220.8547409304465
2056,2024-08-18,11.33014,1328.5772180713684
2057,2024-08-19,9.69377,1136.6957494985668
2058,2024-08-20,9.55023,1119.8641857330736
2059,2024-08-21,10.53588,1235.4419398466189
2060,2024-08-22,9.91387,1162.5047726613436
2061,2024-08-23,8.66985,1016.6304382907938
2062,2024-08-24,10.93779,1282.5700838691166
2063,2024-08-25,11.00478,1290.4253608417403
2064,2024-08-26,10.32535,1210.7550991085022
2065,2024-08-27,10.0287,1175.9697891528554
2066,2024-08-28,10.19138,1195.0457177676697
2067,2024-08-29,9.71291,1138.9401143478876
2068,2024-08-30,9.30143,1090.6897879007292
2069,2024-08-31,11.46411,1344.286599412201
2070,2024-09-01,11.311,1326.3328532220473
2071,2024-09-02,11.311,1326.3328532220473
2072,2024-09-03,10.75598,1261.250963009396
2073,2024-09-04,8.52631,999.7988745253007
2074,2024-09-05,9.311,1091.8119703253897
2075,2024-09-06,8.87081,1040.19509660425
2076,2024-09-07,10.35406,1214.1216463824837
2077,2024-09-08,11.45454,1343.1644169875406
2078,2024-09-09,9.84688,1154.6494956887202
2079,2024-09-10,9.52153,1116.4988110635065
2080,2024-09-11,8.72727,1023.3635328387569
2081,2024-09-12,8.44019,989.7004053077704
2082,2024-09-13,9.0909,1066.0029471626126
2083,2024-09-14,9.28229,1088.4454230514082
2084,2024-09-15,10.75598,1261.250963009396
2085,2024-09-16,10.0,1172.6044144832883
2086,2024-09-17,9.02392,1058.1488427944037
2087,2024-09-18,12.51674,1467.7184578939555
2088,2024-09-19,12.18181,1428.4444182396667
2089,2024-09-20,11.04306,1294.9140905403822
2090,2024-09-21,12.67942,1486.7943865087695
2091,2024-09-22,13.33971,1564.2202833926867
2092,2024-09-23,11.63636,1364.4847104516757
2093,2024-09-24,10.15311,1190.558160673442
2094,2024-09-25,10.0,1172.6044144832883
2095,2024-09-26,8.85167,1037.950731754929
2096,2024-09-27,9.10047,1067.125129587273
2097,2024-09-28,10.42105,1221.9769233551071
2098,2024-09-29,12.1244,1421.7124962961182
2099,2024-09-30,9.96172,1168.1156847846462
