,date,칼하트,칼하트_absolute
0,2019-01-01,3.55403,4495.589853570264
1,2019-01-02,3.51959,4452.025754629917
2,2019-01-03,3.29162,4163.660259989069
3,2019-01-04,3.12515,3953.087799170269
4,2019-01-05,3.41626,4321.320808535085
5,2019-01-06,3.83038,4845.152534817789
6,2019-01-07,3.83858,4855.524939327395
7,2019-01-08,3.60651,4561.973242431744
8,2019-01-09,3.55075,4491.440891766421
9,2019-01-10,3.35886,4248.7139769678415
10,2019-01-11,3.23667,4094.1525005009153
11,2019-01-12,3.31458,4192.702992615967
12,2019-01-13,3.9665,5017.334449677254
13,2019-01-14,3.77544,4775.657424603427
14,2019-01-15,3.91976,4958.211743972499
15,2019-01-16,4.00669,5068.171881048117
16,2019-01-17,3.89434,4926.057289992719
17,2019-01-18,3.95502,5002.813083363806
18,2019-01-19,8.91706,11279.43333615002
19,2019-01-20,100.0,126492.73792202835
20,2019-01-21,8.51688,10773.234697533648
21,2019-01-22,6.32903,8005.763330906551
22,2019-01-23,5.17442,6545.265529585018
23,2019-01-24,4.82098,6098.189596673402
24,2019-01-25,4.33224,5479.96898935328
25,2019-01-26,4.63565,5863.760605482507
26,2019-01-27,5.32612,6737.155013012737
27,2019-01-28,5.12931,6488.2046555083925
28,2019-01-29,4.75456,6014.1731201455905
29,2019-01-30,4.43884,5614.810247978163
30,2019-01-31,4.17561,5281.843413946008
31,2019-02-01,4.64467,5875.170250443073
32,2019-02-02,4.98991,6311.873778845084
33,2019-02-03,5.49013,6944.615752478654
34,2019-02-04,5.62954,7120.959278415755
35,2019-02-05,6.36921,8056.588113003621
36,2019-02-06,7.70668,9748.390534889375
37,2019-02-07,7.55088,9551.314849206854
38,2019-02-08,6.94815,8788.905169929412
39,2019-02-09,6.73166,8515.061041602014
40,2019-02-10,6.97357,8821.059623909192
41,2019-02-11,6.21832,7865.723220753073
42,2019-02-12,6.04611,7647.890076777548
43,2019-02-13,5.39829,6828.444821971064
44,2019-02-14,4.82344,6101.301318026283
45,2019-02-15,4.8628,6151.088859672394
46,2019-02-16,4.76358,6025.582765106158
47,2019-02-17,5.34006,6754.788100679068
48,2019-02-18,5.28594,6686.330230915665
49,2019-02-19,5.8124,7352.263898979976
50,2019-02-20,5.35728,6776.57015014924
51,2019-02-21,5.48521,6938.392309772891
52,2019-02-22,4.79474,6064.997902242662
53,2019-02-23,5.23592,6623.058563407067
54,2019-02-24,6.03463,7633.368710464099
55,2019-02-25,5.7386,7258.912258393519
56,2019-02-26,5.7468,7269.2846629031255
57,2019-02-27,5.1449,6507.924873350436
58,2019-02-28,4.8833,6177.01987094641
59,2019-03-01,5.16786,6536.967605977335
60,2019-03-02,5.30152,6706.037799483917
61,2019-03-03,5.80584,7343.96597537229
62,2019-03-04,4.68732,5929.119403166818
63,2019-03-05,4.34044,5490.341393862887
64,2019-03-06,4.347,5498.639317470573
65,2019-03-07,4.01899,5083.730487812527
66,2019-03-08,3.97635,5029.7939843625745
67,2019-03-09,4.74472,6001.726234734063
68,2019-03-10,5.62216,7111.624114357109
69,2019-03-11,4.62663,5852.35096052194
70,2019-03-12,4.05753,5132.480789007676
71,2019-03-13,3.98947,5046.389831577944
72,2019-03-14,3.75084,4744.540211074608
73,2019-03-15,3.60733,4563.010482882705
74,2019-03-16,4.69388,5937.4173267745045
75,2019-03-17,5.24084,6629.2820061128305
76,2019-03-18,4.57825,5791.153773915263
77,2019-03-19,4.15593,5256.949643122952
78,2019-03-20,4.17069,5275.619971240243
79,2019-03-21,3.68687,4663.622806625886
80,2019-03-22,3.69917,4679.181413390296
81,2019-03-23,4.44705,5625.1953017615615
82,2019-03-24,5.01287,6340.916511471983
83,2019-03-25,4.08459,5166.709723889378
84,2019-03-26,3.7902,4794.327752720718
85,2019-03-27,3.76232,4759.061577388056
86,2019-03-28,3.52943,4464.472640041445
87,2019-03-29,3.35886,4248.7139769678415
88,2019-03-30,4.00915,5071.283602400999
89,2019-03-31,4.53643,5738.254510916271
90,2019-04-01,4.03457,5103.43805638078
91,2019-04-02,3.98045,5034.980186617377
92,2019-04-03,3.49088,4415.7096895725035
93,2019-04-04,3.45972,4376.294552435999
94,2019-04-05,3.26865,4134.604878088379
95,2019-04-06,3.75412,4748.68917287845
96,2019-04-07,4.347,5498.639317470573
97,2019-04-08,3.81972,4831.668408955301
98,2019-04-09,3.62619,4586.8670132547995
99,2019-04-10,3.63849,4602.425620019209
100,2019-04-11,3.56387,4508.036738981792
101,2019-04-12,3.22027,4073.4076914817024
102,2019-04-13,3.52369,4457.211956884721
103,2019-04-14,4.17889,5285.99237574985
104,2019-04-15,3.61389,4571.308406490391
105,2019-04-16,3.28424,4154.325095930424
106,2019-04-17,3.13089,3960.3484823269932
107,2019-04-18,3.13089,3960.3484823269932
108,2019-04-19,3.27686,4144.989931871778
109,2019-04-20,3.59257,4544.340154765414
110,2019-04-21,3.88614,4915.684885483112
111,2019-04-22,3.58601,4536.042231157729
112,2019-04-23,3.4753,4396.0021210042505
113,2019-04-24,3.04233,3848.3265136232453
114,2019-04-25,3.09071,3909.5237002299223
115,2019-04-26,2.81108,3555.8120571785544
116,2019-04-27,3.0292,3831.7180171340824
117,2019-04-28,3.53353,4469.658842296248
118,2019-04-29,3.18173,4024.6573902865525
119,2019-04-30,3.00952,3806.8242463110278
120,2019-05-01,3.37116,4264.272583732251
121,2019-05-02,3.15221,3987.31673405197
122,2019-05-03,2.75449,3484.2298167884787
123,2019-05-04,3.08333,3900.1885361712766
124,2019-05-05,3.55403,4495.589853570264
125,2019-05-06,3.57371,4520.48362439332
126,2019-05-07,3.55895,4501.813296276027
127,2019-05-08,3.61799,4576.494608745194
128,2019-05-09,3.28834,4159.511298185226
129,2019-05-10,2.91522,3687.541594450555
130,2019-05-11,3.43594,4346.21457935814
131,2019-05-12,3.75002,4743.502970623647
132,2019-05-13,3.50565,4434.392666963587
133,2019-05-14,3.19403,4040.215997050962
134,2019-05-15,3.29244,4164.69750044003
135,2019-05-16,3.34492,4231.080889301511
136,2019-05-17,2.93654,3714.509846175531
137,2019-05-18,3.3113,4188.554030812124
138,2019-05-19,4.29698,5435.367649961973
139,2019-05-20,3.78118,4782.9181077601515
140,2019-05-21,3.50647,4435.429907414547
141,2019-05-22,3.3892,4287.091873653385
142,2019-05-23,3.26045,4124.232473578773
143,2019-05-24,3.07595,3890.853372112631
144,2019-05-25,3.30392,4179.218866753479
145,2019-05-26,4.06245,5138.704231713441
146,2019-05-27,3.4015,4302.650480417794
147,2019-05-28,3.07923,3895.002333916473
148,2019-05-29,2.97098,3758.073945115878
149,2019-05-30,2.72989,3453.11260325966
150,2019-05-31,2.5093,3174.0822726774572
151,2019-06-01,3.04397,3850.400994525166
152,2019-06-02,3.46382,4381.480754690802
153,2019-06-03,3.14073,3972.795367738521
154,2019-06-04,2.97262,3760.148426017799
155,2019-06-05,3.25635,4119.046271323969
156,2019-06-06,4.99975,6324.320664256612
157,2019-06-07,3.14729,3981.0932913462057
158,2019-06-08,3.04971,3857.661677681891
159,2019-06-09,3.78364,4786.029829113034
160,2019-06-10,3.44332,4355.549743416786
161,2019-06-11,2.91522,3687.541594450555
162,2019-06-12,2.79959,3541.278041591313
163,2019-06-13,2.82666,3575.5196257468065
164,2019-06-14,2.58147,3265.372081635785
165,2019-06-15,2.86438,3623.2326864909955
166,2019-06-16,3.17927,4021.54566893367
167,2019-06-17,2.8898,3655.387140470775
168,2019-06-18,3.09481,3914.7099024847253
169,2019-06-19,2.62083,3315.1596232818956
170,2019-06-20,2.48388,3141.9278186976776
171,2019-06-21,2.65363,3356.649241320321
172,2019-06-22,2.74137,3467.633969573108
173,2019-06-23,3.18829,4032.9553138942374
174,2019-06-24,2.78319,3520.5332325721006
175,2019-06-25,2.68725,3399.176099809707
176,2019-06-26,3.00132,3796.4518418014213
177,2019-06-27,2.48224,3139.8533377957565
178,2019-06-28,2.22229,2811.0354655674437
179,2019-06-29,2.63723,3335.9044323011085
180,2019-06-30,2.86356,3622.195446040035
181,2019-07-01,2.74793,3475.931893180794
182,2019-07-02,2.77663,3512.2353089644157
183,2019-07-03,2.55932,3237.3539401860558
184,2019-07-04,2.72415,3445.851920102935
185,2019-07-05,2.66101,3365.9844053789666
186,2019-07-06,2.82912,3578.6313470996884
187,2019-07-07,3.18665,4030.8808329923168
188,2019-07-08,2.82912,3578.6313470996884
189,2019-07-09,2.68971,3402.2878211625884
190,2019-07-10,2.70529,3421.995389730841
191,2019-07-11,2.5257,3194.82708169667
192,2019-07-12,2.37482,3003.974838719914
193,2019-07-13,2.64051,3340.0533941049507
194,2019-07-14,3.07349,3887.741650759749
195,2019-07-15,2.9103,3681.3181517447906
196,2019-07-16,3.11695,3942.7153946606627
197,2019-07-17,3.62537,4585.82977280384
198,2019-07-18,3.77708,4777.731905505349
199,2019-07-19,3.72951,4717.559310075839
200,2019-07-20,5.37943,6804.58829159897
201,2019-07-21,13.37149,16913.96380197023
202,2019-07-22,5.39829,6828.444821971064
203,2019-07-23,4.47821,5664.610438898066
204,2019-07-24,3.8476,4866.934584287963
205,2019-07-25,3.66637,4637.6917953518705
206,2019-07-26,3.23995,4098.3014623047575
207,2019-07-27,3.25635,4119.046271323969
208,2019-07-28,3.55813,4500.776055825067
209,2019-07-29,3.61061,4567.159444686547
210,2019-07-30,3.52943,4464.472640041445
211,2019-07-31,3.28588,4156.399576832345
212,2019-08-01,3.42364,4330.655972593731
213,2019-08-02,3.45726,4373.182831083118
214,2019-08-03,3.7902,4794.327752720718
215,2019-08-04,3.8517,4872.120786542766
216,2019-08-05,3.74756,4740.391249270766
217,2019-08-06,3.9501,4996.589640658041
218,2019-08-07,3.72869,4716.522069624879
219,2019-08-08,3.69589,4675.032451586453
220,2019-08-09,3.56059,4503.887777177949
221,2019-08-10,3.44004,4351.400781612944
222,2019-08-11,4.00095,5060.9111978913925
223,2019-08-12,3.97963,5033.942946166417
224,2019-08-13,3.9665,5017.334449677254
225,2019-08-14,3.56059,4503.887777177949
226,2019-08-15,4.00587,5067.134640597156
227,2019-08-16,3.60979,4566.122204235587
228,2019-08-17,3.88942,4919.833847286955
229,2019-08-18,4.10591,5193.677975614353
230,2019-08-19,3.90254,4936.429694502325
231,2019-08-20,4.00177,5061.948438342353
232,2019-08-21,4.05753,5132.480789007676
233,2019-08-22,3.91976,4958.211743972499
234,2019-08-23,3.73854,4728.981604310198
235,2019-08-24,4.17725,5283.917894847929
236,2019-08-25,4.83164,6111.67372253589
237,2019-08-26,4.57087,5781.8186098566175
238,2019-08-27,4.54217,5745.515194072995
239,2019-08-28,4.46673,5650.089072584617
240,2019-08-29,4.50035,5692.615931074003
241,2019-08-30,4.11493,5205.087620574921
242,2019-08-31,4.53807,5740.328991818192
243,2019-09-01,5.41797,6853.33859279412
244,2019-09-02,5.07847,6423.895747548833
245,2019-09-03,5.38681,6813.923455657615
246,2019-09-04,4.71274,5961.273857146599
247,2019-09-05,4.91447,6216.447657356706
248,2019-09-06,4.47821,5664.610438898066
249,2019-09-07,5.34662,6763.086024286751
250,2019-09-08,5.54015,7007.8874199872525
251,2019-09-09,4.58973,5805.675140228712
252,2019-09-10,4.21088,5326.457402611108
253,2019-09-11,3.77544,4775.657424603427
254,2019-09-12,4.50937,5704.025576034569
255,2019-09-13,5.07109,6414.560583490187
256,2019-09-14,5.85013,7399.989608997957
257,2019-09-15,5.72056,7236.092968472384
258,2019-09-16,5.38681,6813.923455657615
259,2019-09-17,4.9038,6202.950882220426
260,2019-09-18,4.8956,6192.578477710819
261,2019-09-19,4.96203,6276.607603512423
262,2019-09-20,4.62171,5846.127517816177
263,2019-09-21,5.1818,6554.600693643665
264,2019-09-22,6.156,7786.892946480065
265,2019-09-23,5.49095,6945.652992929615
266,2019-09-24,5.10389,6456.050201528612
267,2019-09-25,5.02353,6354.400637334471
268,2019-09-26,4.59465,5811.898582934475
269,2019-09-27,3.92058,4959.248984423459
270,2019-09-28,4.43884,5614.810247978163
271,2019-09-29,6.15026,7779.632263323341
272,2019-09-30,5.28266,6682.181269111822
273,2019-10-01,5.07109,6414.560583490187
274,2019-10-02,4.76604,6028.6944864590405
275,2019-10-03,5.35154,6769.309466992516
276,2019-10-04,5.00221,6327.432385609494
277,2019-10-05,4.86608,6155.2378214762375
278,2019-10-06,5.48521,6938.392309772891
279,2019-10-07,5.837,7383.381112508794
280,2019-10-08,5.48357,6936.3178288709705
281,2019-10-09,5.42535,6862.673756852765
282,2019-10-10,5.41879,6854.375833245081
283,2019-10-11,4.64795,5879.319212246916
284,2019-10-12,4.95465,6267.272439453777
285,2019-10-13,5.10717,6460.199163332455
286,2019-10-14,5.01369,6341.953751922943
287,2019-10-15,5.04895,6386.55509131425
288,2019-10-16,5.34908,6766.1977456396335
289,2019-10-17,4.96531,6280.756565316266
290,2019-10-18,4.36012,5515.235164685942
291,2019-10-19,4.4208,5591.990958057029
292,2019-10-20,4.90462,6203.988122671387
293,2019-10-21,4.95301,6265.197958551856
294,2019-10-22,4.46755,5651.126313035577
295,2019-10-23,4.15265,5252.8006813191105
296,2019-10-24,4.11247,5201.9758992220395
297,2019-10-25,3.67293,4645.989718959556
298,2019-10-26,4.17315,5278.731692593125
299,2019-10-27,5.09241,6441.528835215164
300,2019-10-28,5.06125,6402.11369807866
301,2019-10-29,4.81114,6085.742711261874
302,2019-10-30,4.74554,6002.763475185024
303,2019-10-31,4.21908,5336.829807120714
304,2019-11-01,4.34536,5496.564836568651
305,2019-11-02,4.77916,6045.29033367441
306,2019-11-03,5.47209,6921.7964625575205
307,2019-11-04,4.88248,6175.9826304954495
308,2019-11-05,4.83,6109.5992416339695
309,2019-11-06,4.93333,6240.304187728801
310,2019-11-07,4.69224,5935.342845872583
311,2019-11-08,4.44787,5626.232542212522
312,2019-11-09,4.81606,6091.966153967639
313,2019-11-10,5.6115,7098.139988494621
314,2019-11-11,4.85706,6143.82817651567
315,2019-11-12,5.09323,6442.566075666125
316,2019-11-13,4.75702,6017.284841498473
317,2019-11-14,4.68896,5931.19388406874
318,2019-11-15,4.04031,5110.698739537504
319,2019-11-16,4.04687,5118.996663145189
320,2019-11-17,4.7562,6016.247601047512
321,2019-11-18,4.45525,5635.567706271168
322,2019-11-19,4.01243,5075.4325642048425
323,2019-11-20,3.85088,4871.083546091805
324,2019-11-21,3.48268,4405.337285062897
325,2019-11-22,3.03084,3833.792498036004
326,2019-11-23,3.19649,4043.327718403844
327,2019-11-24,3.88614,4915.684885483112
328,2019-11-25,3.81234,4822.333244896655
329,2019-11-26,3.87958,4907.386961875427
330,2019-11-27,3.72623,4713.4103482719975
331,2019-11-28,3.64587,4611.760784077855
332,2019-11-29,3.79676,4802.625676328404
333,2019-11-30,3.98045,5034.980186617377
334,2019-12-01,4.70864,5956.087654891796
335,2019-12-02,4.01981,5084.767728263487
336,2019-12-03,3.46956,4388.741437847527
337,2019-12-04,3.4056,4307.836682672598
338,2019-12-05,3.53435,4470.6960827472085
339,2019-12-06,3.26455,4129.418675833576
340,2019-12-07,3.38346,4279.83119049666
341,2019-12-08,3.73443,4723.782752781603
342,2019-12-09,3.37034,4263.235343281291
343,2019-12-10,3.48924,4413.635208670582
344,2019-12-11,3.43184,4341.028377103337
345,2019-12-12,3.18911,4033.992554345198
346,2019-12-13,2.8652,3624.2699269419563
347,2019-12-14,3.13745,3968.646405934678
348,2019-12-15,3.57863,4526.707067099083
349,2019-12-16,3.23913,4097.264221853797
350,2019-12-17,3.28096,4150.176134126581
351,2019-12-18,3.22601,4080.6683746384265
352,2019-12-19,2.81272,3557.886538080476
353,2019-12-20,2.57737,3260.185879380982
354,2019-12-21,2.9308,3707.249163018807
355,2019-12-22,3.60897,4565.084963784626
356,2019-12-23,3.10383,3926.119547445292
357,2019-12-24,2.83732,3589.003751609295
358,2019-12-25,3.17271,4013.2477453259853
359,2019-12-26,2.98328,3773.6325518802873
360,2019-12-27,2.88324,3647.08921686309
361,2019-12-28,2.96934,3755.9994642139563
362,2019-12-29,3.30474,4180.256107204439
363,2019-12-30,3.09481,3914.7099024847253
364,2019-12-31,2.76597,3498.7511831019274
365,2020-01-01,3.22601,4080.6683746384265
366,2020-01-02,3.3687,4261.160862379369
367,2020-01-03,3.09153,3910.560940680883
368,2020-01-04,3.61799,4576.494608745194
369,2020-01-05,3.76068,4756.987096486136
370,2020-01-06,3.46218,4379.406273788881
371,2020-01-07,3.45234,4366.959388377353
372,2020-01-08,3.52205,4455.1374759827995
373,2020-01-09,3.57125,4517.371903040437
374,2020-01-10,3.89106,4921.908328188876
375,2020-01-11,3.79512,4800.551195426482
376,2020-01-12,4.27812,5411.51111958988
377,2020-01-13,5.17852,6550.451731839822
378,2020-01-14,4.71274,5961.273857146599
379,2020-01-15,4.56021,5768.334483994128
380,2020-01-16,4.4372,5612.735767076241
381,2020-01-17,4.4126,5581.618553547423
382,2020-01-18,8.04372,10174.721658781778
383,2020-01-19,27.13168,34319.60487624338
384,2020-01-20,9.26065,11714.049734376318
385,2020-01-21,6.85795,8674.808720323743
386,2020-01-22,5.32858,6740.266734365618
387,2020-01-23,4.61269,5834.717872855609
388,2020-01-24,4.90791,6208.149733749022
389,2020-01-25,5.62626,7116.810316611913
390,2020-01-26,6.28474,7949.739697280885
391,2020-01-27,6.84565,8659.250113559334
392,2020-01-28,6.21914,7866.760461204034
393,2020-01-29,5.87719,7434.218543879658
394,2020-01-30,5.39747,6827.407581520104
395,2020-01-31,4.7644,6026.620005557119
396,2020-02-01,5.09405,6443.603316117085
397,2020-02-02,5.51391,6974.695725556513
398,2020-02-03,5.15146,6516.222796958122
399,2020-02-04,4.84722,6131.381291104142
400,2020-02-05,4.76768,6030.768967360961
401,2020-02-06,4.70782,5955.050414440835
402,2020-02-07,4.40604,5573.320629939738
403,2020-02-08,4.94891,6260.011756297053
404,2020-02-09,5.51965,6981.9564087132385
405,2020-02-10,5.35974,6779.681871502123
406,2020-02-11,5.53195,6997.5150154776475
407,2020-02-12,5.7058,7217.422640355093
408,2020-02-13,5.19656,6573.271021760956
409,2020-02-14,4.88986,6185.317794554095
410,2020-02-15,4.89642,6193.61571816178
411,2020-02-16,5.35154,6769.309466992516
412,2020-02-17,4.72176,5972.683502107166
413,2020-02-18,5.19492,6571.196540859035
414,2020-02-19,4.79802,6069.146864046505
415,2020-02-20,4.11083,5199.901418320118
416,2020-02-21,4.01571,5079.581526008685
417,2020-02-22,4.3306,5477.894508451359
418,2020-02-23,4.80048,6072.258585399387
419,2020-02-24,4.48559,5673.945602956712
420,2020-02-25,4.69306,5936.380086323544
421,2020-02-26,4.54627,5750.701396327798
422,2020-02-27,4.43884,5614.810247978163
423,2020-02-28,4.30272,5442.628333118698
424,2020-02-29,4.2445,5368.984261100493
425,2020-03-01,5.33104,6743.3784557185
426,2020-03-02,4.54709,5751.7386367787585
427,2020-03-03,4.51265,5708.174537838412
428,2020-03-04,4.23466,5356.537375688966
429,2020-03-05,4.31748,5461.298661235989
430,2020-03-06,3.89598,4928.13177089464
431,2020-03-07,4.02555,5092.028411420212
432,2020-03-08,4.61023,5831.606151502727
433,2020-03-09,4.50363,5696.764892877845
434,2020-03-10,4.80868,6082.630989908993
435,2020-03-11,4.43638,5611.6985266252805
436,2020-03-12,4.25762,5385.580108315863
437,2020-03-13,4.03457,5103.43805638078
438,2020-03-14,3.87876,4906.349721424467
439,2020-03-15,4.46181,5643.865629878853
440,2020-03-16,4.13789,5234.130353201818
441,2020-03-17,3.79922,4805.737397681285
442,2020-03-18,3.8763,4903.238000071585
443,2020-03-19,3.85088,4871.083546091805
444,2020-03-20,3.49662,4422.970372729227
445,2020-03-21,3.56387,4508.036738981792
446,2020-03-22,4.10673,5194.715216065314
447,2020-03-23,3.99111,5048.464312479866
448,2020-03-24,4.97023,6286.980008022029
449,2020-03-25,3.96978,5021.483411481097
450,2020-03-26,3.86072,4883.530431503333
451,2020-03-27,3.69179,4669.84624933165
452,2020-03-28,4.04031,5110.698739537504
453,2020-03-29,4.12969,5223.757948692212
454,2020-03-30,3.7902,4794.327752720718
455,2020-03-31,3.62783,4588.941494156721
456,2020-04-01,4.56021,5768.334483994128
457,2020-04-02,3.50318,4431.2682963369125
458,2020-04-03,3.48186,4404.300044611937
459,2020-04-04,3.7615,4758.024336937096
460,2020-04-05,4.18381,5292.215818455615
461,2020-04-06,3.89106,4921.908328188876
462,2020-04-07,3.8107,4820.258763994734
463,2020-04-08,3.48678,4410.5234873177
464,2020-04-09,3.30228,4177.144385851558
465,2020-04-10,5.65578,7154.150972846494
466,2020-04-11,3.52041,4453.062995080878
467,2020-04-12,4.00505,5066.097400146196
468,2020-04-13,3.59831,4551.600837922138
469,2020-04-14,3.43102,4339.9911366523775
470,2020-04-15,4.52249,5720.621423249941
471,2020-04-16,3.44496,4357.624224318708
472,2020-04-17,3.20797,4057.8490847172925
473,2020-04-18,3.44004,4351.400781612944
474,2020-04-19,4.44049,5616.897378153876
475,2020-04-20,3.67867,4653.25040211628
476,2020-04-21,3.4753,4396.0021210042505
477,2020-04-22,3.35066,4238.341572458235
478,2020-04-23,3.13581,3966.5719250327575
479,2020-04-24,5.05961,6400.039217176739
480,2020-04-25,4.61515,5837.8295942084915
481,2020-04-26,4.02145,5086.842209165408
482,2020-04-27,3.90828,4943.69037765905
483,2020-04-28,3.32032,4199.963675772692
484,2020-04-29,3.13007,3959.3112418760325
485,2020-04-30,3.27686,4144.989931871778
486,2020-05-01,3.45562,4371.108350181196
487,2020-05-02,3.77134,4770.471222348624
488,2020-05-03,4.63893,5867.90956728635
489,2020-05-04,4.64221,5872.058529090193
490,2020-05-05,4.87264,6163.535745083922
491,2020-05-06,4.34864,5500.713798372493
492,2020-05-07,3.9419,4986.217236148435
493,2020-05-08,3.73033,4718.5965505268
494,2020-05-09,3.7861,4789.141550465915
495,2020-05-10,4.21662,5333.718085767831
496,2020-05-11,3.98209,5037.054667519298
497,2020-05-12,3.77708,4777.731905505349
498,2020-05-13,3.54091,4478.994006354894
499,2020-05-14,3.26455,4129.418675833576
500,2020-05-15,3.16697,4005.987062169261
501,2020-05-16,3.28998,4161.585779087148
502,2020-05-17,3.99029,5047.427072028905
503,2020-05-18,3.83366,4849.301496621632
504,2020-05-19,3.73443,4723.782752781603
505,2020-05-20,3.67539,4649.101440312438
506,2020-05-21,3.46054,4377.331792886959
507,2020-05-22,3.9255,4965.4724271292225
508,2020-05-23,3.71229,4695.777260605666
509,2020-05-24,4.11903,5210.273822829725
510,2020-05-25,3.87712,4904.275240522546
511,2020-05-26,3.55157,4492.478132217382
512,2020-05-27,3.55895,4501.813296276027
513,2020-05-28,3.2785,4147.0644127737
514,2020-05-29,3.63521,4598.276658215366
515,2020-05-30,3.40314,4304.7249613197155
516,2020-05-31,3.58929,4540.191192961572
517,2020-06-01,3.44332,4355.549743416786
518,2020-06-02,3.22273,4076.519412834584
519,2020-06-03,2.98328,3773.6325518802873
520,2020-06-04,2.85372,3609.748560628507
521,2020-06-05,2.63723,3335.9044323011085
522,2020-06-06,3.21371,4065.109767874017
523,2020-06-07,3.63439,4597.2394177644055
524,2020-06-08,3.3072,4183.367828557321
525,2020-06-09,3.00788,3804.749765409106
526,2020-06-10,3.04643,3853.5127158780483
527,2020-06-11,2.89636,3663.68506407846
528,2020-06-12,2.73399,3458.298805514463
529,2020-06-13,2.88488,3649.1636977650114
530,2020-06-14,3.24487,4104.524905010521
531,2020-06-15,2.83076,3580.70582800161
532,2020-06-16,2.72415,3445.851920102935
533,2020-06-17,2.55112,3226.9815356764498
534,2020-06-18,2.57655,3259.1486389300217
535,2020-06-19,2.31331,2926.169155624074
536,2020-06-20,2.56998,3250.838066048544
537,2020-06-21,3.03987,3845.214792270363
538,2020-06-22,2.55276,3229.056016578371
539,2020-06-23,2.42566,3068.283746679473
540,2020-06-24,2.53964,3212.4601693630007
541,2020-06-25,2.56506,3244.6146233427803
542,2020-06-26,2.23623,2828.668553233774
543,2020-06-27,2.4068,3044.4272163073783
544,2020-06-28,2.91768,3690.6533158034363
545,2020-06-29,2.44452,3092.140277051567
546,2020-06-30,2.26903,2870.1581712721995
547,2020-07-01,2.4601,3111.8478456198195
548,2020-07-02,2.44534,3093.1775175025277
549,2020-07-03,2.24197,2835.9292363904988
550,2020-07-04,2.43222,3076.581670287158
551,2020-07-05,2.78565,3523.6449539249825
552,2020-07-06,2.40352,3040.2782545035357
553,2020-07-07,2.85372,3609.748560628507
554,2020-07-08,2.80123,3543.3525224932346
555,2020-07-09,2.34284,2963.522461132449
556,2020-07-10,2.497,3158.523665913048
557,2020-07-11,4.72422,5975.795223460047
558,2020-07-12,17.78246,22493.52052388952
559,2020-07-13,5.57787,7055.600480731442
560,2020-07-14,3.96732,5018.371690128215
561,2020-07-15,3.19485,4041.2532375019227
562,2020-07-16,2.94966,3731.1056933909017
563,2020-07-17,2.5421,3215.5718907158825
564,2020-07-18,2.78401,3521.5704730230614
565,2020-07-19,2.90456,3674.0574685880665
566,2020-07-20,2.5585,3236.3166997350954
567,2020-07-21,2.47896,3135.704375991914
568,2020-07-22,2.38958,3022.645166837205
569,2020-07-23,2.31085,2923.057434271192
570,2020-07-24,2.35842,2983.230029700701
571,2020-07-25,2.61181,3303.749978321329
572,2020-07-26,2.9595,3743.552578802429
573,2020-07-27,2.73891,3464.5222482202266
574,2020-07-28,3.19731,4044.364958854804
575,2020-07-29,2.56998,3250.838066048544
576,2020-07-30,2.31823,2932.3925983298373
577,2020-07-31,2.33627,2955.2118882509712
578,2020-08-01,2.42812,3071.3954680323545
579,2020-08-02,3.04561,3852.4754754270875
580,2020-08-03,2.64051,3340.0533941049507
581,2020-08-04,2.90292,3671.982987686145
582,2020-08-05,2.64297,3343.1651154578326
583,2020-08-06,2.64051,3340.0533941049507
584,2020-08-07,2.24689,2842.1526790962625
585,2020-08-08,2.57655,3259.1486389300217
586,2020-08-09,2.93982,3718.6588079793737
587,2020-08-10,2.77171,3506.011866258652
588,2020-08-11,2.72661,3448.963641455817
589,2020-08-12,2.60033,3289.2286120078797
590,2020-08-13,2.4232,3065.1720253265908
591,2020-08-14,2.16407,2737.391393549239
592,2020-08-15,2.37728,3007.0865600727952
593,2020-08-16,2.67577,3384.654733496258
594,2020-08-17,2.89718,3664.722304529421
595,2020-08-18,2.57573,3258.111398479061
596,2020-08-19,2.80287,3545.4270033951557
597,2020-08-20,2.61509,3307.898940125171
598,2020-08-21,2.59623,3284.0424097530763
599,2020-08-22,2.82256,3570.3334234920035
600,2020-08-23,3.13745,3968.646405934678
601,2020-08-24,3.12597,3954.1250396212295
602,2020-08-25,2.9923,3785.0421968408546
603,2020-08-26,2.83322,3583.8175493544913
604,2020-08-27,2.74055,3466.5967291221477
605,2020-08-28,2.57081,3251.8879557732967
606,2020-08-29,2.95376,3736.2918956457042
607,2020-08-30,3.19157,4037.10427569808
608,2020-08-31,3.05709,3866.9968417405366
609,2020-09-01,3.46956,4388.741437847527
610,2020-09-02,3.3892,4287.091873653385
611,2020-09-03,3.42282,4329.618732142771
612,2020-09-04,3.31376,4191.665752165006
613,2020-09-05,3.71803,4703.037943762391
614,2020-09-06,4.49379,5684.318007466317
615,2020-09-07,4.76604,6028.6944864590405
616,2020-09-08,3.94928,4995.552400207081
617,2020-09-09,3.85744,4879.3814696994905
618,2020-09-10,3.67293,4645.989718959556
619,2020-09-11,3.69589,4675.032451586453
620,2020-09-12,3.90418,4938.504175404247
621,2020-09-13,4.56349,5772.483445797971
622,2020-09-14,4.09689,5182.268330653787
623,2020-09-15,3.91074,4946.802099011931
624,2020-09-16,4.18545,5294.290299357536
625,2020-09-17,4.16905,5273.545490338323
626,2020-09-18,3.83284,4848.264256170672
627,2020-09-19,4.15101,5250.726200417189
628,2020-09-20,4.48559,5673.945602956712
629,2020-09-21,4.33716,5486.192432059044
630,2020-09-22,4.03293,5101.363575478858
631,2020-09-23,4.07229,5151.151117124968
632,2020-09-24,3.85908,4881.455950601411
633,2020-09-25,3.88614,4915.684885483112
634,2020-09-26,4.33552,5484.117951157123
635,2020-09-27,4.62171,5846.127517816177
636,2020-09-28,3.61307,4570.27116603943
637,2020-09-29,3.36624,4258.049141026487
638,2020-09-30,3.73771,4727.931714585446
639,2020-10-01,4.15593,5256.949643122952
640,2020-10-02,4.19611,5307.774425220024
641,2020-10-03,4.56103,5769.371724445089
642,2020-10-04,5.31628,6724.708127601209
643,2020-10-05,6.05759,7662.411443090997
644,2020-10-06,5.837,7383.381112508794
645,2020-10-07,5.80092,7337.742532666526
646,2020-10-08,4.92841,6234.080745023038
647,2020-10-09,4.6865,5928.082162715858
648,2020-10-10,5.24494,6634.468208367633
649,2020-10-11,5.14326,6505.850392448515
650,2020-10-12,4.71684,5966.460059401402
651,2020-10-13,4.46181,5643.865629878853
652,2020-10-14,4.8341,6114.7854438887725
653,2020-10-15,5.08913,6437.379873411321
654,2020-10-16,4.45033,5629.344263565405
655,2020-10-17,4.63893,5867.90956728635
656,2020-10-18,4.95465,6267.272439453777
657,2020-10-19,26.2034,33145.398088660775
658,2020-10-20,5.07683,6421.821266646912
659,2020-10-21,4.68732,5929.119403166818
660,2020-10-22,4.44623,5624.158061310601
661,2020-10-23,4.33388,5482.043470255202
662,2020-10-24,4.64549,5876.207490894034
663,2020-10-25,5.15556,6521.408999212925
664,2020-10-26,4.26664,5396.98975327643
665,2020-10-27,4.05507,5129.369067654795
666,2020-10-28,4.05753,5132.480789007676
667,2020-10-29,3.65981,4629.393871744185
668,2020-10-30,3.29572,4168.846462243873
669,2020-10-31,3.54419,4483.142968158736
670,2020-11-01,4.42408,5596.1399198608715
671,2020-11-02,4.12477,5217.5345059864485
672,2020-11-03,4.58071,5794.265495268144
673,2020-11-04,4.3757,5534.9427332541945
674,2020-11-05,3.92632,4966.509667580183
675,2020-11-06,3.39986,4300.575999515872
676,2020-11-07,3.58355,4532.930509804846
677,2020-11-08,4.09033,5173.970407046102
678,2020-11-09,4.13543,5231.018631848938
679,2020-11-10,3.69261,4670.883489782611
680,2020-11-11,3.61881,4577.531849196153
681,2020-11-12,3.35394,4242.490534262078
682,2020-11-13,2.94638,3726.9567315870586
683,2020-11-14,3.20305,4051.625642011529
684,2020-11-15,3.76478,4762.173298740939
685,2020-11-16,3.42282,4329.618732142771
686,2020-11-17,3.3359,4219.671244340943
687,2020-11-18,3.50893,4438.541628767429
688,2020-11-19,2.98246,3772.5953114293266
689,2020-11-20,2.94474,3724.8822506851375
690,2020-11-21,3.09727,3917.821623837607
691,2020-11-22,3.61061,4567.159444686547
692,2020-11-23,3.63521,4598.276658215366
693,2020-11-24,3.28588,4156.399576832345
694,2020-11-25,3.23995,4098.3014623047575
695,2020-11-26,3.60651,4561.973242431744
696,2020-11-27,3.63029,4592.0532155096025
697,2020-11-28,4.10509,5192.640735163393
698,2020-11-29,4.04277,5113.810460890385
699,2020-11-30,3.83038,4845.152534817789
700,2020-12-01,3.87384,4900.126278718702
701,2020-12-02,3.11121,3935.4547115039377
702,2020-12-03,3.021,3821.3456126244764
703,2020-12-04,2.82994,3579.668587550649
704,2020-12-05,3.02428,3825.494574428319
705,2020-12-06,3.14647,3980.0560508952453
706,2020-12-07,2.92834,3704.1374416659246
707,2020-12-08,2.91276,3684.429873097673
708,2020-12-09,2.87832,3640.865774157326
709,2020-12-10,2.76679,3499.7884235528877
710,2020-12-11,2.59377,3280.930688400195
711,2020-12-12,2.91768,3690.6533158034363
712,2020-12-13,3.01198,3809.935967663909
713,2020-12-14,3.05299,3861.810639485733
714,2020-12-15,2.95458,3737.329136096665
715,2020-12-16,2.82666,3575.5196257468065
716,2020-12-17,2.67003,3377.394050339534
717,2020-12-18,2.66593,3372.2078480847304
718,2020-12-19,2.64625,3347.3140772616753
719,2020-12-20,3.07103,3884.629929406867
720,2020-12-21,2.77335,3508.0863471605735
721,2020-12-22,2.49044,3150.225742305363
722,2020-12-23,2.69217,3405.3995425154703
723,2020-12-24,2.14767,2716.6465845300263
724,2020-12-25,2.4027,3039.241014052575
725,2020-12-26,2.49782,3159.560906364008
726,2020-12-27,2.84388,3597.3016752169797
727,2020-12-28,2.4232,3065.1720253265908
728,2020-12-29,2.4683,3122.220250129426
729,2020-12-30,2.44698,3095.2519984044493
730,2020-12-31,2.0632,2609.798168807289
731,2021-01-01,2.45354,3103.549922012134
732,2021-01-02,2.76843,3501.8629044548093
733,2021-01-03,2.85946,3617.009243785232
734,2021-01-04,2.63805,3336.9416727520684
735,2021-01-05,2.68151,3391.915416652982
736,2021-01-06,2.68069,3390.878176202021
737,2021-01-07,2.99066,3782.967715938933
738,2021-01-08,3.01936,3819.271131722555
739,2021-01-09,4.98253,6302.538614786438
740,2021-01-10,41.88493,52981.39473372502
741,2021-01-11,13.98815,17693.99391964021
742,2021-01-12,8.24217,10425.746497188044
743,2021-01-13,5.01697,6346.102713726785
744,2021-01-14,3.9624,5012.148247422451
745,2021-01-15,3.33754,4221.745725242865
746,2021-01-16,3.44332,4355.549743416786
747,2021-01-17,3.85088,4871.083546091805
748,2021-01-18,3.49498,4420.8958918273065
749,2021-01-19,3.04889,3856.62443723093
750,2021-01-20,3.16123,3998.726379012537
751,2021-01-21,2.96032,3744.589819253389
752,2021-01-22,3.03576,3840.0159407417673
753,2021-01-23,3.11285,3937.5291924058592
754,2021-01-24,3.35066,4238.341572458235
755,2021-01-25,3.09645,3916.784383386647
756,2021-01-26,3.05791,3868.034082191497
757,2021-01-27,2.86274,3621.1582055890744
758,2021-01-28,2.84634,3600.4133965698616
759,2021-01-29,3.07185,3885.6671698578275
760,2021-01-30,3.65899,4628.356631293225
761,2021-01-31,3.69507,4673.995211135492
762,2021-02-01,3.37116,4264.272583732251
763,2021-02-02,3.22109,4074.4449319326627
764,2021-02-03,3.31376,4191.665752165006
765,2021-02-04,3.09481,3914.7099024847253
766,2021-02-05,2.85946,3617.009243785232
767,2021-02-06,3.15877,3995.6146576596548
768,2021-02-07,3.65325,4621.095948136501
769,2021-02-08,3.19813,4045.402199305765
770,2021-02-09,2.94884,3730.068452939941
771,2021-02-10,2.90784,3678.206430391909
772,2021-02-11,3.34328,4229.006408399589
773,2021-02-12,3.91156,4947.839339462892
774,2021-02-13,4.51511,5711.2862591912935
775,2021-02-14,4.62417,5849.239239169058
776,2021-02-15,4.37488,5533.905492803234
777,2021-02-16,4.23138,5352.388413885123
778,2021-02-17,3.8804,4908.424202326388
779,2021-02-18,3.72131,4707.186905566233
780,2021-02-19,3.35312,4241.453293811117
781,2021-02-20,3.88696,4916.722125934073
782,2021-02-21,4.32896,5475.820027549439
783,2021-02-22,3.9337,4975.844831638829
784,2021-02-23,3.71557,4699.926222409508
785,2021-02-24,3.53517,4471.733323198169
786,2021-02-25,3.97471,5027.719503460653
787,2021-02-26,3.59585,4548.489116569256
788,2021-02-27,3.62619,4586.8670132547995
789,2021-02-28,4.14281,5240.353795907582
790,2021-03-01,4.45525,5635.567706271168
791,2021-03-02,3.41954,4325.469770338928
792,2021-03-03,3.25389,4115.934549971088
793,2021-03-04,3.26865,4134.604878088379
794,2021-03-05,2.93326,3710.360884371689
795,2021-03-06,3.39494,4294.3525568101095
796,2021-03-07,4.05261,5126.257346301913
797,2021-03-08,3.29654,4169.883702694833
798,2021-03-09,3.17599,4017.396707129828
799,2021-03-10,3.14483,3977.981569993324
800,2021-03-11,2.90456,3674.0574685880665
801,2021-03-12,2.93982,3718.6588079793737
802,2021-03-13,3.27112,4137.7292487150535
803,2021-03-14,3.78856,4792.253271818797
804,2021-03-15,3.33262,4215.522282537101
805,2021-03-16,3.31294,4190.628511714046
806,2021-03-17,2.99804,3792.3028799975787
807,2021-03-18,3.08825,3906.4119788770404
808,2021-03-19,2.93654,3714.509846175531
809,2021-03-20,3.27358,4140.840970067936
810,2021-03-21,3.70245,4683.3303751941385
811,2021-03-22,3.03658,3841.053181192728
812,2021-03-23,3.07841,3893.965093465513
813,2021-03-24,2.85208,3607.674079726586
814,2021-03-25,2.92834,3704.1374416659246
815,2021-03-26,2.96114,3745.62705970435
816,2021-03-27,3.32852,4210.336080282298
817,2021-03-28,3.66555,4636.65455490091
818,2021-03-29,3.07923,3895.002333916473
819,2021-03-30,2.72825,3451.0381223577383
820,2021-03-31,2.73235,3456.2243246125413
821,2021-04-01,2.66757,3374.2823289866515
822,2021-04-02,2.5134,3179.2684749322602
823,2021-04-03,2.9144,3686.504353999594
824,2021-04-04,3.35722,4246.63949606592
825,2021-04-05,2.89882,3666.7967854313424
826,2021-04-06,2.76187,3493.5649808471244
827,2021-04-07,2.52406,3192.7526007947486
828,2021-04-08,2.61591,3308.936180576132
829,2021-04-09,3.10875,3932.3429901510563
830,2021-04-10,2.80452,3547.5141335708695
831,2021-04-11,3.37034,4263.235343281291
832,2021-04-12,3.14319,3975.907089091403
833,2021-04-13,2.89636,3663.68506407846
834,2021-04-14,2.72497,3446.8891605538956
835,2021-04-15,2.70283,3418.8836683779587
836,2021-04-16,2.46256,3114.959566972701
837,2021-04-17,2.73481,3459.336045965423
838,2021-04-18,3.12597,3954.1250396212295
839,2021-04-19,2.70283,3418.8836683779587
840,2021-04-20,2.75531,3485.2670572394395
841,2021-04-21,2.90538,3675.0947090390273
842,2021-04-22,6.93667,8774.383803615963
843,2021-04-23,2.55194,3228.01877612741
844,2021-04-24,2.59951,3288.191371556919
845,2021-04-25,3.04643,3853.5127158780483
846,2021-04-26,2.66265,3368.058886280888
847,2021-04-27,2.46174,3113.92232652174
848,2021-04-28,2.51586,3182.380196285142
849,2021-04-29,2.50438,3167.8588299716935
850,2021-04-30,2.30429,2914.7595106635067
851,2021-05-01,2.60115,3290.2658524588405
852,2021-05-02,2.87504,3636.7168123534834
853,2021-05-03,2.68643,3398.1388593587462
854,2021-05-04,2.22721,2817.2589082732075
855,2021-05-05,2.60443,3294.4148142626827
856,2021-05-06,2.38384,3015.3844836804806
857,2021-05-07,2.16079,2733.242431745396
858,2021-05-08,2.34612,2967.6714229362915
859,2021-05-09,2.65937,3363.909924477045
860,2021-05-10,2.39614,3030.94309044489
861,2021-05-11,2.3494,2971.820384740134
862,2021-05-12,2.28051,2884.6795375856486
863,2021-05-13,2.25263,2849.413362252987
864,2021-05-14,2.27641,2879.493335330845
865,2021-05-15,2.38876,3021.6079263862443
866,2021-05-16,2.8201,3567.2217021391216
867,2021-05-17,2.34776,2969.7459038382126
868,2021-05-18,2.28215,2886.75401848757
869,2021-05-19,2.50274,3165.7843490697724
870,2021-05-20,2.47896,3135.704375991914
871,2021-05-21,2.61755,3311.010661478053
872,2021-05-22,2.51586,3182.380196285142
873,2021-05-23,2.68397,3395.0271380058643
874,2021-05-24,2.50028,3162.6726277168905
875,2021-05-25,2.47568,3131.5554141880716
876,2021-05-26,2.34366,2964.559701583409
877,2021-05-27,2.10503,2662.7100810800735
878,2021-05-28,1.92298,2432.4300516930207
879,2021-05-29,2.11077,2669.9707642367975
880,2021-05-30,2.59459,3281.9679288511556
881,2021-05-31,2.4314,3075.544429836197
882,2021-06-01,2.33956,2959.3734993286066
883,2021-06-02,2.24771,2843.1899195472233
884,2021-06-03,2.07058,2619.133332865935
885,2021-06-04,1.90494,2409.6107617718867
886,2021-06-05,2.0714,2620.170573316895
887,2021-06-06,2.64543,3346.2768368107145
888,2021-06-07,2.25919,2857.711285860672
889,2021-06-08,2.31741,2931.3553578788774
890,2021-06-09,2.16161,2734.279672196357
891,2021-06-10,2.15587,2727.0189890396327
892,2021-06-11,1.86393,2357.736089950063
893,2021-06-12,2.01974,2554.8244249063755
894,2021-06-13,2.50438,3167.8588299716935
895,2021-06-14,2.34284,2963.522461132449
896,2021-06-15,2.05828,2603.574726101525
897,2021-06-16,1.9238,2433.4672921439815
898,2021-06-17,1.85409,2345.289204538535
899,2021-06-18,1.76717,2235.3417167367083
900,2021-06-19,1.91396,2421.020406732454
901,2021-06-20,2.27887,2882.605056683727
902,2021-06-21,2.05746,2602.537485650564
903,2021-06-22,2.0468,2589.0533597880762
904,2021-06-23,1.80981,2289.278220186661
905,2021-06-24,1.78931,2263.3472089126453
906,2021-06-25,1.68599,2132.6549120916056
907,2021-06-26,1.90412,2408.5735213209264
908,2021-06-27,2.06402,2610.83540925825
909,2021-06-28,1.8828,2381.6052695959497
910,2021-06-29,1.81555,2296.5389033433858
911,2021-06-30,1.85327,2344.251964087575
912,2021-07-01,1.80735,2286.1664988337793
913,2021-07-02,1.58594,2006.0989278006161
914,2021-07-03,1.90822,2413.7597235757294
915,2021-07-04,2.32807,2944.8394837413653
916,2021-07-05,1.92134,2430.3555707910996
917,2021-07-06,1.95906,2478.0686315352887
918,2021-07-07,2.07468,2624.3195351207373
919,2021-07-08,1.85491,2346.326444989496
920,2021-07-09,1.74831,2211.4851863646136
921,2021-07-10,3.25471,4116.971790422049
922,2021-07-11,5.96247,7542.0915507795635
923,2021-07-12,3.19157,4037.10427569808
924,2021-07-13,2.61673,3309.973421027092
925,2021-07-14,2.29199,2899.2009038990977
926,2021-07-15,6.34789,8029.619861278645
927,2021-07-16,4.13625,5232.055872299898
928,2021-07-17,2.55522,3232.1677379312523
929,2021-07-18,2.74465,3471.782931376951
930,2021-07-19,2.37072,2998.7886364651104
931,2021-07-20,2.43386,3078.656151189079
932,2021-07-21,2.30593,2916.8339915654283
933,2021-07-22,2.05582,2600.4630047486435
934,2021-07-23,1.96398,2484.2920742410524
935,2021-07-24,1.92052,2429.318330340139
936,2021-07-25,2.07714,2627.4312564736197
937,2021-07-26,2.74547,3472.8201718279115
938,2021-07-27,2.71841,3438.5912369462108
939,2021-07-28,4.36832,5525.607569195548
940,2021-07-29,2.415,3054.7996208169848
941,2021-07-30,1.8951,2397.163876360359
942,2021-07-31,2.03942,2579.71819572943
943,2021-08-01,2.45272,3102.5126815611734
944,2021-08-02,2.11651,2677.231447393522
945,2021-08-03,2.05828,2603.574726101525
946,2021-08-04,1.891,2391.977674105556
947,2021-08-05,1.99678,2525.7816922794777
948,2021-08-06,1.75159,2215.6341481684562
949,2021-08-07,1.71469,2168.958327875228
950,2021-08-08,2.10995,2668.933523785837
951,2021-08-09,1.87952,2377.456307792107
952,2021-08-10,1.932,2443.8396966535875
953,2021-08-11,2.20343,2787.1789351953494
954,2021-08-12,2.16571,2739.46587445116
955,2021-08-13,1.86229,2355.6616090481416
956,2021-08-14,2.05664,2601.5002451996033
957,2021-08-15,2.35924,2984.2672701516613
958,2021-08-16,2.41008,3048.5761781112205
959,2021-08-17,2.4109,3049.6134185621813
960,2021-08-18,2.48306,3140.8905782467173
961,2021-08-19,2.56998,3250.838066048544
962,2021-08-20,2.27149,2873.269892625082
963,2021-08-21,2.51668,3183.417436736103
964,2021-08-22,2.94064,3719.6960484303345
965,2021-08-23,2.65609,3359.7609626732024
966,2021-08-24,2.68643,3398.1388593587462
967,2021-08-25,2.51094,3176.156753579379
968,2021-08-26,2.62411,3319.308585085738
969,2021-08-27,2.45272,3102.5126815611734
970,2021-08-28,2.84634,3600.4133965698616
971,2021-08-29,3.13007,3959.3112418760325
972,2021-08-30,2.65855,3362.8726840260847
973,2021-08-31,2.60689,3297.5265356155646
974,2021-09-01,2.83814,3590.0409920602556
975,2021-09-02,2.78975,3528.831156179786
976,2021-09-03,2.79631,3537.129079787471
977,2021-09-04,2.72333,3444.814679651974
978,2021-09-05,3.34082,4225.894687046707
979,2021-09-06,3.0169,3816.1594103696734
980,2021-09-07,3.16205,3999.763619463497
981,2021-09-08,3.03905,3844.1775518194027
982,2021-09-09,2.75531,3485.2670572394395
983,2021-09-10,2.66593,3372.2078480847304
984,2021-09-11,3.14729,3981.0932913462057
985,2021-09-12,3.57125,4517.371903040437
986,2021-09-13,3.00624,3802.675284507185
987,2021-09-14,2.78237,3519.49599212114
988,2021-09-15,2.71185,3430.293313338526
989,2021-09-16,2.75859,3489.4160190432817
990,2021-09-17,2.63149,3328.6437491443835
991,2021-09-18,2.88488,3649.1636977650114
992,2021-09-19,2.78975,3528.831156179786
993,2021-09-20,2.93572,3713.4726057245703
994,2021-09-21,3.25225,4113.860069069167
995,2021-09-22,3.54665,4486.254689511618
996,2021-09-23,3.20305,4051.625642011529
997,2021-09-24,2.99312,3786.0794372918144
998,2021-09-25,3.30064,4175.069904949636
999,2021-09-26,3.64259,4607.611822274012
1000,2021-09-27,3.39494,4294.3525568101095
1001,2021-09-28,3.05873,3869.0713226424577
1002,2021-09-29,2.83158,3581.7430684525707
1003,2021-09-30,2.66347,3369.096126731848
1004,2021-10-01,2.54128,3214.5346502649218
1005,2021-10-02,2.61591,3308.936180576132
1006,2021-10-03,2.8611,3619.083724687153
1007,2021-10-04,3.14647,3980.0560508952453
1008,2021-10-05,2.79467,3535.0545988855497
1009,2021-10-06,2.70939,3427.1815919856435
1010,2021-10-07,2.46994,3124.2947310313466
1011,2021-10-08,2.4068,3044.4272163073783
1012,2021-10-09,2.47568,3131.5554141880716
1013,2021-10-10,2.90128,3669.908506784224
1014,2021-10-11,3.54501,4484.180208609697
1015,2021-10-12,3.25799,4121.120752225891
1016,2021-10-13,2.91932,3692.727796705358
1017,2021-10-14,2.9554,3738.366376547626
1018,2021-10-15,2.72907,3452.075362808699
1019,2021-10-16,3.73115,4719.63379097776
1020,2021-10-17,4.84558,6129.306810202221
1021,2021-10-18,4.62089,5845.090277365216
1022,2021-10-19,3.97225,5024.607782107771
1023,2021-10-20,3.49744,4424.007613180188
1024,2021-10-21,3.45644,4372.145590632157
1025,2021-10-22,3.22929,4084.8173364422696
1026,2021-10-23,3.3072,4183.367828557321
1027,2021-10-24,3.73443,4723.782752781603
1028,2021-10-25,3.35558,4244.565015163998
1029,2021-10-26,3.09891,3919.8961047395287
1030,2021-10-27,3.04971,3857.661677681891
1031,2021-10-28,3.22601,4080.6683746384265
1032,2021-10-29,5.29496,6697.739875876232
1033,2021-10-30,3.54255,4481.068487256815
1034,2021-10-31,3.56305,4506.999498530831
1035,2021-11-01,3.3318,4214.48504208614
1036,2021-11-02,3.10055,3921.9705856414503
1037,2021-11-03,3.14975,3984.205012699088
1038,2021-11-04,2.76105,3492.5277403961636
1039,2021-11-05,2.54948,3224.907054774528
1040,2021-11-06,2.79139,3530.905637081707
1041,2021-11-07,3.11777,3943.7526351116235
1042,2021-11-08,3.24487,4104.524905010521
1043,2021-11-09,3.32278,4203.0753971255735
1044,2021-11-10,3.27194,4138.766489166014
1045,2021-11-11,2.79221,3531.9428775326674
1046,2021-11-12,2.84224,3595.227194315058
1047,2021-11-13,2.74301,3469.7084504750296
1048,2021-11-14,2.98984,3781.930475487972
1049,2021-11-15,2.87914,3641.903014608287
1050,2021-11-16,2.62411,3319.308585085738
1051,2021-11-17,2.44698,3095.2519984044493
1052,2021-11-18,2.52078,3188.603638990906
1053,2021-11-19,2.85618,3612.8602819813896
1054,2021-11-20,2.45518,3105.6244029140553
1055,2021-11-21,2.8939,3660.573342725578
1056,2021-11-22,2.94146,3720.7332888812953
1057,2021-11-23,2.8283,3577.5941066487276
1058,2021-11-24,2.79877,3540.240801140353
1059,2021-11-25,3.32114,4201.000916223653
1060,2021-11-26,10.57927,13382.008275163767
1061,2021-11-27,5.61478,7102.288950298463
1062,2021-11-28,4.55201,5757.962079484522
1063,2021-11-29,4.16003,5262.135845377756
1064,2021-11-30,3.44578,4358.661464769669
1065,2021-12-01,3.14401,3976.9443295423634
1066,2021-12-02,2.60853,3299.601016517486
1067,2021-12-03,2.39696,3031.980330895851
1068,2021-12-04,2.36252,2988.416231955504
1069,2021-12-05,2.60689,3297.5265356155646
1070,2021-12-06,2.42074,3062.060303973709
1071,2021-12-07,2.27149,2873.269892625082
1072,2021-12-08,2.05254,2596.314042944801
1073,2021-12-09,2.3494,2971.820384740134
1074,2021-12-10,2.05336,2597.351283395761
1075,2021-12-11,2.25509,2852.525083605869
1076,2021-12-12,2.65937,3363.909924477045
1077,2021-12-13,2.45846,3109.7733647178984
1078,2021-12-14,2.80452,3547.5141335708695
1079,2021-12-15,2.23049,2821.40787007705
1080,2021-12-16,2.07386,2623.282294669777
1081,2021-12-17,1.94184,2456.2865820651155
1082,2021-12-18,2.21409,2800.6630610578377
1083,2021-12-19,2.44616,3094.2147579534885
1084,2021-12-20,2.46912,3123.2574905803867
1085,2021-12-21,2.24525,2840.0781981943414
1086,2021-12-22,2.22065,2808.9609846655226
1087,2021-12-23,2.23295,2824.519591429932
1088,2021-12-24,1.93528,2447.98865845743
1089,2021-12-25,1.96234,2482.217593339131
1090,2021-12-26,2.47076,3125.3319714823074
1091,2021-12-27,2.22639,2816.2216678222467
1092,2021-12-28,2.08042,2631.5802182774623
1093,2021-12-29,2.02056,2555.8616653573363
1094,2021-12-30,1.98284,2508.1486046131467
1095,2021-12-31,1.68189,2127.4687098368026
1096,2022-01-01,2.0099,2542.377539494848
1097,2022-01-02,2.31905,2933.429838780798
1098,2022-01-03,2.33381,2952.10016689809
1099,2022-01-04,2.05172,2595.27680249384
1100,2022-01-05,2.55276,3229.056016578371
1101,2022-01-06,2.29445,2902.312625251979
1102,2022-01-07,2.45846,3109.7733647178984
1103,2022-01-08,5.24822,6638.617170171476
1104,2022-01-09,9.47632,11986.856622252755
1105,2022-01-10,5.99363,7581.506687916067
1106,2022-01-11,4.00587,5067.134640597156
1107,2022-01-12,3.52697,4461.360918688563
1108,2022-01-13,3.01034,3807.8614867619876
1109,2022-01-14,2.71103,3429.256072887565
1110,2022-01-15,2.8529,3608.7113201775464
1111,2022-01-16,3.01526,3814.084929467752
1112,2022-01-17,2.71841,3438.5912369462108
1113,2022-01-18,2.57901,3262.260360282903
1114,2022-01-19,2.44042,3086.9540747967644
1115,2022-01-20,2.31413,2927.2063960750347
1116,2022-01-21,2.25591,2853.5623240568298
1117,2022-01-22,2.64133,3341.090634555911
1118,2022-01-23,3.09399,3913.6726620337645
1119,2022-01-24,2.74875,3476.9691336317537
1120,2022-01-25,2.4683,3122.220250129426
1121,2022-01-26,2.29199,2899.2009038990977
1122,2022-01-27,2.25591,2853.5623240568298
1123,2022-01-28,2.23951,2832.8175150376173
1124,2022-01-29,2.36908,2996.714155563189
1125,2022-01-30,2.48306,3140.8905782467173
1126,2022-01-31,2.45764,3108.7361242669376
1127,2022-02-01,2.99804,3792.3028799975787
1128,2022-02-02,3.24651,4106.599385912442
1129,2022-02-03,3.10137,3923.0078260924106
1130,2022-02-04,2.99886,3793.3401204485394
1131,2022-02-05,3.27522,4142.9154509698565
1132,2022-02-06,3.43348,4343.102858005259
1133,2022-02-07,3.00624,3802.675284507185
1134,2022-02-08,3.63357,4596.202177313446
1135,2022-02-09,5.24494,6634.468208367633
1136,2022-02-10,3.57617,4523.595345746201
1137,2022-02-11,2.75613,3486.3042976904003
1138,2022-02-12,3.01362,3812.0104485658308
1139,2022-02-13,3.22191,4075.482172383623
1140,2022-02-14,2.71185,3430.293313338526
1141,2022-02-15,2.8693,3629.4561291967593
1142,2022-02-16,2.63149,3328.6437491443835
1143,2022-02-17,2.67741,3386.729214398179
1144,2022-02-18,2.60033,3289.2286120078797
1145,2022-02-19,2.72169,3442.7401987500534
1146,2022-02-20,3.12433,3952.0505587193084
1147,2022-02-21,3.20223,4050.5884015605684
1148,2022-02-22,2.82994,3579.668587550649
1149,2022-02-23,2.71431,3433.4050346914073
1150,2022-02-24,2.58393,3268.4838029886673
1151,2022-02-25,2.61919,3313.0851423799745
1152,2022-02-26,2.71267,3431.3305537894867
1153,2022-02-27,2.9923,3785.0421968408546
1154,2022-02-28,2.61263,3304.7872187722887
1155,2022-03-01,3.08087,3897.0768148183947
1156,2022-03-02,2.59705,3285.079650204037
1157,2022-03-03,2.43796,3083.842353443882
1158,2022-03-04,2.41582,3055.836861267945
1159,2022-03-05,2.68151,3391.915416652982
1160,2022-03-06,3.04725,3854.5499563290086
1161,2022-03-07,2.48552,3144.002299599599
1162,2022-03-08,2.25427,2851.487843154908
1163,2022-03-09,2.19359,2774.7320497838214
1164,2022-03-10,2.19195,2772.6575688819003
1165,2022-03-11,2.50438,3167.8588299716935
1166,2022-03-12,2.64051,3340.0533941049507
1167,2022-03-13,3.13581,3966.5719250327575
1168,2022-03-14,2.53964,3212.4601693630007
1169,2022-03-15,2.25919,2857.711285860672
1170,2022-03-16,2.31823,2932.3925983298373
1171,2022-03-17,2.16407,2737.391393549239
1172,2022-03-18,2.10256,2659.5857104533993
1173,2022-03-19,2.32233,2937.5788005846407
1174,2022-03-20,2.70201,3417.8464279269983
1175,2022-03-21,2.14521,2713.5348631771444
1176,2022-03-22,2.20343,2787.1789351953494
1177,2022-03-23,1.87706,2374.344586439225
1178,2022-03-24,1.9648,2485.329314692013
1179,2022-03-25,1.9812,2506.0741237112256
1180,2022-03-26,2.19359,2774.7320497838214
1181,2022-03-27,2.56342,3242.5401424408587
1182,2022-03-28,2.31085,2923.057434271192
1183,2022-03-29,2.21819,2805.8492633126402
1184,2022-03-30,1.88854,2388.8659527526743
1185,2022-03-31,2.40926,3047.53893766026
1186,2022-04-01,2.06074,2606.686447454407
1187,2022-04-02,2.13455,2700.050737314656
1188,2022-04-03,2.51422,3180.305715383221
1189,2022-04-04,2.20589,2790.2906565482313
1190,2022-04-05,2.22721,2817.2589082732075
1191,2022-04-06,2.06648,2613.9471306111313
1192,2022-04-07,1.92872,2439.6907348497452
1193,2022-04-08,1.97218,2494.664478750659
1194,2022-04-09,2.23377,2825.5568318808923
1195,2022-04-10,2.56916,3249.8008255975838
1196,2022-04-11,2.69709,3411.6229852212346
1197,2022-04-12,2.8078,3551.6630953747117
1198,2022-04-13,2.39778,3033.017571346811
1199,2022-04-14,2.17473,2750.8755194117266
1200,2022-04-15,1.87788,2375.381826890186
1201,2022-04-16,2.04844,2591.1278406899974
1202,2022-04-17,2.69627,3410.585744770274
1203,2022-04-18,2.08124,2632.617458728423
1204,2022-04-19,2.22639,2816.2216678222467
1205,2022-04-20,1.96808,2489.4782764958554
1206,2022-04-21,1.85245,2343.214723636614
1207,2022-04-22,1.74093,2202.1500223059684
1208,2022-04-23,2.07386,2623.282294669777
1209,2022-04-24,2.47404,3129.48093328615
1210,2022-04-25,2.13127,2695.901775510814
1211,2022-04-26,2.28543,2890.9029802914124
1212,2022-04-27,2.14603,2714.572103628105
1213,2022-04-28,1.99268,2520.5954900246743
1214,2022-04-29,1.75979,2226.0065526780627
1215,2022-04-30,1.90658,2411.685242673808
1216,2022-05-01,2.17801,2755.0244812155697
1217,2022-05-02,1.96234,2482.217593339131
1218,2022-05-03,1.72781,2185.554175090598
1219,2022-05-04,1.74011,2201.1127818550076
1220,2022-05-05,1.94758,2463.5472652218396
1221,2022-05-06,1.95824,2477.031391084328
1222,2022-05-07,1.87542,2372.270105537304
1223,2022-05-08,2.10913,2667.8962833348764
1224,2022-05-09,1.88854,2388.8659527526743
1225,2022-05-10,1.84261,2330.7678382250865
1226,2022-05-11,1.8705,2366.0466628315403
1227,2022-05-12,1.64745,2083.9046108964562
1228,2022-05-13,1.63925,2073.53220638685
1229,2022-05-14,1.76061,2227.0437931290235
1230,2022-05-15,2.16981,2744.6520767059633
1231,2022-05-16,1.97382,2496.73895965258
1232,2022-05-17,1.96398,2484.2920742410524
1233,2022-05-18,1.84507,2333.8795595779684
1234,2022-05-19,1.71879,2174.144530130031
1235,2022-05-20,1.64991,2087.0163322493377
1236,2022-05-21,1.90904,2414.79696402669
1237,2022-05-22,2.12963,2693.8272946088923
1238,2022-05-23,1.92052,2429.318330340139
1239,2022-05-24,1.90166,2405.461799968044
1240,2022-05-25,1.80407,2282.0175370299366
1241,2022-05-26,1.79341,2268.5334111674483
1242,2022-05-27,1.60152,2025.8064963688685
1243,2022-05-28,1.71141,2164.8093660713853
1244,2022-05-29,2.21409,2800.6630610578377
1245,2022-05-30,2.04516,2586.978878886155
1246,2022-05-31,1.64827,2084.9418513474166
1247,2022-06-01,2.02794,2565.196829415982
1248,2022-06-02,1.81063,2290.315460637622
1249,2022-06-03,1.5187,1921.0452108218444
1250,2022-06-04,1.71305,2166.8838469733064
1251,2022-06-05,2.01072,2543.4147799458083
1252,2022-06-06,2.0427,2583.867157533273
1253,2022-06-07,2.0632,2609.798168807289
1254,2022-06-08,1.79833,2274.7568538732125
1255,2022-06-09,1.61054,2037.2161413294355
1256,2022-06-10,1.64991,2087.0163322493377
1257,2022-06-11,1.81309,2293.427181990504
1258,2022-06-12,2.13783,2704.1996991184988
1259,2022-06-13,1.75405,2218.745869521338
1260,2022-06-14,1.75077,2214.5969077174955
1261,2022-06-15,1.8705,2366.0466628315403
1262,2022-06-16,3.18009,4022.582909384631
1263,2022-06-17,1.61464,2042.4023435842387
1264,2022-06-18,2.16079,2733.242431745396
1265,2022-06-19,2.22885,2819.3333891751286
1266,2022-06-20,1.94512,2460.4355438689577
1267,2022-06-21,1.80981,2289.278220186661
1268,2022-06-22,1.79341,2268.5334111674483
1269,2022-06-23,1.6048,2029.955458172711
1270,2022-06-24,1.4736,1863.9969860190097
1271,2022-06-25,1.61792,2046.5513053880811
1272,2022-06-26,1.87542,2372.270105537304
1273,2022-06-27,1.72453,2181.4052132867555
1274,2022-06-28,1.78357,2256.0865257559212
1275,2022-06-29,1.63597,2069.383244583007
1276,2022-06-30,1.42358,1800.7253185104112
1277,2022-07-01,1.49,1884.7417950382223
1278,2022-07-02,1.71551,2169.9955683261887
1279,2022-07-03,1.95086,2467.696227025682
1280,2022-07-04,1.79341,2268.5334111674483
1281,2022-07-05,1.64663,2082.8673704454955
1282,2022-07-06,1.65319,2091.1652940531803
1283,2022-07-07,1.72945,2187.6286559925193
1284,2022-07-08,1.74667,2209.4107054626925
1285,2022-07-09,2.63887,3337.978913203029
1286,2022-07-10,5.40157,6832.593783774907
1287,2022-07-11,3.06611,3878.4064867011034
1288,2022-07-12,2.45436,3104.587162463095
1289,2022-07-13,2.19933,2781.992732940546
1290,2022-07-14,2.0796,2630.5429778265016
1291,2022-07-15,1.79751,2273.7196134222518
1292,2022-07-16,2.12143,2683.4548900992863
1293,2022-07-17,2.14357,2711.460382275223
1294,2022-07-18,2.0099,2542.377539494848
1295,2022-07-19,1.80079,2277.868575226094
1296,2022-07-20,1.82539,2308.9857887549133
1297,2022-07-21,1.71387,2167.921087424267
1298,2022-07-22,1.54166,1950.0879434487422
1299,2022-07-23,1.78439,2257.1237662068816
1300,2022-07-24,2.12225,2684.4921305502467
1301,2022-07-25,2.01892,2553.7871844554147
1302,2022-07-26,2.14931,2718.7210654319474
1303,2022-07-27,2.13865,2705.2369395694595
1304,2022-07-28,1.80981,2289.278220186661
1305,2022-07-29,1.58512,2005.0616873496558
1306,2022-07-30,1.70321,2154.436961561779
1307,2022-07-31,2.02056,2555.8616653573363
1308,2022-08-01,1.83523,2321.432674166441
1309,2022-08-02,1.81063,2290.315460637622
1310,2022-08-03,1.78685,2260.2354875597634
1311,2022-08-04,1.72453,2181.4052132867555
1312,2022-08-05,1.60234,2026.843736819829
1313,2022-08-06,1.65155,2089.090813151259
1314,2022-08-07,1.86721,2361.8850517539054
1315,2022-08-08,1.69173,2139.91559524833
1316,2022-08-09,2.0099,2542.377539494848
1317,2022-08-10,1.70731,2159.6231638165823
1318,2022-08-11,1.77701,2247.788602148236
1319,2022-08-12,1.74011,2201.1127818550076
1320,2022-08-13,1.85573,2347.3636854404567
1321,2022-08-14,1.87542,2372.270105537304
1322,2022-08-15,2.02712,2564.159588965021
1323,2022-08-16,1.89018,2390.9404336545954
1324,2022-08-17,1.8787,2376.4190673411467
1325,2022-08-18,1.71961,2175.1817705809917
1326,2022-08-19,1.61956,2048.6257862900025
1327,2022-08-20,1.81719,2298.613384245307
1328,2022-08-21,2.05418,2598.388523846722
1329,2022-08-22,1.97218,2494.664478750659
1330,2022-08-23,1.93446,2446.95141800647
1331,2022-08-24,1.85491,2346.326444989496
1332,2022-08-25,1.85819,2350.4754067933386
1333,2022-08-26,1.81309,2293.427181990504
1334,2022-08-27,2.13537,2701.087977765617
1335,2022-08-28,2.60197,3291.3030929098013
1336,2022-08-29,2.57409,3256.0369175771393
1337,2022-08-30,2.66593,3372.2078480847304
1338,2022-08-31,2.5462,3220.7580929706855
1339,2022-09-01,2.35924,2984.2672701516613
1340,2022-09-02,2.23213,2823.4823509789717
1341,2022-09-03,2.41746,3057.9113421698667
1342,2022-09-04,2.63887,3337.978913203029
1343,2022-09-05,2.77991,3516.3842707682584
1344,2022-09-06,2.53144,3202.087764853394
1345,2022-09-07,2.12799,2691.752813706971
1346,2022-09-08,1.87542,2372.270105537304
1347,2022-09-09,2.04844,2591.1278406899974
1348,2022-09-10,2.22803,2818.2961487241682
1349,2022-09-11,2.51832,3185.4919176380245
1350,2022-09-12,2.81518,3560.9982594333574
1351,2022-09-13,2.456,3106.661643365016
1352,2022-09-14,2.39942,3035.0920522487327
1353,2022-09-15,2.4806,3137.778856893835
1354,2022-09-16,2.77663,3512.2353089644157
1355,2022-09-17,2.18293,2761.247923921333
1356,2022-09-18,2.60853,3299.601016517486
1357,2022-09-19,2.30265,2912.6850297615856
1358,2022-09-20,2.38466,3016.421724131441
1359,2022-09-21,2.35514,2979.0810678968583
1360,2022-09-22,2.18949,2769.545847529019
1361,2022-09-23,2.08288,2634.6919396303438
1362,2022-09-24,2.34612,2967.6714229362915
1363,2022-09-25,2.61673,3309.973421027092
1364,2022-09-26,2.46338,3115.9968074236617
1365,2022-09-27,2.17965,2757.098962117491
1366,2022-09-28,2.10749,2665.821802432955
1367,2022-09-29,2.18293,2761.247923921333
1368,2022-09-30,1.92216,2431.3928112420604
1369,2022-10-01,2.13209,2696.9390159617737
1370,2022-10-02,2.49618,3157.486425462087
1371,2022-10-03,2.70037,3415.7719470250768
1372,2022-10-04,2.47896,3135.704375991914
1373,2022-10-05,2.44862,3097.3264793063704
1374,2022-10-06,2.43386,3078.656151189079
1375,2022-10-07,2.26329,2862.8974881154754
1376,2022-10-08,2.31167,2924.0946747221524
1377,2022-10-09,2.87094,3631.5306100986804
1378,2022-10-10,3.38346,4279.83119049666
1379,2022-10-11,3.14483,3977.981569993324
1380,2022-10-12,2.77007,3503.937385356731
1381,2022-10-13,2.54784,3222.8325738726066
1382,2022-10-14,2.20835,2793.4023779011127
1383,2022-10-15,2.62493,3320.3458255366986
1384,2022-10-16,2.92014,3693.7650371563186
1385,2022-10-17,2.69463,3408.5112638683527
1386,2022-10-18,2.96114,3745.62705970435
1387,2022-10-19,2.65609,3359.7609626732024
1388,2022-10-20,2.34448,2965.59694203437
1389,2022-10-21,1.9648,2485.329314692013
1390,2022-10-22,2.0222,2557.9361462592574
1391,2022-10-23,2.46912,3123.2574905803867
1392,2022-10-24,2.45764,3108.7361242669376
1393,2022-10-25,2.38958,3022.645166837205
1394,2022-10-26,2.13209,2696.9390159617737
1395,2022-10-27,1.98694,2513.3348068679497
1396,2022-10-28,1.86803,2362.922292204866
1397,2022-10-29,1.86803,2362.922292204866
1398,2022-10-30,1.97792,2501.925161907383
1399,2022-10-31,1.92872,2439.6907348497452
1400,2022-11-01,2.21409,2800.6630610578377
1401,2022-11-02,2.26903,2870.1581712721995
1402,2022-11-03,2.21409,2800.6630610578377
1403,2022-11-04,2.16981,2744.6520767059633
1404,2022-11-05,2.27887,2882.605056683727
1405,2022-11-06,2.67167,3379.468531241455
1406,2022-11-07,2.4068,3044.4272163073783
1407,2022-11-08,2.26329,2862.8974881154754
1408,2022-11-09,2.16243,2735.3169126473176
1409,2022-11-10,1.95004,2466.6589865747214
1410,2022-11-11,1.83523,2321.432674166441
1411,2022-11-12,2.374,3002.937598268953
1412,2022-11-13,2.4724,3127.406452384229
1413,2022-11-14,2.35842,2983.230029700701
1414,2022-11-15,2.17883,2756.06172166653
1415,2022-11-16,2.17145,2746.726557607885
1416,2022-11-17,1.90412,2408.5735213209264
1417,2022-11-18,1.70895,2161.6976447185034
1418,2022-11-19,1.83441,2320.3954337154805
1419,2022-11-20,2.17883,2756.06172166653
1420,2022-11-21,1.81227,2292.389941539543
1421,2022-11-22,1.93364,2445.914177555509
1422,2022-11-23,1.93528,2447.98865845743
1423,2022-11-24,1.78357,2256.0865257559212
1424,2022-11-25,2.45272,3102.5126815611734
1425,2022-11-26,2.72743,3450.0008819067775
1426,2022-11-27,2.857,3613.89752243235
1427,2022-11-28,1.9484,2464.5845056728003
1428,2022-11-29,1.9238,2433.4672921439815
1429,2022-11-30,2.18539,2764.3596452742154
1430,2022-12-01,2.44124,3087.9913152477247
1431,2022-12-02,1.95988,2479.1058719862494
1432,2022-12-03,1.60972,2036.1789008784747
1433,2022-12-04,2.17965,2757.098962117491
1434,2022-12-05,1.98694,2513.3348068679497
1435,2022-12-06,2.00498,2536.154096789084
1436,2022-12-07,1.87214,2368.1211437334614
1437,2022-12-08,1.77947,2250.900323501118
1438,2022-12-09,1.67369,2117.096305327196
1439,2022-12-10,1.84425,2332.8423191270076
1440,2022-12-11,2.18457,2763.3224048232546
1441,2022-12-12,1.9566,2474.9569101824063
1442,2022-12-13,1.79259,2267.496170716488
1443,2022-12-14,1.92626,2436.5790134968634
1444,2022-12-15,1.92462,2434.504532594942
1445,2022-12-16,1.71633,2171.032808777149
1446,2022-12-17,1.70977,2162.734885169464
1447,2022-12-18,2.11733,2678.268687844483
1448,2022-12-19,1.8828,2381.6052695959497
1449,2022-12-20,1.93036,2441.7652157516663
1450,2022-12-21,1.86557,2359.8105708519843
1451,2022-12-22,1.82129,2303.7995865001103
1452,2022-12-23,1.76881,2237.4161976386295
1453,2022-12-24,1.91888,2427.2438494382172
1454,2022-12-25,2.21081,2796.5140992539946
1455,2022-12-26,1.86311,2356.6988494991024
1456,2022-12-27,1.84507,2333.8795595779684
1457,2022-12-28,1.72371,2180.3679728357947
1458,2022-12-29,1.5925,2014.3968514083015
1459,2022-12-30,1.51542,1916.896249018002
1460,2022-12-31,1.58594,2006.0989278006161
1461,2023-01-01,1.81801,2299.650624696267
1462,2023-01-02,1.85737,2349.438166342378
1463,2023-01-03,2.0919,2646.101584590911
1464,2023-01-04,2.09272,2647.1388250418713
1465,2023-01-05,1.99104,2518.521009122753
1466,2023-01-06,1.78685,2260.2354875597634
1467,2023-01-07,2.10339,2660.6356001781523
1468,2023-01-08,2.42648,3069.3209871304334
1469,2023-01-09,2.23295,2824.519591429932
1470,2023-01-10,2.22557,2815.184427371286
1471,2023-01-11,2.36416,2990.4907128574255
1472,2023-01-12,2.15505,2725.981748588672
1473,2023-01-13,2.27067,2872.232652174121
1474,2023-01-14,3.29326,4165.734740890991
1475,2023-01-15,4.64713,5878.2819717959555
1476,2023-01-16,3.19239,4038.141516149041
1477,2023-01-17,2.90046,3668.871266333263
1478,2023-01-18,2.63969,3339.01615365399
1479,2023-01-19,2.5339,3205.199486206276
1480,2023-01-20,2.42074,3062.060303973709
1481,2023-01-21,2.65691,3360.798203124163
1482,2023-01-22,3.07267,3886.7044103087883
1483,2023-01-23,4.03785,5107.587018184621
1484,2023-01-24,4.23056,5351.351173434162
1485,2023-01-25,3.45644,4372.145590632157
1486,2023-01-26,3.11531,3940.640913758741
1487,2023-01-27,2.85126,3606.6368392756253
1488,2023-01-28,3.05709,3866.9968417405366
1489,2023-01-29,3.68031,4655.324883018201
1490,2023-01-30,3.4056,4307.836682672598
1491,2023-01-31,3.381,4276.719469143778
1492,2023-02-01,3.33754,4221.745725242865
1493,2023-02-02,3.18419,4027.7691116394344
1494,2023-02-03,3.0128,3810.97320811487
1495,2023-02-04,3.44906,4362.810426573511
1496,2023-02-05,3.75576,4750.763653780372
1497,2023-02-06,2.98738,3778.8187541350903
1498,2023-02-07,2.85044,3605.5995988246646
1499,2023-02-08,3.20223,4050.5884015605684
1500,2023-02-09,2.94392,3723.8450102341767
1501,2023-02-10,2.77581,3511.198068513455
1502,2023-02-11,3.23667,4094.1525005009153
1503,2023-02-12,3.66555,4636.65455490091
1504,2023-02-13,3.39904,4299.5387590649125
1505,2023-02-14,3.51631,4447.876792826075
1506,2023-02-15,3.09399,3913.6726620337645
1507,2023-02-16,2.78073,3517.421511219219
1508,2023-02-17,2.87012,3630.49336964772
1509,2023-02-18,3.24569,4105.562145461482
1510,2023-02-19,3.68851,4665.697287527808
1511,2023-02-20,3.41708,4322.358048986046
1512,2023-02-21,3.36296,4253.9001792226445
1513,2023-02-22,3.04561,3852.4754754270875
1514,2023-02-23,2.96032,3744.589819253389
1515,2023-02-24,2.62493,3320.3458255366986
1516,2023-02-25,3.00952,3806.8242463110278
1517,2023-02-26,3.89598,4928.13177089464
1518,2023-02-27,3.34738,4234.192610654392
1519,2023-02-28,2.55686,3234.242218833174
1520,2023-03-01,3.86482,4888.716633758136
1521,2023-03-02,2.25755,2855.6368049587513
1522,2023-03-03,2.0714,2620.170573316895
1523,2023-03-04,3.4384,4349.326300711023
1524,2023-03-05,3.64505,4610.723543626894
1525,2023-03-06,3.00132,3796.4518418014213
1526,2023-03-07,2.50192,3164.7471086188116
1527,2023-03-08,2.82666,3575.5196257468065
1528,2023-03-09,2.69053,3403.325061613549
1529,2023-03-10,2.13455,2700.050737314656
1530,2023-03-11,2.41746,3057.9113421698667
1531,2023-03-12,3.01526,3814.084929467752
1532,2023-03-13,2.50192,3164.7471086188116
1533,2023-03-14,2.90866,3679.2436708428695
1534,2023-03-15,2.36088,2986.341751053583
1535,2023-03-16,2.20097,2784.067213842467
1536,2023-03-17,2.13865,2705.2369395694595
1537,2023-03-18,2.69299,3406.436782966431
1538,2023-03-19,3.20797,4057.8490847172925
1539,2023-03-20,2.62575,3321.3830659876594
1540,2023-03-21,2.70775,3425.1071110837224
1541,2023-03-22,2.28379,2888.8284993894913
1542,2023-03-23,2.36334,2989.4534724064647
1543,2023-03-24,2.29691,2905.424346604861
1544,2023-03-25,2.61181,3303.749978321329
1545,2023-03-26,3.19239,4038.141516149041
1546,2023-03-27,2.8119,3556.849297629515
1547,2023-03-28,2.85946,3617.009243785232
1548,2023-03-29,2.67987,3389.8409357510614
1549,2023-03-30,2.45518,3105.6244029140553
1550,2023-03-31,2.25017,2846.3016409001048
1551,2023-04-01,2.59131,3277.8189670473125
1552,2023-04-02,3.14729,3981.0932913462057
1553,2023-04-03,2.72743,3450.0008819067775
1554,2023-04-04,2.61427,3306.8616996742103
1555,2023-04-05,2.69709,3411.6229852212346
1556,2023-04-06,2.76925,3502.90014490577
1557,2023-04-07,2.43468,3079.69339164004
1558,2023-04-08,4.27402,5406.324917335076
1559,2023-04-09,3.42774,4335.842174848534
1560,2023-04-10,2.98574,3776.7442732331688
1561,2023-04-11,2.79057,3529.8683966307467
1562,2023-04-12,2.68151,3391.915416652982
1563,2023-04-13,2.4478,3096.2892388554096
1564,2023-04-14,2.16161,2734.279672196357
1565,2023-04-15,2.4396,3085.9168343458036
1566,2023-04-16,2.84962,3604.562358373704
1567,2023-04-17,2.46174,3113.92232652174
1568,2023-04-18,2.28707,2892.9774611933335
1569,2023-04-19,2.31905,2933.429838780798
1570,2023-04-20,2.06976,2618.096092414974
1571,2023-04-21,2.10256,2659.5857104533993
1572,2023-04-22,2.38958,3022.645166837205
1573,2023-04-23,2.67659,3385.6919739472187
1574,2023-04-24,3.63029,4592.0532155096025
1575,2023-04-25,3.06857,3881.518208053985
1576,2023-04-26,2.50684,3170.9705513245754
1577,2023-04-27,2.27723,2880.530575781806
1578,2023-04-28,1.95086,2467.696227025682
1579,2023-04-29,2.94064,3719.6960484303345
1580,2023-04-30,2.5544,3231.130497480292
1581,2023-05-01,2.57327,3254.9996771261785
1582,2023-05-02,2.28789,2894.0147016442943
1583,2023-05-03,2.07304,2622.2450542188167
1584,2023-05-04,2.0837,2635.7291800813045
1585,2023-05-05,2.29281,2900.238144350058
1586,2023-05-06,2.47814,3134.667135540953
1587,2023-05-07,2.61345,3305.8244592232495
1588,2023-05-08,2.28461,2889.8657398404516
1589,2023-05-09,2.54948,3224.907054774528
1590,2023-05-10,2.44944,3098.363719757331
1591,2023-05-11,2.29773,2906.461587055822
1592,2023-05-12,2.29117,2898.163663448137
1593,2023-05-13,2.30101,2910.6105488596645
1594,2023-05-14,2.72907,3452.075362808699
1595,2023-05-15,2.50602,3169.9333108736146
1596,2023-05-16,2.5503,3225.944295225489
1597,2023-05-17,2.48798,3147.1140209524806
1598,2023-05-18,2.14849,2717.6838249809866
1599,2023-05-19,2.0468,2589.0533597880762
1600,2023-05-20,2.28461,2889.8657398404516
1601,2023-05-21,2.69135,3404.3623020645095
1602,2023-05-22,2.3453,2966.6341824853307
1603,2023-05-23,2.26657,2867.046449919318
1604,2023-05-24,2.15095,2720.7955463338685
1605,2023-05-25,2.03122,2569.3457912198237
1606,2023-05-26,1.81063,2290.315460637622
1607,2023-05-27,1.9566,2474.9569101824063
1608,2023-05-28,2.25181,2848.3761218020263
1609,2023-05-29,2.43796,3083.842353443882
1610,2023-05-30,2.27149,2873.269892625082
1611,2023-05-31,2.17145,2746.726557607885
1612,2023-06-01,2.0919,2646.101584590911
1613,2023-06-02,1.90658,2411.685242673808
1614,2023-06-03,2.13537,2701.087977765617
1615,2023-06-04,2.43714,3082.8051129929213
1616,2023-06-05,2.31085,2923.057434271192
1617,2023-06-06,2.37892,3009.161040974717
1618,2023-06-07,2.20507,2789.2534160972705
1619,2023-06-08,2.11077,2669.9707642367975
1620,2023-06-09,2.02548,2562.0851080630996
1621,2023-06-10,2.24361,2838.00371729242
1622,2023-06-11,2.47404,3129.48093328615
1623,2023-06-12,2.10256,2659.5857104533993
1624,2023-06-13,2.13865,2705.2369395694595
1625,2023-06-14,1.9976,2526.818932730438
1626,2023-06-15,1.81637,2297.5761437943465
1627,2023-06-16,1.71305,2166.8838469733064
1628,2023-06-17,1.77045,2239.490678540551
1629,2023-06-18,2.05336,2597.351283395761
1630,2023-06-19,1.86885,2363.9595326558265
1631,2023-06-20,1.84671,2335.95404047989
1632,2023-06-21,1.65155,2089.090813151259
1633,2023-06-22,1.70895,2161.6976447185034
1634,2023-06-23,1.65975,2099.4632176608657
1635,2023-06-24,1.66631,2107.7611412685505
1636,2023-06-25,2.05746,2602.537485650564
1637,2023-06-26,1.77455,2244.676880795354
1638,2023-06-27,1.88444,2383.679750497871
1639,2023-06-28,1.92872,2439.6907348497452
1640,2023-06-29,1.72371,2180.3679728357947
1641,2023-06-30,1.5884,2009.2106491534983
1642,2023-07-01,1.9935,2521.632730475635
1643,2023-07-02,2.27231,2874.307133076042
1644,2023-07-03,2.12553,2688.641092354089
1645,2023-07-04,2.01482,2548.6009822006113
1646,2023-07-05,1.80325,2280.9802965789763
1647,2023-07-06,1.81883,2300.687865147228
1648,2023-07-07,1.86803,2362.922292204866
1649,2023-07-08,2.45846,3109.7733647178984
1650,2023-07-09,3.33016,4212.410561184219
1651,2023-07-10,2.44042,3086.9540747967644
1652,2023-07-11,2.38876,3021.6079263862443
1653,2023-07-12,2.17965,2757.098962117491
1654,2023-07-13,1.91478,2422.0576471834142
1655,2023-07-14,1.88362,2382.6425100469105
1656,2023-07-15,2.01974,2554.8244249063755
1657,2023-07-16,2.25181,2848.3761218020263
1658,2023-07-17,2.01318,2546.5265012986906
1659,2023-07-18,2.16653,2740.5031149021206
1660,2023-07-19,2.05828,2603.574726101525
1661,2023-07-20,1.9279,2438.6534943987845
1662,2023-07-21,1.69173,2139.91559524833
1663,2023-07-22,1.87788,2375.381826890186
1664,2023-07-23,2.26903,2870.1581712721995
1665,2023-07-24,2.17637,2752.950000313648
1666,2023-07-25,2.02384,2560.0106271611785
1667,2023-07-26,1.85245,2343.214723636614
1668,2023-07-27,1.78931,2263.3472089126453
1669,2023-07-28,1.67205,2115.021824425275
1670,2023-07-29,1.68517,2131.6176716406453
1671,2023-07-30,1.9484,2464.5845056728003
1672,2023-07-31,1.94676,2462.510024770879
1673,2023-08-01,2.00252,2533.0423754362023
1674,2023-08-02,1.85163,2342.1774831856537
1675,2023-08-03,1.81883,2300.687865147228
1676,2023-08-04,2.0796,2630.5429778265016
1677,2023-08-05,2.12061,2682.4176496483256
1678,2023-08-06,2.42566,3068.283746679473
1679,2023-08-07,2.22229,2811.0354655674437
1680,2023-08-08,2.20425,2788.2161756463097
1681,2023-08-09,2.11979,2681.3804091973648
1682,2023-08-10,2.16653,2740.5031149021206
1683,2023-08-11,1.93282,2444.8769371045482
1684,2023-08-12,1.98858,2515.4092877698713
1685,2023-08-13,2.16981,2744.6520767059633
1686,2023-08-14,2.11979,2681.3804091973648
1687,2023-08-15,2.35186,2974.9321060930156
1688,2023-08-16,2.12881,2692.7900541579315
1689,2023-08-17,2.01564,2549.638222651572
1690,2023-08-18,2.00416,2535.1168563381234
1691,2023-08-19,2.08944,2642.989863238029
1692,2023-08-20,2.24853,2844.227159998184
1693,2023-08-21,2.31331,2926.169155624074
1694,2023-08-22,2.20261,2786.1416947443886
1695,2023-08-23,2.21737,2804.81202286168
1696,2023-08-24,2.75203,3481.118095435597
1697,2023-08-25,2.45108,3100.4382006592527
1698,2023-08-26,2.4888,3148.1512614034414
1699,2023-08-27,2.8447,3598.3389156679405
1700,2023-08-28,2.68315,3393.9898975549036
1701,2023-08-29,2.70857,3426.144351534683
1702,2023-08-30,2.55522,3232.1677379312523
1703,2023-08-31,2.49782,3159.560906364008
1704,2023-09-01,2.30839,2919.94571291831
1705,2023-09-02,2.60279,3292.3403333607616
1706,2023-09-03,3.03248,3835.866978937925
1707,2023-09-04,2.73317,3457.261565063502
1708,2023-09-05,2.65527,3358.7237222222416
1709,2023-09-06,2.57409,3256.0369175771393
1710,2023-09-07,2.81354,3558.9237785314367
1711,2023-09-08,3.25471,4116.971790422049
1712,2023-09-09,2.93408,3711.398124822649
1713,2023-09-10,3.23667,4094.1525005009153
1714,2023-09-11,3.15549,3991.465695855812
1715,2023-09-12,2.77171,3506.011866258652
1716,2023-09-13,2.77581,3511.198068513455
1717,2023-09-14,2.75613,3486.3042976904003
1718,2023-09-15,2.60771,3298.5637760665254
1719,2023-09-16,2.85454,3610.785801079468
1720,2023-09-17,3.33508,4218.634003889983
1721,2023-09-18,2.86848,3628.4188887457985
1722,2023-09-19,2.61345,3305.8244592232495
1723,2023-09-20,2.72989,3453.11260325966
1724,2023-09-21,2.75367,3483.192576337518
1725,2023-09-22,2.59869,3287.154131105958
1726,2023-09-23,2.70119,3416.8091874760376
1727,2023-09-24,3.32934,4211.373320733259
1728,2023-09-25,2.88406,3648.1264573140506
1729,2023-09-26,2.61017,3301.6754974194073
1730,2023-09-27,2.40516,3042.3527354054568
1731,2023-09-28,2.91932,3692.727796705358
1732,2023-09-29,3.06283,3874.2575248972607
1733,2023-09-30,3.18747,4031.9180734432766
1734,2023-10-01,3.65161,4619.021467234579
1735,2023-10-02,4.30682,5447.814535373502
1736,2023-10-03,4.56677,5776.632407601814
1737,2023-10-04,3.71967,4705.112424664311
1738,2023-10-05,3.72459,4711.335867370076
1739,2023-10-06,3.90336,4937.466934953286
1740,2023-10-07,3.9173,4955.1000226196165
1741,2023-10-08,4.17069,5275.619971240243
1742,2023-10-09,4.25024,5376.244944257217
1743,2023-10-10,3.78938,4793.2905122697575
1744,2023-10-11,3.44414,4356.586983867747
1745,2023-10-12,3.25061,4111.785588167246
1746,2023-10-13,3.13253,3962.422963228915
1747,2023-10-14,3.24733,4107.636626363403
1748,2023-10-15,3.79348,4798.476714524561
1749,2023-10-16,4.30354,5443.665573569659
1750,2023-10-17,3.66309,4633.542833548028
1751,2023-10-18,4.90298,6201.913641769465
1752,2023-10-19,3.61143,4568.196685137508
1753,2023-10-20,4.69142,5934.305605421622
1754,2023-10-21,3.66637,4637.6917953518705
1755,2023-10-22,4.21088,5326.457402611108
1756,2023-10-23,3.65571,4624.207669489382
1757,2023-10-24,3.22109,4074.4449319326627
1758,2023-10-25,2.98574,3776.7442732331688
1759,2023-10-26,2.79795,3539.2035606893924
1760,2023-10-27,2.54702,3221.7953334216463
1761,2023-10-28,3.59913,4552.638078373099
1762,2023-10-29,3.63357,4596.202177313446
1763,2023-10-30,3.38756,4285.017392751463
1764,2023-10-31,3.19567,4042.290477952883
1765,2023-11-01,2.92752,3703.1002012149643
1766,2023-11-02,2.67987,3389.8409357510614
1767,2023-11-03,2.48388,3141.9278186976776
1768,2023-11-04,2.95622,3739.4036169985866
1769,2023-11-05,3.75002,4743.502970623647
1770,2023-11-06,3.73361,4722.745512330643
1771,2023-11-07,3.51221,4442.690590571272
1772,2023-11-08,3.34164,4226.931927497668
1773,2023-11-09,3.14237,3974.8698486404423
1774,2023-11-10,2.91932,3692.727796705358
1775,2023-11-11,3.13663,3967.6091654837173
1776,2023-11-12,3.9091,4944.72761811001
1777,2023-11-13,3.54255,4481.068487256815
1778,2023-11-14,3.42528,4332.730453495652
1779,2023-11-15,3.14729,3981.0932913462057
1780,2023-11-16,2.94884,3730.068452939941
1781,2023-11-17,2.89636,3663.68506407846
1782,2023-11-18,3.09153,3910.560940680883
1783,2023-11-19,3.51303,4443.727831022233
1784,2023-11-20,3.27932,4148.1016532246595
1785,2023-11-21,3.68933,4666.734527978769
1786,2023-11-22,3.99685,5055.7249956365895
1787,2023-11-23,3.73689,4726.894474134485
1788,2023-11-24,4.16823,5272.508249887363
1789,2023-11-25,3.85744,4879.3814696994905
1790,2023-11-26,3.79184,4796.40223362264
1791,2023-11-27,3.33754,4221.745725242865
1792,2023-11-28,3.05791,3868.034082191497
1793,2023-11-29,3.12023,3946.864356464505
1794,2023-11-30,2.90702,3677.1691899409484
1795,2023-12-01,2.63805,3336.9416727520684
1796,2023-12-02,2.9472,3727.9939720380194
1797,2023-12-03,3.23831,4096.226981402836
1798,2023-12-04,2.74629,3473.8574122788723
1799,2023-12-05,2.58639,3271.595524341549
1800,2023-12-06,2.57491,3257.0741580281
1801,2023-12-07,2.31003,2922.0201938202313
1802,2023-12-08,2.19277,2773.6948093328606
1803,2023-12-09,2.34858,2970.7831442891734
1804,2023-12-10,2.99886,3793.3401204485394
1805,2023-12-11,2.64051,3340.0533941049507
1806,2023-12-12,2.54292,3216.6091311668433
1807,2023-12-13,2.42238,3064.1347848756304
1808,2023-12-14,2.52898,3198.9760435005123
1809,2023-12-15,2.23459,2826.594072331853
1810,2023-12-16,2.55358,3230.0932570293317
1811,2023-12-17,3.04889,3856.62443723093
1812,2023-12-18,2.60197,3291.3030929098013
1813,2023-12-19,2.57081,3251.8879557732967
1814,2023-12-20,2.65035,3352.5002795164783
1815,2023-12-21,2.58803,3273.67000524347
1816,2023-12-22,2.39778,3033.017571346811
1817,2023-12-23,2.57491,3257.0741580281
1818,2023-12-24,2.80287,3545.4270033951557
1819,2023-12-25,3.23421,4091.040779148033
1820,2023-12-26,2.95704,3740.440857449547
1821,2023-12-27,2.63723,3335.9044323011085
1822,2023-12-28,2.55932,3237.3539401860558
1823,2023-12-29,2.45928,3110.8106051688587
1824,2023-12-30,2.72087,3441.7029582990926
1825,2023-12-31,3.12597,3954.1250396212295
1826,2024-01-01,3.67867,4653.25040211628
1827,2024-01-02,3.40642,4308.873923123558
1828,2024-01-03,3.23749,4095.1897409518756
1829,2024-01-04,3.09727,3917.821623837607
1830,2024-01-05,2.72005,3440.6657178481323
1831,2024-01-06,3.11449,3939.603673307781
1832,2024-01-07,3.66637,4637.6917953518705
1833,2024-01-08,3.10137,3923.0078260924106
1834,2024-01-09,3.3605,4250.788457869762
1835,2024-01-10,3.44086,4352.438022063904
1836,2024-01-11,3.24241,4101.413183657639
1837,2024-01-12,3.80004,4806.774638132246
1838,2024-01-13,5.19902,6576.382743113838
1839,2024-01-14,7.70586,9747.353294438413
1840,2024-01-15,4.76522,6027.65724600808
1841,2024-01-16,4.19693,5308.811665670984
1842,2024-01-17,4.24286,5366.909780198573
1843,2024-01-18,4.21334,5329.569123963988
1844,2024-01-19,3.8148,4825.444966249537
1845,2024-01-20,3.98619,5042.240869774102
1846,2024-01-21,4.2732,5405.287676884115
1847,2024-01-22,4.388,5550.5013400186035
1848,2024-01-23,4.07557,5155.300078928811
1849,2024-01-24,4.03949,5109.661499086543
1850,2024-01-25,3.7451,4737.279527917884
1851,2024-01-26,4.11657,5207.1621014768425
1852,2024-01-27,4.41916,5589.916477155108
1853,2024-01-28,4.96121,6275.570363061463
1854,2024-01-29,4.95957,6273.495882159542
1855,2024-01-30,4.96531,6280.756565316266
1856,2024-01-31,4.23958,5362.7608183947295
1857,2024-02-01,4.39456,5558.799263626289
1858,2024-02-02,3.96076,5010.07376652053
1859,2024-02-03,4.20185,5315.035108376748
1860,2024-02-04,5.07847,6423.895747548833
1861,2024-02-05,4.51921,5716.472461446097
1862,2024-02-06,4.3265,5472.708306196557
1863,2024-02-07,3.52369,4457.211956884721
1864,2024-02-08,3.3523,4240.416053360156
1865,2024-02-09,4.10345,5190.566254261472
1866,2024-02-10,4.71602,5965.422818950442
1867,2024-02-11,5.30562,6711.22400173872
1868,2024-02-12,5.93131,7502.676413643059
1869,2024-02-13,5.44503,6887.56752767582
1870,2024-02-14,4.97597,6294.240691178754
1871,2024-02-15,4.69716,5941.566288578347
1872,2024-02-16,4.3306,5477.894508451359
1873,2024-02-17,4.32814,5474.782787098478
1874,2024-02-18,5.19574,6572.233781309996
1875,2024-02-19,4.52495,5723.733144602821
1876,2024-02-20,4.43884,5614.810247978163
1877,2024-02-21,4.43146,5605.475083919518
1878,2024-02-22,4.2855,5420.846283648524
1879,2024-02-23,4.02965,5097.214613675015
1880,2024-02-24,4.93579,6243.415909081683
1881,2024-02-25,5.46799,6916.610260302718
1882,2024-02-26,4.7767,6042.178612321528
1883,2024-02-27,4.61679,5839.904075110412
1884,2024-02-28,4.28222,5416.697321844682
1885,2024-02-29,4.06901,5147.002155321125
1886,2024-03-01,4.2691,5400.101474629312
1887,2024-03-02,4.52495,5723.733144602821
1888,2024-03-03,4.84886,6133.455772006064
1889,2024-03-04,3.97635,5029.7939843625745
1890,2024-03-05,3.96322,5013.185487873412
1891,2024-03-06,4.2076,5322.308440807265
1892,2024-03-07,3.89844,4931.243492247521
1893,2024-03-08,3.84432,4862.785622484121
1894,2024-03-09,4.61679,5839.904075110412
1895,2024-03-10,5.00959,6336.76754966814
1896,2024-03-11,3.9337,4975.844831638829
1897,2024-03-12,3.96814,5019.408930579176
1898,2024-03-13,4.78736,6055.662738184015
1899,2024-03-14,4.19693,5308.811665670984
1900,2024-03-15,3.66883,4640.803516704752
1901,2024-03-16,4.05917,5134.555269909598
1902,2024-03-17,4.81606,6091.966153967639
1903,2024-03-18,4.14199,5239.316555456621
1904,2024-03-19,3.9378,4981.031033893632
1905,2024-03-20,4.04851,5121.0711440471105
1906,2024-03-21,4.01079,5073.358083302921
1907,2024-03-22,3.63931,4603.46286047017
1908,2024-03-23,4.03949,5109.661499086543
1909,2024-03-24,4.52823,5727.882106406664
1910,2024-03-25,4.89724,6194.652958612741
1911,2024-03-26,4.88412,6178.057111397371
1912,2024-03-27,4.37078,5528.719290548431
1913,2024-03-28,3.96404,5014.222728324372
1914,2024-03-29,3.57699,4524.632586197162
1915,2024-03-30,4.22236,5340.978768924556
1916,2024-03-31,4.59875,5817.084785189279
1917,2024-04-01,4.30026,5439.5166117658155
1918,2024-04-02,3.73854,4728.981604310198
1919,2024-04-03,3.40724,4309.9111635745185
1920,2024-04-04,3.55567,4497.664334472185
1921,2024-04-05,3.3113,4188.554030812124
1922,2024-04-06,3.75494,4749.726413329411
1923,2024-04-07,4.07557,5155.300078928811
1924,2024-04-08,3.52041,4453.062995080878
1925,2024-04-09,3.47366,4393.92764010233
1926,2024-04-10,3.55403,4495.589853570264
1927,2024-04-11,3.26209,4126.306954480695
1928,2024-04-12,3.10383,3926.119547445292
1929,2024-04-13,3.46628,4384.592476043684
1930,2024-04-14,4.14281,5240.353795907582
1931,2024-04-15,3.56715,4512.185700785634
1932,2024-04-16,3.33508,4218.634003889983
1933,2024-04-17,2.9882,3779.855994586051
1934,2024-04-18,2.73563,3460.373286416384
1935,2024-04-19,2.89472,3661.610583176539
1936,2024-04-20,3.02018,3820.3083721735156
1937,2024-04-21,3.44086,4352.438022063904
1938,2024-04-22,2.98,3769.4835900764447
1939,2024-04-23,2.81518,3560.9982594333574
1940,2024-04-24,2.58065,3264.334841184824
1941,2024-04-25,2.37072,2998.7886364651104
1942,2024-04-26,2.5339,3205.199486206276
1943,2024-04-27,2.81108,3555.8120571785544
1944,2024-04-28,3.24979,4110.748347716285
1945,2024-04-29,2.86438,3623.2326864909955
1946,2024-04-30,2.67085,3378.431290790494
1947,2024-05-01,3.0333,3836.904219388886
1948,2024-05-02,2.78483,3522.6077134740217
1949,2024-05-03,2.39368,3027.8313690920077
1950,2024-05-04,2.75203,3481.118095435597
1951,2024-05-05,3.18747,4031.9180734432766
1952,2024-05-06,3.54009,4477.956765903933
1953,2024-05-07,2.8939,3660.573342725578
1954,2024-05-08,2.71431,3433.4050346914073
1955,2024-05-09,2.60689,3297.5265356155646
1956,2024-05-10,2.5134,3179.2684749322602
1957,2024-05-11,2.77253,3507.0491067096127
1958,2024-05-12,3.35968,4249.751217418802
1959,2024-05-13,2.97344,3761.18566646876
1960,2024-05-14,2.5421,3215.5718907158825
1961,2024-05-15,3.00788,3804.749765409106
1962,2024-05-16,2.62657,3322.42030643862
1963,2024-05-17,2.40598,3043.3899758564175
1964,2024-05-18,2.64297,3343.1651154578326
1965,2024-05-19,2.9554,3738.366376547626
1966,2024-05-20,2.77663,3512.2353089644157
1967,2024-05-21,2.96196,3746.6643001553107
1968,2024-05-22,2.59131,3277.8189670473125
1969,2024-05-23,2.63231,3329.6809895953443
1970,2024-05-24,2.47814,3134.667135540953
1971,2024-05-25,2.59787,3286.116890654998
1972,2024-05-26,2.9841,3774.669792331248
1973,2024-05-27,2.75121,3480.080854984636
1974,2024-05-28,2.5421,3215.5718907158825
1975,2024-05-29,2.50274,3165.7843490697724
1976,2024-05-30,2.3986,3034.054811797772
1977,2024-05-31,2.15751,2729.0934699415534
1978,2024-06-01,2.38138,3012.2727623275987
1979,2024-06-02,2.74465,3471.782931376951
1980,2024-06-03,2.51668,3183.417436736103
1981,2024-06-04,2.40762,3045.464456758339
1982,2024-06-05,2.21327,2799.625820606877
1983,2024-06-06,2.36908,2996.714155563189
1984,2024-06-07,2.30347,2913.7222702125464
1985,2024-06-08,2.43304,3077.6189107381188
1986,2024-06-09,2.64133,3341.090634555911
1987,2024-06-10,2.60771,3298.5637760665254
1988,2024-06-11,2.35842,2983.230029700701
1989,2024-06-12,2.18293,2761.247923921333
1990,2024-06-13,2.14767,2716.6465845300263
1991,2024-06-14,2.04106,2581.7926766313517
1992,2024-06-15,2.13045,2694.864535059853
1993,2024-06-16,2.44124,3087.9913152477247
1994,2024-06-17,2.24853,2844.227159998184
1995,2024-06-18,2.31741,2931.3553578788774
1996,2024-06-19,2.12389,2686.5666114521678
1997,2024-06-20,1.95086,2467.696227025682
1998,2024-06-21,1.91478,2422.0576471834142
1999,2024-06-22,1.95824,2477.031391084328
2000,2024-06-23,2.28051,2884.6795375856486
2001,2024-06-24,2.20589,2790.2906565482313
2002,2024-06-25,2.39122,3024.7196477391262
2003,2024-06-26,2.06402,2610.83540925825
2004,2024-06-27,1.91232,2418.9459258305324
2005,2024-06-28,1.82867,2313.134750558756
2006,2024-06-29,1.88936,2389.9031932036346
2007,2024-06-30,2.24115,2834.8919959395384
2008,2024-07-01,2.01564,2549.638222651572
2009,2024-07-02,2.0017,2532.0051349852415
2010,2024-07-03,2.1001,2656.473989100517
2011,2024-07-04,2.07222,2621.207813767856
2012,2024-07-05,2.18867,2768.508607078058
2013,2024-07-06,2.05008,2593.2023215919185
2014,2024-07-07,2.33463,2953.1374073490506
2015,2024-07-08,2.21819,2805.8492633126402
2016,2024-07-09,2.19851,2780.9554924895856
2017,2024-07-10,2.15013,2719.7583058829077
2018,2024-07-11,2.23049,2821.40787007705
2019,2024-07-12,2.31741,2931.3553578788774
2020,2024-07-13,3.28014,4149.13889367562
2021,2024-07-14,5.2515,6642.766131975319
2022,2024-07-15,3.27029,4136.679358990301
2023,2024-07-16,2.76023,3491.490499945203
2024,2024-07-17,2.62329,3318.271344634777
2025,2024-07-18,2.32151,2936.5415601336804
2026,2024-07-19,2.14931,2718.7210654319474
2027,2024-07-20,2.31167,2924.0946747221524
2028,2024-07-21,2.42156,3063.0975444246696
2029,2024-07-22,2.35514,2979.0810678968583
2030,2024-07-23,2.18949,2769.545847529019
2031,2024-07-24,2.13045,2694.864535059853
2032,2024-07-25,2.09108,2645.06434413995
2033,2024-07-26,1.90166,2405.461799968044
2034,2024-07-27,1.96234,2482.217593339131
2035,2024-07-28,2.40434,3041.3154949544964
2036,2024-07-29,2.18047,2758.1362025684516
2037,2024-07-30,2.14193,2709.3859013733017
2038,2024-07-31,2.04516,2586.978878886155
2039,2024-08-01,2.05254,2596.314042944801
2040,2024-08-02,2.16899,2743.6148362550025
2041,2024-08-03,2.04024,2580.755436180391
2042,2024-08-04,2.07058,2619.133332865935
2043,2024-08-05,2.02548,2562.0851080630996
2044,2024-08-06,2.014,2547.5637417496505
2045,2024-08-07,2.0837,2635.7291800813045
2046,2024-08-08,1.8951,2397.163876360359
2047,2024-08-09,1.90576,2410.6480022228475
2048,2024-08-10,1.99842,2527.856173181399
2049,2024-08-11,2.18539,2764.3596452742154
2050,2024-08-12,2.12553,2688.641092354089
2051,2024-08-13,2.03368,2572.457512572706
2052,2024-08-14,2.03122,2569.3457912198237
2053,2024-08-15,2.11159,2671.0080046877583
2054,2024-08-16,2.13209,2696.9390159617737
2055,2024-08-17,2.02712,2564.159588965021
2056,2024-08-18,2.37072,2998.7886364651104
2057,2024-08-19,2.14521,2713.5348631771444
2058,2024-08-20,2.14685,2715.6093440790655
2059,2024-08-21,2.25509,2852.525083605869
2060,2024-08-22,2.21327,2799.625820606877
2061,2024-08-23,2.09272,2647.1388250418713
2062,2024-08-24,2.13455,2700.050737314656
2063,2024-08-25,2.58475,3269.5210434396276
2064,2024-08-26,2.73235,3456.2243246125413
2065,2024-08-27,2.41418,3053.762380366024
2066,2024-08-28,2.33381,2952.10016689809
2067,2024-08-29,2.23787,2830.743034135696
2068,2024-08-30,2.03696,2576.6064743765487
2069,2024-08-31,2.26657,2867.046449919318
2070,2024-09-01,2.68889,3401.2505807116277
2071,2024-09-02,2.57163,3252.9251962242574
2072,2024-09-03,2.51504,3181.342955834182
2073,2024-09-04,2.59459,3281.9679288511556
2074,2024-09-05,2.87668,3638.791293255405
2075,2024-09-06,2.53226,3203.125005304355
2076,2024-09-07,2.63067,3327.6065086934227
2077,2024-09-08,2.91276,3684.429873097673
2078,2024-09-09,2.66593,3372.2078480847304
2079,2024-09-10,2.5339,3205.199486206276
2080,2024-09-11,2.38794,3020.5706859352836
2081,2024-09-12,2.26165,2860.823007213554
2082,2024-09-13,2.22475,2814.1471869203256
2083,2024-09-14,2.47814,3134.667135540953
2084,2024-09-15,2.72251,3443.777439201014
2085,2024-09-16,2.73317,3457.261565063502
2086,2024-09-17,2.79139,3530.905637081707
2087,2024-09-18,3.17025,4010.1360239731034
2088,2024-09-19,2.8652,3624.2699269419563
2089,2024-09-20,2.81436,3559.961018982397
2090,2024-09-21,3.33426,4217.596763439023
2091,2024-09-22,3.67949,4654.28764256724
2092,2024-09-23,3.56387,4508.036738981792
2093,2024-09-24,3.23257,4088.966298246112
2094,2024-09-25,2.95048,3732.142933841862
2095,2024-09-26,2.68725,3399.176099809707
2096,2024-09-27,2.3699,2997.7513960141496
2097,2024-09-28,2.69381,3407.474023417392
2098,2024-09-29,3.03494,3838.9787002908074
2099,2024-09-30,2.93244,3709.323643920728
