,date,커스텀멜로우,커스텀멜로우_absolute
0,2019-01-01,1.71469,2168.958327875228
1,2019-01-02,1.77537,2245.7141212463143
2,2019-01-03,1.48508,1878.5183523324586
3,2019-01-04,1.43506,1815.24668482386
4,2019-01-05,1.5761,1993.6520423890888
5,2019-01-06,1.9279,2438.6534943987845
6,2019-01-07,1.69337,2141.9900761502513
7,2019-01-08,1.60726,2033.0671795255926
8,2019-01-09,1.53674,1943.8645007429784
9,2019-01-10,1.42932,1807.9860016671355
10,2019-01-11,1.4449,1827.6935702353876
11,2019-01-12,1.68927,2136.8038738954483
12,2019-01-13,2.00416,2535.1168563381234
13,2019-01-14,1.64581,2081.8301299945347
14,2019-01-15,1.54166,1950.0879434487422
15,2019-01-16,1.5802,1998.838244643892
16,2019-01-17,1.42686,1804.8742803142536
17,2019-01-18,1.44654,1829.7680511373087
18,2019-01-19,1.68845,2135.7666334444875
19,2019-01-20,2.0919,2646.101584590911
20,2019-01-21,1.86639,2360.847811302945
21,2019-01-22,1.79751,2273.7196134222518
22,2019-01-23,1.55642,1968.7582715660335
23,2019-01-24,2.54292,3216.6091311668433
24,2019-01-25,1.54084,1949.0507029977816
25,2019-01-26,1.76553,2233.2672358347872
26,2019-01-27,2.07304,2622.2450542188167
27,2019-01-28,1.73929,2200.075541404047
28,2019-01-29,1.65729,2096.3514963079833
29,2019-01-30,1.63268,2065.221633505372
30,2019-01-31,1.50476,1903.4121231555139
31,2019-02-01,1.44572,1828.7308106863481
32,2019-02-02,1.71715,2172.07004922811
33,2019-02-03,1.8705,2366.0466628315403
34,2019-02-04,1.77783,2248.8258425991967
35,2019-02-05,1.62284,2052.7747480938447
36,2019-02-06,2.13127,2695.901775510814
37,2019-02-07,2.34694,2968.7086633872523
38,2019-02-08,1.97546,2498.813440554501
39,2019-02-09,2.25673,2854.5995645077905
40,2019-02-10,2.58147,3265.372081635785
41,2019-02-11,2.15587,2727.0189890396327
42,2019-02-12,1.94348,2458.3610629670366
43,2019-02-13,1.8869,2386.7914718507527
44,2019-02-14,1.87624,2373.3073459882644
45,2019-02-15,1.64909,2085.9790917983773
46,2019-02-16,1.91724,2425.169368536296
47,2019-02-17,2.38876,3021.6079263862443
48,2019-02-18,2.10995,2668.933523785837
49,2019-02-19,1.81965,2301.7251055981887
50,2019-02-20,1.73437,2193.852098698283
51,2019-02-21,1.86229,2355.6616090481416
52,2019-02-22,1.72781,2185.554175090598
53,2019-02-23,2.05254,2596.314042944801
54,2019-02-24,3.422,4328.58149169181
55,2019-02-25,2.23705,2829.705793684735
56,2019-02-26,2.05254,2596.314042944801
57,2019-02-27,2.61345,3305.8244592232495
58,2019-02-28,1.84753,2336.9912809308503
59,2019-03-01,2.42484,3067.2465062285123
60,2019-03-02,2.5052,3168.896070422654
61,2019-03-03,2.91932,3692.727796705358
62,2019-03-04,2.28461,2889.8657398404516
63,2019-03-05,2.09928,2655.436748649556
64,2019-03-06,1.91724,2425.169368536296
65,2019-03-07,1.8746,2371.2328650863433
66,2019-03-08,1.78439,2257.1237662068816
67,2019-03-09,2.25099,2847.3388813510655
68,2019-03-10,2.67085,3378.431290790494
69,2019-03-11,2.18785,2767.4713666270973
70,2019-03-12,1.85983,2352.5498876952597
71,2019-03-13,1.75241,2216.671388619417
72,2019-03-14,1.67697,2121.245267131039
73,2019-03-15,1.66877,2110.8728626214324
74,2019-03-16,2.05582,2600.4630047486435
75,2019-03-17,2.79713,3538.1663202384316
76,2019-03-18,2.10339,2660.6356001781523
77,2019-03-19,2.0263,2563.1223485140604
78,2019-03-20,1.91232,2418.9459258305324
79,2019-03-21,1.84425,2332.8423191270076
80,2019-03-22,1.56626,1981.205156977561
81,2019-03-23,1.97874,2502.9624023583438
82,2019-03-24,2.3781,3008.123800523756
83,2019-03-25,2.01564,2549.638222651572
84,2019-03-26,1.79341,2268.5334111674483
85,2019-03-27,1.71305,2166.8838469733064
86,2019-03-28,1.76061,2227.0437931290235
87,2019-03-29,1.49574,1892.002478194947
88,2019-03-30,1.95086,2467.696227025682
89,2019-03-31,2.28133,2885.7167780366094
90,2019-04-01,2.10421,2661.6728406291127
91,2019-04-02,1.88444,2383.679750497871
92,2019-04-03,1.64253,2077.6811681906925
93,2019-04-04,1.49574,1892.002478194947
94,2019-04-05,1.4531,1838.065974744994
95,2019-04-06,1.81555,2296.5389033433858
96,2019-04-07,2.19933,2781.992732940546
97,2019-04-08,1.86311,2356.6988494991024
98,2019-04-09,1.69501,2144.0645570521724
99,2019-04-10,1.47442,1865.0342264699705
100,2019-04-11,1.52936,1934.5293366843327
101,2019-04-12,1.45884,1845.3266579017181
102,2019-04-13,1.82129,2303.7995865001103
103,2019-04-14,2.03696,2576.6064743765487
104,2019-04-15,1.65483,2093.239774955102
105,2019-04-16,1.65155,2089.090813151259
106,2019-04-17,1.58102,1999.8754850948526
107,2019-04-18,1.38667,1754.0368489433906
108,2019-04-19,1.33501,1688.6907005328706
109,2019-04-20,1.61546,2043.439584035199
110,2019-04-21,1.99842,2527.856173181399
111,2019-04-22,1.65811,2097.388736758944
112,2019-04-23,1.59824,2021.657534565026
113,2019-04-24,1.36043,1720.8451545126502
114,2019-04-25,1.25219,1583.9294149858467
115,2019-04-26,1.27761,1616.0838689656262
116,2019-04-27,1.47852,1870.2204287247735
117,2019-04-28,1.80653,2285.1292583828185
118,2019-04-29,1.5105,1910.6728063122382
119,2019-04-30,1.27925,1618.1583498675477
120,2019-05-01,1.62284,2052.7747480938447
121,2019-05-02,1.37601,1740.552723080902
122,2019-05-03,1.24645,1576.6687318291224
123,2019-05-04,1.47278,1862.9597455680491
124,2019-05-05,1.49656,1893.0397186459072
125,2019-05-06,1.70239,2153.3997211108185
126,2019-05-07,1.62038,2049.663026740963
127,2019-05-08,1.29237,1634.7541970829177
128,2019-05-09,1.24235,1571.4825295743192
129,2019-05-10,1.26777,1603.6369835540988
130,2019-05-11,1.56052,1973.9444738208367
131,2019-05-12,1.81801,2299.650624696267
132,2019-05-13,1.66467,2105.6866603666294
133,2019-05-14,1.45064,1834.954253392112
134,2019-05-15,1.38667,1754.0368489433906
135,2019-05-16,1.39897,1769.5954557078
136,2019-05-17,1.31287,1660.6852083569336
137,2019-05-18,1.42358,1800.7253185104112
138,2019-05-19,1.82293,2305.8740674020314
139,2019-05-20,1.55806,1970.8327524679548
140,2019-05-21,1.45556,1841.1776960978757
141,2019-05-22,1.39979,1770.6326961587606
142,2019-05-23,1.32353,1674.169334219422
143,2019-05-24,1.37273,1736.4037612770596
144,2019-05-25,1.5228,1926.2314130766476
145,2019-05-26,1.85081,2341.140242734693
146,2019-05-27,1.62448,2054.8492289957658
147,2019-05-28,1.49082,1885.7790354891831
148,2019-05-29,1.39487,1764.4092534529968
149,2019-05-30,1.25383,1586.003895887768
150,2019-05-31,1.1546,1460.4851520477393
151,2019-06-01,1.38831,1756.1113298453117
152,2019-06-02,1.61546,2043.439584035199
153,2019-06-03,1.36945,1732.2547994732172
154,2019-06-04,1.31533,1663.7969297098157
155,2019-06-05,1.16608,1475.0065183611882
156,2019-06-06,1.36781,1730.1803185712959
157,2019-06-07,1.24727,1577.705972280083
158,2019-06-08,1.30795,1654.4617656511696
159,2019-06-09,1.43588,1816.2839252748206
160,2019-06-10,1.29729,1640.9776397886817
161,2019-06-11,1.21037,1531.0301519868544
162,2019-06-12,1.11442,1409.6603699506682
163,2019-06-13,1.1464,1450.1127475381331
164,2019-06-14,1.0603,1341.2025001872667
165,2019-06-15,1.23661,1564.2218464175946
166,2019-06-16,1.78849,2262.3099684616845
167,2019-06-17,1.35469,1713.5844713559256
168,2019-06-18,1.28663,1627.4935139261931
169,2019-06-19,1.14804,1452.1872284400542
170,2019-06-20,1.22595,1550.7377205551065
171,2019-06-21,1.11114,1405.5114081468257
172,2019-06-22,1.19561,1512.3598238695631
173,2019-06-23,1.36863,1731.2175590222566
174,2019-06-24,1.35223,1710.472750003044
175,2019-06-25,1.16198,1469.820316106385
176,2019-06-26,1.11032,1404.4741676958652
177,2019-06-27,1.04882,1326.6811338738178
178,2019-06-28,1.00946,1276.8935922277074
179,2019-06-29,1.13738,1438.7031025775661
180,2019-06-30,1.43014,1809.023242118096
181,2019-07-01,1.28335,1623.3445521223507
182,2019-07-02,1.22431,1548.6632396531852
183,2019-07-03,1.15788,1464.6341138515818
184,2019-07-04,1.11606,1411.7348508525897
185,2019-07-05,1.0972,1387.878320480495
186,2019-07-06,1.12016,1416.9210531073927
187,2019-07-07,1.44982,1833.9170129411516
188,2019-07-08,1.25629,1589.1156172406497
189,2019-07-09,1.1136,1408.6231294997076
190,2019-07-10,1.13574,1436.6286216756448
191,2019-07-11,1.19807,1515.471545222445
192,2019-07-12,1.00782,1274.819111325786
193,2019-07-13,1.14066,1442.8520643814086
194,2019-07-14,1.40226,1773.7570667854347
195,2019-07-15,1.19971,1517.5460261243663
196,2019-07-16,1.16526,1473.9692779102274
197,2019-07-17,1.13656,1437.6658621266054
198,2019-07-18,1.10622,1399.287965441062
199,2019-07-19,1.089,1377.5059159708887
200,2019-07-20,1.30303,1648.2383229454058
201,2019-07-21,1.79505,2270.60789206937
202,2019-07-22,1.37847,1743.6644444337842
203,2019-07-23,1.24317,1572.51977002528
204,2019-07-24,1.20135,1519.6205070262874
205,2019-07-25,1.20955,1529.9929115358937
206,2019-07-26,1.08736,1375.4314350689676
207,2019-07-27,1.18823,1503.0246598109172
208,2019-07-28,1.46376,1851.5501006074821
209,2019-07-29,1.31287,1660.6852083569336
210,2019-07-30,1.27597,1614.009388063705
211,2019-07-31,1.27023,1606.7487049069807
212,2019-08-01,1.22513,1549.700480104146
213,2019-08-02,1.08408,1371.2824732651247
214,2019-08-03,1.20955,1529.9929115358937
215,2019-08-04,1.5064,1905.486604057435
216,2019-08-05,1.36781,1730.1803185712959
217,2019-08-06,1.28171,1621.2700712204294
218,2019-08-07,1.12344,1421.0700149112351
219,2019-08-08,1.18495,1498.8756980070748
220,2019-08-09,1.12508,1423.1444958131567
221,2019-08-10,1.14558,1449.0755070871724
222,2019-08-11,1.38831,1756.1113298453117
223,2019-08-12,1.40636,1778.943269040238
224,2019-08-13,1.29729,1640.9776397886817
225,2019-08-14,1.08244,1369.2079923632036
226,2019-08-15,1.42358,1800.7253185104112
227,2019-08-16,1.30221,1647.2010824944455
228,2019-08-17,1.43506,1815.24668482386
229,2019-08-18,1.57774,1995.72652329101
230,2019-08-19,1.63268,2065.221633505372
231,2019-08-20,1.38503,1751.962368041469
232,2019-08-21,1.30795,1654.4617656511696
233,2019-08-22,1.30631,1652.3872847492487
234,2019-08-23,1.34403,1700.1003454934375
235,2019-08-24,1.46212,1849.475619705561
236,2019-08-25,1.9894,2516.446528220832
237,2019-08-26,1.66139,2101.5376985627868
238,2019-08-27,1.61546,2043.439584035199
239,2019-08-28,1.59004,2011.2851300554194
240,2019-08-29,1.56298,1977.0561951737186
241,2019-08-30,1.4203,1796.5763567065685
242,2019-08-31,1.59824,2021.657534565026
243,2019-09-01,2.02876,2566.2340698669423
244,2019-09-02,1.83113,2316.2464719116374
245,2019-09-03,1.78275,2255.0492853049604
246,2019-09-04,1.63679,2070.420485033968
247,2019-09-05,1.79833,2274.7568538732125
248,2019-09-06,2.17637,2752.950000313648
249,2019-09-07,2.37892,3009.161040974717
250,2019-09-08,2.8201,3567.2217021391216
251,2019-09-09,2.33627,2955.2118882509712
252,2019-09-10,2.11323,2673.08248558968
253,2019-09-11,1.9033,2407.5362808699656
254,2019-09-12,2.34284,2963.522461132449
255,2019-09-13,1.75651,2221.85759087422
256,2019-09-14,2.30101,2910.6105488596645
257,2019-09-15,2.73317,3457.261565063502
258,2019-09-16,2.64461,3345.239596359754
259,2019-09-17,2.415,3054.7996208169848
260,2019-09-18,2.27067,2872.232652174121
261,2019-09-19,2.11077,2669.9707642367975
262,2019-09-20,2.15833,2730.130710392514
263,2019-09-21,2.56342,3242.5401424408587
264,2019-09-22,3.72705,4714.447588722957
265,2019-09-23,2.87258,3633.605091000602
266,2019-09-24,2.37236,3000.8631173670315
267,2019-09-25,2.26411,2863.934728566436
268,2019-09-26,3.10055,3921.9705856414503
269,2019-09-27,2.79303,3532.980117983628
270,2019-09-28,2.58147,3265.372081635785
271,2019-09-29,2.96852,3754.9622237629956
272,2019-09-30,2.48552,3144.002299599599
273,2019-10-01,2.58311,3267.4465625377065
274,2019-10-02,2.11651,2677.231447393522
275,2019-10-03,2.53882,3211.42292891204
276,2019-10-04,2.18621,2765.3968857251757
277,2019-10-05,2.26657,2867.046449919318
278,2019-10-06,2.65035,3352.5002795164783
279,2019-10-07,2.57901,3262.260360282903
280,2019-10-08,2.29199,2899.2009038990977
281,2019-10-09,2.67085,3378.431290790494
282,2019-10-10,2.75121,3480.080854984636
283,2019-10-11,3.08251,3899.1512957203163
284,2019-10-12,3.04889,3856.62443723093
285,2019-10-13,3.55157,4492.478132217382
286,2019-10-14,3.86072,4883.530431503333
287,2019-10-15,3.10301,3925.0823069943317
288,2019-10-16,3.17517,4016.3594666788676
289,2019-10-17,2.83896,3591.078232511216
290,2019-10-18,2.56916,3249.8008255975838
291,2019-10-19,2.456,3106.661643365016
292,2019-10-20,3.04233,3848.3265136232453
293,2019-10-21,2.84962,3604.562358373704
294,2019-10-22,2.57327,3254.9996771261785
295,2019-10-23,2.31741,2931.3553578788774
296,2019-10-24,2.12307,2685.529371001207
297,2019-10-25,2.28461,2889.8657398404516
298,2019-10-26,2.5585,3236.3166997350954
299,2019-10-27,3.46956,4388.741437847527
300,2019-10-28,3.4179,4323.395289437007
301,2019-10-29,3.13171,3961.385722777954
302,2019-10-30,3.22847,4083.780095991309
303,2019-10-31,2.93736,3715.547086626492
304,2019-11-01,2.69627,3410.585744770274
305,2019-11-02,3.02346,3824.4573339773583
306,2019-11-03,3.62701,4587.90425370576
307,2019-11-04,3.16123,3998.726379012537
308,2019-11-05,3.22601,4080.6683746384265
309,2019-11-06,2.75859,3489.4160190432817
310,2019-11-07,2.57327,3254.9996771261785
311,2019-11-08,2.72579,3447.9264010048564
312,2019-11-09,3.20715,4056.811844266332
313,2019-11-10,3.72787,4715.484829173918
314,2019-11-11,3.02756,3829.6435362321613
315,2019-11-12,2.80369,3546.4642438461165
316,2019-11-13,2.79713,3538.1663202384316
317,2019-11-14,2.76761,3500.8256640038485
318,2019-11-15,2.56096,3239.4284210879773
319,2019-11-16,2.89144,3657.4616213726963
320,2019-11-17,3.38018,4275.682228692818
321,2019-11-18,2.95868,3742.5153383514685
322,2019-11-19,2.83486,3585.8920302564125
323,2019-11-20,2.78483,3522.6077134740217
324,2019-11-21,2.47404,3129.48093328615
325,2019-11-22,2.57409,3256.0369175771393
326,2019-11-23,2.60197,3291.3030929098013
327,2019-11-24,4.07885,5159.449040732653
328,2019-11-25,3.26865,4134.604878088379
329,2019-11-26,2.84142,3594.189953864098
330,2019-11-27,2.60033,3289.2286120078797
331,2019-11-28,2.43386,3078.656151189079
332,2019-11-29,2.23951,2832.8175150376173
333,2019-11-30,2.58967,3275.7444861453914
334,2019-12-01,3.06693,3879.443727152064
335,2019-12-02,2.74137,3467.633969573108
336,2019-12-03,2.56424,3243.5773828918195
337,2019-12-04,2.39368,3027.8313690920077
338,2019-12-05,2.33874,2958.336258877646
339,2019-12-06,2.23623,2828.668553233774
340,2019-12-07,2.52324,3191.715360343788
341,2019-12-08,3.05545,3864.922360838615
342,2019-12-09,2.66921,3376.356809888573
343,2019-12-10,2.33299,2951.062926447129
344,2019-12-11,2.20999,2795.4768588030342
345,2019-12-12,2.10092,2657.5112295514778
346,2019-12-13,1.99104,2518.521009122753
347,2019-12-14,2.19687,2778.881011587664
348,2019-12-15,2.61017,3301.6754974194073
349,2019-12-16,2.3863,3018.4962050333625
350,2019-12-17,2.28379,2888.8284993894913
351,2019-12-18,2.09354,2648.176065492832
352,2019-12-19,2.05582,2600.4630047486435
353,2019-12-20,1.80981,2289.278220186661
354,2019-12-21,2.3658,2992.5651937593466
355,2019-12-22,2.87176,3632.567850549641
356,2019-12-23,2.4929,3153.337463658245
357,2019-12-24,2.13373,2699.0134968636953
358,2019-12-25,2.69299,3406.436782966431
359,2019-12-26,2.28133,2885.7167780366094
360,2019-12-27,1.73929,2200.075541404047
361,2019-12-28,1.88444,2383.679750497871
362,2019-12-29,2.18047,2758.1362025684516
363,2019-12-30,2.01482,2548.6009822006113
364,2019-12-31,1.62612,2056.9237098976873
365,2020-01-01,1.89674,2399.2383572622807
366,2020-01-02,1.79013,2264.384449363606
367,2020-01-03,1.76225,2229.1182740309446
368,2020-01-04,1.93118,2442.8024562026267
369,2020-01-05,2.10667,2664.784561981994
370,2020-01-06,1.68271,2128.505950287763
371,2020-01-07,1.58184,2000.9127255458131
372,2020-01-08,1.45966,1846.363898352679
373,2020-01-09,1.46786,1856.7363028622851
374,2020-01-10,1.37273,1736.4037612770596
375,2020-01-11,1.76225,2229.1182740309446
376,2020-01-12,2.11733,2678.268687844483
377,2020-01-13,1.87706,2374.344586439225
378,2020-01-14,1.65073,2088.0535727002984
379,2020-01-15,1.51214,1912.7472872141595
380,2020-01-16,1.52936,1934.5293366843327
381,2020-01-17,1.60398,2028.9182177217501
382,2020-01-18,1.75487,2219.783109972299
383,2020-01-19,2.35514,2979.0810678968583
384,2020-01-20,1.83769,2324.5443955193227
385,2020-01-21,1.65811,2097.388736758944
386,2020-01-22,1.49082,1885.7790354891831
387,2020-01-23,1.47934,1871.2576691757342
388,2020-01-24,1.68107,2126.431469385842
389,2020-01-25,1.50558,1904.4493636064742
390,2020-01-26,2.08042,2631.5802182774623
391,2020-01-27,2.24279,2836.9664768414596
392,2020-01-28,1.81227,2292.389941539543
393,2020-01-29,1.79669,2272.682372971291
394,2020-01-30,1.69829,2148.213518856015
395,2020-01-31,1.51952,1922.0824512728052
396,2020-02-01,1.9074,2412.7224831247686
397,2020-02-02,2.34858,2970.7831442891734
398,2020-02-03,1.9812,2506.0741237112256
399,2020-02-04,1.82047,2302.7623460491495
400,2020-02-05,1.8828,2381.6052695959497
401,2020-02-06,1.79997,2276.8313347751337
402,2020-02-07,1.90576,2410.6480022228475
403,2020-02-08,2.55604,3233.204978382213
404,2020-02-09,3.04725,3854.5499563290086
405,2020-02-10,2.61017,3301.6754974194073
406,2020-02-11,2.56424,3243.5773828918195
407,2020-02-12,2.74301,3469.7084504750296
408,2020-02-13,2.9513,3733.1801742928224
409,2020-02-14,2.64707,3348.3513177126356
410,2020-02-15,2.96032,3744.589819253389
411,2020-02-16,3.75248,4746.614691976529
412,2020-02-17,2.45928,3110.8106051688587
413,2020-02-18,2.22311,2812.0727060184045
414,2020-02-19,2.06156,2607.7236879053676
415,2020-02-20,1.86229,2355.6616090481416
416,2020-02-21,1.79177,2266.458930265527
417,2020-02-22,2.09518,2650.2505463947537
418,2020-02-23,2.17227,2747.763798058845
419,2020-02-24,1.80735,2286.1664988337793
420,2020-02-25,1.82785,2312.097510107795
421,2020-02-26,1.72371,2180.3679728357947
422,2020-02-27,1.64827,2084.9418513474166
423,2020-02-28,1.72535,2182.442453737716
424,2020-02-29,2.15177,2721.8327867848293
425,2020-03-01,2.44124,3087.9913152477247
426,2020-03-02,2.47978,3136.741616442874
427,2020-03-03,2.25509,2852.525083605869
428,2020-03-04,2.01318,2546.5265012986906
429,2020-03-05,1.93446,2446.95141800647
430,2020-03-06,1.72371,2180.3679728357947
431,2020-03-07,2.19031,2770.583087979979
432,2020-03-08,2.76187,3493.5649808471244
433,2020-03-09,2.10995,2668.933523785837
434,2020-03-10,2.03778,2577.6437148275095
435,2020-03-11,1.8787,2376.4190673411467
436,2020-03-12,1.82621,2310.023029205874
437,2020-03-13,1.64335,2078.718408641653
438,2020-03-14,1.98366,2509.1858450641075
439,2020-03-15,3.09071,3909.5237002299223
440,2020-03-16,2.22393,2813.1099464693652
441,2020-03-17,1.92954,2440.7279753007056
442,2020-03-18,1.79177,2266.458930265527
443,2020-03-19,1.76881,2237.4161976386295
444,2020-03-20,1.87706,2374.344586439225
445,2020-03-21,2.10585,2663.7473215310342
446,2020-03-22,2.61099,3302.712737870368
447,2020-03-23,2.02794,2565.196829415982
448,2020-03-24,1.82375,2306.9113078529917
449,2020-03-25,1.932,2443.8396966535875
450,2020-03-26,1.90248,2406.499040419005
451,2020-03-27,1.63761,2071.4577254849282
452,2020-03-28,1.85163,2342.1774831856537
453,2020-03-29,2.36662,2993.6024342103074
454,2020-03-30,1.81473,2295.501662892425
455,2020-03-31,1.68189,2127.4687098368026
456,2020-04-01,1.71305,2166.8838469733064
457,2020-04-02,1.63761,2071.4577254849282
458,2020-04-03,1.56544,1980.1679165266005
459,2020-04-04,1.93118,2442.8024562026267
460,2020-04-05,2.33381,2952.10016689809
461,2020-04-06,1.78767,2261.272728010724
462,2020-04-07,1.73765,2198.0010605021253
463,2020-04-08,1.67697,2121.245267131039
464,2020-04-09,1.49082,1885.7790354891831
465,2020-04-10,1.37191,1735.366520826099
466,2020-04-11,1.89018,2390.9404336545954
467,2020-04-12,2.42648,3069.3209871304334
468,2020-04-13,1.77209,2241.565159442472
469,2020-04-14,1.44736,1830.8052915882695
470,2020-04-15,1.67861,2123.31974803296
471,2020-04-16,1.56134,1974.9817142717973
472,2020-04-17,1.45064,1834.954253392112
473,2020-04-18,1.6089,2035.1416604275141
474,2020-04-19,2.11651,2677.231447393522
475,2020-04-20,1.67861,2123.31974803296
476,2020-04-21,1.51132,1911.7100467631988
477,2020-04-22,1.54576,1955.2741457035454
478,2020-04-23,1.41866,1794.5018758046474
479,2020-04-24,1.40964,1783.0922308440804
480,2020-04-25,1.75077,2214.5969077174955
481,2020-04-26,2.14029,2707.31142047138
482,2020-04-27,1.58676,2007.136168251577
483,2020-04-28,1.38093,1746.776165786666
484,2020-04-29,1.37437,1738.4782421789812
485,2020-04-30,1.62858,2060.035431250569
486,2020-05-01,1.63268,2065.221633505372
487,2020-05-02,1.78439,2257.1237662068816
488,2020-05-03,1.9074,2412.7224831247686
489,2020-05-04,1.78193,2254.0120448539997
490,2020-05-05,2.01974,2554.8244249063755
491,2020-05-06,1.59496,2017.5085727611831
492,2020-05-07,1.40718,1779.9805094911985
493,2020-05-08,1.37847,1743.6644444337842
494,2020-05-09,1.49656,1893.0397186459072
495,2020-05-10,1.92298,2432.4300516930207
496,2020-05-11,1.56462,1979.1306760756397
497,2020-05-12,1.40226,1773.7570667854347
498,2020-05-13,1.29647,1639.940399337721
499,2020-05-14,1.24399,1573.5570104762403
500,2020-05-15,1.29893,1643.0521206906026
501,2020-05-16,1.50968,1909.6355658612774
502,2020-05-17,1.83277,2318.320952813559
503,2020-05-18,1.5105,1910.6728063122382
504,2020-05-19,1.40964,1783.0922308440804
505,2020-05-20,1.26613,1601.5625026521775
506,2020-05-21,1.31779,1666.9086510626973
507,2020-05-22,1.18577,1499.9129384580356
508,2020-05-23,1.45638,1842.2149365488365
509,2020-05-24,2.20753,2792.365137450153
510,2020-05-25,1.69255,2140.952835699291
511,2020-05-26,1.45474,1840.1404556469151
512,2020-05-27,1.36863,1731.2175590222566
513,2020-05-28,1.21939,1542.4397969474214
514,2020-05-29,1.17839,1490.57777439939
515,2020-05-30,1.37601,1740.552723080902
516,2020-05-31,1.69829,2148.213518856015
517,2020-06-01,1.39405,1763.372013002036
518,2020-06-02,1.43096,1810.0604825690568
519,2020-06-03,1.74503,2207.3362245607714
520,2020-06-04,1.84835,2338.028521381811
521,2020-06-05,1.39651,1766.483734354918
522,2020-06-06,1.71469,2168.958327875228
523,2020-06-07,1.9566,2474.9569101824063
524,2020-06-08,1.51214,1912.7472872141595
525,2020-06-09,1.408,1781.017749942159
526,2020-06-10,1.30385,1649.2755633963666
527,2020-06-11,1.27351,1610.8976667108232
528,2020-06-12,1.19561,1512.3598238695631
529,2020-06-13,1.47114,1860.8852646661276
530,2020-06-14,1.69665,2146.139037954094
531,2020-06-15,1.77127,2240.5279189915113
532,2020-06-16,1.35059,1708.3982691011227
533,2020-06-17,1.28253,1622.3073116713902
534,2020-06-18,1.18003,1492.652255301311
535,2020-06-19,1.1669,1476.0437588121488
536,2020-06-20,1.34485,1701.1375859443983
537,2020-06-21,1.78029,2251.9375639520786
538,2020-06-22,1.37929,1744.7016848847447
539,2020-06-23,1.22513,1549.700480104146
540,2020-06-24,1.13656,1437.6658621266054
541,2020-06-25,1.07834,1364.0217901084006
542,2020-06-26,1.1341,1434.5541407737237
543,2020-06-27,1.32107,1671.0576128665398
544,2020-06-28,1.85409,2345.289204538535
545,2020-06-29,1.34157,1696.9886241405557
546,2020-06-30,1.18659,1500.9501789089961
547,2020-07-01,1.13656,1437.6658621266054
548,2020-07-02,1.06194,1343.276981089188
549,2020-07-03,1.0193,1289.3404776392351
550,2020-07-04,1.18249,1495.7639766541931
551,2020-07-05,1.35879,1718.7706736107289
552,2020-07-06,1.22923,1554.8866823589492
553,2020-07-07,1.14148,1443.8893048323691
554,2020-07-08,1.048,1325.6438934228572
555,2020-07-09,1.16608,1475.0065183611882
556,2020-07-10,0.97994,1239.5529359931247
557,2020-07-11,1.14148,1443.8893048323691
558,2020-07-12,1.51952,1922.0824512728052
559,2020-07-13,1.21857,1541.4025564964606
560,2020-07-14,1.16937,1479.168129438823
561,2020-07-15,1.06276,1344.3142215401483
562,2020-07-16,1.02914,1301.7873630507625
563,2020-07-17,1.03242,1305.936324854605
564,2020-07-18,1.20873,1528.9556710849333
565,2020-07-19,1.36289,1723.956875865532
566,2020-07-20,1.15214,1457.3734306948572
567,2020-07-21,1.09966,1390.990041833377
568,2020-07-22,1.08572,1373.356954167046
569,2020-07-23,1.01274,1281.0425540315498
570,2020-07-24,0.97092,1228.1432910325577
571,2020-07-25,1.13082,1430.4051789698808
572,2020-07-26,1.46704,1855.6990624113246
573,2020-07-27,1.30221,1647.2010824944455
574,2020-07-28,1.16937,1479.168129438823
575,2020-07-29,1.07834,1364.0217901084006
576,2020-07-30,0.96682,1222.9570887777545
577,2020-07-31,0.98978,1251.999821404652
578,2020-08-01,1.08654,1374.3941946180068
579,2020-08-02,1.24973,1580.8176936329648
580,2020-08-03,1.14066,1442.8520643814086
581,2020-08-04,1.11196,1406.5486485977865
582,2020-08-05,1.07014,1353.6493855987942
583,2020-08-06,0.99798,1262.3722259142585
584,2020-08-07,1.0767,1361.947309206479
585,2020-08-08,1.18331,1496.8012171051537
586,2020-08-09,1.33993,1694.9141432386346
587,2020-08-10,1.19151,1507.1736216147601
588,2020-08-11,1.13738,1438.7031025775661
589,2020-08-12,1.12262,1420.0327744602746
590,2020-08-13,1.03242,1305.936324854605
591,2020-08-14,1.24071,1569.4080486723979
592,2020-08-15,1.10294,1395.1390036372195
593,2020-08-16,1.22349,1547.6259992022246
594,2020-08-17,1.31205,1659.6479679059728
595,2020-08-18,1.09802,1388.9155609314557
596,2020-08-19,1.00208,1267.5584281690617
597,2020-08-20,1.04062,1316.3087293642116
598,2020-08-21,1.03488,1309.048046207487
599,2020-08-22,1.22431,1548.6632396531852
600,2020-08-23,1.65073,2088.0535727002984
601,2020-08-24,1.17921,1491.6150148503505
602,2020-08-25,1.19725,1514.4343047714842
603,2020-08-26,1.20955,1529.9929115358937
604,2020-08-27,1.08572,1373.356954167046
605,2020-08-28,1.10048,1392.0272822843374
606,2020-08-29,1.28335,1623.3445521223507
607,2020-08-30,1.34567,1702.1748263953587
608,2020-08-31,1.22021,1543.4770373983822
609,2020-09-01,1.32353,1674.169334219422
610,2020-09-02,1.37765,1742.6272039828236
611,2020-09-03,1.23743,1565.2590868685554
612,2020-09-04,1.27269,1609.8604262598626
613,2020-09-05,1.58266,2001.9499659967737
614,2020-09-06,1.89756,2400.275597713241
615,2020-09-07,1.62284,2052.7747480938447
616,2020-09-08,1.72863,2186.591415541559
617,2020-09-09,1.54412,1953.199664801624
618,2020-09-10,1.43424,1814.2094443728993
619,2020-09-11,1.49246,1887.8535163911042
620,2020-09-12,1.79833,2274.7568538732125
621,2020-09-13,2.18621,2765.3968857251757
622,2020-09-14,1.5228,1926.2314130766476
623,2020-09-15,1.49164,1886.8162759401437
624,2020-09-16,1.5597,1972.9072333698762
625,2020-09-17,1.55068,1961.4975884093092
626,2020-09-18,1.51952,1922.0824512728052
627,2020-09-19,1.9689,2490.515516946816
628,2020-09-20,2.12881,2692.7900541579315
629,2020-09-21,1.73847,2199.038300953086
630,2020-09-22,1.86557,2359.8105708519843
631,2020-09-23,1.86393,2357.736089950063
632,2020-09-24,1.61218,2039.2906222313566
633,2020-09-25,1.57446,1991.5775614871675
634,2020-09-26,2.69053,3403.325061613549
635,2020-09-27,2.84552,3599.3761561189012
636,2020-09-28,2.11323,2673.08248558968
637,2020-09-29,1.64417,2079.755649092613
638,2020-09-30,1.68435,2130.5804311896845
639,2020-10-01,1.53838,1945.9389816448997
640,2020-10-02,2.07304,2622.2450542188167
641,2020-10-03,2.3904,3023.6824072881655
642,2020-10-04,2.54456,3218.683612068765
643,2020-10-05,2.26903,2870.1581712721995
644,2020-10-06,2.14685,2715.6093440790655
645,2020-10-07,2.04188,2582.8299170823125
646,2020-10-08,1.70321,2154.436961561779
647,2020-10-09,2.0878,2640.915382336108
648,2020-10-10,2.26247,2861.8602476645146
649,2020-10-11,2.53144,3202.087764853394
650,2020-10-12,2.06812,2616.0216115130524
651,2020-10-13,1.89838,2401.312838164202
652,2020-10-14,1.81145,2291.3527010885823
653,2020-10-15,1.9525,2469.7707079276033
654,2020-10-16,1.82457,2307.9485483039525
655,2020-10-17,2.0837,2635.7291800813045
656,2020-10-18,2.55276,3229.056016578371
657,2020-10-19,2.11569,2676.1942069425613
658,2020-10-20,1.87132,2367.083903282501
659,2020-10-21,1.81801,2299.650624696267
660,2020-10-22,1.89018,2390.9404336545954
661,2020-10-23,2.0099,2542.377539494848
662,2020-10-24,2.69381,3407.474023417392
663,2020-10-25,3.39248,4291.240835457227
664,2020-10-26,2.67249,3380.5057716924152
665,2020-10-27,2.12635,2689.6783328050496
666,2020-10-28,2.4683,3122.220250129426
667,2020-10-29,1.91888,2427.2438494382172
668,2020-10-30,1.76471,2232.2299953838265
669,2020-10-31,2.05582,2600.4630047486435
670,2020-11-01,2.8119,3556.849297629515
671,2020-11-02,2.21819,2805.8492633126402
672,2020-11-03,2.50438,3167.8588299716935
673,2020-11-04,2.24607,2841.115438645302
674,2020-11-05,2.12963,2693.8272946088923
675,2020-11-06,1.9443,2459.398303417997
676,2020-11-07,2.44862,3097.3264793063704
677,2020-11-08,3.18173,4024.6573902865525
678,2020-11-09,2.58885,3274.7072456944306
679,2020-11-10,2.34366,2964.559701583409
680,2020-11-11,2.56506,3244.6146233427803
681,2020-11-12,2.18375,2762.285164372294
682,2020-11-13,1.84999,2340.103002283732
683,2020-11-14,2.33135,2948.988445545208
684,2020-11-15,2.63395,3331.755470497266
685,2020-11-16,2.14931,2718.7210654319474
686,2020-11-17,1.85819,2350.4754067933386
687,2020-11-18,1.63514,2068.3333548582546
688,2020-11-19,1.70485,2156.5114424637004
689,2020-11-20,1.75241,2216.671388619417
690,2020-11-21,1.99596,2524.744451828517
691,2020-11-22,2.83978,3592.1154729621767
692,2020-11-23,2.23787,2830.743034135696
693,2020-11-24,2.04024,2580.755436180391
694,2020-11-25,2.0755,2625.356775571698
695,2020-11-26,1.80981,2289.278220186661
696,2020-11-27,1.67615,2120.208026680078
697,2020-11-28,2.15915,2731.167950843475
698,2020-11-29,2.74875,3476.9691336317537
699,2020-11-30,2.56998,3250.838066048544
700,2020-12-01,2.18047,2758.1362025684516
701,2020-12-02,1.97546,2498.813440554501
702,2020-12-03,1.95742,2475.994150633367
703,2020-12-04,1.9156,2423.094887634375
704,2020-12-05,2.12963,2693.8272946088923
705,2020-12-06,2.40598,3043.3899758564175
706,2020-12-07,1.94512,2460.4355438689577
707,2020-12-08,1.98612,2512.2975664169894
708,2020-12-09,1.75405,2218.745869521338
709,2020-12-10,1.68927,2136.8038738954483
710,2020-12-11,1.5884,2009.2106491534983
711,2020-12-12,1.84999,2340.103002283732
712,2020-12-13,2.16981,2744.6520767059633
713,2020-12-14,1.88198,2380.568029144989
714,2020-12-15,1.72863,2186.591415541559
715,2020-12-16,1.78767,2261.272728010724
716,2020-12-17,1.57118,1987.428599683325
717,2020-12-18,1.50968,1909.6355658612774
718,2020-12-19,1.81637,2297.5761437943465
719,2020-12-20,2.35514,2979.0810678968583
720,2020-12-21,1.77783,2248.8258425991967
721,2020-12-22,1.55068,1961.4975884093092
722,2020-12-23,1.44326,1825.6190893334663
723,2020-12-24,1.37109,1734.3292803751383
724,2020-12-25,1.60726,2033.0671795255926
725,2020-12-26,1.58102,1999.8754850948526
726,2020-12-27,1.72617,2183.4796941886766
727,2020-12-28,1.53674,1943.8645007429784
728,2020-12-29,1.30385,1649.2755633963666
729,2020-12-30,1.26777,1603.6369835540988
730,2020-12-31,1.12754,1426.2562171660384
731,2021-01-01,1.38257,1748.8506466885874
732,2021-01-02,1.47606,1867.1087073718916
733,2021-01-03,1.84261,2330.7678382250865
734,2021-01-04,1.30385,1649.2755633963666
735,2021-01-05,1.25547,1588.0783767896894
736,2021-01-06,1.20463,1523.76946883013
737,2021-01-07,1.09802,1388.9155609314557
738,2021-01-08,1.23087,1556.96116326087
739,2021-01-09,1.59578,2018.545813212144
740,2021-01-10,1.82129,2303.7995865001103
741,2021-01-11,1.41128,1785.1667117460017
742,2021-01-12,1.34977,1707.3610286501619
743,2021-01-13,1.29647,1639.940399337721
744,2021-01-14,1.29319,1635.7914375338785
745,2021-01-15,1.20463,1523.76946883013
746,2021-01-16,1.66467,2105.6866603666294
747,2021-01-17,2.01892,2553.7871844554147
748,2021-01-18,1.56052,1973.9444738208367
749,2021-01-19,1.25875,1592.2273385935318
750,2021-01-20,1.20709,1526.881190183012
751,2021-01-21,1.18659,1500.9501789089961
752,2021-01-22,1.23497,1562.1473655156733
753,2021-01-23,1.57282,1989.5030805852464
754,2021-01-24,1.87542,2372.270105537304
755,2021-01-25,1.32025,1670.0203724155792
756,2021-01-26,1.33993,1694.9141432386346
757,2021-01-27,1.21611,1538.290835143579
758,2021-01-28,1.15624,1462.5596329496605
759,2021-01-29,1.21611,1538.290835143579
760,2021-01-30,1.49082,1885.7790354891831
761,2021-01-31,1.84999,2340.103002283732
762,2021-02-01,1.43342,1813.1722039219387
763,2021-02-02,1.48098,1873.3321500776553
764,2021-02-03,1.4572,1843.252176999797
765,2021-02-04,1.43916,1820.432887078663
766,2021-02-05,1.32517,1676.243815121343
767,2021-02-06,1.67697,2121.245267131039
768,2021-02-07,2.15259,2722.87002723579
769,2021-02-08,1.49738,1894.076959096868
770,2021-02-09,1.38995,1758.185810747233
771,2021-02-10,1.38913,1757.1485702962723
772,2021-02-11,1.6171,2045.5140649371203
773,2021-02-12,1.70567,2157.5486829146607
774,2021-02-13,2.21655,2803.774782410719
775,2021-02-14,2.65117,3353.537519967439
776,2021-02-15,1.81555,2296.5389033433858
777,2021-02-16,1.40472,1776.8687881383166
778,2021-02-17,1.39241,1761.2975321001147
779,2021-02-18,1.64745,2083.9046108964562
780,2021-02-19,1.54494,1954.2369052525846
781,2021-02-20,1.97956,2503.999642809304
782,2021-02-21,2.28461,2889.8657398404516
783,2021-02-22,1.90822,2413.7597235757294
784,2021-02-23,1.45638,1842.2149365488365
785,2021-02-24,1.43588,1816.2839252748206
786,2021-02-25,1.52444,1928.305893978569
787,2021-02-26,1.45228,1837.0287342940333
788,2021-02-27,1.92462,2434.504532594942
789,2021-02-28,2.27477,2877.4188544289245
790,2021-03-01,2.45272,3102.5126815611734
791,2021-03-02,1.78521,2258.1610066578423
792,2021-03-03,1.57282,1989.5030805852464
793,2021-03-04,1.96808,2489.4782764958554
794,2021-03-05,1.87542,2372.270105537304
795,2021-03-06,2.21327,2799.625820606877
796,2021-03-07,2.66511,3371.1706076337696
797,2021-03-08,1.85819,2350.4754067933386
798,2021-03-09,1.71879,2174.144530130031
799,2021-03-10,1.59086,2012.3223705063801
800,2021-03-11,1.58676,2007.136168251577
801,2021-03-12,1.53756,1944.9017411939392
802,2021-03-13,1.97464,2497.7762001035403
803,2021-03-14,2.4724,3127.406452384229
804,2021-03-15,1.84917,2339.0657618327714
805,2021-03-16,1.72289,2179.3307323848344
806,2021-03-17,1.68681,2133.6921525425664
807,2021-03-18,1.55888,1971.8699929189156
808,2021-03-19,1.40964,1783.0922308440804
809,2021-03-20,2.06648,2613.9471306111313
810,2021-03-21,2.55358,3230.0932570293317
811,2021-03-22,1.66713,2108.7983817195113
812,2021-03-23,1.61546,2043.439584035199
813,2021-03-24,1.48098,1873.3321500776553
814,2021-03-25,1.48672,1880.59283323438
815,2021-03-26,1.39405,1763.372013002036
816,2021-03-27,1.78685,2260.2354875597634
817,2021-03-28,2.30183,2911.647789310625
818,2021-03-29,1.76061,2227.0437931290235
819,2021-03-30,1.46622,1854.661821960364
820,2021-03-31,1.4859,1879.5555927834191
821,2021-04-01,1.40636,1778.943269040238
822,2021-04-02,1.26613,1601.5625026521775
823,2021-04-03,1.67123,2113.9845839743143
824,2021-04-04,1.95906,2478.0686315352887
825,2021-04-05,1.56708,1982.2423974285218
826,2021-04-06,1.31123,1658.6107274550122
827,2021-04-07,1.29975,1644.0893611415634
828,2021-04-08,1.36371,1724.9941163164926
829,2021-04-09,1.25219,1583.9294149858467
830,2021-04-10,1.57446,1991.5775614871675
831,2021-04-11,1.84835,2338.028521381811
832,2021-04-12,1.4818,1874.3693905286161
833,2021-04-13,1.27597,1614.009388063705
834,2021-04-14,1.13656,1437.6658621266054
835,2021-04-15,1.09474,1384.766599127613
836,2021-04-16,1.11852,1414.8465722054714
837,2021-04-17,1.53182,1937.6410580372146
838,2021-04-18,1.79013,2264.384449363606
839,2021-04-19,1.36207,1722.9196354145713
840,2021-04-20,1.25055,1581.8549340839256
841,2021-04-21,1.31205,1659.6479679059728
842,2021-04-22,1.18741,1501.987419359957
843,2021-04-23,1.23415,1561.110125064713
844,2021-04-24,1.40143,1772.7071770606817
845,2021-04-25,1.63925,2073.53220638685
846,2021-04-26,1.30877,1655.4990061021304
847,2021-04-27,1.23989,1568.370808221437
848,2021-04-28,1.1095,1403.4369272449044
849,2021-04-29,1.18413,1497.8384575561142
850,2021-04-30,1.09392,1383.7293586766525
851,2021-05-01,1.35387,1712.547230904965
852,2021-05-02,1.54494,1954.2369052525846
853,2021-05-03,1.16772,1477.0809992631096
854,2021-05-04,1.1464,1450.1127475381331
855,2021-05-05,1.37847,1743.6644444337842
856,2021-05-06,1.1423,1444.92654528333
857,2021-05-07,0.99798,1262.3722259142585
858,2021-05-08,1.18413,1497.8384575561142
859,2021-05-09,1.44162,1823.544608431545
860,2021-05-10,1.17675,1488.5032934974686
861,2021-05-11,1.08654,1374.3941946180068
862,2021-05-12,1.08572,1373.356954167046
863,2021-05-13,1.07014,1353.6493855987942
864,2021-05-14,1.05784,1338.0907788343845
865,2021-05-15,1.26859,1604.6742240050596
866,2021-05-16,1.51952,1922.0824512728052
867,2021-05-17,1.09884,1389.9528013824163
868,2021-05-18,0.99142,1254.0743023065734
869,2021-05-19,1.29319,1635.7914375338785
870,2021-05-20,1.03078,1303.8618439526838
871,2021-05-21,1.04964,1327.718374324778
872,2021-05-22,1.20381,1522.7322283791696
873,2021-05-23,1.40554,1777.9060285892772
874,2021-05-24,1.04308,1319.4204507170932
875,2021-05-25,1.04718,1324.6066529718964
876,2021-05-26,0.9947,1258.223264110416
877,2021-05-27,0.94878,1200.1377988566205
878,2021-05-28,0.96928,1226.0688101306364
879,2021-05-29,1.13738,1438.7031025775661
880,2021-05-30,1.38749,1755.074089394351
881,2021-05-31,1.05538,1334.9790574815027
882,2021-06-01,1.01438,1283.1170349334711
883,2021-06-02,0.9701,1227.106050581597
884,2021-06-03,0.96682,1222.9570887777545
885,2021-06-04,0.88481,1119.220394407899
886,2021-06-05,1.09802,1388.9155609314557
887,2021-06-06,1.4203,1796.5763567065685
888,2021-06-07,1.17429,1485.3915721445867
889,2021-06-08,1.19561,1512.3598238695631
890,2021-06-09,1.1464,1450.1127475381331
891,2021-06-10,1.1177,1413.8093317545108
892,2021-06-11,1.06686,1349.5004237949515
893,2021-06-12,1.27105,1607.7859453579413
894,2021-06-13,1.57692,1994.6892828400496
895,2021-06-14,1.20299,1521.6949879282088
896,2021-06-15,1.09392,1383.7293586766525
897,2021-06-16,1.0234,1294.5266798940381
898,2021-06-17,1.15788,1464.6341138515818
899,2021-06-18,0.95534,1208.4357224643056
900,2021-06-19,1.59004,2011.2851300554194
901,2021-06-20,1.45474,1840.1404556469151
902,2021-06-21,1.23825,1566.2963273195162
903,2021-06-22,1.04554,1322.532172069975
904,2021-06-23,0.93976,1188.7281538960535
905,2021-06-24,0.97994,1239.5529359931247
906,2021-06-25,0.92007,1163.8217337992062
907,2021-06-26,1.05374,1332.9045765795813
908,2021-06-27,1.33747,1691.8024218857524
909,2021-06-28,0.99716,1261.334985463298
910,2021-06-29,0.89301,1129.5927989175052
911,2021-06-30,0.87333,1104.6990280944501
912,2021-07-01,0.87579,1107.810749447332
913,2021-07-02,0.85037,1075.6562954675524
914,2021-07-03,1.02504,1296.6011607959592
915,2021-07-04,1.25301,1584.9666554368073
916,2021-07-05,0.97092,1228.1432910325577
917,2021-07-06,0.95452,1207.398482013345
918,2021-07-07,0.85119,1076.6935359185131
919,2021-07-08,0.87333,1104.6990280944501
920,2021-07-09,0.71917,909.6978233138512
921,2021-07-10,0.92335,1167.9706956030486
922,2021-07-11,1.17183,1482.2798507917046
923,2021-07-12,0.96682,1222.9570887777545
924,2021-07-13,0.89301,1129.5927989175052
925,2021-07-14,0.86267,1091.214902231962
926,2021-07-15,0.79871,1010.3101470570326
927,2021-07-16,0.73229,926.2936705292213
928,2021-07-17,0.85611,1082.916978624277
929,2021-07-18,1.11196,1406.5486485977865
930,2021-07-19,0.83725,1059.0604482521824
931,2021-07-20,0.94878,1200.1377988566205
932,2021-07-21,0.84381,1067.3583718598672
933,2021-07-22,0.78805,996.8260211945444
934,2021-07-23,0.80199,1014.4591088608751
935,2021-07-24,0.92253,1166.933455152088
936,2021-07-25,0.97338,1231.2550123854396
937,2021-07-26,0.94468,1194.9515966018173
938,2021-07-27,0.85529,1081.8797381733161
939,2021-07-28,0.88235,1116.108673055017
940,2021-07-29,0.78805,996.8260211945444
941,2021-07-30,0.72081,911.7723042157725
942,2021-07-31,0.96682,1222.9570887777545
943,2021-08-01,1.00372,1269.6329090709828
944,2021-08-02,0.80445,1017.5708302137571
945,2021-08-03,0.84791,1072.5445741146707
946,2021-08-04,0.76919,972.9694908224499
947,2021-08-05,0.78067,987.4908571358986
948,2021-08-06,0.72245,913.8467851176938
949,2021-08-07,0.83315,1053.8742459973791
950,2021-08-08,1.03078,1303.8618439526838
951,2021-08-09,0.89793,1135.8162416232692
952,2021-08-10,0.86103,1089.1404213300407
953,2021-08-11,0.99552,1259.2605045613766
954,2021-08-12,0.81019,1024.8315133704814
955,2021-08-13,0.81183,1026.9059942724027
956,2021-08-14,0.9578,1211.5474438171875
957,2021-08-15,1.07752,1362.9845496574399
958,2021-08-16,1.08244,1369.2079923632036
959,2021-08-17,0.98568,1246.813619149849
960,2021-08-18,0.9701,1227.106050581597
961,2021-08-19,1.00372,1269.6329090709828
962,2021-08-20,0.94468,1194.9515966018173
963,2021-08-21,1.19397,1510.2853429676418
964,2021-08-22,1.40143,1772.7071770606817
965,2021-08-23,1.19315,1509.2481025166812
966,2021-08-24,1.09146,1380.6176373237706
967,2021-08-25,1.23415,1561.110125064713
968,2021-08-26,1.31861,1667.9458915136581
969,2021-08-27,1.10704,1400.3252058920227
970,2021-08-28,1.40636,1778.943269040238
971,2021-08-29,1.94758,2463.5472652218396
972,2021-08-30,1.45966,1846.363898352679
973,2021-08-31,1.28335,1623.3445521223507
974,2021-09-01,1.24235,1571.4825295743192
975,2021-09-02,1.17511,1486.4288125955475
976,2021-09-03,1.18167,1494.7267362032323
977,2021-09-04,1.49,1884.7417950382223
978,2021-09-05,1.80489,2283.0547774808974
979,2021-09-06,1.47278,1862.9597455680491
980,2021-09-07,1.48754,1881.6300736853404
981,2021-09-08,1.37109,1734.3292803751383
982,2021-09-09,1.31697,1665.8714106117366
983,2021-09-10,1.23005,1555.9239228099098
984,2021-09-11,1.63022,2062.1099121524903
985,2021-09-12,1.95906,2478.0686315352887
986,2021-09-13,1.62612,2056.9237098976873
987,2021-09-14,1.48754,1881.6300736853404
988,2021-09-15,1.29073,1632.6797161809964
989,2021-09-16,1.30139,1646.1638420434847
990,2021-09-17,1.42522,1802.7997994123323
991,2021-09-18,1.65073,2088.0535727002984
992,2021-09-19,1.70239,2153.3997211108185
993,2021-09-20,1.5351,1941.790019841057
994,2021-09-21,1.34157,1696.9886241405557
995,2021-09-22,1.98858,2515.4092877698713
996,2021-09-23,1.77701,2247.788602148236
997,2021-09-24,1.46212,1849.475619705561
998,2021-09-25,1.83933,2326.618876421244
999,2021-09-26,2.47978,3136.741616442874
1000,2021-09-27,1.81145,2291.3527010885823
1001,2021-09-28,1.68435,2130.5804311896845
1002,2021-09-29,1.76553,2233.2672358347872
1003,2021-09-30,1.97956,2503.999642809304
1004,2021-10-01,1.54494,1954.2369052525846
1005,2021-10-02,1.74503,2207.3362245607714
1006,2021-10-03,2.00826,2540.3030585929264
1007,2021-10-04,2.25263,2849.413362252987
1008,2021-10-05,1.59988,2023.7320154669471
1009,2021-10-06,1.38913,1757.1485702962723
1010,2021-10-07,1.39897,1769.5954557078
1011,2021-10-08,1.36699,1729.143078120335
1012,2021-10-09,1.67451,2118.133545778157
1013,2021-10-10,1.9812,2506.0741237112256
1014,2021-10-11,2.20179,2785.104454293428
1015,2021-10-12,1.76307,2230.155514481905
1016,2021-10-13,1.5351,1941.790019841057
1017,2021-10-14,1.53428,1940.7527793900965
1018,2021-10-15,1.61382,2041.365103133278
1019,2021-10-16,3.07841,3893.965093465513
1020,2021-10-17,4.54217,5745.515194072995
1021,2021-10-18,3.58519,4535.004990706768
1022,2021-10-19,2.60607,3296.489295164604
1023,2021-10-20,2.939,3717.621567528413
1024,2021-10-21,2.70529,3421.995389730841
1025,2021-10-22,2.32807,2944.8394837413653
1026,2021-10-23,2.73563,3460.373286416384
1027,2021-10-24,3.04643,3853.5127158780483
1028,2021-10-25,2.31413,2927.2063960750347
1029,2021-10-26,2.0058,2537.1913372400445
1030,2021-10-27,1.78603,2259.1982471088027
1031,2021-10-28,1.8705,2366.0466628315403
1032,2021-10-29,1.74339,2205.26174365885
1033,2021-10-30,2.14193,2709.3859013733017
1034,2021-10-31,2.5011,3163.7098681678513
1035,2021-11-01,1.93446,2446.95141800647
1036,2021-11-02,1.77045,2239.490678540551
1037,2021-11-03,1.91068,2416.8714449286113
1038,2021-11-04,1.65893,2098.425977209905
1039,2021-11-05,1.68845,2135.7666334444875
1040,2021-11-06,2.8365,3587.966511158334
1041,2021-11-07,2.81846,3565.1472212372
1042,2021-11-08,2.3412,2961.4479802305277
1043,2021-11-09,2.12799,2691.752813706971
1044,2021-11-10,2.20753,2792.365137450153
1045,2021-11-11,2.01236,2545.48926084773
1046,2021-11-12,1.91314,2419.983166281493
1047,2021-11-13,2.44698,3095.2519984044493
1048,2021-11-14,2.78565,3523.6449539249825
1049,2021-11-15,2.19031,2770.583087979979
1050,2021-11-16,1.87296,2369.158384184422
1051,2021-11-17,1.79423,2269.570651618409
1052,2021-11-18,1.66877,2110.8728626214324
1053,2021-11-19,1.61464,2042.4023435842387
1054,2021-11-20,2.28789,2894.0147016442943
1055,2021-11-21,2.58393,3268.4838029886673
1056,2021-11-22,2.32233,2937.5788005846407
1057,2021-11-23,2.0427,2583.867157533273
1058,2021-11-24,1.90494,2409.6107617718867
1059,2021-11-25,1.77947,2250.900323501118
1060,2021-11-26,1.79095,2265.421689814567
1061,2021-11-27,2.16817,2742.5775958040417
1062,2021-11-28,2.78647,3524.6821943759433
1063,2021-11-29,2.06894,2617.0588519640132
1064,2021-11-30,2.01974,2554.8244249063755
1065,2021-12-01,1.9935,2521.632730475635
1066,2021-12-02,1.70731,2159.6231638165823
1067,2021-12-03,1.67369,2117.096305327196
1068,2021-12-04,2.03778,2577.6437148275095
1069,2021-12-05,2.44698,3095.2519984044493
1070,2021-12-06,1.75651,2221.85759087422
1071,2021-12-07,1.90002,2403.387319066123
1072,2021-12-08,1.86393,2357.736089950063
1073,2021-12-09,1.5802,1998.838244643892
1074,2021-12-10,1.57364,1990.5403210362067
1075,2021-12-11,1.99432,2522.669970926596
1076,2021-12-12,2.40516,3042.3527354054568
1077,2021-12-13,2.01564,2549.638222651572
1078,2021-12-14,1.69829,2148.213518856015
1079,2021-12-15,1.67287,2116.059064876236
1080,2021-12-16,1.53182,1937.6410580372146
1081,2021-12-17,1.57036,1986.3913592323643
1082,2021-12-18,1.71305,2166.8838469733064
1083,2021-12-19,2.26985,2871.1954117231603
1084,2021-12-20,1.89018,2390.9404336545954
1085,2021-12-21,1.66877,2110.8728626214324
1086,2021-12-22,1.64663,2082.8673704454955
1087,2021-12-23,1.61792,2046.5513053880811
1088,2021-12-24,1.57282,1989.5030805852464
1089,2021-12-25,1.9689,2490.515516946816
1090,2021-12-26,2.32643,2942.765002839444
1091,2021-12-27,2.00334,2534.0796158871626
1092,2021-12-28,1.68599,2132.6549120916056
1093,2021-12-29,1.58922,2010.247889604459
1094,2021-12-30,1.72781,2185.554175090598
1095,2021-12-31,1.38995,1758.185810747233
1096,2022-01-01,1.53756,1944.9017411939392
1097,2022-01-02,2.03204,2570.3830316707845
1098,2022-01-03,1.51214,1912.7472872141595
1099,2022-01-04,1.43342,1813.1722039219387
1100,2022-01-05,1.4367,1817.3211657257814
1101,2022-01-06,1.25465,1587.0411363387286
1102,2022-01-07,1.28089,1620.232830769469
1103,2022-01-08,1.74093,2202.1500223059684
1104,2022-01-09,1.89346,2395.0893954584376
1105,2022-01-10,1.44326,1825.6190893334663
1106,2022-01-11,1.4449,1827.6935702353876
1107,2022-01-12,1.35797,1717.7334331597683
1108,2022-01-13,1.37355,1737.4410017280204
1109,2022-01-14,1.19725,1514.4343047714842
1110,2022-01-15,1.5597,1972.9072333698762
1111,2022-01-16,1.91232,2418.9459258305324
1112,2022-01-17,1.42686,1804.8742803142536
1113,2022-01-18,1.28581,1626.4562734752326
1114,2022-01-19,1.23907,1567.3335677704765
1115,2022-01-20,1.19069,1506.1363811637993
1116,2022-01-21,1.16526,1473.9692779102274
1117,2022-01-22,1.43096,1810.0604825690568
1118,2022-01-23,2.14357,2711.460382275223
1119,2022-01-24,1.45228,1837.0287342940333
1120,2022-01-25,1.36125,1721.882394963611
1121,2022-01-26,1.26859,1604.6742240050596
1122,2022-01-27,1.15296,1458.410671145818
1123,2022-01-28,1.59578,2018.545813212144
1124,2022-01-29,2.45928,3110.8106051688587
1125,2022-01-30,2.41172,3050.6506590131416
1126,2022-01-31,1.95168,2468.733467476643
1127,2022-02-01,1.60726,2033.0671795255926
1128,2022-02-02,1.92708,2437.6162539478237
1129,2022-02-03,1.79587,2271.6451325203307
1130,2022-02-04,1.58512,2005.0616873496558
1131,2022-02-05,1.78931,2263.3472089126453
1132,2022-02-06,1.97136,2493.627238299698
1133,2022-02-07,1.57774,1995.72652329101
1134,2022-02-08,1.45884,1845.3266579017181
1135,2022-02-09,1.40472,1776.8687881383166
1136,2022-02-10,1.27843,1617.121109416587
1137,2022-02-11,1.39897,1769.5954557078
1138,2022-02-12,1.79013,2264.384449363606
1139,2022-02-13,1.94676,2462.510024770879
1140,2022-02-14,1.51624,1917.9334894689625
1141,2022-02-15,1.35059,1708.3982691011227
1142,2022-02-16,1.24891,1579.780453182004
1143,2022-02-17,1.22759,1552.8122014570276
1144,2022-02-18,1.29811,1642.0148802396423
1145,2022-02-19,1.58512,2005.0616873496558
1146,2022-02-20,1.95004,2466.6589865747214
1147,2022-02-21,1.41784,1793.4646353536866
1148,2022-02-22,1.30057,1645.1266015925241
1149,2022-02-23,1.29073,1632.6797161809964
1150,2022-02-24,1.15542,1461.5223924986997
1151,2022-02-25,1.29729,1640.9776397886817
1152,2022-02-26,1.6294,2061.07267170153
1153,2022-02-27,2.05336,2597.351283395761
1154,2022-02-28,1.63925,2073.53220638685
1155,2022-03-01,1.91724,2425.169368536296
1156,2022-03-02,1.35879,1718.7706736107289
1157,2022-03-03,1.32189,1672.0948533175006
1158,2022-03-04,1.39979,1770.6326961587606
1159,2022-03-05,1.84097,2328.6933573231654
1160,2022-03-06,2.11077,2669.9707642367975
1161,2022-03-07,1.52444,1928.305893978569
1162,2022-03-08,1.28581,1626.4562734752326
1163,2022-03-09,1.71551,2169.9955683261887
1164,2022-03-10,1.37109,1734.3292803751383
1165,2022-03-11,1.42686,1804.8742803142536
1166,2022-03-12,1.9402,2454.212101163194
1167,2022-03-13,2.78893,3527.793915728825
1168,2022-03-14,1.60316,2027.8809772707896
1169,2022-03-15,1.34157,1696.9886241405557
1170,2022-03-16,1.58922,2010.247889604459
1171,2022-03-17,1.4244,1801.762558961372
1172,2022-03-18,1.4531,1838.065974744994
1173,2022-03-19,1.76635,2234.3044762857476
1174,2022-03-20,2.11979,2681.3804091973648
1175,2022-03-21,1.48508,1878.5183523324586
1176,2022-03-22,1.40718,1779.9805094911985
1177,2022-03-23,1.38585,1752.9996084924298
1178,2022-03-24,1.24563,1575.6314913781616
1179,2022-03-25,1.22185,1545.5515183003035
1180,2022-03-26,1.71633,2171.032808777149
1181,2022-03-27,2.4929,3153.337463658245
1182,2022-03-28,1.60972,2036.1789008784747
1183,2022-03-29,1.35551,1714.6217118068864
1184,2022-03-30,1.40226,1773.7570667854347
1185,2022-03-31,1.18659,1500.9501789089961
1186,2022-04-01,1.32271,1673.1320937684611
1187,2022-04-02,1.67943,2124.3569884839208
1188,2022-04-03,2.11487,2675.1569664916005
1189,2022-04-04,1.56134,1974.9817142717973
1190,2022-04-05,1.44654,1829.7680511373087
1191,2022-04-06,1.27761,1616.0838689656262
1192,2022-04-07,1.22267,1546.5887587512639
1193,2022-04-08,1.27105,1607.7859453579413
1194,2022-04-09,1.54822,1958.385867056427
1195,2022-04-10,1.98448,2510.2230855150683
1196,2022-04-11,1.45474,1840.1404556469151
1197,2022-04-12,1.39487,1764.4092534529968
1198,2022-04-13,1.20545,1524.8067092810907
1199,2022-04-14,1.15132,1456.3361902438967
1200,2022-04-15,1.13984,1441.8148239304478
1201,2022-04-16,1.57692,1994.6892828400496
1202,2022-04-17,1.92134,2430.3555707910996
1203,2022-04-18,1.39077,1759.2230511981936
1204,2022-04-19,1.24235,1571.4825295743192
1205,2022-04-20,1.29975,1644.0893611415634
1206,2022-04-21,1.18249,1495.7639766541931
1207,2022-04-22,1.07916,1365.059030559361
1208,2022-04-23,1.44326,1825.6190893334663
1209,2022-04-24,1.69747,2147.1762784050547
1210,2022-04-25,1.38421,1750.9251275905085
1211,2022-04-26,1.19479,1511.3225834186026
1212,2022-04-27,1.21447,1536.2163542416577
1213,2022-04-28,1.13574,1436.6286216756448
1214,2022-04-29,1.03734,1312.1597675603687
1215,2022-04-30,1.26285,1597.413540848335
1216,2022-05-01,1.66877,2110.8728626214324
1217,2022-05-02,1.15132,1456.3361902438967
1218,2022-05-03,1.04718,1324.6066529718964
1219,2022-05-04,1.05702,1337.0535383834242
1220,2022-05-05,1.23415,1561.110125064713
1221,2022-05-06,1.21037,1531.0301519868544
1222,2022-05-07,1.22431,1548.6632396531852
1223,2022-05-08,1.4367,1817.3211657257814
1224,2022-05-09,1.02504,1296.6011607959592
1225,2022-05-10,1.02176,1292.4521989921168
1226,2022-05-11,1.01766,1287.2659967373136
1227,2022-05-12,0.99798,1262.3722259142585
1228,2022-05-13,0.93484,1182.5047111902898
1229,2022-05-14,1.16526,1473.9692779102274
1230,2022-05-15,1.4326,1812.1349634709782
1231,2022-05-16,1.11606,1411.7348508525897
1232,2022-05-17,1.02422,1295.5639203449987
1233,2022-05-18,1.01438,1283.1170349334711
1234,2022-05-19,0.98568,1246.813619149849
1235,2022-05-20,1.0234,1294.5266798940381
1236,2022-05-21,1.20873,1528.9556710849333
1237,2022-05-22,1.39569,1765.4464939039576
1238,2022-05-23,1.09474,1384.766599127613
1239,2022-05-24,1.1259,1424.181736264117
1240,2022-05-25,0.97174,1229.1805314835183
1241,2022-05-26,0.99798,1262.3722259142585
1242,2022-05-27,0.9701,1227.106050581597
1243,2022-05-28,1.54166,1950.0879434487422
1244,2022-05-29,1.40882,1782.0549903931196
1245,2022-05-30,1.05702,1337.0535383834242
1246,2022-05-31,1.01274,1281.0425540315498
1247,2022-06-01,1.32189,1672.0948533175006
1248,2022-06-02,0.9988,1263.409466365219
1249,2022-06-03,0.90039,1138.927962976151
1250,2022-06-04,1.10868,1402.399686793944
1251,2022-06-05,1.1669,1476.0437588121488
1252,2022-06-06,1.11524,1410.697610401629
1253,2022-06-07,1.25547,1588.0783767896894
1254,2022-06-08,1.17347,1484.3543316936261
1255,2022-06-09,0.99306,1256.1487832084947
1256,2022-06-10,0.79133,1000.9749829983868
1257,2022-06-11,1.03488,1309.048046207487
1258,2022-06-12,1.16937,1479.168129438823
1259,2022-06-13,1.0152,1284.154275384432
1260,2022-06-14,0.89219,1128.5555584665447
1261,2022-06-15,0.90941,1150.337607936718
1262,2022-06-16,0.84463,1068.395612310828
1263,2022-06-17,0.81593,1032.092196527206
1264,2022-06-18,0.98978,1251.999821404652
1265,2022-06-19,1.16937,1479.168129438823
1266,2022-06-20,0.99142,1254.0743023065734
1267,2022-06-21,0.87169,1102.6245471925288
1268,2022-06-22,0.94058,1189.765394347014
1269,2022-06-23,0.86677,1096.4011044867652
1270,2022-06-24,0.78067,987.4908571358986
1271,2022-06-25,0.96764,1223.994329228715
1272,2022-06-26,1.23415,1561.110125064713
1273,2022-06-27,0.9988,1263.409466365219
1274,2022-06-28,0.9865,1247.8508596008096
1275,2022-06-29,0.86431,1093.2893831338831
1276,2022-06-30,0.83807,1060.097688703143
1277,2022-07-01,0.84463,1068.395612310828
1278,2022-07-02,1.02586,1297.63840124692
1279,2022-07-03,1.18495,1498.8756980070748
1280,2022-07-04,0.95124,1203.2495202095024
1281,2022-07-05,0.88153,1115.0714326040566
1282,2022-07-06,0.84791,1072.5445741146707
1283,2022-07-07,0.89793,1135.8162416232692
1284,2022-07-08,0.82249,1040.390120134891
1285,2022-07-09,1.01028,1277.9308326786681
1286,2022-07-10,1.50312,1901.3376422535925
1287,2022-07-11,0.95288,1205.3240011114237
1288,2022-07-12,0.84545,1069.4328527617886
1289,2022-07-13,0.85283,1078.7680168204342
1290,2022-07-14,0.74377,940.8150368426702
1291,2022-07-15,0.75443,954.2991627051586
1292,2022-07-16,0.88973,1125.4438371136628
1293,2022-07-17,1.12344,1421.0700149112351
1294,2022-07-18,0.80609,1019.6453111156783
1295,2022-07-19,0.83069,1050.7625246444973
1296,2022-07-20,0.81593,1032.092196527206
1297,2022-07-21,0.76181,963.6343267638041
1298,2022-07-22,0.71671,906.5861019609694
1299,2022-07-23,0.95206,1204.2867606604632
1300,2022-07-24,1.04226,1318.3832102661327
1301,2022-07-25,0.83069,1050.7625246444973
1302,2022-07-26,0.76837,971.9322503714892
1303,2022-07-27,0.77821,984.3791357830167
1304,2022-07-28,0.74787,946.0012390974734
1305,2022-07-29,0.73967,935.6288345878671
1306,2022-07-30,0.84545,1069.4328527617886
1307,2022-07-31,0.92499,1170.04517650497
1308,2022-08-01,0.91433,1156.5610506424816
1309,2022-08-02,0.92909,1175.2313787597732
1310,2022-08-03,0.82331,1041.4273605858516
1311,2022-08-04,0.82167,1039.3528796839303
1312,2022-08-05,0.81511,1031.0549560762452
1313,2022-08-06,0.94222,1191.8398752489354
1314,2022-08-07,1.04472,1321.4949316190146
1315,2022-08-08,0.88317,1117.1459135059777
1316,2022-08-09,0.76673,969.857769469568
1317,2022-08-10,0.82413,1042.4646010368122
1318,2022-08-11,0.80281,1015.4963493118358
1319,2022-08-12,0.81757,1034.1666774291273
1320,2022-08-13,0.94714,1198.0633179546992
1321,2022-08-14,1.01192,1280.0053135805892
1322,2022-08-15,1.12918,1428.3306980679597
1323,2022-08-16,0.96764,1223.994329228715
1324,2022-08-17,0.88153,1115.0714326040566
1325,2022-08-18,0.89629,1133.7417607213479
1326,2022-08-19,0.88071,1114.0341921530958
1327,2022-08-20,1.01438,1283.1170349334711
1328,2022-08-21,1.17921,1491.6150148503505
1329,2022-08-22,0.96272,1217.7708865229513
1330,2022-08-23,0.83807,1060.097688703143
1331,2022-08-24,0.9906,1253.0370618556128
1332,2022-08-25,0.93566,1183.5419516412505
1333,2022-08-26,1.01684,1286.228756286353
1334,2022-08-27,1.22923,1554.8866823589492
1335,2022-08-28,1.42112,1797.613597157529
1336,2022-08-29,1.26941,1605.71146445602
1337,2022-08-30,1.20135,1519.6205070262874
1338,2022-08-31,1.17101,1481.2426103407442
1339,2022-09-01,1.17839,1490.57777439939
1340,2022-09-02,1.21529,1537.2535946926182
1341,2022-09-03,1.52198,1925.194172625687
1342,2022-09-04,1.88444,2383.679750497871
1343,2022-09-05,1.69993,2150.287999757936
1344,2022-09-06,1.47688,1868.1459478228521
1345,2022-09-07,1.31943,1668.9831319646187
1346,2022-09-08,1.18003,1492.652255301311
1347,2022-09-09,1.25711,1590.1528576916105
1348,2022-09-10,1.12098,1417.9582935583535
1349,2022-09-11,1.69173,2139.91559524833
1350,2022-09-12,2.06648,2613.9471306111313
1351,2022-09-13,1.56954,1985.3541187814037
1352,2022-09-14,1.36289,1723.956875865532
1353,2022-09-15,1.4203,1796.5763567065685
1354,2022-09-16,1.32271,1673.1320937684611
1355,2022-09-17,1.5146,1915.8590085670412
1356,2022-09-18,1.9361,2449.025898908391
1357,2022-09-19,1.54084,1949.0507029977816
1358,2022-09-20,1.4244,1801.762558961372
1359,2022-09-21,1.55232,1963.5720693112303
1360,2022-09-22,1.38011,1745.7389253357053
1361,2022-09-23,1.38175,1747.8134062376266
1362,2022-09-24,1.74175,2203.1872627569287
1363,2022-09-25,2.67167,3379.468531241455
1364,2022-09-26,1.84835,2338.028521381811
1365,2022-09-27,1.52854,1933.4920962333722
1366,2022-09-28,1.36781,1730.1803185712959
1367,2022-09-29,1.34895,1706.3237881992015
1368,2022-09-30,1.22103,1544.5142778493428
1369,2022-10-01,1.55642,1968.7582715660335
1370,2022-10-02,1.891,2391.977674105556
1371,2022-10-03,1.99186,2519.558249573714
1372,2022-10-04,1.53756,1944.9017411939392
1373,2022-10-05,1.42112,1797.613597157529
1374,2022-10-06,1.42686,1804.8742803142536
1375,2022-10-07,1.40718,1779.9805094911985
1376,2022-10-08,1.73191,2190.740377345401
1377,2022-10-09,2.58229,3266.4093220867458
1378,2022-10-10,2.73235,3456.2243246125413
1379,2022-10-11,1.96726,2488.4410360448946
1380,2022-10-12,1.73601,2195.926579600204
1381,2022-10-13,1.54002,1948.0134625468208
1382,2022-10-14,1.54822,1958.385867056427
1383,2022-10-15,2.01318,2546.5265012986906
1384,2022-10-16,2.17965,2757.098962117491
1385,2022-10-17,1.88362,2382.6425100469105
1386,2022-10-18,1.91068,2416.8714449286113
1387,2022-10-19,1.81227,2292.389941539543
1388,2022-10-20,1.53018,1935.5665771352935
1389,2022-10-21,1.43096,1810.0604825690568
1390,2022-10-22,1.90084,2404.4245595170837
1391,2022-10-23,2.10585,2663.7473215310342
1392,2022-10-24,1.73765,2198.0010605021253
1393,2022-10-25,1.59988,2023.7320154669471
1394,2022-10-26,1.53592,1942.8272602920176
1395,2022-10-27,1.44818,1831.84253203923
1396,2022-10-28,1.44818,1831.84253203923
1397,2022-10-29,1.79013,2264.384449363606
1398,2022-10-30,1.82621,2310.023029205874
1399,2022-10-31,1.51214,1912.7472872141595
1400,2022-11-01,1.4777,1869.183188273813
1401,2022-11-02,1.57774,1995.72652329101
1402,2022-11-03,1.5597,1972.9072333698762
1403,2022-11-04,1.72945,2187.6286559925193
1404,2022-11-05,2.25263,2849.413362252987
1405,2022-11-06,2.4232,3065.1720253265908
1406,2022-11-07,1.83277,2318.320952813559
1407,2022-11-08,1.62858,2060.035431250569
1408,2022-11-09,1.58594,2006.0989278006161
1409,2022-11-10,1.83687,2323.507155068362
1410,2022-11-11,1.53838,1945.9389816448997
1411,2022-11-12,1.91806,2426.206608987257
1412,2022-11-13,2.58557,3270.5582838905884
1413,2022-11-14,1.93282,2444.8769371045482
1414,2022-11-15,1.73355,2192.8148582473223
1415,2022-11-16,2.4273,3070.3582275813937
1416,2022-11-17,1.71305,2166.8838469733064
1417,2022-11-18,1.52608,1930.3803748804903
1418,2022-11-19,1.70895,2161.6976447185034
1419,2022-11-20,2.07386,2623.282294669777
1420,2022-11-21,1.66467,2105.6866603666294
1421,2022-11-22,1.79259,2267.496170716488
1422,2022-11-23,1.55396,1965.6465502131516
1423,2022-11-24,1.33993,1694.9141432386346
1424,2022-11-25,1.43342,1813.1722039219387
1425,2022-11-26,1.90904,2414.79696402669
1426,2022-11-27,2.30429,2914.7595106635067
1427,2022-11-28,1.66877,2110.8728626214324
1428,2022-11-29,1.65155,2089.090813151259
1429,2022-11-30,1.86885,2363.9595326558265
1430,2022-12-01,1.72125,2177.256251482913
1431,2022-12-02,1.62448,2054.8492289957658
1432,2022-12-03,1.76963,2238.4534380895902
1433,2022-12-04,2.38794,3020.5706859352836
1434,2022-12-05,1.74503,2207.3362245607714
1435,2022-12-06,1.6007,2024.7692559179077
1436,2022-12-07,1.52198,1925.194172625687
1437,2022-12-08,1.39487,1764.4092534529968
1438,2022-12-09,1.43178,1811.0977230200176
1439,2022-12-10,1.85327,2344.251964087575
1440,2022-12-11,2.4437,3091.103036600607
1441,2022-12-12,1.66303,2103.612179464708
1442,2022-12-13,1.57118,1987.428599683325
1443,2022-12-14,1.4572,1843.252176999797
1444,2022-12-15,1.57774,1995.72652329101
1445,2022-12-16,1.54002,1948.0134625468208
1446,2022-12-17,1.84261,2330.7678382250865
1447,2022-12-18,2.0181,2552.749944004454
1448,2022-12-19,1.56134,1974.9817142717973
1449,2022-12-20,1.46704,1855.6990624113246
1450,2022-12-21,1.44244,1824.5818488825057
1451,2022-12-22,1.38667,1754.0368489433906
1452,2022-12-23,1.33583,1689.7279409838313
1453,2022-12-24,1.5515,1962.53482886027
1454,2022-12-25,1.77865,2249.8630830501575
1455,2022-12-26,1.50558,1904.4493636064742
1456,2022-12-27,1.29155,1633.7169566319571
1457,2022-12-28,1.22841,1553.8494419079884
1458,2022-12-29,1.21693,1539.3280755945395
1459,2022-12-30,1.20135,1519.6205070262874
1460,2022-12-31,1.37847,1743.6644444337842
1461,2023-01-01,1.39487,1764.4092534529968
1462,2023-01-02,1.29073,1632.6797161809964
1463,2023-01-03,1.07916,1365.059030559361
1464,2023-01-04,1.0972,1387.878320480495
1465,2023-01-05,1.048,1325.6438934228572
1466,2023-01-06,1.007,1273.7818708748252
1467,2023-01-07,1.28007,1619.1955903185083
1468,2023-01-08,1.51132,1911.7100467631988
1469,2023-01-09,1.09802,1388.9155609314557
1470,2023-01-10,1.08818,1376.468675519928
1471,2023-01-11,1.07752,1362.9845496574399
1472,2023-01-12,0.96846,1225.0315696796756
1473,2023-01-13,0.99962,1264.4467068161796
1474,2023-01-14,1.29073,1632.6797161809964
1475,2023-01-15,1.44326,1825.6190893334663
1476,2023-01-16,1.06194,1343.276981089188
1477,2023-01-17,0.9496,1201.175039307581
1478,2023-01-18,0.9783,1237.4784550912032
1479,2023-01-19,0.90039,1138.927962976151
1480,2023-01-20,0.99798,1262.3722259142585
1481,2023-01-21,1.15132,1456.3361902438967
1482,2023-01-22,1.05456,1333.941817030542
1483,2023-01-23,1.44326,1825.6190893334663
1484,2023-01-24,1.52854,1933.4920962333722
1485,2023-01-25,1.10294,1395.1390036372195
1486,2023-01-26,0.97174,1229.1805314835183
1487,2023-01-27,0.97584,1234.3667337383215
1488,2023-01-28,1.27433,1611.9349071617837
1489,2023-01-29,1.64007,2074.56944683781
1490,2023-01-30,1.18823,1503.0246598109172
1491,2023-01-31,1.13574,1436.6286216756448
1492,2023-02-01,1.05948,1340.1652597363059
1493,2023-02-02,1.01192,1280.0053135805892
1494,2023-02-03,0.96108,1215.6964056210302
1495,2023-02-04,1.30713,1653.424525200209
1496,2023-02-05,1.59906,2022.6947750159864
1497,2023-02-06,1.12344,1421.0700149112351
1498,2023-02-07,1.09802,1388.9155609314557
1499,2023-02-08,1.06932,1352.6121451478336
1500,2023-02-09,1.08326,1370.2452328141642
1501,2023-02-10,1.089,1377.5059159708887
1502,2023-02-11,1.48918,1883.7045545872616
1503,2023-02-12,1.65155,2089.090813151259
1504,2023-02-13,1.27433,1611.9349071617837
1505,2023-02-14,1.15132,1456.3361902438967
1506,2023-02-15,1.0234,1294.5266798940381
1507,2023-02-16,1.04062,1316.3087293642116
1508,2023-02-17,0.99716,1261.334985463298
1509,2023-02-18,1.49328,1888.8907568420648
1510,2023-02-19,1.97792,2501.925161907383
1511,2023-02-20,1.23251,1559.0356441627916
1512,2023-02-21,1.12016,1416.9210531073927
1513,2023-02-22,1.11278,1407.585889048747
1514,2023-02-23,1.00618,1272.744630423865
1515,2023-02-24,1.06358,1345.351461991109
1516,2023-02-25,1.50394,1902.374882704553
1517,2023-02-26,1.70895,2161.6976447185034
1518,2023-02-27,1.27351,1610.8976667108232
1519,2023-02-28,1.15788,1464.6341138515818
1520,2023-03-01,1.66221,2102.574939013747
1521,2023-03-02,1.23661,1564.2218464175946
1522,2023-03-03,1.05702,1337.0535383834242
1523,2023-03-04,1.60234,2026.843736819829
1524,2023-03-05,2.33874,2958.336258877646
1525,2023-03-06,1.42358,1800.7253185104112
1526,2023-03-07,1.28663,1627.4935139261931
1527,2023-03-08,1.37355,1737.4410017280204
1528,2023-03-09,1.17101,1481.2426103407442
1529,2023-03-10,1.23989,1568.370808221437
1530,2023-03-11,1.47688,1868.1459478228521
1531,2023-03-12,1.71551,2169.9955683261887
1532,2023-03-13,1.25219,1583.9294149858467
1533,2023-03-14,1.16034,1467.7458352044637
1534,2023-03-15,1.04636,1323.5694125209357
1535,2023-03-16,1.1013,1393.0645227352982
1536,2023-03-17,1.09802,1388.9155609314557
1537,2023-03-18,1.54494,1954.2369052525846
1538,2023-03-19,2.12307,2685.529371001207
1539,2023-03-20,1.51132,1911.7100467631988
1540,2023-03-21,1.17593,1487.4660530465078
1541,2023-03-22,1.17429,1485.3915721445867
1542,2023-03-23,1.07834,1364.0217901084006
1543,2023-03-24,1.06276,1344.3142215401483
1544,2023-03-25,1.408,1781.017749942159
1545,2023-03-26,1.65565,2094.277015406062
1546,2023-03-27,1.14804,1452.1872284400542
1547,2023-03-28,1.07096,1354.6866260497548
1548,2023-03-29,1.00864,1275.8563517767466
1549,2023-03-30,1.01602,1285.1915158353922
1550,2023-03-31,0.9783,1237.4784550912032
1551,2023-04-01,1.16198,1469.820316106385
1552,2023-04-02,1.42276,1799.6880780594506
1553,2023-04-03,1.03406,1308.0108057565262
1554,2023-04-04,1.0644,1346.3887024420696
1555,2023-04-05,0.9906,1253.0370618556128
1556,2023-04-06,0.92745,1173.1568978578518
1557,2023-04-07,1.0234,1294.5266798940381
1558,2023-04-08,1.26367,1598.4507812992956
1559,2023-04-09,1.47934,1871.2576691757342
1560,2023-04-10,1.12426,1422.107255362196
1561,2023-04-11,0.99142,1254.0743023065734
1562,2023-04-12,1.00372,1269.6329090709828
1563,2023-04-13,1.07096,1354.6866260497548
1564,2023-04-14,1.05374,1332.9045765795813
1565,2023-04-15,1.22841,1553.8494419079884
1566,2023-04-16,1.62284,2052.7747480938447
1567,2023-04-17,1.12016,1416.9210531073927
1568,2023-04-18,1.03652,1311.1225271094083
1569,2023-04-19,0.9988,1263.409466365219
1570,2023-04-20,0.92581,1171.0824169559307
1571,2023-04-21,0.90121,1139.9652034271116
1572,2023-04-22,1.03406,1308.0108057565262
1573,2023-04-23,1.24727,1577.705972280083
1574,2023-04-24,0.94058,1189.765394347014
1575,2023-04-25,0.88235,1116.108673055017
1576,2023-04-26,0.77247,977.1184526262923
1577,2023-04-27,0.75361,953.2619222541978
1578,2023-04-28,0.86267,1091.214902231962
1579,2023-04-29,0.99962,1264.4467068161796
1580,2023-04-30,1.22677,1551.774961006067
1581,2023-05-01,1.15706,1463.5968734006212
1582,2023-05-02,0.88973,1125.4438371136628
1583,2023-05-03,0.89793,1135.8162416232692
1584,2023-05-04,0.92335,1167.9706956030486
1585,2023-05-05,1.14722,1451.1499879890935
1586,2023-05-06,1.09474,1384.766599127613
1587,2023-05-07,1.1136,1408.6231294997076
1588,2023-05-08,0.96108,1215.6964056210302
1589,2023-05-09,0.85939,1087.0659404281193
1590,2023-05-10,0.83233,1052.8370055464186
1591,2023-05-11,0.79953,1011.3473875079932
1592,2023-05-12,0.78313,990.6025784887805
1593,2023-05-13,0.99634,1260.2977450123371
1594,2023-05-14,1.18823,1503.0246598109172
1595,2023-05-15,0.9865,1247.8508596008096
1596,2023-05-16,0.90613,1146.1886461328754
1597,2023-05-17,0.85857,1086.0286999771588
1598,2023-05-18,0.78395,991.6398189397413
1599,2023-05-19,0.86677,1096.4011044867652
1600,2023-05-20,1.01192,1280.0053135805892
1601,2023-05-21,1.34239,1698.0258645915162
1602,2023-05-22,1.02094,1291.4149585411562
1603,2023-05-23,0.90203,1141.0024438780722
1604,2023-05-24,0.87825,1110.922470800214
1605,2023-05-25,0.77657,982.3046548810955
1606,2023-05-26,0.74951,948.0757199993947
1607,2023-05-27,0.88317,1117.1459135059777
1608,2023-05-28,1.01848,1288.3032371882744
1609,2023-05-29,1.03324,1306.9735653055657
1610,2023-05-30,0.92745,1173.1568978578518
1611,2023-05-31,0.79789,1009.272906606072
1612,2023-06-01,0.83397,1054.9114864483397
1613,2023-06-02,0.81511,1031.0549560762452
1614,2023-06-03,0.96928,1226.0688101306364
1615,2023-06-04,1.01848,1288.3032371882744
1616,2023-06-05,0.87743,1109.8852303492533
1617,2023-06-06,0.99388,1257.1860236594553
1618,2023-06-07,0.76099,962.5970863128435
1619,2023-06-08,0.74131,937.7033154897883
1620,2023-06-09,0.73147,925.2564300782607
1621,2023-06-10,0.84463,1068.395612310828
1622,2023-06-11,0.95452,1207.398482013345
1623,2023-06-12,0.75033,949.1129604503553
1624,2023-06-13,0.63306,800.7749266891926
1625,2023-06-14,0.6593,833.9666211199328
1626,2023-06-15,0.6634,839.152823374736
1627,2023-06-16,0.66094,836.0411020218542
1628,2023-06-17,0.72819,921.1074682744182
1629,2023-06-18,1.16198,1469.820316106385
1630,2023-06-19,0.81101,1025.8687538214422
1631,2023-06-20,0.71671,906.5861019609694
1632,2023-06-21,0.71425,903.4743806080875
1633,2023-06-22,0.65356,826.7059379632085
1634,2023-06-23,0.6429,813.2218121007203
1635,2023-06-24,0.76427,966.7460481166861
1636,2023-06-25,0.91843,1161.7472528972849
1637,2023-06-26,0.72655,919.032987372497
1638,2023-06-27,0.72983,923.1819491763395
1639,2023-06-28,0.6593,833.9666211199328
1640,2023-06-29,0.65438,827.743178414169
1641,2023-06-30,0.565,714.6839692594601
1642,2023-07-01,0.76099,962.5970863128435
1643,2023-07-02,0.83561,1056.985967350261
1644,2023-07-03,0.70441,891.0274951965598
1645,2023-07-04,0.65192,824.6314570612873
1646,2023-07-05,0.61092,772.7694345132556
1647,2023-07-06,0.59944,758.2480681998067
1648,2023-07-07,0.57976,733.3542973767516
1649,2023-07-08,0.65602,829.8176593160904
1650,2023-07-09,0.81347,1028.980475174324
1651,2023-07-10,0.61256,774.8439154151769
1652,2023-07-11,0.67324,851.5997087862636
1653,2023-07-12,0.65192,824.6314570612873
1654,2023-07-13,0.5732,725.0563737690666
1655,2023-07-14,0.6593,833.9666211199328
1656,2023-07-15,0.69374,877.5307200602795
1657,2023-07-16,0.72983,923.1819491763395
1658,2023-07-17,0.60026,759.2853086507673
1659,2023-07-18,0.61092,772.7694345132556
1660,2023-07-19,0.57566,728.1680951219483
1661,2023-07-20,0.56008,708.4605265536964
1662,2023-07-21,0.58714,742.6894614353972
1663,2023-07-22,0.71015,898.2881783532843
1664,2023-07-23,0.94468,1194.9515966018173
1665,2023-07-24,0.71917,909.6978233138512
1666,2023-07-25,0.61584,778.9928772190194
1667,2023-07-26,0.54696,691.8646793383263
1668,2023-07-27,0.48628,615.1088859672394
1669,2023-07-28,0.52646,665.9336680643105
1670,2023-07-29,0.56664,716.7584501613815
1671,2023-07-30,0.62896,795.5887244343894
1672,2023-07-31,0.48546,614.0716455162789
1673,2023-08-01,0.58222,736.4660187296333
1674,2023-08-02,0.55024,696.0136411421687
1675,2023-08-03,0.56008,708.4605265536964
1676,2023-08-04,0.70113,886.8785333927174
1677,2023-08-05,0.60682,767.5832322584524
1678,2023-08-06,0.73475,929.4053918821032
1679,2023-08-07,0.57074,721.9446524161846
1680,2023-08-08,0.60518,765.5087513565312
1681,2023-08-09,0.58878,744.7639423373184
1682,2023-08-10,0.56008,708.4605265536964
1683,2023-08-11,0.5732,725.0563737690666
1684,2023-08-12,0.68472,866.1210750997125
1685,2023-08-13,0.82987,1049.7252841935367
1686,2023-08-14,0.68636,868.1955560016337
1687,2023-08-15,0.91105,1152.4120888386392
1688,2023-08-16,0.77903,985.4163762339774
1689,2023-08-17,0.688,870.2700369035549
1690,2023-08-18,0.647,818.4080143555234
1691,2023-08-19,0.77657,982.3046548810955
1692,2023-08-20,0.87907,1111.9597112511747
1693,2023-08-21,0.70769,895.1764570004025
1694,2023-08-22,0.71097,899.3254188042449
1695,2023-08-23,0.64864,820.4824952574446
1696,2023-08-24,0.71671,906.5861019609694
1697,2023-08-25,0.67898,858.8603919429881
1698,2023-08-26,0.80773,1021.7197920175995
1699,2023-08-27,1.61136,2038.2533817803958
1700,2023-08-28,1.33993,1694.9141432386346
1701,2023-08-29,1.07916,1365.059030559361
1702,2023-08-30,1.01356,1282.0797944825106
1703,2023-08-31,0.83889,1061.1349291541037
1704,2023-09-01,0.82331,1041.4273605858516
1705,2023-09-02,0.98814,1249.925340502731
1706,2023-09-03,1.0849,1372.3197137160855
1707,2023-09-04,0.91515,1157.5982910934424
1708,2023-09-05,0.79625,1007.1984257041507
1709,2023-09-06,0.85529,1081.8797381733161
1710,2023-09-07,0.79871,1010.3101470570326
1711,2023-09-08,0.88645,1121.2948753098203
1712,2023-09-09,1.1095,1403.4369272449044
1713,2023-09-10,1.32271,1673.1320937684611
1714,2023-09-11,0.99798,1262.3722259142585
1715,2023-09-12,0.82905,1048.688043742576
1716,2023-09-13,0.74705,944.9639986465128
1717,2023-09-14,0.77657,982.3046548810955
1718,2023-09-15,0.76591,968.8205290186073
1719,2023-09-16,1.02504,1296.6011607959592
1720,2023-09-17,1.24481,1574.594250927201
1721,2023-09-18,1.09228,1381.6548777747312
1722,2023-09-19,0.87907,1111.9597112511747
1723,2023-09-20,0.97256,1230.2177719344788
1724,2023-09-21,1.00946,1276.8935922277074
1725,2023-09-22,0.91433,1156.5610506424816
1726,2023-09-23,1.08408,1371.2824732651247
1727,2023-09-24,1.38585,1752.9996084924298
1728,2023-09-25,1.0398,1315.2714889132508
1729,2023-09-26,0.86513,1094.3266235848437
1730,2023-09-27,0.77493,980.2301739791743
1731,2023-09-28,0.84217,1065.2838909579461
1732,2023-09-29,0.80035,1012.3846279589538
1733,2023-09-30,1.17839,1490.57777439939
1734,2023-10-01,1.29319,1635.7914375338785
1735,2023-10-02,1.27433,1611.9349071617837
1736,2023-10-03,1.5105,1910.6728063122382
1737,2023-10-04,1.09884,1389.9528013824163
1738,2023-10-05,1.13902,1440.7775834794872
1739,2023-10-06,1.22103,1544.5142778493428
1740,2023-10-07,1.33583,1689.7279409838313
1741,2023-10-08,1.71387,2167.921087424267
1742,2023-10-09,1.76635,2234.3044762857476
1743,2023-10-10,1.21037,1531.0301519868544
1744,2023-10-11,1.14066,1442.8520643814086
1745,2023-10-12,1.04964,1327.718374324778
1746,2023-10-13,0.92827,1174.1941383088126
1747,2023-10-14,1.22431,1548.6632396531852
1748,2023-10-15,1.70321,2154.436961561779
1749,2023-10-16,1.26531,1600.5252622012167
1750,2023-10-17,1.1218,1418.9955340093138
1751,2023-10-18,1.28663,1627.4935139261931
1752,2023-10-19,1.21857,1541.4025564964606
1753,2023-10-20,1.18085,1493.6894957522716
1754,2023-10-21,1.43178,1811.0977230200176
1755,2023-10-22,1.63022,2062.1099121524903
1756,2023-10-23,1.38585,1752.9996084924298
1757,2023-10-24,1.14066,1442.8520643814086
1758,2023-10-25,1.11114,1405.5114081468257
1759,2023-10-26,1.06276,1344.3142215401483
1760,2023-10-27,1.02832,1300.7501225998017
1761,2023-10-28,1.19069,1506.1363811637993
1762,2023-10-29,1.48344,1876.4438714305375
1763,2023-10-30,1.14722,1451.1499879890935
1764,2023-10-31,1.0562,1336.0162979324634
1765,2023-11-01,1.02504,1296.6011607959592
1766,2023-11-02,0.90285,1142.039684329033
1767,2023-11-03,0.91433,1156.5610506424816
1768,2023-11-04,1.21529,1537.2535946926182
1769,2023-11-05,1.4244,1801.762558961372
1770,2023-11-06,1.23743,1565.2590868685554
1771,2023-11-07,1.34567,1702.1748263953587
1772,2023-11-08,1.5187,1921.0452108218444
1773,2023-11-09,1.36945,1732.2547994732172
1774,2023-11-10,1.28417,1624.3817925733115
1775,2023-11-11,1.73191,2190.740377345401
1776,2023-11-12,2.09764,2653.3622677476355
1777,2023-11-13,1.82703,2311.0602696568344
1778,2023-11-14,1.50558,1904.4493636064742
1779,2023-11-15,1.84671,2335.95404047989
1780,2023-11-16,2.02302,2558.9733867102177
1781,2023-11-17,1.64909,2085.9790917983773
1782,2023-11-18,2.01072,2543.4147799458083
1783,2023-11-19,2.13865,2705.2369395694595
1784,2023-11-20,1.61464,2042.4023435842387
1785,2023-11-21,1.40554,1777.9060285892772
1786,2023-11-22,1.39323,1762.3347725510755
1787,2023-11-23,1.25793,1591.190098142571
1788,2023-11-24,1.42522,1802.7997994123323
1789,2023-11-25,1.5884,2009.2106491534983
1790,2023-11-26,2.00908,2541.340299043887
1791,2023-11-27,1.57282,1989.5030805852464
1792,2023-11-28,1.51296,1913.78452766512
1793,2023-11-29,1.32107,1671.0576128665398
1794,2023-11-30,1.28335,1623.3445521223507
1795,2023-12-01,1.19725,1514.4343047714842
1796,2023-12-02,1.39897,1769.5954557078
1797,2023-12-03,1.66795,2109.8356221704717
1798,2023-12-04,1.28499,1625.419033024272
1799,2023-12-05,1.17183,1482.2798507917046
1800,2023-12-06,1.06112,1342.2397406382272
1801,2023-12-07,1.16444,1472.9320374592667
1802,2023-12-08,1.0111,1278.9680731296287
1803,2023-12-09,1.24891,1579.780453182004
1804,2023-12-10,1.63268,2065.221633505372
1805,2023-12-11,1.22431,1548.6632396531852
1806,2023-12-12,1.0931,1382.6921182256917
1807,2023-12-13,1.089,1377.5059159708887
1808,2023-12-14,0.91679,1159.6727719953637
1809,2023-12-15,0.93073,1177.3058596616943
1810,2023-12-16,1.15132,1456.3361902438967
1811,2023-12-17,1.53592,1942.8272602920176
1812,2023-12-18,1.13574,1436.6286216756448
1813,2023-12-19,1.05128,1329.7928552266997
1814,2023-12-20,1.06112,1342.2397406382272
1815,2023-12-21,1.12098,1417.9582935583535
1816,2023-12-22,1.17921,1491.6150148503505
1817,2023-12-23,1.28417,1624.3817925733115
1818,2023-12-24,1.30549,1651.350044298288
1819,2023-12-25,1.34813,1705.2865477482408
1820,2023-12-26,1.09392,1383.7293586766525
1821,2023-12-27,0.94386,1193.9143561508567
1822,2023-12-28,0.92089,1164.8589742501667
1823,2023-12-29,0.91597,1158.635531544403
1824,2023-12-30,1.03898,1314.2342484622902
1825,2023-12-31,1.18577,1499.9129384580356
1826,2024-01-01,0.97092,1228.1432910325577
1827,2024-01-02,0.89383,1130.630039368466
1828,2024-01-03,0.89465,1131.6672798194265
1829,2024-01-04,0.80117,1013.4218684099145
1830,2024-01-05,0.79871,1010.3101470570326
1831,2024-01-06,0.98404,1244.7391382479277
1832,2024-01-07,1.17019,1480.2053698897835
1833,2024-01-08,0.79297,1003.0494639003081
1834,2024-01-09,0.83069,1050.7625246444973
1835,2024-01-10,0.76181,963.6343267638041
1836,2024-01-11,0.78231,989.5653380378199
1837,2024-01-12,0.77821,984.3791357830167
1838,2024-01-13,1.00864,1275.8563517767466
1839,2024-01-14,1.14886,1453.2244688910148
1840,2024-01-15,0.87415,1105.7362685454107
1841,2024-01-16,0.78231,989.5653380378199
1842,2024-01-17,0.80035,1012.3846279589538
1843,2024-01-18,0.76427,966.7460481166861
1844,2024-01-19,0.76509,967.7832885676468
1845,2024-01-20,1.04472,1321.4949316190146
1846,2024-01-21,1.22431,1548.6632396531852
1847,2024-01-22,0.9537,1206.3612415623843
1848,2024-01-23,0.85611,1082.916978624277
1849,2024-01-24,0.80855,1022.7570324685602
1850,2024-01-25,0.78231,989.5653380378199
1851,2024-01-26,0.73885,934.5915941369065
1852,2024-01-27,1.08408,1371.2824732651247
1853,2024-01-28,1.32025,1670.0203724155792
1854,2024-01-29,0.94222,1191.8398752489354
1855,2024-01-30,0.87415,1105.7362685454107
1856,2024-01-31,0.83971,1062.1721696050643
1857,2024-02-01,0.78395,991.6398189397413
1858,2024-02-02,0.80281,1015.4963493118358
1859,2024-02-03,1.09146,1380.6176373237706
1860,2024-02-04,1.16198,1469.820316106385
1861,2024-02-05,0.94632,1197.0260775037386
1862,2024-02-06,0.84791,1072.5445741146707
1863,2024-02-07,0.78149,988.5280975868593
1864,2024-02-08,0.76837,971.9322503714892
1865,2024-02-09,0.88235,1116.108673055017
1866,2024-02-10,0.94304,1192.8771156998962
1867,2024-02-11,1.29893,1643.0521206906026
1868,2024-02-12,1.40226,1773.7570667854347
1869,2024-02-13,1.23005,1555.9239228099098
1870,2024-02-14,1.04718,1324.6066529718964
1871,2024-02-15,0.94878,1200.1377988566205
1872,2024-02-16,0.88891,1124.4065966627022
1873,2024-02-17,1.21693,1539.3280755945395
1874,2024-02-18,1.62038,2049.663026740963
1875,2024-02-19,1.14148,1443.8893048323691
1876,2024-02-20,1.02914,1301.7873630507625
1877,2024-02-21,0.94304,1192.8771156998962
1878,2024-02-22,0.95452,1207.398482013345
1879,2024-02-23,0.85037,1075.6562954675524
1880,2024-02-24,1.23333,1560.0728846137522
1881,2024-02-25,1.34649,1703.2120668463194
1882,2024-02-26,1.00618,1272.744630423865
1883,2024-02-27,1.01684,1286.228756286353
1884,2024-02-28,0.93812,1186.6536729941322
1885,2024-02-29,0.89793,1135.8162416232692
1886,2024-03-01,1.18085,1493.6894957522716
1887,2024-03-02,1.33501,1688.6907005328706
1888,2024-03-03,1.47032,1859.8480242151672
1889,2024-03-04,0.96108,1215.6964056210302
1890,2024-03-05,0.96682,1222.9570887777545
1891,2024-03-06,0.90941,1150.337607936718
1892,2024-03-07,0.9578,1211.5474438171875
1893,2024-03-08,0.92171,1165.8962147011275
1894,2024-03-09,1.22513,1549.700480104146
1895,2024-03-10,1.46458,1852.5873410584427
1896,2024-03-11,1.06522,1347.4259428930304
1897,2024-03-12,0.95452,1207.398482013345
1898,2024-03-13,0.96518,1220.8826078758332
1899,2024-03-14,0.96928,1226.0688101306364
1900,2024-03-15,1.00536,1271.7073899729041
1901,2024-03-16,1.28089,1620.232830769469
1902,2024-03-17,1.69747,2147.1762784050547
1903,2024-03-18,1.38175,1747.8134062376266
1904,2024-03-19,0.98896,1250.9625809536915
1905,2024-03-20,0.99716,1261.334985463298
1906,2024-03-21,0.90367,1143.0769247799935
1907,2024-03-22,0.95124,1203.2495202095024
1908,2024-03-23,1.24727,1577.705972280083
1909,2024-03-24,1.35551,1714.6217118068864
1910,2024-03-25,1.0439,1320.457691168054
1911,2024-03-26,0.93812,1186.6536729941322
1912,2024-03-27,0.85447,1080.8424977223556
1913,2024-03-28,0.79297,1003.0494639003081
1914,2024-03-29,0.82085,1038.3156392329697
1915,2024-03-30,1.15296,1458.410671145818
1916,2024-03-31,1.27597,1614.009388063705
1917,2024-04-01,0.99962,1264.4467068161796
1918,2024-04-02,0.93566,1183.5419516412505
1919,2024-04-03,0.96026,1214.6591651700694
1920,2024-04-04,0.88153,1115.0714326040566
1921,2024-04-05,0.82495,1043.5018414877727
1922,2024-04-06,1.02586,1297.63840124692
1923,2024-04-07,1.13902,1440.7775834794872
1924,2024-04-08,1.007,1273.7818708748252
1925,2024-04-09,0.80609,1019.6453111156783
1926,2024-04-10,1.0685,1351.5749046968729
1927,2024-04-11,0.87251,1103.6617876434896
1928,2024-04-12,0.88563,1120.2576348588598
1929,2024-04-13,1.16034,1467.7458352044637
1930,2024-04-14,1.20709,1526.881190183012
1931,2024-04-15,0.82331,1041.4273605858516
1932,2024-04-16,0.80281,1015.4963493118358
1933,2024-04-17,0.82413,1042.4646010368122
1934,2024-04-18,0.79789,1009.272906606072
1935,2024-04-19,0.75935,960.5226054109222
1936,2024-04-20,0.98486,1245.7763786988883
1937,2024-04-21,1.27433,1611.9349071617837
1938,2024-04-22,1.0521,1330.8300956776602
1939,2024-04-23,0.77411,979.1929335282135
1940,2024-04-24,0.72081,911.7723042157725
1941,2024-04-25,0.67324,851.5997087862636
1942,2024-04-26,0.67734,856.7859110410668
1943,2024-04-27,0.87743,1109.8852303492533
1944,2024-04-28,0.97174,1229.1805314835183
1945,2024-04-29,0.81511,1031.0549560762452
1946,2024-04-30,0.69128,874.4189987073976
1947,2024-05-01,0.87169,1102.6245471925288
1948,2024-05-02,0.68062,860.9348728449094
1949,2024-05-03,0.73393,928.3681514311426
1950,2024-05-04,0.84135,1064.2466505069856
1951,2024-05-05,0.94222,1191.8398752489354
1952,2024-05-06,0.94468,1194.9515966018173
1953,2024-05-07,0.67652,855.7486705901061
1954,2024-05-08,0.647,818.4080143555234
1955,2024-05-09,0.6757,854.7114301391455
1956,2024-05-10,0.68882,871.3072773545157
1957,2024-05-11,0.76591,968.8205290186073
1958,2024-05-12,0.94386,1193.9143561508567
1959,2024-05-13,0.64126,811.1473311987991
1960,2024-05-14,0.79215,1002.0122234493475
1961,2024-05-15,0.92007,1163.8217337992062
1962,2024-05-16,0.6921,875.4562391583582
1963,2024-05-17,0.74459,941.8522772936308
1964,2024-05-18,0.88153,1115.0714326040566
1965,2024-05-19,0.82741,1046.6135628406546
1966,2024-05-20,0.68636,868.1955560016337
1967,2024-05-21,0.74541,942.8895177445916
1968,2024-05-22,0.6757,854.7114301391455
1969,2024-05-23,0.6716,849.5252278843424
1970,2024-05-24,0.63716,805.9611289439957
1971,2024-05-25,0.76919,972.9694908224499
1972,2024-05-26,1.02422,1295.5639203449987
1973,2024-05-27,0.71425,903.4743806080875
1974,2024-05-28,0.64618,817.3707739045627
1975,2024-05-29,0.61338,775.8811558661375
1976,2024-05-30,0.61174,773.8066749642161
1977,2024-05-31,0.55106,697.0508815931294
1978,2024-06-01,0.74623,943.9267581955521
1979,2024-06-02,0.79789,1009.272906606072
1980,2024-06-03,0.64946,821.5197357084054
1981,2024-06-04,0.58632,741.6522209844366
1982,2024-06-05,0.61174,773.8066749642161
1983,2024-06-06,0.72655,919.032987372497
1984,2024-06-07,0.61174,773.8066749642161
1985,2024-06-08,0.76919,972.9694908224499
1986,2024-06-09,0.77493,980.2301739791743
1987,2024-06-10,0.58468,739.5777400825153
1988,2024-06-11,0.6265,792.4770030815075
1989,2024-06-12,0.63716,805.9611289439957
1990,2024-06-13,0.63552,803.8866480420745
1991,2024-06-14,0.57812,731.2798164748302
1992,2024-06-15,0.72737,920.0702278234576
1993,2024-06-16,0.76837,971.9322503714892
1994,2024-06-17,0.60928,770.6949536113343
1995,2024-06-18,0.7003,885.8286436679646
1996,2024-06-19,0.5773,730.2425760238697
1997,2024-06-20,0.64618,817.3707739045627
1998,2024-06-21,0.524,662.8219467114286
1999,2024-06-22,0.65028,822.5569761593658
2000,2024-06-23,0.87661,1108.8479898982928
2001,2024-06-24,0.68308,864.0465941977913
2002,2024-06-25,0.60026,759.2853086507673
2003,2024-06-26,0.54532,689.790198436405
2004,2024-06-27,0.51744,654.5240231037435
2005,2024-06-28,0.5117,647.2633399470191
2006,2024-06-29,0.56172,710.5350074556176
2007,2024-06-30,0.65848,832.9293806689722
2008,2024-07-01,0.5527,699.1253624950506
2009,2024-07-02,0.5035,636.8909354374126
2010,2024-07-03,0.48546,614.0716455162789
2011,2024-07-04,0.52072,658.6729849075859
2012,2024-07-05,0.4871,616.1461264182001
2013,2024-07-06,0.57976,733.3542973767516
2014,2024-07-07,0.69292,876.4934796093188
2015,2024-07-08,0.5568,704.3115647498538
2016,2024-07-09,0.5568,704.3115647498538
2017,2024-07-10,0.47316,598.5130387518693
2018,2024-07-11,0.50186,634.8164545354914
2019,2024-07-12,0.4994,631.7047331826095
2020,2024-07-13,0.56008,708.4605265536964
2021,2024-07-14,0.72409,915.921266019615
2022,2024-07-15,0.56992,720.9074119652239
2023,2024-07-16,0.48218,609.9226837124363
2024,2024-07-17,0.47234,597.4757983009087
2025,2024-07-18,0.45511,575.6810995569432
2026,2024-07-19,0.43707,552.8618096358093
2027,2024-07-20,0.60518,765.5087513565312
2028,2024-07-21,0.6757,854.7114301391455
2029,2024-07-22,0.54204,685.6412366325624
2030,2024-07-23,0.52564,664.8964276133498
2031,2024-07-24,0.45265,572.5693782040613
2032,2024-07-25,0.44691,565.3086950473369
2033,2024-07-26,0.41247,521.7445961069903
2034,2024-07-27,0.46249,585.0162636155889
2035,2024-07-28,0.70933,897.2509379023237
2036,2024-07-29,0.49612,627.5557713787671
2037,2024-07-30,0.46824,592.2895960461055
2038,2024-07-31,0.44937,568.4204164002188
2039,2024-08-01,0.44445,562.196973694455
2040,2024-08-02,0.41821,529.0052792637148
2041,2024-08-03,0.5158,652.4495422018223
2042,2024-08-04,0.63716,805.9611289439957
2043,2024-08-05,0.42641,539.3776837733211
2044,2024-08-06,0.45593,576.7183400079039
2045,2024-08-07,0.46495,588.1279849684707
2046,2024-08-08,0.49612,627.5557713787671
2047,2024-08-09,0.59616,754.0991063959642
2048,2024-08-10,0.69292,876.4934796093188
2049,2024-08-11,0.71425,903.4743806080875
2050,2024-08-12,0.5568,704.3115647498538
2051,2024-08-13,0.51744,654.5240231037435
2052,2024-08-14,0.51744,654.5240231037435
2053,2024-08-15,0.70523,892.0647356475205
2054,2024-08-16,0.63552,803.8866480420745
2055,2024-08-17,0.69292,876.4934796093188
2056,2024-08-18,0.82987,1049.7252841935367
2057,2024-08-19,0.67898,858.8603919429881
2058,2024-08-20,0.59944,758.2480681998067
2059,2024-08-21,0.57074,721.9446524161846
2060,2024-08-22,0.58632,741.6522209844366
2061,2024-08-23,0.53056,671.1198703191136
2062,2024-08-24,0.71179,900.3626592552056
2063,2024-08-25,0.86513,1094.3266235848437
2064,2024-08-26,0.71425,903.4743806080875
2065,2024-08-27,0.63306,800.7749266891926
2066,2024-08-28,0.6921,875.4562391583582
2067,2024-08-29,0.63634,804.9238884930352
2068,2024-08-30,0.6634,839.152823374736
2069,2024-08-31,0.73065,924.2191896273001
2070,2024-09-01,0.90777,1148.2631270347968
2071,2024-09-02,0.65274,825.6686975122478
2072,2024-09-03,0.66422,840.1900638256967
2073,2024-09-04,0.68062,860.9348728449094
2074,2024-09-05,0.64864,820.4824952574446
2075,2024-09-06,0.6511,823.5942166103266
2076,2024-09-07,0.83725,1059.0604482521824
2077,2024-09-08,0.96928,1226.0688101306364
2078,2024-09-09,0.6921,875.4562391583582
2079,2024-09-10,0.64454,815.2962930026415
2080,2024-09-11,0.6429,813.2218121007203
2081,2024-09-12,0.60928,770.6949536113343
2082,2024-09-13,0.6142,776.9183963170981
2083,2024-09-14,0.81839,1035.2039178800876
2084,2024-09-15,0.85529,1081.8797381733161
2085,2024-09-16,0.78231,989.5653380378199
2086,2024-09-17,0.75033,949.1129604503553
2087,2024-09-18,1.03816,1313.1970080113294
2088,2024-09-19,0.80527,1018.6080706647177
2089,2024-09-20,0.85939,1087.0659404281193
2090,2024-09-21,1.04554,1322.532172069975
2091,2024-09-22,1.18413,1497.8384575561142
2092,2024-09-23,0.93566,1183.5419516412505
2093,2024-09-24,0.96682,1222.9570887777545
2094,2024-09-25,0.76837,971.9322503714892
2095,2024-09-26,0.74213,938.7405559407489
2096,2024-09-27,0.74705,944.9639986465128
2097,2024-09-28,1.09802,1388.9155609314557
2098,2024-09-29,1.41292,1787.2411926479228
2099,2024-09-30,0.97748,1236.4412146402426
