,date,타미힐피거,타미힐피거_absolute
0,2019-01-01,11.2998,9741.012838414186
1,2019-01-02,8.249,7111.065231603978
2,2019-01-03,7.93106,6836.984484878778
3,2019-01-04,7.6232,6571.5932202162
4,2019-01-05,8.1897,7059.94556034272
5,2019-01-06,8.98332,7744.087103451648
6,2019-01-07,9.29748,8014.909294403364
7,2019-01-08,8.78901,7576.581819762355
8,2019-01-09,8.91392,7684.260709091928
9,2019-01-10,8.4862,7315.543916649009
10,2019-01-11,8.13167,7009.920694857208
11,2019-01-12,8.87229,7648.373492994017
12,2019-01-13,10.26647,8850.22886026249
13,2019-01-14,9.32902,8042.098407920734
14,2019-01-15,8.86093,7638.580584637729
15,2019-01-16,8.75369,7546.134150471502
16,2019-01-17,8.29316,7149.133438735464
17,2019-01-18,8.36508,7211.132203610838
18,2019-01-19,8.99593,7754.957576547844
19,2019-01-20,10.63993,9172.170722475465
20,2019-01-21,9.3858,8091.045708666336
21,2019-01-22,9.28486,8004.030200789248
22,2019-01-23,8.95303,7717.975554674185
23,2019-01-24,10.09614,8703.395578543603
24,2019-01-25,9.27098,7992.064921917304
25,2019-01-26,9.12463,7865.90364216882
26,2019-01-27,11.11812,9584.395268856928
27,2019-01-28,11.31746,9756.236673059613
28,2019-01-29,9.49178,8182.405957574736
29,2019-01-30,9.02495,7779.974319549559
30,2019-01-31,8.23639,7100.1947585077805
31,2019-02-01,8.18087,7052.333643020006
32,2019-02-02,9.40346,8106.269543311764
33,2019-02-03,10.0709,8681.637391315371
34,2019-02-04,9.59398,8270.507650709653
35,2019-02-05,10.79386,9304.866354806752
36,2019-02-06,12.77473,11012.478887880747
37,2019-02-07,12.64604,10901.541442777689
38,2019-02-08,12.0379,10377.29326603534
39,2019-02-09,13.4939,11632.440675080725
40,2019-02-10,14.29382,12322.013144478793
41,2019-02-11,12.89207,11113.632045145434
42,2019-02-12,11.53195,9941.138161909987
43,2019-02-13,11.40578,9832.373087322585
44,2019-02-14,10.74718,9264.62577715961
45,2019-02-15,9.90562,8539.157471145714
46,2019-02-16,10.85316,9355.98602606801
47,2019-02-17,12.7495,10990.729321170433
48,2019-02-18,10.98816,9472.363017978127
49,2019-02-19,10.92003,9413.631429394154
50,2019-02-20,9.72898,8386.884642619767
51,2019-02-21,9.85894,8498.916893498572
52,2019-02-22,9.84632,8488.037799884456
53,2019-02-23,11.05629,9531.094606562097
54,2019-02-24,13.07628,11272.430605736266
55,2019-02-25,11.76915,10145.616846955018
56,2019-02-26,12.10603,10436.02485461931
57,2019-02-27,11.52312,9933.526244587274
58,2019-02-28,11.05755,9532.180791819925
59,2019-03-01,14.26859,12300.263577768479
60,2019-03-02,12.80753,11040.754186655944
61,2019-03-03,15.33725,13221.503845728948
62,2019-03-04,11.16858,9627.894402277554
63,2019-03-05,10.26773,8851.315045520318
64,2019-03-06,9.92833,8558.73466734037
65,2019-03-07,10.15165,8751.248073513458
66,2019-03-08,10.19707,8790.402465902773
67,2019-03-09,12.50473,10779.724904060517
68,2019-03-10,15.07103,12992.008417682202
69,2019-03-11,11.45625,9875.88084126113
70,2019-03-12,13.46993,11611.77729362824
71,2019-03-13,11.12695,9592.007186179644
72,2019-03-14,10.57558,9116.697689664976
73,2019-03-15,10.07216,8682.723576573198
74,2019-03-16,12.37225,10665.520282666057
75,2019-03-17,14.51209,12510.17318910265
76,2019-03-18,13.20497,11383.36805083932
77,2019-03-19,13.38413,11537.813249880925
78,2019-03-20,13.05609,11255.025780057264
79,2019-03-21,11.37046,9801.925418031731
80,2019-03-22,10.56928,9111.266763375837
81,2019-03-23,12.4101,10698.148942990485
82,2019-03-24,15.31328,13200.840464276464
83,2019-03-25,12.90216,11122.330147725976
84,2019-03-26,13.16964,11352.91176103055
85,2019-03-27,11.92308,10278.312479286307
86,2019-03-28,10.82666,9333.141653581952
87,2019-03-29,10.18193,8777.351001773
88,2019-03-30,12.3672,10661.166921116826
89,2019-03-31,14.55752,12549.336202009883
90,2019-04-01,13.27689,11445.366815714695
91,2019-04-02,12.35332,10649.201642244883
92,2019-04-03,11.06891,9541.973700176213
93,2019-04-04,10.56297,9105.82721656878
94,2019-04-05,13.61881,11740.119564410299
95,2019-04-06,16.23432,13994.824646712703
96,2019-04-07,17.16167,14794.248375955998
97,2019-04-08,14.00363,12071.85433497956
98,2019-04-09,14.28246,12312.220236122505
99,2019-04-10,11.17615,9634.42013434244
100,2019-04-11,11.42976,9853.04508929299
101,2019-04-12,10.47591,9030.776987563635
102,2019-04-13,11.37803,9808.451150096618
103,2019-04-14,13.33493,11495.400301718126
104,2019-04-15,11.66822,10058.60995959585
105,2019-04-16,12.9274,11144.088334954207
106,2019-04-17,11.85747,10221.753261217991
107,2019-04-18,13.1217,11311.58499812558
108,2019-04-19,10.56297,9105.82721656878
109,2019-04-20,12.55519,10823.22403748114
110,2019-04-21,15.10888,13024.63707800663
111,2019-04-22,15.62744,13471.66265522818
112,2019-04-23,15.78263,13605.444472817295
113,2019-04-24,12.61323,10873.257523484572
114,2019-04-25,13.57086,11698.78418098741
115,2019-04-26,12.30538,10607.874879339914
116,2019-04-27,13.85222,11941.331073163929
117,2019-04-28,15.03318,12959.379757357774
118,2019-04-29,13.29329,11459.504465102296
119,2019-04-30,11.42723,9850.864098259415
120,2019-05-01,13.53554,11668.336511696556
121,2019-05-02,12.00762,10351.190337775795
122,2019-05-03,10.79512,9305.952540064582
123,2019-05-04,12.37099,10664.43409740823
124,2019-05-05,14.09069,12146.904563984706
125,2019-05-06,16.21665,13979.592191549356
126,2019-05-07,13.78535,11883.685669837783
127,2019-05-08,11.93191,10285.92439660902
128,2019-05-09,10.85442,9357.072211325838
129,2019-05-10,10.35731,8928.537645041119
130,2019-05-11,11.35658,9789.960139159788
131,2019-05-12,14.39476,12409.02865235588
132,2019-05-13,14.71018,12680.937028565424
133,2019-05-14,17.20204,14829.049406796083
134,2019-05-15,15.09248,13010.499428619032
135,2019-05-16,16.64059,14345.050428218792
136,2019-05-17,17.38247,14984.589411613431
137,2019-05-18,16.9434,14606.088331332141
138,2019-05-19,16.10058,13879.533840060416
139,2019-05-20,14.55499,12547.155210976309
140,2019-05-21,12.21958,10533.910835592596
141,2019-05-22,11.27709,9721.435642219529
142,2019-05-23,10.51755,9066.672824179464
143,2019-05-24,9.85263,8493.477346691512
144,2019-05-25,11.21274,9665.962609409042
145,2019-05-26,13.27689,11445.366815714695
146,2019-05-27,11.28971,9732.314735833645
147,2019-05-28,9.84506,8486.951614626627
148,2019-05-29,9.20159,7932.247148075504
149,2019-05-30,8.50387,7330.776371812353
150,2019-05-31,7.49198,6458.474784079569
151,2019-06-01,8.87481,7650.545863509673
152,2019-06-02,10.54656,9091.68094666326
153,2019-06-03,9.65706,8324.885877744393
154,2019-06-04,8.97827,7739.733741902417
155,2019-06-05,8.30578,7160.0125323495795
156,2019-06-06,9.0136,7770.19003171119
157,2019-06-07,8.55307,7373.189319975152
158,2019-06-08,8.43952,7275.303339001866
159,2019-06-09,10.21474,8805.63492106612
160,2019-06-10,9.49304,8183.492142832564
161,2019-06-11,9.26089,7983.366819336762
162,2019-06-12,8.52153,7346.000206457781
163,2019-06-13,9.04009,7793.02578367933
164,2019-06-14,7.85283,6769.546173196346
165,2019-06-15,8.64139,7449.325734238124
166,2019-06-16,9.67473,8340.11833290774
167,2019-06-17,9.27351,7994.245912950879
168,2019-06-18,9.91067,8543.510832694943
169,2019-06-19,10.20843,8800.19537425906
170,2019-06-20,8.48368,7313.371546133352
171,2019-06-21,8.38148,7225.269852998436
172,2019-06-22,9.10444,7848.498816489819
173,2019-06-23,9.75548,8409.729015105828
174,2019-06-24,9.20916,7938.772880140391
175,2019-06-25,11.3856,9814.976882161503
176,2019-06-26,9.34921,8059.503233599735
177,2019-06-27,8.12662,7005.5673333079785
178,2019-06-28,8.21872,7084.962303344434
179,2019-06-29,8.28307,7140.435336154923
180,2019-06-30,9.37192,8079.080429794392
181,2019-07-01,8.62247,7433.01571433487
182,2019-07-02,8.61742,7428.662352785639
183,2019-07-03,8.29947,7154.572985542521
184,2019-07-04,8.19223,7062.126551376295
185,2019-07-05,7.83517,6754.322338550919
186,2019-07-06,8.49882,7326.4230102631245
187,2019-07-07,9.76431,8417.34093242854
188,2019-07-08,8.81299,7597.253821732759
189,2019-07-09,8.8521,7630.968667315015
190,2019-07-10,11.27961,9723.608012735183
191,2019-07-11,8.9707,7733.208009837532
192,2019-07-12,7.50965,6473.7072392429145
193,2019-07-13,8.06227,6950.09430049749
194,2019-07-14,9.43879,8136.725833120536
195,2019-07-15,8.50261,7329.690186554527
196,2019-07-16,8.34489,7193.727377931835
197,2019-07-17,8.13545,7013.179250630692
198,2019-07-18,8.24017,7103.453314281264
199,2019-07-19,7.45666,6428.027114788715
200,2019-07-20,7.95755,6859.820236846918
201,2019-07-21,8.7234,7520.02260169404
202,2019-07-22,8.31461,7167.624449672293
203,2019-07-23,8.03325,6925.077557495775
204,2019-07-24,8.26919,7128.470057282979
205,2019-07-25,7.8604,6776.071905261232
206,2019-07-26,7.55128,6509.594455340827
207,2019-07-27,7.98152,6880.483618299403
208,2019-07-28,9.69365,8356.428352810994
209,2019-07-29,8.82308,7605.9519243133
210,2019-07-30,8.32092,7173.06399647935
211,2019-07-31,8.90383,7675.5626065113875
212,2019-08-01,8.16195,7036.02362311675
213,2019-08-02,7.98405,6882.664609332977
214,2019-08-03,8.24017,7103.453314281264
215,2019-08-04,9.38327,8088.864717632761
216,2019-08-05,8.89247,7665.769698155099
217,2019-08-06,8.85715,7635.322028864247
218,2019-08-07,8.60354,7416.697073913697
219,2019-08-08,8.86598,7642.9339461869595
220,2019-08-09,8.1241,7003.394962792323
221,2019-08-10,8.16699,7040.368364148062
222,2019-08-11,9.54351,8226.999896771107
223,2019-08-12,9.31767,8032.314120082365
224,2019-08-13,9.1915,7923.549045494963
225,2019-08-14,8.22251,7088.2294796358365
226,2019-08-15,9.50692,8195.457421704506
227,2019-08-16,8.73728,7531.987880565984
228,2019-08-17,8.87229,7648.373492994017
229,2019-08-18,9.97375,8597.889059729685
230,2019-08-19,9.73529,8392.324189426827
231,2019-08-20,11.1812,9638.77349589167
232,2019-08-21,9.01486,7771.276216969019
233,2019-08-22,9.49683,8186.759319123966
234,2019-08-23,8.75495,7547.220335729328
235,2019-08-24,9.79207,8441.271490172428
236,2019-08-25,11.55971,9965.068719653875
237,2019-08-26,11.46508,9883.492758583843
238,2019-08-27,11.19634,9651.82496002144
239,2019-08-28,10.48979,9042.742266435578
240,2019-08-29,16.04632,13832.758909830469
241,2019-08-30,27.63001,23818.499631454746
242,2019-08-31,17.30424,14917.151099930998
243,2019-09-01,18.92427,16313.700864406133
244,2019-09-02,15.6552,13495.593212972068
245,2019-09-03,15.64637,13487.981295649353
246,2019-09-04,13.46741,11609.604923112585
247,2019-09-05,13.13179,11320.283100706121
248,2019-09-06,12.55898,10826.491213772544
249,2019-09-07,14.86285,12812.546475638886
250,2019-09-08,16.33273,14079.659163556216
251,2019-09-09,13.30212,11467.116382425009
252,2019-09-10,11.36919,9800.830612255984
253,2019-09-11,10.30053,8879.590344295517
254,2019-09-12,11.53448,9943.319152943563
255,2019-09-13,11.76915,10145.616846955018
256,2019-09-14,14.97766,12911.51864187
257,2019-09-15,16.67465,14374.411912251819
258,2019-09-16,16.73395,14425.531583513077
259,2019-09-17,13.86232,11950.03779626239
260,2019-09-18,13.42955,11576.967642270238
261,2019-09-19,12.81006,11042.935177689518
262,2019-09-20,12.51103,10785.155830349655
263,2019-09-21,13.74498,11848.8846389977
264,2019-09-22,16.25324,14011.134666615957
265,2019-09-23,15.16313,13071.40338771866
266,2019-09-24,14.27489,12305.694504057617
267,2019-09-25,12.83529,11064.684744399832
268,2019-09-26,14.52093,12517.793726943282
269,2019-09-27,11.39443,9822.588799484216
270,2019-09-28,11.77799,10153.237384795651
271,2019-09-29,13.64783,11765.136307412015
272,2019-09-30,11.7414,10121.69490972905
273,2019-10-01,11.09288,9562.637081628696
274,2019-10-02,11.13452,9598.53291824453
275,2019-10-03,12.51987,10792.776368190287
276,2019-10-04,11.20013,9655.092136312844
277,2019-10-05,11.53322,9942.232967685733
278,2019-10-06,13.31979,11482.348837588353
279,2019-10-07,13.01698,11221.310934475008
280,2019-10-08,12.35963,10654.641189051941
281,2019-10-09,14.47172,12475.372158262566
282,2019-10-10,13.2138,11390.979968162037
283,2019-10-11,11.75401,10132.565382825247
284,2019-10-12,12.3079,10610.047249855568
285,2019-10-13,14.02382,12089.259160658563
286,2019-10-14,13.1217,11311.58499812558
287,2019-10-15,12.55393,10822.137852223314
288,2019-10-16,12.21832,10532.82465033477
289,2019-10-17,12.01266,10355.535078807108
290,2019-10-18,12.22337,10537.178011883998
291,2019-10-19,11.26952,9714.909910154644
292,2019-10-20,13.01319,11218.043758183605
293,2019-10-21,11.74644,10126.039650760362
294,2019-10-22,13.76769,11868.461835192358
295,2019-10-23,10.90236,9398.398974230808
296,2019-10-24,10.23366,8821.944940969373
297,2019-10-25,9.60786,8282.472929581596
298,2019-10-26,10.82288,9329.883097808468
299,2019-10-27,13.40432,11555.218075559926
300,2019-10-28,14.57139,12561.292860363907
301,2019-10-29,12.10224,10432.75767832791
302,2019-10-30,11.0462,9522.396503981556
303,2019-10-31,9.88417,8520.666460208882
304,2019-11-01,9.79333,8442.357675430254
305,2019-11-02,11.40452,9831.286902064758
306,2019-11-03,12.84286,11071.210476464717
307,2019-11-04,12.02528,10366.414172421224
308,2019-11-05,10.52133,9069.931379952948
309,2019-11-06,10.35983,8930.710015556775
310,2019-11-07,10.50367,9054.707545307521
311,2019-11-08,9.77062,8422.780479235598
312,2019-11-09,10.51628,9065.578018403718
313,2019-11-10,11.84612,10211.968973379622
314,2019-11-11,10.70806,9230.902311059435
315,2019-11-12,10.79133,9302.685363773178
316,2019-11-13,100.0,86205.17919267762
317,2019-11-14,13.01698,11221.310934475008
318,2019-11-15,13.0952,11288.74062563952
319,2019-11-16,10.59072,9129.749153794746
320,2019-11-17,15.46847,13334.62228186558
321,2019-11-18,11.84107,10207.615611830392
322,2019-11-19,10.67147,9199.359835992835
323,2019-11-20,9.85389,8494.563531949341
324,2019-11-21,9.05902,7809.3444241005045
325,2019-11-22,8.51901,7343.827835942126
326,2019-11-23,9.42996,8129.113915797822
327,2019-11-24,10.15922,8757.773805578343
328,2019-11-25,9.90562,8539.157471145714
329,2019-11-26,9.07542,7823.482073488103
330,2019-11-27,9.4615,8156.303029315192
331,2019-11-28,9.11453,7857.196919070359
332,2019-11-29,10.38128,8949.201026493603
333,2019-11-30,10.50619,9056.879915823178
334,2019-12-01,11.91299,10269.614376705766
335,2019-12-02,10.33965,8913.313810395692
336,2019-12-03,9.48673,8178.052596025505
337,2019-12-04,8.64266,7450.420540013871
338,2019-12-05,8.96187,7725.596092514817
339,2019-12-06,7.49198,6458.474784079569
340,2019-12-07,8.10265,6984.903951855494
341,2019-12-08,10.05576,8668.585927185599
342,2019-12-09,8.4862,7315.543916649009
343,2019-12-10,11.53322,9942.232967685733
344,2019-12-11,9.38201,8087.778532374933
345,2019-12-12,8.44331,7278.57051529327
346,2019-12-13,7.75694,6686.884026868488
347,2019-12-14,8.3941,7236.148946612552
348,2019-12-15,9.80216,8449.96959275297
349,2019-12-16,8.83065,7612.477656378187
350,2019-12-17,8.61616,7427.576167527813
351,2019-12-18,8.9871,7747.3456592251305
352,2019-12-19,8.66284,7467.816745174953
353,2019-12-20,7.86545,6780.425266810462
354,2019-12-21,8.81299,7597.253821732759
355,2019-12-22,11.10676,9574.602360500641
356,2019-12-23,9.62174,8294.438208453541
357,2019-12-24,8.31083,7164.365893898809
358,2019-12-25,10.13777,8739.282794641515
359,2019-12-26,9.39463,8098.657625989049
360,2019-12-27,7.92979,6835.88967910303
361,2019-12-28,8.61111,7423.222805978582
362,2019-12-29,9.38706,8092.131893924164
363,2019-12-30,8.20737,7075.178015506064
364,2019-12-31,7.251,6250.737543261054
365,2020-01-01,8.1241,7003.394962792323
366,2020-01-02,8.20863,7076.264200763892
367,2020-01-03,8.02568,6918.551825430889
368,2020-01-04,9.09308,7838.705908133531
369,2020-01-05,9.93842,8567.432769920912
370,2020-01-06,8.87733,7652.7182340253285
371,2020-01-07,8.97827,7739.733741902417
372,2020-01-08,8.51775,7342.741650684297
373,2020-01-09,8.78523,7573.323263988873
374,2020-01-10,8.31714,7169.805440705868
375,2020-01-11,9.05523,7806.077247809102
376,2020-01-12,10.12137,8725.145145253915
377,2020-01-13,11.16732,9626.808217019727
378,2020-01-14,8.93032,7698.398358479528
379,2020-01-15,8.81172,7596.159015957012
380,2020-01-16,8.22503,7090.401850151492
381,2020-01-17,7.73802,6670.574006965233
382,2020-01-18,8.94925,7714.716998900702
383,2020-01-19,10.9011,9397.31278897298
384,2020-01-20,9.3429,8054.063686792678
385,2020-01-21,8.88238,7657.071595574558
386,2020-01-22,8.85715,7635.322028864247
387,2020-01-23,8.38527,7228.537029289839
388,2020-01-24,8.64139,7449.325734238124
389,2020-01-25,9.50692,8195.457421704506
390,2020-01-26,11.77672,10152.142579019903
391,2020-01-27,13.316,11479.081661296952
392,2020-01-28,11.51429,9925.914327264562
393,2020-01-29,10.68409,9210.23892960695
394,2020-01-30,10.07973,8689.249308638084
395,2020-01-31,9.05902,7809.3444241005045
396,2020-02-01,10.3674,8937.23574762166
397,2020-02-02,11.03484,9512.603595625267
398,2020-02-03,10.22862,8817.60019993806
399,2020-02-04,9.90814,8541.329841661369
400,2020-02-05,9.9624,8588.104771891316
401,2020-02-06,9.9031,8536.985100630058
402,2020-02-07,9.63562,8306.403487325482
403,2020-02-08,10.58189,9122.137236472034
404,2020-02-09,12.13126,10457.774421329623
405,2020-02-10,11.36415,9796.485871224675
406,2020-02-11,13.86106,11948.95161100456
407,2020-02-12,12.1729,10493.670257945454
408,2020-02-13,11.69598,10082.540517339736
409,2020-02-14,10.44941,9007.932615077574
410,2020-02-15,11.81331,10183.685054086505
411,2020-02-16,13.23651,11410.557164356693
412,2020-02-17,11.97355,10321.820233224851
413,2020-02-18,11.10045,9569.162813693583
414,2020-02-19,10.13273,8734.938053610203
415,2020-02-20,9.70375,8365.135075909455
416,2020-02-21,9.5801,8258.542371837708
417,2020-02-22,9.76305,8416.254747170713
418,2020-02-23,10.5617,9104.732410793033
419,2020-02-24,10.25259,8838.263581390547
420,2020-02-25,12.04042,10379.465636550995
421,2020-02-26,11.00709,9488.681658399299
422,2020-02-27,10.59451,9133.01633008615
423,2020-02-28,10.45572,9013.372161884632
424,2020-02-29,11.71995,10103.203898792222
425,2020-03-01,13.38287,11536.727064623095
426,2020-03-02,11.48906,9904.164760554248
427,2020-03-03,12.18425,10503.454545783823
428,2020-03-04,11.92308,10278.312479286307
429,2020-03-05,10.99952,9482.155926334413
430,2020-03-06,10.49357,9046.000822209062
431,2020-03-07,11.23924,9688.8069818951
432,2020-03-08,12.66496,10917.851462680945
433,2020-03-09,12.5287,10800.388285513001
434,2020-03-10,18.67571,16099.429271004812
435,2020-03-11,12.46561,10746.00143796034
436,2020-03-12,11.43102,9854.131274550818
437,2020-03-13,11.43985,9861.743191873531
438,2020-03-14,11.54331,9950.931070266275
439,2020-03-15,13.49895,11636.794036629957
440,2020-03-16,11.16985,9628.9892080533
441,2020-03-17,11.28592,9729.047559542243
442,2020-03-18,10.71563,9237.428043124322
443,2020-03-19,10.36488,8935.063377106004
444,2020-03-20,9.98763,8609.854338601628
445,2020-03-21,11.2077,9661.61786837773
446,2020-03-22,13.41315,11562.829992882638
447,2020-03-23,12.30412,10606.788694082084
448,2020-03-24,15.48361,13347.673745995353
449,2020-03-25,12.82015,11051.63328027006
450,2020-03-26,12.09972,10430.585307812253
451,2020-03-27,11.32251,9760.590034608842
452,2020-03-28,11.52691,9936.793420878677
453,2020-03-29,12.92613,11142.99352917846
454,2020-03-30,11.96598,10315.294501159966
455,2020-03-31,10.94148,9432.122440330984
456,2020-04-01,13.48128,11621.561581466609
457,2020-04-02,11.48149,9897.639028489362
458,2020-04-03,11.1484,9610.498197116473
459,2020-04-04,14.55625,12548.241396234136
460,2020-04-05,13.95947,12033.786127848074
461,2020-04-06,12.10729,10437.11103987714
462,2020-04-07,11.78934,10163.021672634019
463,2020-04-08,12.9438,11158.225984341805
464,2020-04-09,12.26374,10571.979042724082
465,2020-04-10,10.73708,9255.91905406115
466,2020-04-11,11.91551,10271.78674722142
467,2020-04-12,13.85979,11947.856805228814
468,2020-04-13,13.43712,11583.493374335123
469,2020-04-14,11.99248,10338.138873646025
470,2020-04-15,13.5103,11646.578324468326
471,2020-04-16,13.50399,11641.138777661266
472,2020-04-17,11.30106,9742.099023672014
473,2020-04-18,11.78682,10160.849302118366
474,2020-04-19,13.73615,11841.272721674988
475,2020-04-20,11.10802,9575.688545758469
476,2020-04-21,12.69903,10947.221567231889
477,2020-04-22,10.3182,8894.822799458861
478,2020-04-23,10.3245,8900.253725748002
479,2020-04-24,9.72898,8386.884642619767
480,2020-04-25,10.53016,9077.543297275663
481,2020-04-26,12.46688,10747.096243736089
482,2020-04-27,10.809,9317.917818936523
483,2020-04-28,11.16858,9627.894402277554
484,2020-04-29,10.78755,9299.426807999695
485,2020-04-30,12.11486,10443.636771942025
486,2020-05-01,12.72048,10965.71257816872
487,2020-05-02,13.01445,11219.129943441432
488,2020-05-03,14.20802,12248.049100731474
489,2020-05-04,13.93676,12014.208931653417
490,2020-05-05,15.64006,13482.541748842295
491,2020-05-06,13.98344,12054.449509300559
492,2020-05-07,12.38991,10680.744117311484
493,2020-05-08,10.95409,9442.99291342718
494,2020-05-09,11.15344,9614.842938147784
495,2020-05-10,11.30485,9745.366199963417
496,2020-05-11,11.14461,9607.23102082507
497,2020-05-12,11.03484,9512.603595625267
498,2020-05-13,10.26142,8845.87549871326
499,2020-05-14,10.13903,8740.368979899342
500,2020-05-15,9.12715,7868.076012684476
501,2020-05-16,9.75169,8406.461838814424
502,2020-05-17,10.9705,9457.139183332698
503,2020-05-18,10.74213,9260.27241561038
504,2020-05-19,11.38433,9813.882076385757
505,2020-05-20,10.37119,8940.502923913062
506,2020-05-21,10.45194,9010.11360611115
507,2020-05-22,10.16301,8761.040981869746
508,2020-05-23,10.7926,9303.780169548925
509,2020-05-24,12.65613,10910.23954535823
510,2020-05-25,10.62227,9156.946887830038
511,2020-05-26,9.72646,8384.71227210411
512,2020-05-27,10.79764,9308.124910580236
513,2020-05-28,9.10065,7845.231640198416
514,2020-05-29,8.1241,7003.394962792323
515,2020-05-30,8.88238,7657.071595574558
516,2020-05-31,9.76557,8418.427117686368
517,2020-06-01,9.07416,7822.395888230275
518,2020-06-02,8.56948,7387.33558988067
519,2020-06-03,8.64896,7455.851466303011
520,2020-06-04,8.65906,7464.558189401471
521,2020-06-05,7.92601,6832.631123329547
522,2020-06-06,9.12589,7866.989827426648
523,2020-06-07,10.13525,8737.110424125858
524,2020-06-08,9.10065,7845.231640198416
525,2020-06-09,9.00476,7762.5694938705565
526,2020-06-10,9.11201,7855.024548554704
527,2020-06-11,8.41303,7252.467587033725
528,2020-06-12,7.97648,6876.138877268091
529,2020-06-13,8.80542,7590.728089667874
530,2020-06-14,9.46529,8159.570205606596
531,2020-06-15,8.41681,7255.726142807209
532,2020-06-16,8.10391,6985.990137113322
533,2020-06-17,7.84778,6765.192811647116
534,2020-06-18,7.4453,6418.234206432427
535,2020-06-19,7.14754,6161.54966486831
536,2020-06-20,7.90582,6815.226297650546
537,2020-06-21,8.79532,7582.021366569414
538,2020-06-22,8.18592,7056.687004569236
539,2020-06-23,7.47432,6443.250949434142
540,2020-06-24,9.24196,7967.048178915589
541,2020-06-25,7.4453,6418.234206432427
542,2020-06-26,7.35446,6339.925421653799
543,2020-06-27,7.63329,6580.291322796741
544,2020-06-28,8.46223,7294.880535196524
545,2020-06-29,7.3267,6315.994863909911
546,2020-06-30,6.65926,5740.627015906303
547,2020-07-01,6.73244,5803.711966039506
548,2020-07-02,6.5558,5651.439137513559
549,2020-07-03,6.31355,5442.607090919299
550,2020-07-04,6.96081,6000.578733761823
551,2020-07-05,8.40546,7245.94185496884
552,2020-07-06,7.69133,6630.324808800172
553,2020-07-07,7.36834,6351.890700525742
554,2020-07-08,7.27119,6268.142368940056
555,2020-07-09,6.60879,5697.1192619677595
556,2020-07-10,5.95144,5130.449516544693
557,2020-07-11,7.01127,6044.077867182448
558,2020-07-12,8.32092,7173.06399647935
559,2020-07-13,7.01506,6047.345043473851
560,2020-07-14,7.21315,6218.108882936625
561,2020-07-15,7.23586,6237.686079131283
562,2020-07-16,6.62015,5706.912170324047
563,2020-07-17,6.31608,5444.788081952873
564,2020-07-18,6.94693,5988.61345488988
565,2020-07-19,8.05596,6944.654753690433
566,2020-07-20,7.05796,6084.327065347509
567,2020-07-21,7.22576,6228.979356032823
568,2020-07-22,6.79426,5857.004007816419
569,2020-07-23,6.68576,5763.471388392363
570,2020-07-24,6.68323,5761.290397358789
571,2020-07-25,6.88763,5937.493783628622
572,2020-07-26,7.77208,6699.9354909982585
573,2020-07-27,7.23207,6234.4189028398805
574,2020-07-28,6.79426,5857.004007816419
575,2020-07-29,6.70216,5777.609037779963
576,2020-07-30,6.27444,5408.892245337042
577,2020-07-31,5.94009,5120.665228706323
578,2020-08-01,6.89141,5940.752339402105
579,2020-08-02,8.27424,7132.823418832209
580,2020-08-03,7.2939,6287.719565134713
581,2020-08-04,7.27749,6273.573295229195
582,2020-08-05,7.01506,6047.345043473851
583,2020-08-06,6.65421,5736.273654357074
584,2020-08-07,6.65295,5735.187469099245
585,2020-08-08,7.21189,6217.022697678798
586,2020-08-09,8.40041,7241.588493419611
587,2020-08-10,7.28506,6280.09902729408
588,2020-08-11,7.04913,6076.715148024796
589,2020-08-12,7.0567,6083.240880089682
590,2020-08-13,6.66809,5748.238933229018
591,2020-08-14,6.41323,5528.53641353856
592,2020-08-15,7.05417,6081.059889056107
593,2020-08-16,7.83643,6755.408523808747
594,2020-08-17,7.91592,6823.933020749007
595,2020-08-18,8.572,7389.507960396325
596,2020-08-19,6.97342,6011.449206858019
597,2020-08-20,7.25983,6258.349460583768
598,2020-08-21,6.41827,5532.88115456987
599,2020-08-22,7.61563,6565.067488151315
600,2020-08-23,8.52406,7348.181197491356
601,2020-08-24,7.47684,6445.423319949798
602,2020-08-25,7.50334,6468.267692435857
603,2020-08-26,7.50712,6471.52624820934
604,2020-08-27,7.26866,6265.961377906481
605,2020-08-28,6.97216,6010.363021600192
606,2020-08-29,8.13419,7012.093065372864
607,2020-08-30,9.03126,7785.413866356616
608,2020-08-31,7.68881,6628.152438284516
609,2020-09-01,8.18466,7055.600819311408
610,2020-09-02,8.5127,7338.388289135069
611,2020-09-03,9.08173,7828.921620295162
612,2020-09-04,9.4287,8128.027730539994
613,2020-09-05,11.3326,9769.288137189384
614,2020-09-06,13.45984,11603.0791910477
615,2020-09-07,14.07302,12131.67210882136
616,2020-09-08,11.12316,9588.74000988824
617,2020-09-09,11.23798,9687.720796637273
618,2020-09-10,10.50493,9055.793730565349
619,2020-09-11,10.081,8690.34411441383
620,2020-09-12,13.44217,11587.846735884354
621,2020-09-13,13.73867,11843.445092190643
622,2020-09-14,12.11738,10445.80914245768
623,2020-09-15,13.73993,11844.53127744847
624,2020-09-16,13.6882,11799.937338252099
625,2020-09-17,14.50957,12508.000818586994
626,2020-09-18,13.36647,11522.589415235496
627,2020-09-19,16.46269,14191.691414435018
628,2020-09-20,20.2642,17468.789921962576
629,2020-09-21,20.9758,18082.22597709767
630,2020-09-22,16.54974,14266.733022922246
631,2020-09-23,15.90501,13710.942371113295
632,2020-09-24,15.02182,12949.586849001485
633,2020-09-25,14.65088,12629.817357304168
634,2020-09-26,16.8841,14554.968660070883
635,2020-09-27,18.56721,16005.896651580759
636,2020-09-28,13.88755,11971.7873629727
637,2020-09-29,12.13757,10463.21396813668
638,2020-09-30,12.83782,11066.865735433406
639,2020-10-01,13.05861,11257.198150572918
640,2020-10-02,16.90681,14574.54585626554
641,2020-10-03,20.51401,17684.139080103807
642,2020-10-04,25.07759,21618.181396705004
643,2020-10-05,19.66615,16953.239847800767
644,2020-10-06,17.85687,15393.546781703493
645,2020-10-07,17.77738,15325.022284763234
646,2020-10-08,13.98596,12056.621879816215
647,2020-10-09,14.78588,12746.194349214282
648,2020-10-10,15.08491,13003.973696554147
649,2020-10-11,16.49801,14222.139083725873
650,2020-10-12,14.82878,12783.17637108794
651,2020-10-13,15.13411,13046.386644716942
652,2020-10-14,15.05589,12978.95695355243
653,2020-10-15,14.29508,12323.09932973662
654,2020-10-16,13.06745,11264.81868841355
655,2020-10-17,13.38161,11535.640879365268
656,2020-10-18,15.94917,13749.010578244783
657,2020-10-19,13.49012,11629.182119307241
658,2020-10-20,11.94832,10300.070666514539
659,2020-10-21,13.87746,11963.089260392158
660,2020-10-22,11.98364,10330.518335805393
661,2020-10-23,13.16964,11352.91176103055
662,2020-10-24,15.36501,13245.434403472836
663,2020-10-25,17.28532,14900.841080027742
664,2020-10-26,14.37457,12391.62382667688
665,2020-10-27,12.99553,11202.819923538178
666,2020-10-28,12.76338,11002.694600042378
667,2020-10-29,11.41966,9844.33836619453
668,2020-10-30,10.38633,8953.554388042832
669,2020-10-31,12.02528,10366.414172421224
670,2020-11-01,15.43566,13306.338362572464
671,2020-11-02,12.61197,10872.171338226743
672,2020-11-03,12.41262,10700.321313506141
673,2020-11-04,12.56024,10827.577399030371
674,2020-11-05,11.33513,9771.469128222958
675,2020-11-06,10.53773,9084.069029340548
676,2020-11-07,12.94128,11156.05361382615
677,2020-11-08,14.31022,12336.15079386639
678,2020-11-09,11.77546,10151.056393762077
679,2020-11-10,11.26952,9714.909910154644
680,2020-11-11,10.47591,9030.776987563635
681,2020-11-12,11.20517,9659.436877344157
682,2020-11-13,9.49683,8186.759319123966
683,2020-11-14,11.09288,9562.637081628696
684,2020-11-15,12.7823,11019.004619945632
685,2020-11-16,10.15418,8753.429064547032
686,2020-11-17,9.46907,8162.828761380079
687,2020-11-18,8.75621,7548.306520987157
688,2020-11-19,8.83191,7613.563841636014
689,2020-11-20,8.72593,7522.203592727615
690,2020-11-21,10.12642,8729.498506803146
691,2020-11-22,12.56781,10834.103131095257
692,2020-11-23,10.24249,8829.556858292086
693,2020-11-24,11.22915,9680.108879314559
694,2020-11-25,11.45499,9874.794656003303
695,2020-11-26,11.02096,9500.638316753324
696,2020-11-27,11.89659,10255.476727318166
697,2020-11-28,13.57591,11703.13754253664
698,2020-11-29,13.46362,11606.337746821184
699,2020-11-30,11.37298,9804.097788547388
700,2020-12-01,10.19076,8784.962919095713
701,2020-12-02,9.61795,8291.171032162138
702,2020-12-03,8.9278,7696.225987963872
703,2020-12-04,8.45719,7290.535794165213
704,2020-12-05,9.32902,8042.098407920734
705,2020-12-06,10.11254,8717.5332279312
706,2020-12-07,8.7827,7571.142272955298
707,2020-12-08,8.4534,7287.26861787381
708,2020-12-09,8.3613,7207.873647837354
709,2020-12-10,10.56423,9106.913401826607
710,2020-12-11,7.94872,6852.208319524205
711,2020-12-12,11.87261,10234.804725347762
712,2020-12-13,10.17058,8767.566713934631
713,2020-12-14,9.72393,8382.531281070536
714,2020-12-15,9.26972,7990.9787366594755
715,2020-12-16,8.98079,7741.9061124180735
716,2020-12-17,8.23639,7100.1947585077805
717,2020-12-18,7.83643,6755.408523808747
718,2020-12-19,9.73655,8393.410374684652
719,2020-12-20,10.35605,8927.451459783291
720,2020-12-21,9.33407,8046.451769469964
721,2020-12-22,8.19854,7067.566098183352
722,2020-12-23,8.27172,7130.651048316554
723,2020-12-24,7.19044,6198.531686741969
724,2020-12-25,8.22377,7089.315664893665
725,2020-12-26,8.69312,7493.919673434497
726,2020-12-27,8.55307,7373.189319975152
727,2020-12-28,7.13366,6149.584385996366
728,2020-12-29,6.92169,5966.855267661647
729,2020-12-30,7.39483,6374.726452493883
730,2020-12-31,6.03976,5206.585930807666
731,2021-01-01,6.80562,5866.796916172707
732,2021-01-02,7.8011,6724.952233999974
733,2021-01-03,8.19349,7063.212736634122
734,2021-01-04,6.49902,5602.491836767957
735,2021-01-05,6.50407,5606.845198317187
736,2021-01-06,6.55201,5648.171961222157
737,2021-01-07,6.3514,5475.235751243727
738,2021-01-08,6.75136,5820.02198594276
739,2021-01-09,7.32039,6310.555317102853
740,2021-01-10,8.32344,7175.236366995006
741,2021-01-11,6.55328,5649.266766997904
742,2021-01-12,7.10212,6122.395272478996
743,2021-01-13,7.62951,6577.032767023258
744,2021-01-14,7.01127,6044.077867182448
745,2021-01-15,6.69963,5775.428046746388
746,2021-01-16,7.87302,6786.950998875348
747,2021-01-17,8.45719,7290.535794165213
748,2021-01-18,6.83337,5890.7188533986755
749,2021-01-19,6.33626,5462.184287113955
750,2021-01-20,6.51416,5615.543300897729
751,2021-01-21,6.01327,5183.750178839526
752,2021-01-22,5.85682,5048.882175992581
753,2021-01-23,7.33301,6321.434410716969
754,2021-01-24,8.58966,7404.731795041753
755,2021-01-25,7.03146,6061.48269286145
756,2021-01-26,7.0466,6074.534156991221
757,2021-01-27,6.335,5461.098101856127
758,2021-01-28,6.45613,5565.5184354122175
759,2021-01-29,6.22523,5366.470676656325
760,2021-01-30,7.79227,6717.3403166772605
761,2021-01-31,9.25332,7976.841087271877
762,2021-02-01,7.85409,6770.632358454174
763,2021-02-02,7.26866,6265.961377906481
764,2021-02-03,7.27876,6274.6681010049415
765,2021-02-04,7.34184,6329.046328039683
766,2021-02-05,7.00749,6040.8193114089645
767,2021-02-06,8.26919,7128.470057282979
768,2021-02-07,9.89553,8530.459368565173
769,2021-02-08,7.39609,6375.81263775171
770,2021-02-09,10.45825,9015.553152918206
771,2021-02-10,8.16573,7039.282178890235
772,2021-02-11,8.73728,7531.987880565984
773,2021-02-12,8.79785,7584.202357602989
774,2021-02-13,11.4512,9871.5274797119
775,2021-02-14,12.33944,10637.23636337294
776,2021-02-15,10.19455,8788.230095387116
777,2021-02-16,8.15185,7027.316900018291
778,2021-02-17,8.08498,6969.671496692147
779,2021-02-18,7.38348,6364.942164655513
780,2021-02-19,6.8687,5921.175143207447
781,2021-02-20,8.98962,7749.518029740786
782,2021-02-21,10.89353,9390.787056908095
783,2021-02-22,9.26594,7987.720180885994
784,2021-02-23,8.14681,7022.97215898698
785,2021-02-24,7.844,6761.9342558736325
786,2021-02-25,7.93106,6836.984484878778
787,2021-02-26,8.23513,7099.108573249952
788,2021-02-27,10.53016,9077.543297275663
789,2021-02-28,12.49085,10767.759625188573
790,2021-03-01,12.62333,10881.964246583031
791,2021-03-02,8.89121,7664.683512897272
792,2021-03-03,8.25657,7117.590963668863
793,2021-03-04,8.40041,7241.588493419611
794,2021-03-05,8.02442,6917.465640173061
795,2021-03-06,10.46708,9023.16507024092
796,2021-03-07,13.36268,11519.322238944093
797,2021-03-08,9.38327,8088.864717632761
798,2021-03-09,8.84074,7621.175758958728
799,2021-03-10,8.6477,7454.765281045183
800,2021-03-11,8.80037,7586.374728118642
801,2021-03-12,9.38454,8089.959523408508
802,2021-03-13,10.71942,9240.695219415724
803,2021-03-14,12.48832,10765.578634154997
804,2021-03-15,10.02927,8645.75017521746
805,2021-03-16,9.01612,7772.362402226846
806,2021-03-17,9.0464,7798.465330486389
807,2021-03-18,9.39085,8095.399070215567
808,2021-03-19,9.03757,7790.853413163675
809,2021-03-20,10.84685,9350.546479260953
810,2021-03-21,12.19813,10515.419824655768
811,2021-03-22,10.22357,8813.246838388832
812,2021-03-23,8.68177,7484.135385596128
813,2021-03-24,8.53793,7360.13785584538
814,2021-03-25,8.15185,7027.316900018291
815,2021-03-26,7.94493,6848.9411432328025
816,2021-03-27,9.59019,8267.24047441825
817,2021-03-28,11.40074,9828.028346291276
818,2021-03-29,9.623,8295.524393711366
819,2021-03-30,8.66663,7471.0839214663565
820,2021-03-31,8.572,7389.507960396325
821,2021-04-01,8.33606,7186.115460609122
822,2021-04-02,8.1733,7045.80791095512
823,2021-04-03,10.15165,8751.248073513458
824,2021-04-04,11.91299,10269.614376705766
825,2021-04-05,9.1814,7914.842322396503
826,2021-04-06,8.79406,7580.935181311585
827,2021-04-07,8.74864,7541.780788922271
828,2021-04-08,8.18844,7058.859375084891
829,2021-04-09,7.61563,6565.067488151315
830,2021-04-10,9.47916,8171.52686396062
831,2021-04-11,11.26321,9709.470363347586
832,2021-04-12,9.0628,7812.602979873987
833,2021-04-13,7.86166,6777.158090519059
834,2021-04-14,7.5639,6520.473548954943
835,2021-04-15,9.34795,8058.417048341908
836,2021-04-16,7.47684,6445.423319949798
837,2021-04-17,10.30432,8882.857520586918
838,2021-04-18,10.72446,9245.039960447035
839,2021-04-19,8.47359,7304.6734435528115
840,2021-04-20,8.55181,7372.103134717324
841,2021-04-21,8.65401,7460.204827852241
842,2021-04-22,8.10643,6988.1625076289765
843,2021-04-23,7.2838,6279.012842036253
844,2021-04-24,8.70448,7503.712581790785
845,2021-04-25,10.46077,9017.725523433863
846,2021-04-26,8.50387,7330.776371812353
847,2021-04-27,8.00297,6898.9746292362315
848,2021-04-28,7.79227,6717.3403166772605
849,2021-04-29,7.37591,6358.416432590629
850,2021-04-30,6.8952,5944.019515693507
851,2021-05-01,8.85336,7632.054852572844
852,2021-05-02,9.93338,8563.0880288896
853,2021-05-03,8.25784,7118.68576944461
854,2021-05-04,7.67745,6618.359529928229
855,2021-05-05,9.42617,8125.846739506421
856,2021-05-06,8.65906,7464.558189401471
857,2021-05-07,7.5803,6534.611198342542
858,2021-05-08,8.93916,7706.01889632016
859,2021-05-09,9.57001,8249.844269257168
860,2021-05-10,7.94872,6852.208319524205
861,2021-05-11,7.35824,6343.183977427282
862,2021-05-12,7.39483,6374.726452493883
863,2021-05-13,7.70647,6643.376272929943
864,2021-05-14,6.85609,5910.304670111251
865,2021-05-15,7.96891,6869.613145203207
866,2021-05-16,9.45645,8151.949667765964
867,2021-05-17,7.45035,6422.587567981657
868,2021-05-18,6.55959,5654.706313804962
869,2021-05-19,7.94872,6852.208319524205
870,2021-05-20,7.40114,6380.165999300941
871,2021-05-21,6.50786,5610.11237460859
872,2021-05-22,7.66231,6605.3080657984565
873,2021-05-23,8.90383,7675.5626065113875
874,2021-05-24,7.36834,6351.890700525742
875,2021-05-25,7.26362,6261.616636875171
876,2021-05-26,6.63276,5717.782643420244
877,2021-05-27,6.3186,5446.960452468528
878,2021-05-28,6.29967,5430.6418120473545
879,2021-05-29,7.31913,6309.469131845026
880,2021-05-30,8.30073,7155.659170800349
881,2021-05-31,7.06427,6089.766612154567
882,2021-06-01,7.02768,6058.2241370879665
883,2021-06-02,7.43268,6407.355112818312
884,2021-06-03,6.70973,5784.134769844849
885,2021-06-04,6.62393,5710.170726097531
886,2021-06-05,7.23081,6233.332717582052
887,2021-06-06,8.99089,7750.612835516533
888,2021-06-07,7.03903,6068.0084249263355
889,2021-06-08,6.94314,5985.346278598477
890,2021-06-09,6.51543,5616.638106673476
891,2021-06-10,6.7009,5776.522852522135
892,2021-06-11,6.95576,5996.225372212592
893,2021-06-12,9.08047,7827.835435037334
894,2021-06-13,9.25206,7975.75490201405
895,2021-06-14,7.23081,6233.332717582052
896,2021-06-15,6.70468,5779.781408295617
897,2021-06-16,6.99613,6031.026403052677
898,2021-06-17,8.62247,7433.01571433487
899,2021-06-18,6.69459,5771.083305715077
900,2021-06-19,7.6661,6608.575242089859
901,2021-06-20,8.41933,7257.898513322865
902,2021-06-21,7.24847,6248.55655222748
903,2021-06-22,6.93557,5978.820546533591
904,2021-06-23,6.19874,5343.634924688185
905,2021-06-24,6.2164,5358.8587593336115
906,2021-06-25,5.84799,5041.270258669868
907,2021-06-26,6.73875,5809.151512846563
908,2021-06-27,7.45287,6424.759938497313
909,2021-06-28,6.4372,5549.199794991044
910,2021-06-29,6.05743,5221.8183859710125
911,2021-06-30,5.73948,4947.729018727894
912,2021-07-01,5.63728,4859.627325592976
913,2021-07-02,5.42531,4676.898207258258
914,2021-07-03,6.34636,5470.8910102124155
915,2021-07-04,7.34058,6327.960142781855
916,2021-07-05,6.00696,5178.310632032468
917,2021-07-06,6.06878,5231.6026738093815
918,2021-07-07,6.31986,5448.0466377263565
919,2021-07-08,5.4884,4731.285054810919
920,2021-07-09,4.97236,4286.431848105025
921,2021-07-10,6.18612,5332.755831074069
922,2021-07-11,6.87753,5928.787060530161
923,2021-07-12,5.64359,4865.066872400034
924,2021-07-13,5.66756,4885.73025385252
925,2021-07-14,5.34457,4607.296145578091
926,2021-07-15,5.37863,4636.657629611116
927,2021-07-16,5.32943,4594.244681448319
928,2021-07-17,5.97542,5151.121518515097
929,2021-07-18,6.92043,5965.76908240382
930,2021-07-19,5.61331,4838.9639441404925
931,2021-07-20,6.5722,5665.576786901158
932,2021-07-21,5.94261,5122.83759922198
933,2021-07-22,6.45613,5565.5184354122175
934,2021-07-23,5.12503,4418.041295178486
935,2021-07-24,6.09906,5257.705602068923
936,2021-07-25,6.32617,5453.486184533414
937,2021-07-26,5.06321,4364.749253401573
938,2021-07-27,4.95722,4273.380383975254
939,2021-07-28,5.00391,4313.629582140315
940,2021-07-29,4.86007,4189.632052389567
941,2021-07-30,4.87017,4198.338775488028
942,2021-07-31,5.16919,4456.109502309972
943,2021-08-01,5.5742,4805.249098558236
944,2021-08-02,4.80582,4142.86574267754
945,2021-08-03,4.95596,4272.294198717426
946,2021-08-04,5.0304,4336.465334108455
947,2021-08-05,4.73516,4081.953163059993
948,2021-08-06,4.8033,4140.693372161884
949,2021-08-07,5.49597,4737.810786875804
950,2021-08-08,6.13061,5284.903336104214
951,2021-08-09,5.35844,4619.252803932115
952,2021-08-10,5.27013,4543.125010187061
953,2021-08-11,5.11367,4408.248386822198
954,2021-08-12,5.06699,4368.007809175056
955,2021-08-13,5.27265,4545.2973807027165
956,2021-08-14,6.65043,5733.015098583591
957,2021-08-15,6.72234,5795.005242941045
958,2021-08-16,6.50155,5604.672827801532
959,2021-08-17,6.09023,5250.093684746211
960,2021-08-18,5.82401,5020.598256699464
961,2021-08-19,5.98425,5158.733435837811
962,2021-08-20,5.59564,4823.731488977146
963,2021-08-21,6.81823,5877.667389268903
964,2021-08-22,8.0547,6943.5685684326045
965,2021-08-23,7.17025,6181.126861062968
966,2021-08-24,6.81066,5871.141657204018
967,2021-08-25,6.44225,5553.553156540273
968,2021-08-26,6.70973,5784.134769844849
969,2021-08-27,6.68576,5763.471388392363
970,2021-08-28,7.35446,6339.925421653799
971,2021-08-29,8.74233,7536.341242115214
972,2021-08-30,8.00928,6904.41417604329
973,2021-08-31,9.4615,8156.303029315192
974,2021-09-01,7.44909,6421.501382723829
975,2021-09-02,7.56769,6523.740725246345
976,2021-09-03,7.6068,6557.455570828602
977,2021-09-04,8.75116,7543.953159437928
978,2021-09-05,10.23871,8826.298302518602
979,2021-09-06,8.89373,7666.855883412927
980,2021-09-07,8.77261,7562.444170374756
981,2021-09-08,8.33102,7181.770719577812
982,2021-09-09,8.13293,7011.006880115036
983,2021-09-10,7.82886,6748.882791743861
984,2021-09-11,9.45015,8146.518741476825
985,2021-09-12,11.3162,9755.150487801786
986,2021-09-13,10.21726,8807.807291581774
987,2021-09-14,9.19276,7924.635230752791
988,2021-09-15,8.68303,7485.221570853956
989,2021-09-16,7.94241,6846.768772717147
990,2021-09-17,8.26919,7128.470057282979
991,2021-09-18,10.48726,9040.561275402002
992,2021-09-19,10.80521,9314.650642645121
993,2021-09-20,9.60155,8277.033382774538
994,2021-09-21,9.97754,8601.156236021086
995,2021-09-22,12.98417,11193.027015181891
996,2021-09-23,11.47139,9888.932305390901
997,2021-09-24,10.02296,8640.3106284104
998,2021-09-25,11.48906,9904.164760554248
999,2021-09-26,12.98796,11196.294191473291
1000,2021-09-27,10.81531,9323.357365743583
1001,2021-09-28,11.91046,10267.433385672191
1002,2021-09-29,9.39337,8097.5714407312225
1003,2021-09-30,9.71132,8371.66080797434
1004,2021-10-01,8.77513,7564.616540890413
1005,2021-10-02,11.6821,10070.575238467793
1006,2021-10-03,11.86504,10228.278993282876
1007,2021-10-04,12.14766,10471.912070717222
1008,2021-10-05,9.59903,8274.861012258883
1009,2021-10-06,9.61921,8292.257217419965
1010,2021-10-07,9.21799,7946.384797463104
1011,2021-10-08,9.52206,8208.508885834279
1012,2021-10-09,9.7845,8434.745758107541
1013,2021-10-10,10.95283,9441.906728169353
1014,2021-10-11,11.90416,10262.002459383051
1015,2021-10-12,10.74087,9259.186230352552
1016,2021-10-13,9.13472,7874.601744749361
1017,2021-10-14,8.70322,7502.626396532957
1018,2021-10-15,8.37139,7216.571750417895
1019,2021-10-16,12.43912,10723.1656859922
1020,2021-10-17,14.20676,12246.962915473647
1021,2021-10-18,11.76789,10144.53066169719
1022,2021-10-19,11.22788,9679.014073538812
1023,2021-10-20,13.64152,11759.696760604957
1024,2021-10-21,11.13073,9595.265741953126
1025,2021-10-22,9.25584,7979.0134577875315
1026,2021-10-23,12.1729,10493.670257945454
1027,2021-10-24,13.87872,11964.175445649988
1028,2021-10-25,11.16354,9623.549661246243
1029,2021-10-26,10.70175,9225.462764252377
1030,2021-10-27,9.8009,8448.883407495141
1031,2021-10-28,9.26467,7986.625375110247
1032,2021-10-29,8.65275,7459.118642594412
1033,2021-10-30,9.47033,8163.914946637907
1034,2021-10-31,11.07017,9543.059885434039
1035,2021-11-01,8.71583,7513.496869629154
1036,2021-11-02,8.66032,7465.644374659299
1037,2021-11-03,7.71152,6647.729634479174
1038,2021-11-04,7.48315,6450.8628667568555
1039,2021-11-05,7.26362,6261.616636875171
1040,2021-11-06,15.8066,13626.107854269781
1041,2021-11-07,17.62471,15193.412837689772
1042,2021-11-08,14.32662,12350.28844325399
1043,2021-11-09,12.60314,10864.55942090403
1044,2021-11-10,14.37962,12395.977188226108
1045,2021-11-11,10.67652,9203.713197542065
1046,2021-11-12,9.72267,8381.44509581271
1047,2021-11-13,10.94905,9438.64817239587
1048,2021-11-14,11.44616,9867.182738680589
1049,2021-11-15,9.11201,7855.024548554704
1050,2021-11-16,9.15617,7893.09275568619
1051,2021-11-17,8.73855,7533.082686341731
1052,2021-11-18,8.10896,6990.343498662551
1053,2021-11-19,7.80362,6727.1246045156295
1054,2021-11-20,9.29496,8012.736923887707
1055,2021-11-21,12.43533,10719.898509700799
1056,2021-11-22,9.5637,8244.40472245011
1057,2021-11-23,10.53899,9085.155214598375
1058,2021-11-24,9.65076,8319.454951455255
1059,2021-11-25,9.48043,8172.621669736367
1060,2021-11-26,9.32524,8038.839852147252
1061,2021-11-27,9.84001,8482.598253077396
1062,2021-11-28,11.93696,10290.27775815825
1063,2021-11-29,9.32019,8034.48649059802
1064,2021-11-30,8.33228,7182.856904835639
1065,2021-12-01,8.59219,7406.912786075328
1066,2021-12-02,8.09382,6977.292034532779
1067,2021-12-03,7.28002,6275.75428626277
1068,2021-12-04,8.03199,6923.991372237948
1069,2021-12-05,9.1814,7914.842322396503
1070,2021-12-06,7.89951,6809.786750843488
1071,2021-12-07,7.46549,6435.639032111429
1072,2021-12-08,6.89394,5942.93333043568
1073,2021-12-09,6.91917,5964.682897145993
1074,2021-12-10,6.58103,5673.188704223872
1075,2021-12-11,7.40493,6383.433175592343
1076,2021-12-12,8.83948,7620.0895737009
1077,2021-12-13,7.50208,6467.181507178029
1078,2021-12-14,6.91917,5964.682897145993
1079,2021-12-15,6.76398,5830.901079556876
1080,2021-12-16,6.68449,5762.376582616616
1081,2021-12-17,7.01127,6044.077867182448
1082,2021-12-18,8.01307,6907.681352334694
1083,2021-12-19,9.12589,7866.989827426648
1084,2021-12-20,7.42637,6401.915566011254
1085,2021-12-21,7.0037,6037.552135117563
1086,2021-12-22,6.58103,5673.188704223872
1087,2021-12-23,6.53309,5631.861941318902
1088,2021-12-24,6.42837,5541.58787766833
1089,2021-12-25,7.63329,6580.291322796741
1090,2021-12-26,8.6149,7426.4899822699845
1091,2021-12-27,6.78291,5847.21971997805
1092,2021-12-28,6.3022,5432.822803080929
1093,2021-12-29,5.98551,5159.8196210956385
1094,2021-12-30,5.71803,4929.238007791064
1095,2021-12-31,5.22975,4508.315358829058
1096,2022-01-01,6.4107,5526.355422504985
1097,2022-01-02,8.04461,6934.870465852064
1098,2022-01-03,6.57599,5668.843963192561
1099,2022-01-04,6.06247,5226.163127002324
1100,2022-01-05,7.02011,6051.698405023081
1101,2022-01-06,6.03598,5203.327375034183
1102,2022-01-07,5.99939,5171.784899967582
1103,2022-01-08,7.02894,6059.310322345795
1104,2022-01-09,8.06227,6950.09430049749
1105,2022-01-10,6.32743,5454.572369791242
1106,2022-01-11,6.30472,5434.995173596584
1107,2022-01-12,6.15206,5303.394347041042
1108,2022-01-13,5.9363,5117.398052414922
1109,2022-01-14,5.58429,4813.947201138777
1110,2022-01-15,6.98604,6022.328300472136
1111,2022-01-16,8.15816,7032.7564468253495
1112,2022-01-17,8.35499,7202.434101030297
1113,2022-01-18,6.2858,5418.68515369333
1114,2022-01-19,5.9792,5154.38007428858
1115,2022-01-20,5.63602,4858.541140335149
1116,2022-01-21,5.45812,4705.182126551376
1117,2022-01-22,7.23586,6237.686079131283
1118,2022-01-23,8.26541,7125.211501509495
1119,2022-01-24,6.59491,5685.153983095815
1120,2022-01-25,6.13313,5287.075706619869
1121,2022-01-26,6.12304,5278.377604039328
1122,2022-01-27,5.55275,4786.758087621406
1123,2022-01-28,6.02336,5192.448281420067
1124,2022-01-29,8.16699,7040.368364148062
1125,2022-01-30,7.52479,6486.758703372687
1126,2022-01-31,6.78795,5851.564461009361
1127,2022-02-01,7.19296,6200.704057257624
1128,2022-02-02,8.76883,7559.185614601272
1129,2022-02-03,7.40366,6382.338369816596
1130,2022-02-04,7.10086,6121.309087221168
1131,2022-02-05,8.249,7111.065231603978
1132,2022-02-06,8.8357,7616.831017927416
1133,2022-02-07,6.54318,5640.560043899444
1134,2022-02-08,6.40313,5519.829690440099
1135,2022-02-09,6.37916,5499.166308987614
1136,2022-02-10,6.23028,5370.824038205555
1137,2022-02-11,6.68828,5765.643758908019
1138,2022-02-12,8.17709,7049.075087246522
1139,2022-02-13,9.38832,8093.218079181992
1140,2022-02-14,7.50082,6466.095321920202
1141,2022-02-15,6.39052,5508.959217343902
1142,2022-02-16,6.31103,5440.434720403642
1143,2022-02-17,6.13313,5287.075706619869
1144,2022-02-18,5.97542,5151.121518515097
1145,2022-02-19,7.83012,6749.968977001689
1146,2022-02-20,8.65653,7462.377198367896
1147,2022-02-21,7.23964,6240.944634904766
1148,2022-02-22,6.22145,5363.212120882842
1149,2022-02-23,6.09654,5255.533231553269
1150,2022-02-24,5.80761,5006.460607311865
1151,2022-02-25,6.00191,5173.957270483237
1152,2022-02-26,7.49703,6462.828145628799
1153,2022-02-27,9.06785,7816.956341423218
1154,2022-02-28,7.31787,6308.382946587198
1155,2022-03-01,10.18698,8781.704363322231
1156,2022-03-02,8.06227,6950.09430049749
1157,2022-03-03,8.13293,7011.006880115036
1158,2022-03-04,8.03452,6926.172363271523
1159,2022-03-05,9.64697,8316.187775163851
1160,2022-03-06,11.30737,9747.538570479071
1161,2022-03-07,8.33985,7189.382636900525
1162,2022-03-08,7.83138,6751.055162259517
1163,2022-03-09,8.92149,7690.786441156815
1164,2022-03-10,7.40745,6385.605546107999
1165,2022-03-11,8.22503,7090.401850151492
1166,2022-03-12,10.74591,9263.530971383863
1167,2022-03-13,12.46183,10742.742882186858
1168,2022-03-14,12.6208,10879.783255549457
1169,2022-03-15,8.82686,7609.210480086784
1170,2022-03-16,9.00476,7762.5694938705565
1171,2022-03-17,7.73928,6671.66019222306
1172,2022-03-18,7.54624,6505.249714309516
1173,2022-03-19,9.20285,7933.333333333332
1174,2022-03-20,10.13525,8737.110424125858
1175,2022-03-21,7.64213,6587.911860637374
1176,2022-03-22,7.5803,6534.611198342542
1177,2022-03-23,11.94075,10293.544934449652
1178,2022-03-24,7.21062,6215.927891903051
1179,2022-03-25,6.51038,5612.284745124245
1180,2022-03-26,8.67925,7481.963015080472
1181,2022-03-27,10.6639,9192.83410392795
1182,2022-03-28,7.92349,6830.458752813892
1183,2022-03-29,8.00423,6900.06081449406
1184,2022-03-30,7.73044,6664.039654382428
1185,2022-03-31,6.98983,6025.5954767635385
1186,2022-04-01,7.39357,6373.6402672360555
1187,2022-04-02,8.99341,7752.785206032189
1188,2022-04-03,11.16732,9626.808217019727
1189,2022-04-04,9.02243,7777.801949033904
1190,2022-04-05,7.82003,6741.270874421148
1191,2022-04-06,7.75189,6682.530665319257
1192,2022-04-07,7.20053,6207.2297893225095
1193,2022-04-08,6.95071,5991.872010663363
1194,2022-04-09,9.40977,8111.709090118821
1195,2022-04-10,11.35784,9791.046324417615
1196,2022-04-11,9.61417,8287.912476388654
1197,2022-04-12,16.05011,13836.02608612187
1198,2022-04-13,9.45267,8148.691111992479
1199,2022-04-14,8.09129,6975.111043499206
1200,2022-04-15,7.23081,6233.332717582052
1201,2022-04-16,8.89373,7666.855883412927
1202,2022-04-17,10.61722,9152.593526280807
1203,2022-04-18,8.10769,6989.248692886804
1204,2022-04-19,8.35373,7201.347915772469
1205,2022-04-20,8.3676,7213.304574126492
1206,2022-04-21,9.12967,7870.248383200132
1207,2022-04-22,8.6641,7468.902930432781
1208,2022-04-23,9.63435,8305.308681549735
1209,2022-04-24,11.06134,9535.447968111326
1210,2022-04-25,8.89373,7666.855883412927
1211,2022-04-26,9.21168,7940.945250656046
1212,2022-04-27,8.74233,7536.341242115214
1213,2022-04-28,9.30126,8018.167850176846
1214,2022-04-29,7.95881,6860.906422104746
1215,2022-04-30,9.40599,8108.4505343453375
1216,2022-05-01,10.58568,9125.404412763437
1217,2022-05-02,8.43574,7272.044783228383
1218,2022-05-03,7.60932,6559.627941344257
1219,2022-05-04,8.09003,6974.024858241378
1220,2022-05-05,9.0136,7770.19003171119
1221,2022-05-06,7.92727,6833.717308587376
1222,2022-05-07,8.33732,7187.20164586695
1223,2022-05-08,9.1814,7914.842322396503
1224,2022-05-09,7.91213,6820.665844457604
1225,2022-05-10,7.4125,6389.958907657228
1226,2022-05-11,11.92434,10279.398664544135
1227,2022-05-12,7.40366,6382.338369816596
1228,2022-05-13,7.45413,6425.846123755141
1229,2022-05-14,7.80741,6730.391780807032
1230,2022-05-15,8.93285,7700.579349513103
1231,2022-05-16,8.61616,7427.576167527813
1232,2022-05-17,7.13366,6149.584385996366
1233,2022-05-18,7.0138,6046.258858216023
1234,2022-05-19,6.36402,5486.114844857842
1235,2022-05-20,6.32996,5456.753360824816
1236,2022-05-21,7.38726,6368.200720428998
1237,2022-05-22,8.11526,6995.774424951689
1238,2022-05-23,6.94188,5984.260093340649
1239,2022-05-24,7.08445,6107.1628173156505
1240,2022-05-25,7.09455,6115.86954041411
1241,2022-05-26,6.97973,6016.888753665078
1242,2022-05-27,6.10411,5262.058963618154
1243,2022-05-28,7.10716,6126.740013510307
1244,2022-05-29,7.95503,6857.647866331263
1245,2022-05-30,6.38673,5505.6920410525
1246,2022-05-31,6.02841,5196.801642969297
1247,2022-06-01,7.251,6250.737543261054
1248,2022-06-02,6.69837,5774.3418614885595
1249,2022-06-03,6.16341,5313.178634879411
1250,2022-06-04,6.98856,6024.500670987791
1251,2022-06-05,7.76956,6697.763120482604
1252,2022-06-06,7.40114,6380.165999300941
1253,2022-06-07,6.05995,5223.990756486667
1254,2022-06-08,6.55075,5647.0857759643295
1255,2022-06-09,6.26182,5398.013151722926
1256,2022-06-10,5.56284,4795.456190201948
1257,2022-06-11,6.2593,5395.84078120727
1258,2022-06-12,7.32039,6310.555317102853
1259,2022-06-13,5.93504,5116.311867157094
1260,2022-06-14,5.69406,4908.57462633858
1261,2022-06-15,5.34204,4605.1151545445155
1262,2022-06-16,5.33321,4597.503237221802
1263,2022-06-17,5.42153,4673.639651484775
1264,2022-06-18,6.29589,5427.383256273871
1265,2022-06-19,7.0466,6074.534156991221
1266,2022-06-20,5.91233,5096.734670962437
1267,2022-06-21,5.84168,5035.83071186281
1268,2022-06-22,7.82507,6745.615615452459
1269,2022-06-23,5.94387,5123.923784479808
1270,2022-06-24,5.39125,4647.536723225233
1271,2022-06-25,6.04733,5213.111662872551
1272,2022-06-26,6.92926,5973.380999726533
1273,2022-06-27,5.79247,4993.409143182093
1274,2022-06-28,5.60448,4831.352026817778
1275,2022-06-29,5.30041,4569.227938446604
1276,2022-06-30,5.11115,4406.076016306542
1277,2022-07-01,4.97236,4286.431848105025
1278,2022-07-02,5.95018,5129.363331286865
1279,2022-07-03,6.51669,5617.724291931303
1280,2022-07-04,5.75714,4962.95285337332
1281,2022-07-05,5.48461,4728.017878519516
1282,2022-07-06,5.33069,4595.3308667061465
1283,2022-07-07,5.06194,4363.654447625826
1284,2022-07-08,4.94208,4260.328919845482
1285,2022-07-09,5.61962,4844.40349094755
1286,2022-07-10,6.50533,5607.931383575015
1287,2022-07-11,5.34078,4604.028969286687
1288,2022-07-12,5.04933,4352.78397452963
1289,2022-07-13,4.6847,4038.454029639369
1290,2022-07-14,4.82222,4157.0033920651385
1291,2022-07-15,4.52194,3898.146479985366
1292,2022-07-16,4.89414,4219.002156940513
1293,2022-07-17,5.87448,5064.106010638008
1294,2022-07-18,4.78942,4128.72809328994
1295,2022-07-19,4.89035,4215.73498064911
1296,2022-07-20,4.78942,4128.72809328994
1297,2022-07-21,4.28347,3692.5729891645883
1298,2022-07-22,4.38567,3780.6746822995046
1299,2022-07-23,5.08844,4386.498820111886
1300,2022-07-24,5.48966,4732.371240068746
1301,2022-07-25,4.55853,3929.6889550519672
1302,2022-07-26,4.85755,4187.459681873912
1303,2022-07-27,4.91937,4240.751723650825
1304,2022-07-28,4.54465,3917.7236761800236
1305,2022-07-29,4.12955,3559.8859773512186
1306,2022-07-30,4.59511,3961.222809600649
1307,2022-07-31,5.1919,4475.68669850463
1308,2022-08-01,4.76292,4105.883720803881
1309,2022-08-02,4.64432,4003.644378281365
1310,2022-08-03,4.29104,3699.0987212294735
1311,2022-08-04,4.34782,3748.0460219750757
1312,2022-08-05,4.23553,3651.246226259618
1313,2022-08-06,4.66577,4022.1353892181946
1314,2022-08-07,5.32312,4588.805134641261
1315,2022-08-08,4.5131,3890.5259421447336
1316,2022-08-09,4.17371,3597.954184482705
1317,2022-08-10,4.54591,3918.8098614378514
1318,2022-08-11,4.28095,3690.4006186489323
1319,2022-08-12,4.2267,3643.634308936905
1320,2022-08-13,4.85124,4182.020135066854
1321,2022-08-14,5.42784,4679.079198291833
1322,2022-08-15,5.90981,5094.562300446782
1323,2022-08-16,4.9118,4234.2259915859395
1324,2022-08-17,9.40346,8106.269543311764
1325,2022-08-18,6.0221,5191.362096162239
1326,2022-08-19,5.32564,4590.977505156917
1327,2022-08-20,5.37106,4630.131897546231
1328,2022-08-21,6.18991,5336.023007365472
1329,2022-08-22,5.02283,4329.93960204357
1330,2022-08-23,5.13134,4423.4808419855435
1331,2022-08-24,5.95901,5136.975248609579
1332,2022-08-25,5.43415,4684.518745098891
1333,2022-08-26,5.58429,4813.947201138777
1334,2022-08-27,6.7501,5818.935800684932
1335,2022-08-28,8.01433,6908.76753759252
1336,2022-08-29,7.22576,6228.979356032823
1337,2022-08-30,7.12483,6141.972468673654
1338,2022-08-31,6.61762,5704.731179290473
1339,2022-09-01,6.56716,5661.232045869848
1340,2022-09-02,6.06752,5230.516488551553
1341,2022-09-03,7.48567,6453.035237272511
1342,2022-09-04,8.63635,7444.980993206814
1343,2022-09-05,7.14249,6157.19630331908
1344,2022-09-06,6.97342,6011.449206858019
1345,2022-09-07,7.07436,6098.464714735109
1346,2022-09-08,7.63834,6584.644684345973
1347,2022-09-09,8.84074,7621.175758958728
1348,2022-09-10,8.26414,7124.116695733748
1349,2022-09-11,10.58694,9126.490598021264
1350,2022-09-12,11.88649,10246.770004219707
1351,2022-09-13,9.96618,8591.363327664798
1352,2022-09-14,8.62121,7431.929529077042
1353,2022-09-15,7.67872,6619.454335703976
1354,2022-09-16,6.67945,5758.031841585305
1355,2022-09-17,7.89447,6805.442009812177
1356,2022-09-18,8.86724,7644.020131444788
1357,2022-09-19,7.30147,6294.245297199599
1358,2022-09-20,10.45446,9012.285976626805
1359,2022-09-21,8.88112,7655.98541031673
1360,2022-09-22,7.73423,6667.3068306738305
1361,2022-09-23,8.06606,6953.361476788893
1362,2022-09-24,9.60155,8277.033382774538
1363,2022-09-25,11.32756,9764.943396158073
1364,2022-09-26,9.65202,8320.541136713084
1365,2022-09-27,8.40798,7248.114225484496
1366,2022-09-28,7.91087,6819.579659199776
1367,2022-09-29,7.83264,6752.141347517344
1368,2022-09-30,6.98856,6024.500670987791
1369,2022-10-01,8.67041,7474.34247723984
1370,2022-10-02,10.42544,8987.26923362509
1371,2022-10-03,10.809,9317.917818936523
1372,2022-10-04,8.82686,7609.210480086784
1373,2022-10-05,11.71742,10101.022907758646
1374,2022-10-06,8.07994,6965.326755660837
1375,2022-10-07,7.72414,6658.60872809329
1376,2022-10-08,8.82813,7610.305285862531
1377,2022-10-09,10.68157,9208.066559091296
1378,2022-10-10,14.39854,12412.287208129364
1379,2022-10-11,11.95715,10307.682583837253
1380,2022-10-12,9.67599,8341.204518165569
1381,2022-10-13,9.33785,8049.710325243447
1382,2022-10-14,7.78722,6712.98695512803
1383,2022-10-15,10.99825,9481.061120558667
1384,2022-10-16,11.36036,9793.218694933272
1385,2022-10-17,9.2571,7980.09964304536
1386,2022-10-18,9.0199,7775.620958000329
1387,2022-10-19,8.84327,7623.356749992303
1388,2022-10-20,7.94998,6853.294504782032
1389,2022-10-21,6.97216,6010.363021600192
1390,2022-10-22,8.0711,6957.706217820203
1391,2022-10-23,9.17005,7905.058034558134
1392,2022-10-24,8.08877,6972.93867298355
1393,2022-10-25,7.73044,6664.039654382428
1394,2022-10-26,7.42007,6396.4846397221145
1395,2022-10-27,8.68934,7490.661117661013
1396,2022-10-28,6.52173,5622.069032962614
1397,2022-10-29,7.41123,6388.8641018814815
1398,2022-10-30,7.656,6599.868518991399
1399,2022-10-31,6.70973,5784.134769844849
1400,2022-11-01,6.69459,5771.083305715077
1401,2022-11-02,7.03651,6065.83605441068
1402,2022-11-03,7.11347,6132.179560317365
1403,2022-11-04,7.3267,6315.994863909911
1404,2022-11-05,7.86166,6777.158090519059
1405,2022-11-06,8.99215,7751.699020774361
1406,2022-11-07,7.5803,6534.611198342542
1407,2022-11-08,6.96838,6007.104465826708
1408,2022-11-09,6.33879,5464.36527814753
1409,2022-11-10,6.25551,5392.573604915868
1410,2022-11-11,5.58555,4815.033386396604
1411,2022-11-12,6.67566,5754.764665293903
1412,2022-11-13,8.4698,7301.406267261409
1413,2022-11-14,7.31787,6308.382946587198
1414,2022-11-15,8.98205,7742.9922976759
1415,2022-11-16,8.64896,7455.851466303011
1416,2022-11-17,6.33248,5458.925731340472
1417,2022-11-18,5.86691,5057.580278573122
1418,2022-11-19,6.64286,5726.489366518705
1419,2022-11-20,7.69007,6629.238623542345
1420,2022-11-21,6.42332,5537.234516119101
1421,2022-11-22,6.56463,5659.051054836274
1422,2022-11-23,6.03976,5206.585930807666
1423,2022-11-24,5.74579,4953.168565534952
1424,2022-11-25,5.98551,5159.8196210956385
1425,2022-11-26,7.16268,6174.601128998082
1426,2022-11-27,8.3613,7207.873647837354
1427,2022-11-28,6.81066,5871.141657204018
1428,2022-11-29,6.45991,5568.7769911857
1429,2022-11-30,7.23964,6240.944634904766
1430,2022-12-01,6.20126,5345.807295203841
1431,2022-12-02,5.80761,5006.460607311865
1432,2022-12-03,5.80761,5006.460607311865
1433,2022-12-04,7.40366,6382.338369816596
1434,2022-12-05,6.34257,5467.623833921013
1435,2022-12-06,5.99308,5166.345353160524
1436,2022-12-07,5.90224,5088.036568381895
1437,2022-12-08,6.10411,5262.058963618154
1438,2022-12-09,5.6991,4912.91936736989
1439,2022-12-10,6.38926,5507.873032086074
1440,2022-12-11,7.60806,6558.541756086429
1441,2022-12-12,6.69585,5772.169490972905
1442,2022-12-13,5.90855,5093.476115188953
1443,2022-12-14,7.98909,6887.009350364288
1444,2022-12-15,6.61384,5701.472623516989
1445,2022-12-16,5.34078,4604.028969286687
1446,2022-12-17,6.0057,5177.22444677464
1447,2022-12-18,7.00118,6035.379764601907
1448,2022-12-19,5.9035,5089.122753639724
1449,2022-12-20,5.77607,4979.271493794494
1450,2022-12-21,5.91233,5096.734670962437
1451,2022-12-22,5.4884,4731.285054810919
1452,2022-12-23,5.61709,4842.222499913975
1453,2022-12-24,6.2,5344.721109946013
1454,2022-12-25,6.72613,5798.272419232448
1455,2022-12-26,5.79499,4995.581513697749
1456,2022-12-27,5.15026,4439.790861888799
1457,2022-12-28,5.09475,4391.938366918944
1458,2022-12-29,5.14396,4434.359935599659
1459,2022-12-30,5.45055,4698.65639448649
1460,2022-12-31,5.32816,4593.149875672571
1461,2023-01-01,5.31807,4584.451773092031
1462,2023-01-02,5.12377,4416.955109920658
1463,2023-01-03,4.86638,4195.071599196625
1464,2023-01-04,4.98877,4300.578118010543
1465,2023-01-05,5.06825,4369.093994432884
1466,2023-01-06,4.97741,4290.785209654255
1467,2023-01-07,6.00444,5176.138261516812
1468,2023-01-08,7.03651,6065.83605441068
1469,2023-01-09,5.90476,5090.208938897551
1470,2023-01-10,5.27013,4543.125010187061
1471,2023-01-11,5.30671,4574.658864735742
1472,2023-01-12,5.17171,4458.281872825628
1473,2023-01-13,5.84799,5041.270258669868
1474,2023-01-14,6.15963,5309.920079105928
1475,2023-01-15,6.8788,5929.881866305908
1476,2023-01-16,5.20956,4490.910533150056
1477,2023-01-17,5.03293,4338.64632514203
1478,2023-01-18,5.01652,4324.500055236511
1479,2023-01-19,4.7175,4066.729328414567
1480,2023-01-20,4.76418,4106.969906061709
1481,2023-01-21,5.16793,4455.023317052145
1482,2023-01-22,5.37611,4634.485259095461
1483,2023-01-23,7.02642,6057.137951830139
1484,2023-01-24,7.84526,6763.02044113146
1485,2023-01-25,6.07509,5237.042220616439
1486,2023-01-26,5.9035,5089.122753639724
1487,2023-01-27,5.32059,4586.624143607686
1488,2023-01-28,6.10033,5258.80040784467
1489,2023-01-29,6.7173,5790.660501909734
1490,2023-01-30,5.68649,4902.048894273694
1491,2023-01-31,5.12377,4416.955109920658
1492,2023-02-01,5.74957,4956.427121308435
1493,2023-02-02,5.37359,4632.312888579805
1494,2023-02-03,5.2348,4512.668720378288
1495,2023-02-04,6.58356,5675.369695257447
1496,2023-02-05,7.73802,6670.574006965233
1497,2023-02-06,6.2265,5367.565482432072
1498,2023-02-07,6.01831,5188.094919870836
1499,2023-02-08,6.13187,5285.989521362041
1500,2023-02-09,5.742,4949.901389243549
1501,2023-02-10,6.2164,5358.8587593336115
1502,2023-02-11,7.38095,6362.76117362194
1503,2023-02-12,8.76126,7552.659882536387
1504,2023-02-13,7.09581,6116.955725671938
1505,2023-02-14,6.64917,5731.928913325763
1506,2023-02-15,6.3514,5475.235751243727
1507,2023-02-16,6.2429,5381.703131819671
1508,2023-02-17,6.06247,5226.163127002324
1509,2023-02-18,7.67367,6615.100974154745
1510,2023-02-19,8.78144,7570.05608769747
1511,2023-02-20,6.63907,5723.222190227302
1512,2023-02-21,6.38547,5504.605855794672
1513,2023-02-22,6.18864,5334.928201589724
1514,2023-02-23,6.35645,5479.589112792956
1515,2023-02-24,6.27949,5413.245606886272
1516,2023-02-25,7.85914,6774.985720003404
1517,2023-02-26,8.5985,7412.352332882385
1518,2023-02-27,7.00875,6041.905496666793
1519,2023-02-28,7.38979,6370.381711462572
1520,2023-03-01,9.07037,7819.1287119388735
1521,2023-03-02,6.34131,5466.537648663185
1522,2023-03-03,6.01201,5182.663993581698
1523,2023-03-04,8.80542,7590.728089667874
1524,2023-03-05,9.72393,8382.531281070536
1525,2023-03-06,7.58661,6540.0507451496
1526,2023-03-07,7.43394,6408.441298076139
1527,2023-03-08,7.93484,6840.243040652262
1528,2023-03-09,6.67314,5752.592294778247
1529,2023-03-10,6.13691,5290.334262393352
1530,2023-03-11,7.84147,6759.753264840058
1531,2023-03-12,9.02369,7778.888134291731
1532,2023-03-13,6.56085,5655.79249906279
1533,2023-03-14,7.06048,6086.499435863165
1534,2023-03-15,6.39178,5510.04540260173
1535,2023-03-16,6.07383,5235.956035358611
1536,2023-03-17,5.90729,5092.389929931126
1537,2023-03-18,7.55002,6508.508270082999
1538,2023-03-19,9.01486,7771.276216969019
1539,2023-03-20,6.60753,5696.033076709931
1540,2023-03-21,6.7337,5804.798151297333
1541,2023-03-22,6.77534,5840.693987913164
1542,2023-03-23,6.9974,6032.121208828424
1543,2023-03-24,6.63529,5719.963634453819
1544,2023-03-25,8.0383,6929.430919045005
1545,2023-03-26,9.15743,7894.178940944018
1546,2023-03-27,6.84347,5899.425576497135
1547,2023-03-28,6.26561,5401.280328014328
1548,2023-03-29,6.10285,5260.972778360327
1549,2023-03-30,5.80383,5003.202051538381
1550,2023-03-31,5.98551,5159.8196210956385
1551,2023-04-01,7.04913,6076.715148024796
1552,2023-04-02,8.2427,7105.634305314838
1553,2023-04-03,7.02515,6056.043146054392
1554,2023-04-04,6.61258,5700.386438259162
1555,2023-04-05,6.24542,5383.875502335327
1556,2023-04-06,5.82275,5019.512071441636
1557,2023-04-07,5.4291,4680.165383549661
1558,2023-04-08,6.98226,6019.069744698652
1559,2023-04-09,7.66484,6607.489056832032
1560,2023-04-10,6.37916,5499.166308987614
1561,2023-04-11,5.71424,4925.9708314996615
1562,2023-04-12,6.07888,5240.309396907841
1563,2023-04-13,6.04607,5212.025477614724
1564,2023-04-14,5.73065,4940.11710140518
1565,2023-04-15,6.73496,5805.884336555161
1566,2023-04-16,7.90708,6816.312482908374
1567,2023-04-17,6.07383,5235.956035358611
1568,2023-04-18,5.95018,5129.363331286865
1569,2023-04-19,6.41575,5530.708784054214
1570,2023-04-20,7.6497,6594.43759270226
1571,2023-04-21,6.33374,5460.0119165983
1572,2023-04-22,7.17151,6182.213046320795
1573,2023-04-23,7.9954,6892.448897171346
1574,2023-04-24,6.43846,5550.285980248872
1575,2023-04-25,6.12808,5282.722345070639
1576,2023-04-26,5.67892,4895.523162208808
1577,2023-04-27,5.73569,4944.461842436491
1578,2023-04-28,5.55275,4786.758087621406
1579,2023-04-29,6.59365,5684.067797837988
1580,2023-04-30,7.34058,6327.960142781855
1581,2023-05-01,7.77965,6706.461223063145
1582,2023-05-02,6.82959,5887.460297625191
1583,2023-05-03,6.20252,5346.893480461667
1584,2023-05-04,5.80383,5003.202051538381
1585,2023-05-05,7.27245,6269.228554197884
1586,2023-05-06,7.74811,6679.272109545774
1587,2023-05-07,8.05218,6941.396197916949
1588,2023-05-08,6.55832,5653.611508029215
1589,2023-05-09,6.14196,5294.687623942583
1590,2023-05-10,6.22145,5363.212120882842
1591,2023-05-11,6.1142,5270.757066198696
1592,2023-05-12,5.74453,4952.082380277124
1593,2023-05-13,6.27192,5406.719874821386
1594,2023-05-14,7.44278,6416.061835916771
1595,2023-05-15,6.4801,5586.181816864702
1596,2023-05-16,6.26056,5396.926966465098
1597,2023-05-17,6.07383,5235.956035358611
1598,2023-05-18,5.5805,4810.680024847375
1599,2023-05-19,5.33573,4599.6756077374575
1600,2023-05-20,6.06121,5225.076941744495
1601,2023-05-21,6.93431,5977.734361275763
1602,2023-05-22,5.93504,5116.311867157094
1603,2023-05-23,5.66378,4882.471698079036
1604,2023-05-24,5.38873,4645.364352709576
1605,2023-05-25,4.85881,4188.545867131739
1606,2023-05-26,4.67082,4026.488750767425
1607,2023-05-27,5.55527,4788.9304581370625
1608,2023-05-28,6.04103,5207.680736583413
1609,2023-05-29,6.3514,5475.235751243727
1610,2023-05-30,5.41396,4667.1139194198895
1611,2023-05-31,4.96984,4284.259477589369
1612,2023-06-01,5.00769,4316.888137913798
1613,2023-06-02,4.64306,4002.5581930235376
1614,2023-06-03,5.23984,4517.0134614096
1615,2023-06-04,6.00948,5180.483002548123
1616,2023-06-05,5.07709,4376.714532273516
1617,2023-06-06,5.65747,4877.032151271978
1618,2023-06-07,4.93325,4252.717002522769
1619,2023-06-08,4.38567,3780.6746822995046
1620,2023-06-09,4.24815,3662.1253198737345
1621,2023-06-10,4.84619,4177.666773517623
1622,2023-06-11,5.33573,4599.6756077374575
1623,2023-06-12,4.45633,3841.587261917051
1624,2023-06-13,4.56231,3932.9475108254505
1625,2023-06-14,4.51941,3895.9654889517915
1626,2023-06-15,4.33394,3736.0807431031326
1627,2023-06-16,5.07961,4378.8869027891715
1628,2023-06-17,5.11746,4411.5155631136
1629,2023-06-18,5.63223,4855.273964043747
1630,2023-06-19,4.95596,4272.294198717426
1631,2023-06-20,4.49923,3878.569283790709
1632,2023-06-21,4.56862,3938.3870576325085
1633,2023-06-22,4.40712,3799.165693236334
1634,2023-06-23,4.32637,3729.555011038247
1635,2023-06-24,4.54465,3917.7236761800236
1636,2023-06-25,5.19316,4476.772883762457
1637,2023-06-26,4.29483,3702.3658975208764
1638,2023-06-27,4.36296,3761.0974861048476
1639,2023-06-28,4.26833,3679.5215250348165
1640,2023-06-29,4.00716,3454.3794585373003
1641,2023-06-30,3.72833,3214.0135573943576
1642,2023-07-01,4.92694,4247.277455715711
1643,2023-07-02,5.60195,4829.171035784205
1644,2023-07-03,4.59764,3963.4038006342234
1645,2023-07-04,4.20903,3628.401853773559
1646,2023-07-05,4.17371,3597.954184482705
1647,2023-07-06,4.11441,3546.8345132214477
1648,2023-07-07,3.89613,3358.6658480796705
1649,2023-07-08,4.38315,3778.502311783849
1650,2023-07-09,4.99003,4301.664303268371
1651,2023-07-10,4.23048,3646.8928647103885
1652,2023-07-11,3.86333,3330.390549304472
1653,2023-07-12,3.77879,3257.5126908149828
1654,2023-07-13,3.67155,3165.066256648755
1655,2023-07-14,3.50122,3018.2329749298674
1656,2023-07-15,4.19263,3614.26420438596
1657,2023-07-16,4.49796,3877.474478014962
1658,2023-07-17,4.22291,3640.3671326455024
1659,2023-07-18,3.78763,3265.1332286556153
1660,2023-07-19,3.8015,3277.08988700964
1661,2023-07-20,3.71445,3202.048278522414
1662,2023-07-21,3.28547,2832.2453008216658
1663,2023-07-22,4.10305,3537.0416048651587
1664,2023-07-23,4.64306,4002.5581930235376
1665,2023-07-24,3.9794,3430.4489007934135
1666,2023-07-25,3.74347,3227.065021524129
1667,2023-07-26,3.53276,3045.422088447238
1668,2023-07-27,3.33215,2872.485878468807
1669,2023-07-28,3.04574,2625.5856247430593
1670,2023-07-29,3.57692,3083.4902955787243
1671,2023-07-30,3.95922,3413.052695632331
1672,2023-07-31,3.31449,2857.2620438233807
1673,2023-08-01,3.49617,3013.8796133806372
1674,2023-08-02,3.46841,2989.94905563675
1675,2023-08-03,3.22491,2780.03944430258
1676,2023-08-04,3.1328,2700.6358537482047
1677,2023-08-05,3.80277,3278.184692785387
1678,2023-08-06,4.25698,3669.7372371964484
1679,2023-08-07,3.37253,2907.2955298268103
1680,2023-08-08,3.4722,2993.2162319281524
1681,2023-08-09,3.64127,3138.9633283892126
1682,2023-08-10,3.2186,2774.599897495522
1683,2023-08-11,3.15425,2719.126864685034
1684,2023-08-12,3.88099,3345.6143839498995
1685,2023-08-13,4.12071,3552.265439510586
1686,2023-08-14,3.61982,3120.472317452383
1687,2023-08-15,4.48661,3867.690190176593
1688,2023-08-16,3.67786,3170.5058034558133
1689,2023-08-17,3.50374,3020.405345445523
1690,2023-08-18,3.43435,2960.5875716037235
1691,2023-08-19,3.87847,3343.442013434244
1692,2023-08-20,4.49166,3872.043551725824
1693,2023-08-21,3.79772,3273.8313312361565
1694,2023-08-22,3.7094,3197.694916973184
1695,2023-08-23,3.63117,3130.256605290752
1696,2023-08-24,3.41416,2943.182745924722
1697,2023-08-25,3.59206,3096.5417597084956
1698,2023-08-26,4.21156,3630.582844807134
1699,2023-08-27,4.74147,4087.3927098670515
1700,2023-08-28,4.3188,3723.0292789733617
1701,2023-08-29,4.17749,3601.212740256188
1702,2023-08-30,4.10179,3535.955419607332
1703,2023-08-31,3.76113,3242.288856169556
1704,2023-09-01,3.8015,3277.08988700964
1705,2023-09-02,4.68343,4037.359223863622
1706,2023-09-03,5.44929,4697.570209228663
1707,2023-09-04,4.86638,4195.071599196625
1708,2023-09-05,4.90676,4229.881250554628
1709,2023-09-06,4.78563,4125.460916998538
1710,2023-09-07,4.66703,4023.221574476022
1711,2023-09-08,4.38693,3781.760867557333
1712,2023-09-09,5.28779,4558.348844832488
1713,2023-09-10,7.01632,6048.431228731679
1714,2023-09-11,7.2245,6227.893170774994
1715,2023-09-12,5.44172,4691.044477163777
1716,2023-09-13,5.06447,4365.8354386594
1717,2023-09-14,5.21966,4499.617256248517
1718,2023-09-15,5.10737,4402.81746053306
1719,2023-09-16,5.88457,5072.80411321855
1720,2023-09-17,6.82076,5879.848380302478
1721,2023-09-18,5.26886,4542.030204411314
1722,2023-09-19,6.58103,5673.188704223872
1723,2023-09-20,5.6827,4898.7817179822905
1724,2023-09-21,5.65873,4878.118336529807
1725,2023-09-22,5.7256,4935.76373985595
1726,2023-09-23,6.34257,5467.623833921013
1727,2023-09-24,7.59166,6544.40410669883
1728,2023-09-25,5.63097,4854.187778785918
1729,2023-09-26,5.47704,4721.4921464546305
1730,2023-09-27,4.81844,4153.744836291656
1731,2023-09-28,5.60952,4835.696767849089
1732,2023-09-29,5.90855,5093.476115188953
1733,2023-09-30,8.07615,6962.059579369434
1734,2023-10-01,9.2672,7988.806366143821
1735,2023-10-02,9.3593,8068.2013361802765
1736,2023-10-03,9.91445,8546.769388468427
1737,2023-10-04,7.59797,6549.843653505888
1738,2023-10-05,7.31282,6304.029585037968
1739,2023-10-06,6.793,5855.917822558591
1740,2023-10-07,7.42764,6403.010371787001
1741,2023-10-08,8.18087,7052.333643020006
1742,2023-10-09,8.38905,7231.795585063322
1743,2023-10-10,6.99866,6033.207394086252
1744,2023-10-11,6.78543,5849.392090493705
1745,2023-10-12,6.49902,5602.491836767957
1746,2023-10-13,6.09528,5254.4470462954405
1747,2023-10-14,6.93431,5977.734361275763
1748,2023-10-15,7.62699,6574.860396507603
1749,2023-10-16,6.70847,5783.048584587021
1750,2023-10-17,6.59239,5682.98161258016
1751,2023-10-18,6.2328,5372.996408721211
1752,2023-10-19,5.77733,4980.357679052322
1753,2023-10-20,5.70163,4915.100358403465
1754,2023-10-21,6.61889,5705.82598506622
1755,2023-10-22,7.56264,6519.387363697115
1756,2023-10-23,6.32112,5449.132822984184
1757,2023-10-24,5.66882,4886.816439110347
1758,2023-10-25,5.25499,4530.07354605729
1759,2023-10-26,4.74904,4093.918441931937
1760,2023-10-27,5.13008,4422.394656727716
1761,2023-10-28,5.92873,5110.872320350036
1762,2023-10-29,6.72234,5795.005242941045
1763,2023-10-30,5.64359,4865.066872400034
1764,2023-10-31,5.20956,4490.910533150056
1765,2023-11-01,5.08213,4381.059273304827
1766,2023-11-02,4.88657,4212.476424875626
1767,2023-11-03,4.65694,4014.5234718954807
1768,2023-11-04,5.63602,4858.541140335149
1769,2023-11-05,6.26813,5403.4526985299835
1770,2023-11-06,5.70289,4916.1865436612925
1771,2023-11-07,5.98046,5155.466259546408
1772,2023-11-08,5.7521,4958.60811234201
1773,2023-11-09,5.37232,4631.218082804058
1774,2023-11-10,5.44803,4696.484023970835
1775,2023-11-11,6.20757,5351.246842010898
1776,2023-11-12,7.55633,6513.947816890057
1777,2023-11-13,6.32239,5450.227628759931
1778,2023-11-14,5.72055,4931.41037830672
1779,2023-11-15,5.61457,4840.05012939832
1780,2023-11-16,5.45307,4700.828765002146
1781,2023-11-17,7.70269,6640.11771715646
1782,2023-11-18,6.50029,5603.586642543704
1783,2023-11-19,6.94819,5989.699640147707
1784,2023-11-20,6.00696,5178.310632032468
1785,2023-11-21,5.55275,4786.758087621406
1786,2023-11-22,5.47578,4720.405961196803
1787,2023-11-23,5.44676,4695.389218195088
1788,2023-11-24,5.7092,4921.62609046835
1789,2023-11-25,6.56463,5659.051054836274
1790,2023-11-26,7.03777,6066.922239668508
1791,2023-11-27,6.11799,5274.024242490097
1792,2023-11-28,5.25372,4528.978740281543
1793,2023-11-29,5.13639,4427.834203534774
1794,2023-11-30,4.79825,4136.340010612655
1795,2023-12-01,4.73895,4085.220339351396
1796,2023-12-02,5.01905,4326.681046270086
1797,2023-12-03,5.62593,4849.843037754608
1798,2023-12-04,4.60647,3971.015717956937
1799,2023-12-05,4.27969,3689.3144333911055
1800,2023-12-06,4.19516,3616.4451954195342
1801,2023-12-07,4.05006,3491.3614804109593
1802,2023-12-08,4.11441,3546.8345132214477
1803,2023-12-09,4.66703,4023.221574476022
1804,2023-12-10,5.48083,4724.759322746033
1805,2023-12-11,4.73138,4078.6946072865103
1806,2023-12-12,4.3882,3782.8556733330797
1807,2023-12-13,4.56105,3931.8613255676223
1808,2023-12-14,4.4046,3796.993322720679
1809,2023-12-15,3.82548,3297.761888980044
1810,2023-12-16,4.93451,4253.803187780597
1811,2023-12-17,5.56663,4798.72336649335
1812,2023-12-18,4.72255,4071.082689963797
1813,2023-12-19,4.26329,3675.1767840035054
1814,2023-12-20,3.93651,3393.475499437674
1815,2023-12-21,4.05006,3491.3614804109593
1816,2023-12-22,3.66903,3162.8938861330994
1817,2023-12-23,4.30745,3713.2449911349922
1818,2023-12-24,4.72255,4071.082689963797
1819,2023-12-25,4.89792,4222.260712713995
1820,2023-12-26,4.00338,3451.1209027638174
1821,2023-12-27,3.68669,3178.1177207785267
1822,2023-12-28,3.82043,3293.4085274308136
1823,2023-12-29,3.56557,3073.7060077403557
1824,2023-12-30,4.13964,3568.58407993176
1825,2023-12-31,4.46642,3850.285364497592
1826,2024-01-01,4.2759,3686.0472570997026
1827,2024-01-02,3.99076,3440.2418091497016
1828,2024-01-03,3.88099,3345.6143839498995
1829,2024-01-04,3.88604,3349.9677454991293
1830,2024-01-05,3.59585,3099.808935999898
1831,2024-01-06,4.61152,3975.3690795061666
1832,2024-01-07,5.25246,4527.892555023715
1833,2024-01-08,3.88478,3348.881560241302
1834,2024-01-09,3.9466,3402.173602018215
1835,2024-01-10,3.85954,3327.12337301307
1836,2024-01-11,3.53402,3046.5082737050657
1837,2024-01-12,3.77879,3257.5126908149828
1838,2024-01-13,4.49923,3878.569283790709
1839,2024-01-14,5.06573,4366.921623917228
1840,2024-01-15,3.87216,3338.0024666271856
1841,2024-01-16,3.86207,3329.304364046645
1842,2024-01-17,3.96553,3418.492242439389
1843,2024-01-18,3.82421,3296.667083204297
1844,2024-01-19,3.85828,3326.0371877552425
1845,2024-01-20,4.8954,4220.088342198341
1846,2024-01-21,5.31933,4585.537958349859
1847,2024-01-22,4.34908,3749.132207232904
1848,2024-01-23,4.01852,3464.1723668935883
1849,2024-01-24,4.31502,3719.7707231998775
1850,2024-01-25,3.77753,3256.426505557155
1851,2024-01-26,3.60216,3105.2484828069564
1852,2024-01-27,4.2595,3671.9096077121035
1853,2024-01-28,5.26508,4538.771648637831
1854,2024-01-29,4.32511,3728.4688257804187
1855,2024-01-30,3.92389,3382.596405823558
1856,2024-01-31,3.8444,3314.0719088832984
1857,2024-02-01,3.88982,3353.2263012726125
1858,2024-02-02,3.92137,3380.4240353079026
1859,2024-02-03,4.70993,4060.203596349681
1860,2024-02-04,5.66504,4883.5578833368645
1861,2024-02-05,4.50301,3881.8278395641923
1862,2024-02-06,4.18001,3603.385110771844
1863,2024-02-07,4.12576,3556.6188010598157
1864,2024-02-08,4.15604,3582.721729319359
1865,2024-02-09,4.62413,3986.239552602364
1866,2024-02-10,4.87774,4204.864507552914
1867,2024-02-11,6.08645,5246.835128972727
1868,2024-02-12,6.80814,5868.969286688362
1869,2024-02-13,5.92369,5106.527579318725
1870,2024-02-14,5.31176,4579.012226284973
1871,2024-02-15,4.82474,4159.175762580794
1872,2024-02-16,4.73264,4079.780792544338
1873,2024-02-17,5.48966,4732.371240068746
1874,2024-02-18,6.51416,5615.543300897729
1875,2024-02-19,5.07204,4372.361170724286
1876,2024-02-20,4.83484,4167.882485679254
1877,2024-02-21,4.88657,4212.476424875626
1878,2024-02-22,4.52446,3900.318850501022
1879,2024-02-23,4.29483,3702.3658975208764
1880,2024-02-24,5.20199,4484.384801085171
1881,2024-02-25,6.18612,5332.755831074069
1882,2024-02-26,4.83862,4171.141041452738
1883,2024-02-27,4.55474,3926.4217787605644
1884,2024-02-28,4.57114,3940.5594281481635
1885,2024-02-29,4.45885,3843.759632432706
1886,2024-03-01,5.6335,4856.3687698194935
1887,2024-03-02,6.21514,5357.772574075784
1888,2024-03-03,6.47757,5584.000825831128
1889,2024-03-04,4.71498,4064.556957898911
1890,2024-03-05,4.79699,4135.253825354826
1891,2024-03-06,4.58754,3954.6970775357627
1892,2024-03-07,4.68596,4039.540214897196
1893,2024-03-08,4.41848,3808.958601592622
1894,2024-03-09,5.81013,5008.63297782752
1895,2024-03-10,7.07941,6102.818076284339
1896,2024-03-11,5.31807,4584.451773092031
1897,2024-03-12,5.06194,4363.654447625826
1898,2024-03-13,5.23101,4509.401544086886
1899,2024-03-14,5.1654,4452.84232601857
1900,2024-03-15,5.00138,4311.44859110674
1901,2024-03-16,10.67526,9202.627012284236
1902,2024-03-17,9.62174,8294.438208453541
1903,2024-03-18,7.10212,6122.395272478996
1904,2024-03-19,6.43341,5545.932618699641
1905,2024-03-20,6.64664,5729.7479222921875
1906,2024-03-21,5.63476,4857.454955077322
1907,2024-03-22,5.67513,4892.255985917405
1908,2024-03-23,7.32165,6311.641502360681
1909,2024-03-24,8.47106,7302.492452519236
1910,2024-03-25,6.00822,5179.396817290295
1911,2024-03-26,5.45433,4701.914950259973
1912,2024-03-27,5.45938,4706.268311809204
1913,2024-03-28,5.14269,4433.2651298239125
1914,2024-03-29,4.99381,4304.922859041854
1915,2024-03-30,6.13691,5290.334262393352
1916,2024-03-31,7.34941,6335.572060104569
1917,2024-04-01,6.34005,5465.451463405358
1918,2024-04-02,5.72181,4932.496563564547
1919,2024-04-03,5.36728,4626.873341772747
1920,2024-04-04,5.27517,4547.469751218372
1921,2024-04-05,5.17424,4460.462863859203
1922,2024-04-06,5.72939,4939.030916147352
1923,2024-04-07,7.1488,6162.6358501261375
1924,2024-04-08,5.91738,5101.088032511667
1925,2024-04-09,5.56284,4795.456190201948
1926,2024-04-10,6.69837,5774.3418614885595
1927,2024-04-11,5.5805,4810.680024847375
1928,2024-04-12,5.47578,4720.405961196803
1929,2024-04-13,7.0567,6083.240880089682
1930,2024-04-14,7.86166,6777.158090519059
1931,2024-04-15,5.86817,5058.66646383095
1932,2024-04-16,5.58177,4811.7748306231215
1933,2024-04-17,5.85177,5044.528814443352
1934,2024-04-18,5.46947,4714.966414389745
1935,2024-04-19,5.27391,4546.383565960544
1936,2024-04-20,6.12934,5283.808530328467
1937,2024-04-21,6.72234,5795.005242941045
1938,2024-04-22,5.28022,4551.823112767603
1939,2024-04-23,5.12881,4421.299850951968
1940,2024-04-24,4.77049,4112.4094528687665
1941,2024-04-25,4.47147,3854.6387260468223
1942,2024-04-26,5.02536,4332.120593077144
1943,2024-04-27,6.14196,5294.687623942583
1944,2024-04-28,6.62267,5709.084540839704
1945,2024-04-29,5.53761,4773.706623491636
1946,2024-04-30,4.99507,4306.0090442996825
1947,2024-05-01,6.11799,5274.024242490097
1948,2024-05-02,5.26886,4542.030204411314
1949,2024-05-03,5.19695,4480.04006005386
1950,2024-05-04,5.62593,4849.843037754608
1951,2024-05-05,6.5394,5637.3014881259605
1952,2024-05-06,6.05112,5216.378839163955
1953,2024-05-07,5.36349,4623.606165481345
1954,2024-05-08,4.9282,4248.363640973539
1955,2024-05-09,4.5989,3964.4899858920517
1956,2024-05-10,4.51437,3891.6207479204813
1957,2024-05-11,4.76166,4104.797535546053
1958,2024-05-12,5.52373,4761.7413446196915
1959,2024-05-13,4.91559,4237.493167877342
1960,2024-05-14,4.55348,3925.3355935027375
1961,2024-05-15,5.4291,4680.165383549661
1962,2024-05-16,4.66956,4025.402565509597
1963,2024-05-17,4.61278,3976.455264763995
1964,2024-05-18,4.81087,4147.2191042267705
1965,2024-05-19,5.42784,4679.079198291833
1966,2024-05-20,4.20903,3628.401853773559
1967,2024-05-21,4.23553,3651.246226259618
1968,2024-05-22,4.13207,3562.058347866874
1969,2024-05-23,3.75104,3233.5907535890146
1970,2024-05-24,3.66019,3155.2733482924673
1971,2024-05-25,4.12324,3554.4464305441606
1972,2024-05-26,4.84619,4177.666773517623
1973,2024-05-27,4.16992,3594.687008191303
1974,2024-05-28,4.0917,3527.2573170267906
1975,2024-05-29,3.78636,3264.0384228798684
1976,2024-05-30,3.60973,3111.7742148718417
1977,2024-05-31,3.80024,3276.003701751812
1978,2024-06-01,4.098,3532.688243315929
1979,2024-06-02,4.68217,4036.2730386057938
1980,2024-06-03,4.05006,3491.3614804109593
1981,2024-06-04,3.71066,3198.781102231011
1982,2024-06-05,3.39145,2923.605549730065
1983,2024-06-06,4.25572,3668.65105193862
1984,2024-06-07,3.86459,3331.4767345623004
1985,2024-06-08,4.13207,3562.058347866874
1986,2024-06-09,4.36927,3766.5370329119055
1987,2024-06-10,3.8545,3322.7786319817587
1988,2024-06-11,4.16361,3589.247461384245
1989,2024-06-12,4.11567,3547.920698479275
1990,2024-06-13,4.13838,3567.497894673932
1991,2024-06-14,4.05511,3495.7148419601895
1992,2024-06-15,4.34277,3743.6926604258456
1993,2024-06-16,4.75283,4097.1856182233405
1994,2024-06-17,4.16361,3589.247461384245
1995,2024-06-18,3.79393,3270.564154944754
1996,2024-06-19,3.73337,3218.358298425668
1997,2024-06-20,3.61351,3115.0327706453254
1998,2024-06-21,3.505,3021.4915307033507
1999,2024-06-22,4.03492,3478.3100162811875
2000,2024-06-23,4.43362,3822.010065722394
2001,2024-06-24,3.62865,3128.0842347750963
2002,2024-06-25,3.53907,3050.861635254296
2003,2024-06-26,3.39145,2923.605549730065
2004,2024-06-27,3.21986,2775.6860827533496
2005,2024-06-28,3.24509,2797.4356494636622
2006,2024-06-29,3.69678,3186.815823359068
2007,2024-06-30,3.95922,3413.052695632331
2008,2024-07-01,3.58197,3087.843657127955
2009,2024-07-02,3.22491,2780.03944430258
2010,2024-07-03,3.26402,2813.754289884836
2011,2024-07-04,3.27537,2823.538577723205
2012,2024-07-05,3.13028,2698.463483232549
2013,2024-07-06,3.43435,2960.5875716037235
2014,2024-07-07,3.80529,3280.357063301042
2015,2024-07-08,3.53276,3045.422088447238
2016,2024-07-09,3.19589,2755.022701300865
2017,2024-07-10,3.24888,2800.702825755065
2018,2024-07-11,3.1429,2709.342576846665
2019,2024-07-12,3.21229,2769.160350688464
2020,2024-07-13,3.71318,3200.9534727466666
2021,2024-07-14,3.89235,3355.407292306187
2022,2024-07-15,3.52393,3037.8101711245245
2023,2024-07-16,3.37883,2912.726456115949
2024,2024-07-17,3.33341,2873.5720637266354
2025,2024-07-18,3.16939,2732.1783288148054
2026,2024-07-19,3.16687,2730.00595829915
2027,2024-07-20,3.40281,2933.3984580863535
2028,2024-07-21,3.5908,3095.4555744506683
2029,2024-07-22,3.1921,2751.7555250094624
2030,2024-07-23,3.0243,2607.1032343241495
2031,2024-07-24,3.11135,2682.144842811375
2032,2024-07-25,2.79719,2411.3226518596593
2033,2024-07-26,2.86406,2468.9680551858028
2034,2024-07-27,3.25014,2801.7890110128924
2035,2024-07-28,3.31323,2856.1758585655525
2036,2024-07-29,2.94481,2538.57873738389
2037,2024-07-30,2.85018,2457.002776313859
2038,2024-07-31,3.06593,2642.990450422061
2039,2024-08-01,3.03817,2619.0598926781736
2040,2024-08-02,2.81233,2424.3741159894307
2041,2024-08-03,3.02303,2606.008428548402
2042,2024-08-04,3.18705,2747.4021634602323
2043,2024-08-05,2.76691,2385.2197236001166
2044,2024-08-06,2.81233,2424.3741159894307
2045,2024-08-07,2.91074,2509.2086328329447
2046,2024-08-08,2.58901,2231.860709816343
2047,2024-08-09,2.79467,2409.150281344004
2048,2024-08-10,3.03187,2613.628966389035
2049,2024-08-11,3.48103,3000.828149250866
2050,2024-08-12,2.67733,2307.9971240793157
2051,2024-08-13,2.85018,2457.002776313859
2052,2024-08-14,2.85144,2458.088961571687
2053,2024-08-15,3.20598,2763.720803881406
2054,2024-08-16,2.97761,2566.854036159088
2055,2024-08-17,3.18075,2741.9712371710934
2056,2024-08-18,3.45958,2982.3371383140366
2057,2024-08-19,2.90443,2503.7690860258867
2058,2024-08-20,2.99528,2582.0864913224345
2059,2024-08-21,3.00411,2589.6984086451475
2060,2024-08-22,2.94859,2541.837293157373
2061,2024-08-23,2.97635,2565.7678509012603
2062,2024-08-24,3.41038,2939.924190151239
2063,2024-08-25,3.65262,3148.7476162275816
2064,2024-08-26,3.39019,2922.5193644722376
2065,2024-08-27,3.24257,2795.2632789480067
2066,2024-08-28,3.23374,2787.6513616252932
2067,2024-08-29,3.37631,2910.554085600294
2068,2024-08-30,3.79267,3269.4779696869264
2069,2024-08-31,4.54591,3918.8098614378514
2070,2024-09-01,4.93451,4253.803187780597
2071,2024-09-02,4.23553,3651.246226259618
2072,2024-09-03,4.13838,3567.497894673932
2073,2024-09-04,3.99202,3441.3279944075293
2074,2024-09-05,3.99076,3440.2418091497016
2075,2024-09-06,3.93398,3391.2945084040994
2076,2024-09-07,5.21083,4492.005338925803
2077,2024-09-08,5.88079,5069.545557445066
2078,2024-09-09,5.40387,4658.415816839349
2079,2024-09-10,4.65189,4010.170110346251
2080,2024-09-11,4.35287,3752.399383524307
2081,2024-09-12,4.25698,3669.7372371964484
2082,2024-09-13,4.02356,3468.5171079248994
2083,2024-09-14,4.76671,4109.150897095284
2084,2024-09-15,5.28653,4557.262659574661
2085,2024-09-16,4.63297,3993.860090442997
2086,2024-09-17,4.48787,3868.7763754344214
2087,2024-09-18,6.00191,5173.957270483237
2088,2024-09-19,4.67334,4028.66112128308
2089,2024-09-20,4.76418,4106.969906061709
2090,2024-09-21,5.97163,5147.854342223694
2091,2024-09-22,6.43215,5544.846433441814
2092,2024-09-23,5.59564,4823.731488977146
2093,2024-09-24,5.07835,4377.800717531344
2094,2024-09-25,4.81844,4153.744836291656
2095,2024-09-26,4.52951,3904.6722120502523
2096,2024-09-27,5.05185,4354.956345045284
2097,2024-09-28,5.59312,4821.5591184614905
2098,2024-09-29,6.14575,5297.954800233984
2099,2024-09-30,4.75661,4100.444173996823
