,date,포터리,포터리_absolute
0,2019-01-01,0.04131,14.99465575491012
1,2019-01-02,0.07673,27.85136616011265
2,2019-01-03,0.08853,32.13451643626708
3,2019-01-04,0.06788,24.639003452996825
4,2019-01-05,0.06492,23.5645860955886
5,2019-01-06,0.24496,88.91529590227023
6,2019-01-07,0.07378,26.78057859107404
7,2019-01-08,0.07378,26.78057859107404
8,2019-01-09,0.07083,25.709791022035436
9,2019-01-10,0.09444,34.279721362713914
10,2019-01-11,0.06197,22.49379852654999
11,2019-01-12,0.06788,24.639003452996825
12,2019-01-13,0.09149,33.20893379367531
13,2019-01-14,0.1328,48.20358954858543
14,2019-01-15,0.14756,53.56115718214808
15,2019-01-16,0.14166,51.41958204407087
16,2019-01-17,0.11215,40.708076565315174
17,2019-01-18,0.10329,37.49208406982974
18,2019-01-19,0.121,43.920439272431
19,2019-01-20,0.1328,48.20358954858543
20,2019-01-21,0.20069,72.84622278995188
21,2019-01-22,0.15937,57.84793724667214
22,2019-01-23,0.15346,55.7027323202253
23,2019-01-24,0.11215,40.708076565315174
24,2019-01-25,0.26561,96.41080888554048
25,2019-01-26,0.16527,59.98951238474935
26,2019-01-27,0.1328,48.20358954858543
27,2019-01-28,0.16232,58.91872481571074
28,2019-01-29,0.13871,50.348794475032264
29,2019-01-30,0.14756,53.56115718214808
30,2019-01-31,0.14166,51.41958204407087
31,2019-02-01,0.10919,39.633659207906945
32,2019-02-02,0.11215,40.708076565315174
33,2019-02-03,0.09444,34.279721362713914
34,2019-02-04,0.10624,38.562871638868344
35,2019-02-05,0.11215,40.708076565315174
36,2019-02-06,0.11805,42.84965170339239
37,2019-02-07,0.15937,57.84793724667214
38,2019-02-08,0.10034,36.42129650079113
39,2019-02-09,0.08853,32.13451643626708
40,2019-02-10,0.10329,37.49208406982974
41,2019-02-11,0.11215,40.708076565315174
42,2019-02-12,0.1328,48.20358954858543
43,2019-02-13,0.14461,52.49036961310947
44,2019-02-14,0.18298,66.41786758735061
45,2019-02-15,0.32759,118.90823720046009
46,2019-02-16,0.19183,69.63023029446643
47,2019-02-17,0.242,87.840878544862
48,2019-02-18,0.2243,81.41615313063035
49,2019-02-19,0.14166,51.41958204407087
50,2019-02-20,0.18298,66.41786758735061
51,2019-02-21,0.14461,52.49036961310947
52,2019-02-22,0.28627,103.90995165718036
53,2019-02-23,0.2243,81.41615313063035
54,2019-02-24,0.22725,82.48694069966896
55,2019-02-25,0.27742,100.69758895006453
56,2019-02-26,0.32169,116.76666206238286
57,2019-02-27,0.28332,102.83916408814174
58,2019-02-28,0.18888,68.55944272542783
59,2019-03-01,0.22725,82.48694069966896
60,2019-03-02,0.32169,116.76666206238286
61,2019-03-03,0.35711,129.6233724675854
62,2019-03-04,0.30103,109.26751929074301
63,2019-03-05,0.3394,123.19501726498413
64,2019-03-06,0.37777,137.12251523922527
65,2019-03-07,0.31579,114.62508692430566
66,2019-03-08,0.20659,74.98779792802908
67,2019-03-09,0.16822,61.06029995378796
68,2019-03-10,0.26266,95.34002131650188
69,2019-03-11,0.21544,78.20016063514491
70,2019-03-12,0.2243,81.41615313063035
71,2019-03-13,0.19183,69.63023029446643
72,2019-03-14,0.17117,62.131087522826554
73,2019-03-15,0.20069,72.84622278995188
74,2019-03-16,0.18593,67.48865515638923
75,2019-03-17,0.22725,82.48694069966896
76,2019-03-18,0.32759,118.90823720046009
77,2019-03-19,0.20659,74.98779792802908
78,2019-03-20,0.19478,70.70101786350504
79,2019-03-21,0.2361,85.69930340678478
80,2019-03-22,0.1151,41.77886413435378
81,2019-03-23,0.13576,49.27800690599365
82,2019-03-24,0.17117,62.131087522826554
83,2019-03-25,0.19773,71.77180543254364
84,2019-03-26,0.20659,74.98779792802908
85,2019-03-27,0.23315,84.62851583774618
86,2019-03-28,0.17707,64.27266266090378
87,2019-03-29,0.15937,57.84793724667214
88,2019-03-30,0.15051,54.631944751186694
89,2019-03-31,0.21839,79.27094820418351
90,2019-04-01,0.19183,69.63023029446643
91,2019-04-02,0.17707,64.27266266090378
92,2019-04-03,0.17707,64.27266266090378
93,2019-04-04,0.22725,82.48694069966896
94,2019-04-05,0.20659,74.98779792802908
95,2019-04-06,0.19183,69.63023029446643
96,2019-04-07,0.14461,52.49036961310947
97,2019-04-08,0.17707,64.27266266090378
98,2019-04-09,0.09739,35.35050893175252
99,2019-04-10,0.19478,70.70101786350504
100,2019-04-11,0.25676,93.19844617842465
101,2019-04-12,0.17117,62.131087522826554
102,2019-04-13,0.13871,50.348794475032264
103,2019-04-14,0.14461,52.49036961310947
104,2019-04-15,0.24496,88.91529590227023
105,2019-04-16,0.18298,66.41786758735061
106,2019-04-17,0.16527,59.98951238474935
107,2019-04-18,0.24791,89.98608347130883
108,2019-04-19,0.13576,49.27800690599365
109,2019-04-20,0.12395,44.991226841469604
110,2019-04-21,0.14756,53.56115718214808
111,2019-04-22,0.15051,54.631944751186694
112,2019-04-23,0.11805,42.84965170339239
113,2019-04-24,0.10034,36.42129650079113
114,2019-04-25,0.08853,32.13451643626708
115,2019-04-26,0.12395,44.991226841469604
116,2019-04-27,0.09149,33.20893379367531
117,2019-04-28,0.06492,23.5645860955886
118,2019-04-29,0.21839,79.27094820418351
119,2019-04-30,0.20954,76.0585854970677
120,2019-05-01,0.15051,54.631944751186694
121,2019-05-02,0.1328,48.20358954858543
122,2019-05-03,0.13871,50.348794475032264
123,2019-05-04,0.08263,29.992941298189862
124,2019-05-05,0.08853,32.13451643626708
125,2019-05-06,0.12395,44.991226841469604
126,2019-05-07,0.10329,37.49208406982974
127,2019-05-08,0.10919,39.633659207906945
128,2019-05-09,0.13871,50.348794475032264
129,2019-05-10,0.09149,33.20893379367531
130,2019-05-11,0.07968,28.922153729151255
131,2019-05-12,0.07083,25.709791022035436
132,2019-05-13,0.14461,52.49036961310947
133,2019-05-14,0.16822,61.06029995378796
134,2019-05-15,0.17117,62.131087522826554
135,2019-05-16,0.10624,38.562871638868344
136,2019-05-17,0.11805,42.84965170339239
137,2019-05-18,0.09444,34.279721362713914
138,2019-05-19,0.10034,36.42129650079113
139,2019-05-20,0.10919,39.633659207906945
140,2019-05-21,0.09149,33.20893379367531
141,2019-05-22,0.08263,29.992941298189862
142,2019-05-23,0.10034,36.42129650079113
143,2019-05-24,0.09739,35.35050893175252
144,2019-05-25,0.04426,16.065443323948728
145,2019-05-26,0.20364,73.91701035899048
146,2019-05-27,0.14756,53.56115718214808
147,2019-05-28,0.17117,62.131087522826554
148,2019-05-29,0.09149,33.20893379367531
149,2019-05-30,0.11805,42.84965170339239
150,2019-05-31,0.09444,34.279721362713914
151,2019-06-01,0.1269,46.06201441050822
152,2019-06-02,0.17117,62.131087522826554
153,2019-06-03,0.12985,47.13280197954682
154,2019-06-04,0.09444,34.279721362713914
155,2019-06-05,0.07378,26.78057859107404
156,2019-06-06,0.06197,22.49379852654999
157,2019-06-07,0.06788,24.639003452996825
158,2019-06-08,0.10034,36.42129650079113
159,2019-06-09,0.10329,37.49208406982974
160,2019-06-10,0.10919,39.633659207906945
161,2019-06-11,0.07673,27.85136616011265
162,2019-06-12,0.29808,108.1967317217044
163,2019-06-13,0.15051,54.631944751186694
164,2019-06-14,0.121,43.920439272431
165,2019-06-15,0.07378,26.78057859107404
166,2019-06-16,0.09739,35.35050893175252
167,2019-06-17,0.09444,34.279721362713914
168,2019-06-18,0.11805,42.84965170339239
169,2019-06-19,0.1328,48.20358954858543
170,2019-06-20,0.08558,31.06372886722847
171,2019-06-21,0.08558,31.06372886722847
172,2019-06-22,0.10329,37.49208406982974
173,2019-06-23,0.1151,41.77886413435378
174,2019-06-24,0.10624,38.562871638868344
175,2019-06-25,0.08558,31.06372886722847
176,2019-06-26,0.07968,28.922153729151255
177,2019-06-27,0.09444,34.279721362713914
178,2019-06-28,0.05902,21.423010957511387
179,2019-06-29,0.08853,32.13451643626708
180,2019-06-30,0.10919,39.633659207906945
181,2019-07-01,0.121,43.920439272431
182,2019-07-02,0.04722,17.139860681356957
183,2019-07-03,0.08558,31.06372886722847
184,2019-07-04,0.1328,48.20358954858543
185,2019-07-05,0.06197,22.49379852654999
186,2019-07-06,0.07378,26.78057859107404
187,2019-07-07,0.06492,23.5645860955886
188,2019-07-08,0.07083,25.709791022035436
189,2019-07-09,0.05902,21.423010957511387
190,2019-07-10,0.12985,47.13280197954682
191,2019-07-11,0.42794,155.33316348962083
192,2019-07-12,0.21544,78.20016063514491
193,2019-07-13,0.18888,68.55944272542783
194,2019-07-14,0.13576,49.27800690599365
195,2019-07-15,0.12985,47.13280197954682
196,2019-07-16,0.16232,58.91872481571074
197,2019-07-17,0.15346,55.7027323202253
198,2019-07-18,0.16527,59.98951238474935
199,2019-07-19,0.14756,53.56115718214808
200,2019-07-20,0.10919,39.633659207906945
201,2019-07-21,0.15346,55.7027323202253
202,2019-07-22,0.16822,61.06029995378796
203,2019-07-23,0.19478,70.70101786350504
204,2019-07-24,0.121,43.920439272431
205,2019-07-25,0.20069,72.84622278995188
206,2019-07-26,0.13871,50.348794475032264
207,2019-07-27,0.07083,25.709791022035436
208,2019-07-28,0.26857,97.4852262429487
209,2019-07-29,0.45745,166.04466896837653
210,2019-07-30,0.24791,89.98608347130883
211,2019-07-31,0.13871,50.348794475032264
212,2019-08-01,0.24791,89.98608347130883
213,2019-08-02,0.11215,40.708076565315174
214,2019-08-03,0.21544,78.20016063514491
215,2019-08-04,0.18593,67.48865515638923
216,2019-08-05,0.16527,59.98951238474935
217,2019-08-06,0.14461,52.49036961310947
218,2019-08-07,0.15937,57.84793724667214
219,2019-08-08,0.1151,41.77886413435378
220,2019-08-09,0.121,43.920439272431
221,2019-08-10,0.08558,31.06372886722847
222,2019-08-11,0.08853,32.13451643626708
223,2019-08-12,0.1151,41.77886413435378
224,2019-08-13,0.21249,77.12937306610631
225,2019-08-14,0.11215,40.708076565315174
226,2019-08-15,0.12985,47.13280197954682
227,2019-08-16,0.11805,42.84965170339239
228,2019-08-17,0.14166,51.41958204407087
229,2019-08-18,0.14461,52.49036961310947
230,2019-08-19,0.13576,49.27800690599365
231,2019-08-20,0.22134,80.34173577322213
232,2019-08-21,0.16232,58.91872481571074
233,2019-08-22,0.21839,79.27094820418351
234,2019-08-23,0.22134,80.34173577322213
235,2019-08-24,0.18593,67.48865515638923
236,2019-08-25,0.21839,79.27094820418351
237,2019-08-26,0.31284,113.55429935526706
238,2019-08-27,0.31874,115.69587449334428
239,2019-08-28,0.32464,117.83744963142148
240,2019-08-29,0.26857,97.4852262429487
241,2019-08-30,0.3394,123.19501726498413
242,2019-08-31,0.51058,185.32973457618033
243,2019-09-01,0.38072,138.1933028082639
244,2019-09-02,0.50762,184.2553172187721
245,2019-09-03,0.42499,154.26237592058223
246,2019-09-04,0.35711,129.6233724675854
247,2019-09-05,0.36006,130.694160036624
248,2019-09-06,0.35415,128.5489551101772
249,2019-09-07,0.36891,133.90652274373983
250,2019-09-08,0.32169,116.76666206238286
251,2019-09-09,0.28923,104.98436901458857
252,2019-09-10,0.36891,133.90652274373983
253,2019-09-11,0.25971,94.26923374746326
254,2019-09-12,0.31579,114.62508692430566
255,2019-09-13,0.46335,168.18624410645373
256,2019-09-14,0.29808,108.1967317217044
257,2019-09-15,0.36301,131.76494760566263
258,2019-09-16,0.28627,103.90995165718036
259,2019-09-17,0.27447,99.62680138102591
260,2019-09-18,0.47221,171.4022366019392
261,2019-09-19,0.50467,183.18452964973346
262,2019-09-20,0.49582,179.97216694261766
263,2019-09-21,0.69946,253.88917730160813
264,2019-09-22,0.43974,159.61631376577526
265,2019-09-23,0.36301,131.76494760566263
266,2019-09-24,0.37777,137.12251523922527
267,2019-09-25,0.29218,106.05515658362718
268,2019-09-26,0.29808,108.1967317217044
269,2019-09-27,0.27742,100.69758895006453
270,2019-09-28,0.3453,125.33659240306135
271,2019-09-29,0.27447,99.62680138102591
272,2019-09-30,0.28332,102.83916408814174
273,2019-10-01,0.33645,122.12422969594554
274,2019-10-02,0.35415,128.5489551101772
275,2019-10-03,0.30988,112.47988199785883
276,2019-10-04,0.28037,101.76837651910313
277,2019-10-05,0.25381,92.12765860938605
278,2019-10-06,0.31579,114.62508692430566
279,2019-10-07,0.32464,117.83744963142148
280,2019-10-08,0.43384,157.47473862769806
281,2019-10-09,0.30988,112.47988199785883
282,2019-10-10,0.19478,70.70101786350504
283,2019-10-11,0.21249,77.12937306610631
284,2019-10-12,0.12395,44.991226841469604
285,2019-10-13,0.242,87.840878544862
286,2019-10-14,0.18593,67.48865515638923
287,2019-10-15,0.18003,65.347080018312
288,2019-10-16,0.19773,71.77180543254364
289,2019-10-17,0.18888,68.55944272542783
290,2019-10-18,0.18298,66.41786758735061
291,2019-10-19,0.17412,63.20187509186517
292,2019-10-20,0.24791,89.98608347130883
293,2019-10-21,0.22134,80.34173577322213
294,2019-10-22,0.15937,57.84793724667214
295,2019-10-23,0.28332,102.83916408814174
296,2019-10-24,0.18003,65.347080018312
297,2019-10-25,0.13871,50.348794475032264
298,2019-10-26,0.14166,51.41958204407087
299,2019-10-27,0.15051,54.631944751186694
300,2019-10-28,0.22725,82.48694069966896
301,2019-10-29,0.15937,57.84793724667214
302,2019-10-30,0.21544,78.20016063514491
303,2019-10-31,0.1269,46.06201441050822
304,2019-11-01,0.14756,53.56115718214808
305,2019-11-02,0.15051,54.631944751186694
306,2019-11-03,0.21839,79.27094820418351
307,2019-11-04,0.2361,85.69930340678478
308,2019-11-05,0.17117,62.131087522826554
309,2019-11-06,0.25971,94.26923374746326
310,2019-11-07,0.81456,295.6680414359619
311,2019-11-08,0.44269,160.68710133481386
312,2019-11-09,0.59912,217.46788080081703
313,2019-11-10,0.41613,151.0463834250968
314,2019-11-11,0.28627,103.90995165718036
315,2019-11-12,0.26561,96.41080888554048
316,2019-11-13,0.26266,95.34002131650188
317,2019-11-14,0.23905,86.7700909758234
318,2019-11-15,0.121,43.920439272431
319,2019-11-16,0.08263,29.992941298189862
320,2019-11-17,0.35415,128.5489551101772
321,2019-11-18,0.30398,110.3383068597816
322,2019-11-19,0.16822,61.06029995378796
323,2019-11-20,0.16232,58.91872481571074
324,2019-11-21,0.15346,55.7027323202253
325,2019-11-22,0.08558,31.06372886722847
326,2019-11-23,0.06788,24.639003452996825
327,2019-11-24,0.1328,48.20358954858543
328,2019-11-25,0.10624,38.562871638868344
329,2019-11-26,0.11805,42.84965170339239
330,2019-11-27,0.10919,39.633659207906945
331,2019-11-28,0.09739,35.35050893175252
332,2019-11-29,0.10624,38.562871638868344
333,2019-11-30,0.1269,46.06201441050822
334,2019-12-01,0.17707,64.27266266090378
335,2019-12-02,0.17117,62.131087522826554
336,2019-12-03,0.15642,56.77714967763353
337,2019-12-04,0.1269,46.06201441050822
338,2019-12-05,0.121,43.920439272431
339,2019-12-06,0.15642,56.77714967763353
340,2019-12-07,0.10329,37.49208406982974
341,2019-12-08,0.14756,53.56115718214808
342,2019-12-09,0.12985,47.13280197954682
343,2019-12-10,0.11215,40.708076565315174
344,2019-12-11,0.14166,51.41958204407087
345,2019-12-12,0.10919,39.633659207906945
346,2019-12-13,0.16232,58.91872481571074
347,2019-12-14,0.1269,46.06201441050822
348,2019-12-15,0.07673,27.85136616011265
349,2019-12-16,0.16232,58.91872481571074
350,2019-12-17,0.12985,47.13280197954682
351,2019-12-18,0.10034,36.42129650079113
352,2019-12-19,0.07083,25.709791022035436
353,2019-12-20,0.14461,52.49036961310947
354,2019-12-21,0.14461,52.49036961310947
355,2019-12-22,0.10624,38.562871638868344
356,2019-12-23,0.20954,76.0585854970677
357,2019-12-24,0.38367,139.2640903773025
358,2019-12-25,0.13576,49.27800690599365
359,2019-12-26,0.17412,63.20187509186517
360,2019-12-27,0.121,43.920439272431
361,2019-12-28,0.13576,49.27800690599365
362,2019-12-29,0.21839,79.27094820418351
363,2019-12-30,0.15051,54.631944751186694
364,2019-12-31,0.15642,56.77714967763353
365,2020-01-01,0.121,43.920439272431
366,2020-01-02,0.09739,35.35050893175252
367,2020-01-03,0.17412,63.20187509186517
368,2020-01-04,0.14166,51.41958204407087
369,2020-01-05,0.16232,58.91872481571074
370,2020-01-06,0.18298,66.41786758735061
371,2020-01-07,0.19773,71.77180543254364
372,2020-01-08,0.1269,46.06201441050822
373,2020-01-09,0.20364,73.91701035899048
374,2020-01-10,0.1151,41.77886413435378
375,2020-01-11,0.20954,76.0585854970677
376,2020-01-12,0.20364,73.91701035899048
377,2020-01-13,0.23315,84.62851583774618
378,2020-01-14,0.242,87.840878544862
379,2020-01-15,0.41023,148.90480828701956
380,2020-01-16,0.20364,73.91701035899048
381,2020-01-17,0.20364,73.91701035899048
382,2020-01-18,0.22725,82.48694069966896
383,2020-01-19,0.23905,86.7700909758234
384,2020-01-20,0.21839,79.27094820418351
385,2020-01-21,0.20364,73.91701035899048
386,2020-01-22,0.20659,74.98779792802908
387,2020-01-23,0.73193,265.67510013777206
388,2020-01-24,0.72602,263.52989521132525
389,2020-01-25,0.30988,112.47988199785883
390,2020-01-26,0.38957,141.40566551537972
391,2020-01-27,0.37481,136.04809788181703
392,2020-01-28,0.42204,153.19158835154363
393,2020-01-29,0.32169,116.76666206238286
394,2020-01-30,0.35711,129.6233724675854
395,2020-01-31,0.35415,128.5489551101772
396,2020-02-01,0.30988,112.47988199785883
397,2020-02-02,0.31874,115.69587449334428
398,2020-02-03,0.29808,108.1967317217044
399,2020-02-04,0.39252,142.4764530844183
400,2020-02-05,0.27742,100.69758895006453
401,2020-02-06,0.35415,128.5489551101772
402,2020-02-07,0.23905,86.7700909758234
403,2020-02-08,0.27742,100.69758895006453
404,2020-02-09,0.28923,104.98436901458857
405,2020-02-10,0.28627,103.90995165718036
406,2020-02-11,0.30103,109.26751929074301
407,2020-02-12,0.28923,104.98436901458857
408,2020-02-13,0.25086,91.05687104034745
409,2020-02-14,0.22725,82.48694069966896
410,2020-02-15,0.31579,114.62508692430566
411,2020-02-16,0.28627,103.90995165718036
412,2020-02-17,0.34825,126.40737997209996
413,2020-02-18,0.40728,147.83402071798096
414,2020-02-19,0.30398,110.3383068597816
415,2020-02-20,0.34825,126.40737997209996
416,2020-02-21,0.28923,104.98436901458857
417,2020-02-22,0.24496,88.91529590227023
418,2020-02-23,0.32759,118.90823720046009
419,2020-02-24,0.21839,79.27094820418351
420,2020-02-25,0.28332,102.83916408814174
421,2020-02-26,0.3512,127.47816754113857
422,2020-02-27,0.39547,143.54724065345692
423,2020-02-28,0.3394,123.19501726498413
424,2020-02-29,0.36596,132.83573517470123
425,2020-03-01,0.43089,156.40395105865943
426,2020-03-02,0.41023,148.90480828701956
427,2020-03-03,0.46926,170.3314490329006
428,2020-03-04,0.51058,185.32973457618033
429,2020-03-05,0.44565,161.7615186922221
430,2020-03-06,0.32464,117.83744963142148
431,2020-03-07,0.43089,156.40395105865943
432,2020-03-08,0.37186,134.97731031277846
433,2020-03-09,0.3335,121.05344212690693
434,2020-03-10,0.788,286.02732352624486
435,2020-03-11,0.48696,176.75617444713222
436,2020-03-12,0.45745,166.04466896837653
437,2020-03-13,0.44565,161.7615186922221
438,2020-03-14,0.38072,138.1933028082639
439,2020-03-15,0.5578,202.46959525753726
440,2020-03-16,0.63453,230.32096141764995
441,2020-03-17,0.54009,196.041240054936
442,2020-03-18,0.54599,198.18281519301323
443,2020-03-19,0.5578,202.46959525753726
444,2020-03-20,0.48401,175.68538687809362
445,2020-03-21,0.48106,174.614599309055
446,2020-03-22,0.80866,293.5264662978847
447,2020-03-23,0.79685,289.23968623336066
448,2020-03-24,0.49582,179.97216694261766
449,2020-03-25,0.47811,173.5438117400164
450,2020-03-26,0.4545,164.97388139933793
451,2020-03-27,0.43974,159.61631376577526
452,2020-03-28,0.30693,111.40909442882021
453,2020-03-29,0.51353,186.40052214521896
454,2020-03-30,0.39842,144.61802822249552
455,2020-03-31,0.3453,125.33659240306135
456,2020-04-01,0.51943,188.54209728329613
457,2020-04-02,0.49877,181.04295451165626
458,2020-04-03,0.42499,154.26237592058223
459,2020-04-04,1.15101,417.7922711319075
460,2020-04-05,1.78555,648.116862337927
461,2020-04-06,1.23365,447.7888422184669
462,2020-04-07,0.8913,323.5230373844442
463,2020-04-08,0.73488,266.74588770681066
464,2020-04-09,0.66404,241.0324668964056
465,2020-04-10,0.59026,214.2518883053316
466,2020-04-11,0.667,242.10688425381386
467,2020-04-12,0.64043,232.46253655572716
468,2020-04-13,0.75258,273.1706131210423
469,2020-04-14,0.58731,213.18110073629296
470,2020-04-15,0.61977,224.9633937840873
471,2020-04-16,0.58141,211.03952559821576
472,2020-04-17,0.54599,198.18281519301323
473,2020-04-18,0.48106,174.614599309055
474,2020-04-19,0.62273,226.0378111414955
475,2020-04-20,0.64634,234.607741482174
476,2020-04-21,0.48401,175.68538687809362
477,2020-04-22,0.52828,191.75445999041196
478,2020-04-23,0.48401,175.68538687809362
479,2020-04-24,0.55485,201.39880768849866
480,2020-04-25,0.47516,172.4730241709778
481,2020-04-26,0.5696,206.7527455336917
482,2020-04-27,0.5578,202.46959525753726
483,2020-04-28,0.53419,193.89966491685882
484,2020-04-29,0.48992,177.83059180454046
485,2020-04-30,0.51943,188.54209728329613
486,2020-05-01,0.42499,154.26237592058223
487,2020-05-02,0.44269,160.68710133481386
488,2020-05-03,0.34235,124.26580483402275
489,2020-05-04,0.42794,155.33316348962083
490,2020-05-05,0.788,286.02732352624486
491,2020-05-06,0.61682,223.8926062150487
492,2020-05-07,0.49287,178.90137937357906
493,2020-05-08,0.62273,226.0378111414955
494,2020-05-09,0.47221,171.4022366019392
495,2020-05-10,0.56665,205.6819579646531
496,2020-05-11,0.46926,170.3314490329006
497,2020-05-12,0.38662,140.3348779463411
498,2020-05-13,0.56665,205.6819579646531
499,2020-05-14,0.46335,168.18624410645373
500,2020-05-15,0.40728,147.83402071798096
501,2020-05-16,0.40433,146.76323314894236
502,2020-05-17,0.53123,192.82524755945056
503,2020-05-18,0.39842,144.61802822249552
504,2020-05-19,0.39842,144.61802822249552
505,2020-05-20,0.46631,169.26066146386196
506,2020-05-21,0.42499,154.26237592058223
507,2020-05-22,0.38957,141.40566551537972
508,2020-05-23,0.31284,113.55429935526706
509,2020-05-24,0.42794,155.33316348962083
510,2020-05-25,0.57255,207.82353310273032
511,2020-05-26,0.41023,148.90480828701956
512,2020-05-27,0.41023,148.90480828701956
513,2020-05-28,0.41023,148.90480828701956
514,2020-05-29,0.43679,158.54552619673666
515,2020-05-30,0.42204,153.19158835154363
516,2020-05-31,0.4545,164.97388139933793
517,2020-06-01,0.43679,158.54552619673666
518,2020-06-02,0.35415,128.5489551101772
519,2020-06-03,0.32759,118.90823720046009
520,2020-06-04,0.34235,124.26580483402275
521,2020-06-05,0.35711,129.6233724675854
522,2020-06-06,0.28923,104.98436901458857
523,2020-06-07,0.37777,137.12251523922527
524,2020-06-08,0.40728,147.83402071798096
525,2020-06-09,0.28923,104.98436901458857
526,2020-06-10,0.30988,112.47988199785883
527,2020-06-11,0.24791,89.98608347130883
528,2020-06-12,0.30693,111.40909442882021
529,2020-06-13,0.2302,83.55772826870756
530,2020-06-14,0.3335,121.05344212690693
531,2020-06-15,0.25381,92.12765860938605
532,2020-06-16,0.26266,95.34002131650188
533,2020-06-17,0.29218,106.05515658362718
534,2020-06-18,0.28332,102.83916408814174
535,2020-06-19,0.33645,122.12422969594554
536,2020-06-20,0.26561,96.41080888554048
537,2020-06-21,0.29808,108.1967317217044
538,2020-06-22,0.25086,91.05687104034745
539,2020-06-23,0.29218,106.05515658362718
540,2020-06-24,0.3394,123.19501726498413
541,2020-06-25,0.24496,88.91529590227023
542,2020-06-26,0.36891,133.90652274373983
543,2020-06-27,0.29218,106.05515658362718
544,2020-06-28,0.33054,119.9790247694987
545,2020-06-29,0.48106,174.614599309055
546,2020-06-30,0.4545,164.97388139933793
547,2020-07-01,0.41613,151.0463834250968
548,2020-07-02,0.30693,111.40909442882021
549,2020-07-03,0.31579,114.62508692430566
550,2020-07-04,0.31284,113.55429935526706
551,2020-07-05,0.3512,127.47816754113857
552,2020-07-06,0.26266,95.34002131650188
553,2020-07-07,0.42204,153.19158835154363
554,2020-07-08,0.3453,125.33659240306135
555,2020-07-09,0.31284,113.55429935526706
556,2020-07-10,0.21544,78.20016063514491
557,2020-07-11,0.26857,97.4852262429487
558,2020-07-12,0.27447,99.62680138102591
559,2020-07-13,0.3453,125.33659240306135
560,2020-07-14,0.32759,118.90823720046009
561,2020-07-15,0.28627,103.90995165718036
562,2020-07-16,3.39698,1233.031849583989
563,2020-07-17,3.95478,1435.501444841526
564,2020-07-18,2.10134,762.7419492622327
565,2020-07-19,1.26317,458.5039774855922
566,2020-07-20,1.17463,426.3658312609556
567,2020-07-21,1.10379,400.6524104505505
568,2020-07-22,0.87359,317.0946821818429
569,2020-07-23,0.81751,296.7388290050005
570,2020-07-24,0.70831,257.101540008724
571,2020-07-25,0.69356,251.74760216353093
572,2020-07-26,1.23955,449.9304173565441
573,2020-07-27,0.96803,351.37440354455686
574,2020-07-28,0.75554,274.24503047845053
575,2020-07-29,0.6729,244.2484593918911
576,2020-07-30,0.56665,205.6819579646531
577,2020-07-31,0.43679,158.54552619673666
578,2020-08-01,0.58141,211.03952559821576
579,2020-08-02,0.61682,223.8926062150487
580,2020-08-03,0.60502,219.60945593889423
581,2020-08-04,0.54304,197.1120276239746
582,2020-08-05,0.53714,194.9704524858974
583,2020-08-06,0.52533,190.68367242137333
584,2020-08-07,0.48696,176.75617444713222
585,2020-08-08,0.62568,227.10859871053412
586,2020-08-09,0.64634,234.607741482174
587,2020-08-10,0.788,286.02732352624486
588,2020-08-11,0.68175,247.46082209900686
589,2020-08-12,0.6788,246.39003452996826
590,2020-08-13,0.68175,247.46082209900686
591,2020-08-14,0.52828,191.75445999041196
592,2020-08-15,0.53714,194.9704524858974
593,2020-08-16,0.57255,207.82353310273032
594,2020-08-17,0.87359,317.0946821818429
595,2020-08-18,1.50813,547.4192733878625
596,2020-08-19,0.68766,249.60602702545373
597,2020-08-20,0.65814,238.8908917583284
598,2020-08-21,0.82932,301.0256090695246
599,2020-08-22,0.73783,267.81667527584926
600,2020-08-23,0.75849,275.31581804748913
601,2020-08-24,0.6847,248.5316096680455
602,2020-08-25,0.73488,266.74588770681066
603,2020-08-26,0.57846,209.96873802917713
604,2020-08-27,0.92671,336.3761180012771
605,2020-08-28,1.88295,683.4710010580491
606,2020-08-29,2.42304,879.5122411129851
607,2020-08-30,1.82392,662.0443603121681
608,2020-08-31,1.94197,704.8940120155605
609,2020-09-01,1.68816,612.7663534061745
610,2020-09-02,1.94492,705.9647995845992
611,2020-09-03,1.57306,570.9874892718207
612,2020-09-04,1.88295,683.4710010580491
613,2020-09-05,1.5524,563.4883465001808
614,2020-09-06,1.63208,592.4105002293321
615,2020-09-07,1.51993,551.7024236640169
616,2020-09-08,1.67045,606.3379982035732
617,2020-09-09,1.40483,509.9235595296631
618,2020-09-10,1.84753,670.6142906528465
619,2020-09-11,2.12791,772.3862969603193
620,2020-09-12,2.59422,941.6469584241813
621,2020-09-13,2.54699,924.5034679544548
622,2020-09-14,2.01576,731.6782203950042
623,2020-09-15,2.26367,821.6643038663129
624,2020-09-16,2.60012,943.7885335622585
625,2020-09-17,1.98329,719.8922975588403
626,2020-09-18,2.13086,773.4570845293581
627,2020-09-19,1.61733,587.056562384139
628,2020-09-20,1.83277,665.256723019284
629,2020-09-21,2.52338,915.9335376137763
630,2020-09-22,4.0079,1454.7828806609605
631,2020-09-23,3.16677,1149.4704915269117
632,2020-09-24,2.31679,840.9457396857473
633,2020-09-25,1.93312,701.6816493084447
634,2020-09-26,1.85343,672.7558657909238
635,2020-09-27,1.69701,615.9787161132903
636,2020-09-28,2.14266,777.7402348055124
637,2020-09-29,2.33745,848.444882457387
638,2020-09-30,2.01871,732.7490079640428
639,2020-10-01,2.47616,898.7936769324194
640,2020-10-02,2.04527,742.3897258737599
641,2020-10-03,2.08954,758.4587989860782
642,2020-10-04,2.01576,731.6782203950042
643,2020-10-05,2.0128,730.603803037596
644,2020-10-06,1.93902,703.823224446522
645,2020-10-07,1.86819,678.1134334244865
646,2020-10-08,1.72357,625.6194340230074
647,2020-10-09,1.63798,594.5520753674093
648,2020-10-10,1.73538,629.9062140875315
649,2020-10-11,1.74718,634.1893643636859
650,2020-10-12,1.64684,597.7680678628948
651,2020-10-13,1.68816,612.7663534061745
652,2020-10-14,1.80326,654.5452175405283
653,2020-10-15,2.03051,737.0321582401973
654,2020-10-16,2.3345,847.3740948883484
655,2020-10-17,1.90951,693.1117189677663
656,2020-10-18,1.85343,672.7558657909238
657,2020-10-19,1.93312,701.6816493084447
658,2020-10-20,1.62913,591.3397126602935
659,2020-10-21,1.60257,581.6989947505764
660,2020-10-22,1.27202,461.71634019270806
661,2020-10-23,1.26612,459.57476505463086
662,2020-10-24,1.28973,468.1446953953094
663,2020-10-25,1.58486,575.2706395479751
664,2020-10-26,2.26072,820.5935162972745
665,2020-10-27,1.80621,655.6160051095669
666,2020-10-28,1.51698,550.6316360949783
667,2020-10-29,1.43139,519.5642774393802
668,2020-10-30,1.35761,492.7836988483062
669,2020-10-31,1.20709,438.14812430874986
670,2020-11-01,2.24006,813.0943735256346
671,2020-11-02,2.02461,734.89058310212
672,2020-11-03,1.71472,622.4070713158916
673,2020-11-04,1.43139,519.5642774393802
674,2020-11-05,1.71767,623.4778588849302
675,2020-11-06,2.07478,753.1012313525156
676,2020-11-07,1.69406,614.9079285442517
677,2020-11-08,1.76784,641.6885071353258
678,2020-11-09,1.73833,630.97700165657
679,2020-11-10,1.48452,538.849343047184
680,2020-11-11,1.81211,657.7575802476441
681,2020-11-12,1.27792,463.85791533078526
682,2020-11-13,1.19528,433.8613442442258
683,2020-11-14,1.15987,421.00826362739286
684,2020-11-15,1.4609,530.275782918136
685,2020-11-16,1.24546,452.075622282991
686,2020-11-17,1.43139,519.5642774393802
687,2020-11-18,2.88935,1048.7729025768472
688,2020-11-19,1.6616,603.1256354964574
689,2020-11-20,1.47861,536.7041381207372
690,2020-11-21,1.5583,565.6299216382581
691,2020-11-22,1.43729,521.7058525774574
692,2020-11-23,1.94197,704.8940120155605
693,2020-11-24,1.60257,581.6989947505764
694,2020-11-25,1.69406,614.9079285442517
695,2020-11-26,1.63208,592.4105002293321
696,2020-11-27,1.46386,531.3502002755441
697,2020-11-28,1.35466,491.7129112792676
698,2020-11-29,1.28973,468.1446953953094
699,2020-11-30,1.61437,585.9821450267309
700,2020-12-01,1.41073,512.0651346677404
701,2020-12-02,1.65864,602.0512181390492
702,2020-12-03,2.37582,862.3723804316282
703,2020-12-04,1.72948,627.7646389494543
704,2020-12-05,1.74423,633.1185767946472
705,2020-12-06,2.49387,905.2220321350205
706,2020-12-07,1.83868,667.4019279457308
707,2020-12-08,1.70291,618.1202912513675
708,2020-12-09,1.73833,630.97700165657
709,2020-12-10,1.65569,600.9804305700106
710,2020-12-11,1.56715,568.8422843453739
711,2020-12-12,1.32809,482.06856358118085
712,2020-12-13,1.87409,680.2550085625637
713,2020-12-14,1.58191,574.1998519789365
714,2020-12-15,1.36351,494.9252739863834
715,2020-12-16,1.48747,539.9201306162227
716,2020-12-17,1.3399,486.3553436457049
717,2020-12-18,1.30744,474.5730505979106
718,2020-12-19,1.31629,477.7854133050264
719,2020-12-20,1.61142,584.9113574576922
720,2020-12-21,1.70587,619.1947086087757
721,2020-12-22,1.32809,482.06856358118085
722,2020-12-23,1.39007,504.56599189610046
723,2020-12-24,1.17758,427.4366188299942
724,2020-12-25,1.06543,386.72854226467905
725,2020-12-26,1.06838,387.79932983371765
726,2020-12-27,1.26612,459.57476505463086
727,2020-12-28,1.39893,507.7819843915859
728,2020-12-29,1.50813,547.4192733878625
729,2020-12-30,1.09199,396.36926017439606
730,2020-12-31,0.95032,344.9460483419556
731,2021-01-01,0.97689,354.5903960400423
732,2021-01-02,1.2189,442.4349043732739
733,2021-01-03,1.29563,470.2862705333866
734,2021-01-04,1.22775,445.6472670803897
735,2021-01-05,1.35466,491.7129112792676
736,2021-01-06,1.4609,530.275782918136
737,2021-01-07,1.09789,398.5108353124733
738,2021-01-08,0.88244,320.3070448889588
739,2021-01-09,1.0182,369.5850517949524
740,2021-01-10,1.81506,658.8283678166827
741,2021-01-11,1.49632,543.1324933233385
742,2021-01-12,1.34875,489.5677063528207
743,2021-01-13,1.25726,456.35877255914545
744,2021-01-14,1.17758,427.4366188299942
745,2021-01-15,1.10084,399.5816228815119
746,2021-01-16,1.09199,396.36926017439606
747,2021-01-17,2.04527,742.3897258737599
748,2021-01-18,2.2312,809.8783810301491
749,2021-01-19,1.90656,692.0409313987276
750,2021-01-20,1.83277,665.256723019284
751,2021-01-21,2.18693,793.8093079178307
752,2021-01-22,1.86819,678.1134334244865
753,2021-01-23,1.97739,717.750722420763
754,2021-01-24,2.16627,786.3101651461909
755,2021-01-25,1.62323,589.1981375222163
756,2021-01-26,1.39007,504.56599189610046
757,2021-01-27,1.72357,625.6194340230074
758,2021-01-28,1.37236,498.13763669349925
759,2021-01-29,1.75309,636.3345692901328
760,2021-01-30,1.40778,510.9943470987018
761,2021-01-31,1.81211,657.7575802476441
762,2021-02-01,1.64684,597.7680678628948
763,2021-02-02,1.63798,594.5520753674093
764,2021-02-03,1.59667,579.5574196124992
765,2021-02-04,1.5642,567.7714967763353
766,2021-02-05,1.4491,525.9926326419815
767,2021-02-06,1.67045,606.3379982035732
768,2021-02-07,2.19579,797.0253004133162
769,2021-02-08,2.04822,743.4605134427985
770,2021-02-09,1.98624,720.9630851278789
771,2021-02-10,3.91936,1422.6447344363237
772,2021-02-11,3.71867,1349.7985116463717
773,2021-02-12,3.69506,1341.228581305693
774,2021-02-13,4.58932,1665.8260360475456
775,2021-02-14,4.74279,1721.5323981561407
776,2021-02-15,4.35616,1581.1938904214298
777,2021-02-16,4.40338,1598.333751102787
778,2021-02-17,3.73638,1356.226866848973
779,2021-02-18,5.13826,1865.0796388095976
780,2021-02-19,4.34731,1577.981527714314
781,2021-02-20,5.10285,1852.2265581927647
782,2021-02-21,5.28878,1919.7152133491538
783,2021-02-22,4.38568,1591.9090256885552
784,2021-02-23,4.85494,1762.2404747214557
785,2021-02-24,4.27057,1550.126531765832
786,2021-02-25,4.22335,1532.986671084475
787,2021-02-26,3.75999,1364.7967971896514
788,2021-02-27,4.01971,1459.0696607254843
789,2021-02-28,5.215,1892.9346347580797
790,2021-03-01,6.18304,2244.3126680910063
791,2021-03-02,5.13531,1864.0088512405587
792,2021-03-03,4.548,1650.8277505042659
793,2021-03-04,4.70737,1708.675687750938
794,2021-03-05,4.56866,1658.326893275906
795,2021-03-06,5.59277,2030.057149997305
796,2021-03-07,5.26222,1910.0744954394368
797,2021-03-08,5.53374,2008.630509251424
798,2021-03-09,9.4177,3418.4257928592842
799,2021-03-10,6.39848,2322.5128287261514
800,2021-03-11,6.80872,2471.4212668015402
801,2021-03-12,5.12646,1860.796488533443
802,2021-03-13,4.96414,1801.8777637177325
803,2021-03-14,5.19139,1884.3647044174013
804,2021-03-15,5.82888,2115.760083192459
805,2021-03-16,5.03792,1828.6583423088064
806,2021-03-17,4.72508,1715.1040429535394
807,2021-03-18,4.21155,1528.7035208083205
808,2021-03-19,4.19679,1523.3459531747578
809,2021-03-20,4.17613,1515.8468104031178
810,2021-03-21,4.15547,1508.347667631478
811,2021-03-22,4.39748,1596.1921759647096
812,2021-03-23,4.42995,1607.9780988008736
813,2021-03-24,4.48602,1628.3303221893464
814,2021-03-25,4.03152,1463.3564407900085
815,2021-03-26,7.29274,2647.1102834680037
816,2021-03-27,5.40093,1960.423289914469
817,2021-03-28,4.52144,1641.187032594549
818,2021-03-29,5.60458,2034.3439300618293
819,2021-03-30,5.49242,1993.6322237081445
820,2021-03-31,5.49833,1995.7774286345912
821,2021-04-01,4.41814,1603.6913187363496
822,2021-04-02,3.50323,1271.5983510112267
823,2021-04-03,3.57996,1299.4497171713394
824,2021-04-04,3.85148,1398.0057309833269
825,2021-04-05,3.51208,1274.8107137183426
826,2021-04-06,4.23811,1538.3442387180373
827,2021-04-07,6.10925,2217.528459711563
828,2021-04-08,5.75214,2087.905087243977
829,2021-04-09,5.07629,1842.5858402830477
830,2021-04-10,4.20564,1526.5583158818736
831,2021-04-11,4.08464,1482.6378766094426
832,2021-04-12,4.2086,1527.6327332392816
833,2021-04-13,3.6567,1327.3047131198216
834,2021-04-14,3.94002,1430.1438772079634
835,2021-04-15,3.42649,1243.7433550627445
836,2021-04-16,3.01331,1093.7677592066864
837,2021-04-17,3.14907,1143.04576611268
838,2021-04-18,3.41764,1240.5309923556288
839,2021-04-19,3.22285,1169.826344703754
840,2021-04-20,3.16973,1150.54490888432
841,2021-04-21,3.47666,1261.95400331314
842,2021-04-22,3.28483,1192.3237730186736
843,2021-04-23,2.72998,990.9249653301749
844,2021-04-24,2.84213,1031.6330418954901
845,2021-04-25,3.36747,1222.320344105233
846,2021-04-26,3.10185,1125.9059054313232
847,2021-04-27,3.02511,1098.0509094828408
848,2021-04-28,2.54109,922.3618928163776
849,2021-04-29,2.56765,932.0026107260946
850,2021-04-30,2.31384,839.8749521167085
851,2021-05-01,2.47911,899.864464501458
852,2021-05-02,5.22976,1898.2922023916424
853,2021-05-03,5.85544,2125.4008011021765
854,2021-05-04,3.88395,1409.7916538194906
855,2021-05-05,3.53274,1282.3098564899826
856,2021-05-06,3.37042,1223.391131674272
857,2021-05-07,3.04577,1105.5500522544808
858,2021-05-08,3.01035,1092.693341849278
859,2021-05-09,3.49142,1267.311570946703
860,2021-05-10,3.57701,1298.3789296023008
861,2021-05-11,4.15547,1508.347667631478
862,2021-05-12,4.34436,1576.9107401452754
863,2021-05-13,4.13186,1499.7777372907995
864,2021-05-14,3.52389,1279.0974937828669
865,2021-05-15,3.48257,1264.099208239587
866,2021-05-16,3.3232,1206.251270992915
867,2021-05-17,3.13431,1137.6881984791173
868,2021-05-18,2.91296,1057.3428329175256
869,2021-05-19,3.11365,1130.1890557074773
870,2021-05-20,3.06053,1110.9076198880434
871,2021-05-21,2.90115,1053.0560528530016
872,2021-05-22,2.66505,967.3567494462168
873,2021-05-23,3.06938,1114.1199825951592
874,2021-05-24,3.06053,1110.9076198880434
875,2021-05-25,3.15497,1145.1873412507573
876,2021-05-26,3.22285,1169.826344703754
877,2021-05-27,2.60307,944.8593211312973
878,2021-05-28,2.93067,1063.771188120127
879,2021-05-29,2.51748,913.791962475699
880,2021-05-30,2.92181,1060.5551956246413
881,2021-05-31,2.668,968.4275370152554
882,2021-06-01,3.15497,1145.1873412507573
883,2021-06-02,2.90706,1055.2012577794485
884,2021-06-03,2.5647,930.9318231570561
885,2021-06-04,2.54995,925.5778853118629
886,2021-06-05,2.34335,850.5864575954644
887,2021-06-06,2.71522,985.5673976966124
888,2021-06-07,2.80966,1019.8471190593262
889,2021-06-08,2.57946,936.2893907906188
890,2021-06-09,2.36106,857.0148127980656
891,2021-06-10,3.33205,1209.4636337000306
892,2021-06-11,2.50272,908.4343948421365
893,2021-06-12,2.19284,795.9545128442776
894,2021-06-13,2.04527,742.3897258737599
895,2021-06-14,2.29318,832.3758093450688
896,2021-06-15,2.95133,1071.2703308917667
897,2021-06-16,2.71227,984.4966101275738
898,2021-06-17,1.94492,705.9647995845992
899,2021-06-18,2.02756,735.9613706711585
900,2021-06-19,2.0069,728.4622278995188
901,2021-06-20,2.24301,814.1651610946732
902,2021-06-21,2.62373,952.358463902937
903,2021-06-22,2.57356,934.1478156525416
904,2021-06-23,2.67095,969.498324584294
905,2021-06-24,2.31974,842.0165272547857
906,2021-06-25,2.12495,771.3118796029112
907,2021-06-26,2.14266,777.7402348055124
908,2021-06-27,2.16332,785.2393775771524
909,2021-06-28,2.33155,846.3033073193099
910,2021-06-29,2.13676,775.5986596674353
911,2021-06-30,2.18693,793.8093079178307
912,2021-07-01,2.3345,847.3740948883484
913,2021-07-02,2.08659,757.3880114170397
914,2021-07-03,1.83572,666.3275105883226
915,2021-07-04,2.05412,745.6020885808758
916,2021-07-05,4.548,1650.8277505042659
917,2021-07-06,4.21745,1530.8450959463978
918,2021-07-07,3.38517,1228.7450695194648
919,2021-07-08,2.75064,998.4241081018149
920,2021-07-09,2.10134,762.7419492622327
921,2021-07-10,2.02461,734.89058310212
922,2021-07-11,2.3286,845.2325197502712
923,2021-07-12,2.26957,823.8058790043902
924,2021-07-13,2.37582,862.3723804316282
925,2021-07-14,2.16922,787.3809527152296
926,2021-07-15,1.86229,675.9718582864093
927,2021-07-16,1.87114,679.1842209935252
928,2021-07-17,1.96558,713.463942356239
929,2021-07-18,2.72407,988.7797604037282
930,2021-07-19,2.62668,953.4292514719756
931,2021-07-20,2.30499,836.6625894095928
932,2021-07-21,2.09839,761.6711616931941
933,2021-07-22,1.93312,701.6816493084447
934,2021-07-23,2.60307,944.8593211312973
935,2021-07-24,3.08709,1120.5483377977603
936,2021-07-25,2.77425,1006.9940384424933
937,2021-07-26,2.24006,813.0943735256346
938,2021-07-27,2.75949,1001.6364708089307
939,2021-07-28,2.60602,945.9301087003358
940,2021-07-29,2.13971,776.6694472364738
941,2021-07-30,2.61192,948.071683838413
942,2021-07-31,2.08364,756.317223848001
943,2021-08-01,2.1102,765.9579417577181
944,2021-08-02,2.53224,919.1495301092617
945,2021-08-03,2.38467,865.584743138744
946,2021-08-04,2.42894,881.6538162510624
947,2021-08-05,2.47026,896.6521017943422
948,2021-08-06,2.27252,824.8766665734289
949,2021-08-07,2.22825,808.8075934611105
950,2021-08-08,2.75949,1001.6364708089307
951,2021-08-09,9.34982,3393.7867894062874
952,2021-08-10,6.5549,2379.2899784037845
953,2021-08-11,5.51899,2003.276571406231
954,2021-08-12,4.6631,1692.6066146386197
955,2021-08-13,4.16433,1511.5636601269634
956,2021-08-14,3.80131,1379.7950827329312
957,2021-08-15,3.33205,1209.4636337000306
958,2021-08-16,3.98429,1446.2129503202818
959,2021-08-17,3.6626,1329.446288257899
960,2021-08-18,3.46191,1256.6000654679472
961,2021-08-19,3.61538,1312.306427576542
962,2021-08-20,2.95723,1073.411906029844
963,2021-08-21,3.03396,1101.2632721899565
964,2021-08-22,3.16382,1148.399703957873
965,2021-08-23,4.24106,1539.4150262870762
966,2021-08-24,4.14071,1502.9900999979154
967,2021-08-25,4.49783,1632.6171022538706
968,2021-08-26,4.27943,1553.342524261317
969,2021-08-27,5.10875,1854.3681333308418
970,2021-08-28,4.12891,1498.706949721761
971,2021-08-29,4.548,1650.8277505042659
972,2021-08-30,4.80772,1745.1006140400987
973,2021-08-31,4.67786,1697.9641822721824
974,2021-09-01,5.05268,1834.0159099423688
975,2021-09-02,4.6631,1692.6066146386197
976,2021-09-03,5.03202,1826.5167671707293
977,2021-09-04,4.73688,1719.3871932296938
978,2021-09-05,5.40684,1962.5684948409157
979,2021-09-06,5.34191,1939.0002789569578
980,2021-09-07,5.58687,2027.915574859228
981,2021-09-08,5.04677,1831.8707050159223
982,2021-09-09,4.96709,1802.948551286771
983,2021-09-10,9.38228,3405.5690824540816
984,2021-09-11,7.52884,2732.8095868747882
985,2021-09-12,6.89136,2501.4178378880997
986,2021-09-13,6.02662,2187.5355184133728
987,2021-09-14,6.11811,2220.7444522070477
988,2021-09-15,5.90561,2143.6114493525724
989,2021-09-16,5.40093,1960.423289914469
990,2021-09-17,8.48803,3080.975257500599
991,2021-09-18,7.25732,2634.253573062801
992,2021-09-19,4.79296,1739.7430464065362
993,2021-09-20,4.87265,1768.668829924057
994,2021-09-21,4.91691,1784.7342732480056
995,2021-09-22,5.21795,1894.0054223271184
996,2021-09-23,5.85249,2124.3300135331383
997,2021-09-24,8.24897,2994.201536736406
998,2021-09-25,7.17173,2603.186214407203
999,2021-09-26,6.73789,2445.711475779505
1000,2021-09-27,6.6641,2418.9272674000613
1001,2021-09-28,6.50473,2361.0793301533895
1002,2021-09-29,5.38323,1953.9985645002375
1003,2021-09-30,9.16388,3326.294504461529
1004,2021-10-01,8.90121,3230.9508533566577
1005,2021-10-02,7.00351,2542.125914453415
1006,2021-10-03,6.17123,2240.0258880264823
1007,2021-10-04,6.36897,2311.8013232473954
1008,2021-10-05,5.74034,2083.621936967823
1009,2021-10-06,6.93858,2518.557698569457
1010,2021-10-07,6.99465,2538.90992195793
1011,2021-10-08,6.6641,2418.9272674000613
1012,2021-10-09,5.61048,2036.4855051999064
1013,2021-10-10,5.85249,2124.3300135331383
1014,2021-10-11,7.48457,2716.74051376247
1015,2021-10-12,7.47277,2712.4573634863154
1016,2021-10-13,6.39553,2321.4420411571127
1017,2021-10-14,6.05613,2198.2470238921283
1018,2021-10-15,5.60458,2034.3439300618293
1019,2021-10-16,5.31534,1929.355931258871
1020,2021-10-17,5.60753,2035.4147176308677
1021,2021-10-18,6.06793,2202.530174168283
1022,2021-10-19,6.57556,2386.7891211754245
1023,2021-10-20,5.92922,2152.1813796932506
1024,2021-10-21,5.66655,2056.837728588379
1025,2021-10-22,6.18304,2244.3126680910063
1026,2021-10-23,4.84313,1757.953694656932
1027,2021-10-24,4.78706,1737.6014712684591
1028,2021-10-25,5.68721,2064.336871360019
1029,2021-10-26,5.09399,1849.0105656972792
1030,2021-10-27,4.58046,1662.6100435520605
1031,2021-10-28,4.8756,1769.7396174930957
1032,2021-10-29,6.56376,2382.5059708992703
1033,2021-10-30,5.41569,1965.7808575480315
1034,2021-10-31,5.26812,1912.2160705775138
1035,2021-11-01,5.61048,2036.4855051999064
1036,2021-11-02,7.44916,2703.8874331456373
1037,2021-11-03,5.53669,2009.7012968204626
1038,2021-11-04,5.17663,1879.0071367838389
1039,2021-11-05,4.85789,1763.3112622904946
1040,2021-11-06,4.19974,1524.4167407437965
1041,2021-11-07,4.32665,1570.4823849426741
1042,2021-11-08,5.32715,1933.642711323395
1043,2021-11-09,5.14417,1867.2248437360442
1044,2021-11-10,4.63064,1680.8243215908253
1045,2021-11-11,4.20564,1526.5583158818736
1046,2021-11-12,4.24106,1539.4150262870762
1047,2021-11-13,3.64194,1321.9471454862592
1048,2021-11-14,4.25582,1544.7725939206387
1049,2021-11-15,5.34486,1940.0710665259962
1050,2021-11-16,5.16778,1875.7947740767227
1051,2021-11-17,4.35321,1580.1231028523912
1052,2021-11-18,3.99315,1449.4289428157672
1053,2021-11-19,3.47962,1263.0284206705485
1054,2021-11-20,3.51208,1274.8107137183426
1055,2021-11-21,4.42404,1605.8328938744266
1056,2021-11-22,4.49783,1632.6171022538706
1057,2021-11-23,5.08219,1844.7274154211248
1058,2021-11-24,5.49833,1995.7774286345912
1059,2021-11-25,4.37387,1587.6222456240312
1060,2021-11-26,4.50078,1633.6878898229088
1061,2021-11-27,3.81312,1384.0818627974552
1062,2021-11-28,3.97249,1441.9298000441274
1063,2021-11-29,4.92282,1786.8794781744525
1064,2021-11-30,4.47717,1625.1179594822306
1065,2021-12-01,4.16433,1511.5636601269634
1066,2021-12-02,4.19974,1524.4167407437965
1067,2021-12-03,3.36451,1221.245926747825
1068,2021-12-04,3.84263,1394.7933682762111
1069,2021-12-05,4.16728,1512.634447696002
1070,2021-12-06,4.32075,1568.340809804597
1071,2021-12-07,4.10235,1489.066231812044
1072,2021-12-08,4.48602,1628.3303221893464
1073,2021-12-09,4.48012,1626.1887470512693
1074,2021-12-10,3.76294,1365.86758475869
1075,2021-12-11,3.73638,1356.226866848973
1076,2021-12-12,4.08464,1482.6378766094426
1077,2021-12-13,4.49487,1631.542684896462
1078,2021-12-14,3.89871,1415.1492214530533
1079,2021-12-15,3.58291,1300.520504740378
1080,2021-12-16,3.5652,1294.0921495377768
1081,2021-12-17,3.41469,1239.46020478659
1082,2021-12-18,2.96313,1075.5534811679213
1083,2021-12-19,3.77475,1370.154364823214
1084,2021-12-20,3.8869,1410.8624413885293
1085,2021-12-21,4.02856,1462.2820234326
1086,2021-12-22,4.07579,1479.4255139023267
1087,2021-12-23,3.49732,1269.45314608478
1088,2021-12-24,3.35271,1216.9627764716706
1089,2021-12-25,3.01626,1094.838546775725
1090,2021-12-26,3.46486,1257.6708530369856
1091,2021-12-27,4.04037,1466.5688034971242
1092,2021-12-28,3.73048,1354.0852917108957
1093,2021-12-29,4.26467,1547.9849566277544
1094,2021-12-30,3.96954,1440.8590124750888
1095,2021-12-31,4.04922,1469.78116620424
1096,2022-01-01,3.39993,1234.1026371530274
1097,2022-01-02,3.86034,1401.2217234788122
1098,2022-01-03,4.28238,1554.4133118303557
1099,2022-01-04,4.37977,1589.7638207621083
1100,2022-01-05,4.18203,1517.9883855411952
1101,2022-01-06,3.74228,1358.3684419870503
1102,2022-01-07,3.26417,1184.8246302470338
1103,2022-01-08,3.47371,1260.8832157441016
1104,2022-01-09,3.75704,1363.7260096206128
1105,2022-01-10,4.60112,1670.1091863237
1106,2022-01-11,3.94593,1432.2890821344104
1107,2022-01-12,4.37682,1588.6930331930698
1108,2022-01-13,4.04037,1466.5688034971242
1109,2022-01-14,3.79541,1377.653507594854
1110,2022-01-15,5.93808,2155.397372188736
1111,2022-01-16,5.93808,2155.397372188736
1112,2022-01-17,5.11465,1856.5097084689191
1113,2022-01-18,4.73984,1720.461610587102
1114,2022-01-19,4.30599,1562.9832421710346
1115,2022-01-20,4.22335,1532.986671084475
1116,2022-01-21,4.3355,1573.6947476497899
1117,2022-01-22,5.14417,1867.2248437360442
1118,2022-01-23,5.09104,1847.9397781282405
1119,2022-01-24,4.90511,1780.4511229718512
1120,2022-01-25,4.60407,1671.1799738927389
1121,2022-01-26,4.26467,1547.9849566277544
1122,2022-01-27,4.002,1452.641305522883
1123,2022-01-28,3.63604,1319.8055703481818
1124,2022-01-29,3.75704,1363.7260096206128
1125,2022-01-30,3.51503,1275.8815012873813
1126,2022-01-31,3.94593,1432.2890821344104
1127,2022-02-01,4.09349,1485.8502393165584
1128,2022-02-02,4.73098,1717.2456180916165
1129,2022-02-03,5.80822,2108.2609404208197
1130,2022-02-04,5.03497,1827.587554739768
1131,2022-02-05,4.71327,1710.8172628890152
1132,2022-02-06,4.70147,1706.5341126128608
1133,2022-02-07,4.41519,1602.620531167311
1134,2022-02-08,4.64244,1685.1074718669797
1135,2022-02-09,4.60112,1670.1091863237
1136,2022-02-10,4.84018,1756.8829070878933
1137,2022-02-11,4.57161,1659.3976808449443
1138,2022-02-12,4.2204,1531.9158835154362
1139,2022-02-13,4.83723,1755.8121195188544
1140,2022-02-14,5.0025,1815.801631903604
1141,2022-02-15,8.66216,3144.180762380834
1142,2022-02-16,11.08225,4022.6222159247804
1143,2022-02-17,7.51999,2729.5972241676727
1144,2022-02-18,6.2155,2256.0949611388005
1145,2022-02-19,5.96464,2165.0380900984533
1146,2022-02-20,6.50473,2361.0793301533895
1147,2022-02-21,6.35126,2305.372968044794
1148,2022-02-22,6.74379,2447.853050917582
1149,2022-02-23,5.03497,1827.587554739768
1150,2022-02-24,4.1112,1492.2785945191597
1151,2022-02-25,4.45651,1617.6188167105906
1152,2022-02-26,4.64539,1686.1782594360184
1153,2022-02-27,4.93757,1792.2334160196456
1154,2022-02-28,4.94348,1794.3786209460925
1155,2022-03-01,5.40093,1960.423289914469
1156,2022-03-02,5.50128,1996.8482162036298
1157,2022-03-03,5.25632,1907.9329203013594
1158,2022-03-04,5.36847,1948.6409968666749
1159,2022-03-05,5.01726,1821.1591995371666
1160,2022-03-06,5.90561,2143.6114493525724
1161,2022-03-07,5.43635,1973.2800003196714
1162,2022-03-08,5.92332,2150.0398045551733
1163,2022-03-09,5.13826,1865.0796388095976
1164,2022-03-10,5.2209,1895.076209896157
1165,2022-03-11,5.28878,1919.7152133491538
1166,2022-03-12,6.13286,2226.098390052241
1167,2022-03-13,6.38373,2317.158890880958
1168,2022-03-14,5.97054,2167.17966523653
1169,2022-03-15,6.08564,2208.958529370884
1170,2022-03-16,5.77575,2096.4750175846557
1171,2022-03-17,5.56326,2019.3456445185493
1172,2022-03-18,5.12056,1858.654913395366
1173,2022-03-19,5.20319,1888.647854693556
1174,2022-03-20,6.41914,2330.011971497791
1175,2022-03-21,6.1004,2214.3160970044464
1176,2022-03-22,5.6518,2051.483790743186
1177,2022-03-23,5.49242,1993.6322237081445
1178,2022-03-24,5.15892,1872.5787815812375
1179,2022-03-25,4.99365,1812.589269196488
1180,2022-03-26,5.86724,2129.683951378331
1181,2022-03-27,5.26222,1910.0744954394368
1182,2022-03-28,8.19585,2974.920100916972
1183,2022-03-29,9.4177,3418.4257928592842
1184,2022-03-30,7.29864,2649.2518586060805
1185,2022-03-31,6.36012,2308.58896054028
1186,2022-04-01,6.34241,2302.1606053376786
1187,2022-04-02,6.55195,2378.219190834746
1188,2022-04-03,8.46737,3073.4761147289596
1189,2022-04-04,7.49933,2722.0980813960327
1190,2022-04-05,7.62919,2769.2345131639495
1191,2022-04-06,7.62034,2766.022150456833
1192,2022-04-07,6.89726,2503.559413026177
1193,2022-04-08,5.74034,2083.621936967823
1194,2022-04-09,5.81707,2111.4733031279357
1195,2022-04-10,6.03547,2190.7478811204887
1196,2022-04-11,6.79101,2464.992911598939
1197,2022-04-12,7.39308,2683.531579968795
1198,2022-04-13,5.882,2135.0415190118933
1199,2022-04-14,5.17958,1880.077924352877
1200,2022-04-15,4.60407,1671.1799738927389
1201,2022-04-16,4.97004,1804.0193388558096
1202,2022-04-17,5.71082,2072.9068017006975
1203,2022-04-18,5.77575,2096.4750175846557
1204,2022-04-19,5.95578,2161.8220976029675
1205,2022-04-20,5.86429,2128.613163809292
1206,2022-04-21,5.01431,1820.088411968128
1207,2022-04-22,4.83723,1755.8121195188544
1208,2022-04-23,5.21795,1894.0054223271184
1209,2022-04-24,7.15403,2596.7614889929714
1210,2022-04-25,7.10976,2580.692415880653
1211,2022-04-26,6.14762,2231.4559576858037
1212,2022-04-27,5.43045,1971.1384251815946
1213,2022-04-28,4.49487,1631.542684896462
1214,2022-04-29,4.40633,1599.4045386718253
1215,2022-04-30,4.3237,1569.4115973736355
1216,2022-05-01,5.08809,1846.868990559202
1217,2022-05-02,5.04382,1830.7999174468837
1218,2022-05-03,4.96709,1802.948551286771
1219,2022-05-04,4.68081,1699.034969841221
1220,2022-05-05,4.1112,1492.2785945191597
1221,2022-05-06,4.5539,1652.969325642343
1222,2022-05-07,4.29123,1557.6256745374715
1223,2022-05-08,5.40388,1961.4940774835077
1224,2022-05-09,5.215,1892.9346347580797
1225,2022-05-10,5.43635,1973.2800003196714
1226,2022-05-11,5.3183,1930.4303486162792
1227,2022-05-12,4.76935,1731.1731160658578
1228,2022-05-13,4.3355,1573.6947476497899
1229,2022-05-14,3.99905,1451.5705179538445
1230,2022-05-15,5.34486,1940.0710665259962
1231,2022-05-16,6.73789,2445.711475779505
1232,2022-05-17,5.96169,2163.9673025294146
1233,2022-05-18,5.81412,2110.402515558897
1234,2022-05-19,4.85789,1763.3112622904946
1235,2022-05-20,4.81952,1749.3837643162533
1236,2022-05-21,5.16188,1873.6531989386456
1237,2022-05-22,6.18304,2244.3126680910063
1238,2022-05-23,5.43635,1973.2800003196714
1239,2022-05-24,5.39798,1959.3525023454301
1240,2022-05-25,5.75214,2087.905087243977
1241,2022-05-26,5.3183,1930.4303486162792
1242,2022-05-27,4.54505,1649.7569629352272
1243,2022-05-28,3.88985,1411.933228957568
1244,2022-05-29,4.90216,1779.3803354028128
1245,2022-05-30,5.31534,1929.355931258871
1246,2022-05-31,5.60458,2034.3439300618293
1247,2022-06-01,5.75214,2087.905087243977
1248,2022-06-02,5.12646,1860.796488533443
1249,2022-06-03,4.6631,1692.6066146386197
1250,2022-06-04,4.38863,1592.9798132575938
1251,2022-06-05,10.65431,3867.2890524351596
1252,2022-06-06,13.88011,5038.186184707953
1253,2022-06-07,8.66806,3146.3223375189114
1254,2022-06-08,7.30749,2652.4642213131965
1255,2022-06-09,7.28979,2646.039495898965
1256,2022-06-10,6.3129,2291.4490998589226
1257,2022-06-11,5.52489,2005.4181465443082
1258,2022-06-12,6.23321,2262.523316341402
1259,2022-06-13,6.16828,2238.9551004574437
1260,2022-06-14,7.01826,2547.479852298608
1261,2022-06-15,7.3134,2654.609426239643
1262,2022-06-16,5.48947,1992.5614361391056
1263,2022-06-17,5.1117,1855.4389208998805
1264,2022-06-18,6.0945,2212.1745218663696
1265,2022-06-19,6.51063,2363.2209052914664
1266,2022-06-20,6.18304,2244.3126680910063
1267,2022-06-21,6.51654,2365.366110217913
1268,2022-06-22,6.80577,2470.3504792325016
1269,2022-06-23,5.4275,1970.0676376125557
1270,2022-06-24,5.50423,1997.9190037726682
1271,2022-06-25,5.18549,1882.223129279324
1272,2022-06-26,7.00351,2542.125914453415
1273,2022-06-27,7.04187,2556.0497826392866
1274,2022-06-28,6.00596,2180.036375641733
1275,2022-06-29,5.6695,2057.9085161574176
1276,2022-06-30,5.83773,2118.972445899575
1277,2022-07-01,4.86379,1765.4528374285715
1278,2022-07-02,4.548,1650.8277505042659
1279,2022-07-03,5.69312,2066.482076286466
1280,2022-07-04,5.66065,2054.696153450302
1281,2022-07-05,5.15007,1869.3664188741218
1282,2022-07-06,5.4393,1974.3507878887103
1283,2022-07-07,4.57456,1660.468468413983
1284,2022-07-08,4.21155,1528.7035208083205
1285,2022-07-09,4.31189,1565.1248173091114
1286,2022-07-10,4.62768,1679.749904233417
1287,2022-07-11,4.80181,1742.955409113652
1288,2022-07-12,5.33896,1937.9294913879191
1289,2022-07-13,4.83428,1754.7413319498157
1290,2022-07-14,4.42995,1607.9780988008736
1291,2022-07-15,4.22925,1535.1282462225522
1292,2022-07-16,3.79836,1378.7242951638927
1293,2022-07-17,4.44765,1614.4028242151053
1294,2022-07-18,5.58392,2026.8447872901893
1295,2022-07-19,4.96709,1802.948551286771
1296,2022-07-20,4.26467,1547.9849566277544
1297,2022-07-21,4.48012,1626.1887470512693
1298,2022-07-22,3.9961,1450.499730384806
1299,2022-07-23,3.96954,1440.8590124750888
1300,2022-07-24,4.47717,1625.1179594822306
1301,2022-07-25,4.669,1694.7481897766968
1302,2022-07-26,4.87265,1768.668829924057
1303,2022-07-27,4.27648,1552.2717366922786
1304,2022-07-28,4.2204,1531.9158835154362
1305,2022-07-29,4.43585,1610.1196739389509
1306,2022-07-30,3.77475,1370.154364823214
1307,2022-07-31,4.23516,1537.2734511489987
1308,2022-08-01,4.64834,1687.249047005057
1309,2022-08-02,4.75754,1726.8863360013336
1310,2022-08-03,4.76935,1731.1731160658578
1311,2022-08-04,4.50373,1634.7586773919477
1312,2022-08-05,4.83133,1753.6705443807775
1313,2022-08-06,3.94002,1430.1438772079634
1314,2022-08-07,4.46241,1619.760391848668
1315,2022-08-08,4.69557,1704.3925374747837
1316,2022-08-09,4.58637,1664.755248478507
1317,2022-08-10,4.68671,1701.1765449792981
1318,2022-08-11,4.74869,1723.6739732942178
1319,2022-08-12,4.38272,1590.834608331147
1320,2022-08-13,4.35321,1580.1231028523912
1321,2022-08-14,4.64244,1685.1074718669797
1322,2022-08-15,4.99955,1814.7308443345653
1323,2022-08-16,5.48357,1990.4198610010285
1324,2022-08-17,5.14712,1868.2956313050831
1325,2022-08-18,5.68131,2062.1952962219416
1326,2022-08-19,4.74279,1721.5323981561407
1327,2022-08-20,5.26222,1910.0744954394368
1328,2022-08-21,5.16188,1873.6531989386456
1329,2022-08-22,5.76985,2094.3334424465784
1330,2022-08-23,7.80627,2833.5108056132226
1331,2022-08-24,8.03647,2917.06853388193
1332,2022-08-25,6.75264,2451.065413624698
1333,2022-08-26,5.89971,2141.4698742144947
1334,2022-08-27,6.74674,2448.9238384866208
1335,2022-08-28,7.39013,2682.460792399756
1336,2022-08-29,8.57657,3113.113403725236
1337,2022-08-30,9.11371,3308.083856211133
1338,2022-08-31,9.50624,3450.563939083921
1339,2022-09-01,9.67741,3512.695026606748
1340,2022-09-02,7.83873,2845.2930986610168
1341,2022-09-03,14.87766,5400.275723519635
1342,2022-09-04,16.90818,6137.311511548201
1343,2022-09-05,15.88407,5765.581254826802
1344,2022-09-06,14.14573,5134.6006233818625
1345,2022-09-07,14.48218,5256.724853077808
1346,2022-09-08,10.94944,3974.414996587825
1347,2022-09-09,11.11471,4034.404508972575
1348,2022-09-10,9.23471,3352.004295483564
1349,2022-09-11,17.43942,6330.140388896021
1350,2022-09-12,27.06076,9822.483192114296
1351,2022-09-13,22.29141,8091.3100760484385
1352,2022-09-14,15.99622,5806.289331392117
1353,2022-09-15,15.11377,5485.978656714789
1354,2022-09-16,11.67252,4236.8777340184815
1355,2022-09-17,11.39509,4136.176515280047
1356,2022-09-18,13.16294,4777.868652203743
1357,2022-09-19,13.20721,4793.937725316061
1358,2022-09-20,12.87961,4675.025858327232
1359,2022-09-21,13.67057,4962.127599210884
1360,2022-09-22,13.10686,4757.5127990269
1361,2022-09-23,11.69613,4245.44766435916
1362,2022-09-24,10.72219,3891.928055888156
1363,2022-09-25,13.46397,4887.136171494486
1364,2022-09-26,12.84419,4662.169147922029
1365,2022-09-27,12.73499,4622.531858925752
1366,2022-09-28,11.85845,4304.366389174871
1367,2022-09-29,11.34197,4116.8950794606135
1368,2022-09-30,9.84564,3573.758956348905
1369,2022-10-01,9.5387,3462.3462321317156
1370,2022-10-02,10.33261,3750.518760584407
1371,2022-10-03,12.25098,4446.846472047659
1372,2022-10-04,11.74335,4262.587525040517
1373,2022-10-05,11.45707,4158.673943594967
1374,2022-10-06,11.38624,4132.964152572932
1375,2022-10-07,10.19095,3699.0991785403367
1376,2022-10-08,8.9868,3262.0182120122554
1377,2022-10-09,10.16143,3688.3840432732104
1378,2022-10-10,11.84369,4299.008821541308
1379,2022-10-11,11.16784,4053.6895745803786
1380,2022-10-12,9.92828,3603.755527435465
1381,2022-10-13,9.00156,3267.3757796458176
1382,2022-10-14,7.93908,2881.7180249501776
1383,2022-10-15,8.80972,3197.7419195629823
1384,2022-10-16,10.04633,3646.605179138857
1385,2022-10-17,9.763,3543.7623852623456
1386,2022-10-18,9.69512,3519.1233818093488
1387,2022-10-19,9.68627,3515.9110191022332
1388,2022-10-20,7.78561,2826.0116628415826
1389,2022-10-21,8.09845,2939.56596219685
1390,2022-10-22,7.49933,2722.0980813960327
1391,2022-10-23,9.3144,3380.930079001085
1392,2022-10-24,9.47082,3437.7072286787184
1393,2022-10-25,8.82448,3203.0994871965445
1394,2022-10-26,8.71233,3162.3914106312295
1395,2022-10-27,7.39899,2685.676784895242
1396,2022-10-28,8.95434,3250.2359189644612
1397,2022-10-29,8.35522,3032.7680381636437
1398,2022-10-30,8.13387,2952.4226726020524
1399,2022-10-31,8.75955,3179.531271312587
1400,2022-11-01,10.7458,3900.4979862288346
1401,2022-11-02,9.35277,3394.857576975326
1402,2022-11-03,8.308,3015.628177482287
1403,2022-11-04,8.49098,3082.046045069638
1404,2022-11-05,7.73249,2806.7302270221485
1405,2022-11-06,9.14027,3317.72457412085
1406,2022-11-07,9.03107,3278.0872851245736
1407,2022-11-08,9.02812,3277.016497555535
1408,2022-11-09,9.16093,3325.2237168924903
1409,2022-11-10,7.68822,2790.6611539098303
1410,2022-11-11,8.91302,3235.2376334211813
1411,2022-11-12,7.87415,2858.1498090662194
1412,2022-11-13,9.11076,3307.013068642095
1413,2022-11-14,9.9873,3625.178538392976
1414,2022-11-15,9.22881,3349.8627203454867
1415,2022-11-16,8.91007,3234.1668458521426
1416,2022-11-17,9.14617,3319.866149258927
1417,2022-11-18,7.66756,2783.1620111381903
1418,2022-11-19,7.53475,2734.9547918012354
1419,2022-11-20,7.24552,2629.970422786647
1420,2022-11-21,7.13632,2590.33313379037
1421,2022-11-22,7.56426,2745.666297279991
1422,2022-11-23,6.92677,2514.270918504933
1423,2022-11-24,6.62279,2403.932611645151
1424,2022-11-25,6.7556,2452.139830982106
1425,2022-11-26,6.74969,2449.9946260556594
1426,2022-11-27,7.77676,2822.799300134467
1427,2022-11-28,6.91497,2509.9877682287784
1428,2022-11-29,6.59327,2393.217476378026
1429,2022-11-30,6.52244,2367.5076853559904
1430,2022-12-01,6.53129,2370.7200480631063
1431,2022-12-02,6.44571,2339.6563191958776
1432,2022-12-03,5.02611,1824.3715622442824
1433,2022-12-04,7.06253,2563.548925410926
1434,2022-12-05,6.59327,2393.217476378026
1435,2022-12-06,6.60213,2396.433468873511
1436,2022-12-07,6.54605,2376.077615696669
1437,2022-12-08,5.5426,2011.8465017469096
1438,2022-12-09,4.61588,1675.4667539572627
1439,2022-12-10,5.24156,1902.5753526677968
1440,2022-12-11,7.04778,2558.1949875657338
1441,2022-12-12,6.5431,2375.0068281276303
1442,2022-12-13,6.38668,2318.2296784499968
1443,2022-12-14,5.71377,2073.977589269736
1444,2022-12-15,5.53374,2008.630509251424
1445,2022-12-16,4.79886,1741.8846215446135
1446,2022-12-17,4.50668,1635.8294649609863
1447,2022-12-18,5.6518,2051.483790743186
1448,2022-12-19,5.2209,1895.076209896157
1449,2022-12-20,5.60162,2033.2695127044208
1450,2022-12-21,5.29173,1920.7860009181925
1451,2022-12-22,6.00005,2177.891170715286
1452,2022-12-23,5.21205,1891.863847189041
1453,2022-12-24,4.78706,1737.6014712684591
1454,2022-12-25,5.52489,2005.4181465443082
1455,2022-12-26,5.53079,2007.5597216823853
1456,2022-12-27,5.14417,1867.2248437360442
1457,2022-12-28,4.82247,1750.454551885292
1458,2022-12-29,5.58392,2026.8447872901893
1459,2022-12-30,5.09104,1847.9397781282405
1460,2022-12-31,4.72803,1716.174830522578
1461,2023-01-01,5.57211,2022.5580072256653
1462,2023-01-02,6.19484,2248.595818367161
1463,2023-01-03,5.44815,1977.563150595826
1464,2023-01-04,5.80822,2108.2609404208197
1465,2023-01-05,6.3247,2295.7322501350773
1466,2023-01-06,5.39208,1957.2109272073533
1467,2023-01-07,5.4393,1974.3507878887103
1468,2023-01-08,6.13286,2226.098390052241
1469,2023-01-09,6.7615,2454.2814061201834
1470,2023-01-10,5.89381,2139.328299076418
1471,2023-01-11,5.2209,1895.076209896157
1472,2023-01-12,5.71082,2072.9068017006975
1473,2023-01-13,5.60753,2035.4147176308677
1474,2023-01-14,5.75804,2090.0466623820544
1475,2023-01-15,6.25092,2268.951671544003
1476,2023-01-16,5.67836,2061.124508652903
1477,2023-01-17,5.41274,1964.7100699789933
1478,2023-01-18,5.05268,1834.0159099423688
1479,2023-01-19,4.84903,1760.095269795009
1480,2023-01-20,4.26467,1547.9849566277544
1481,2023-01-21,5.09104,1847.9397781282405
1482,2023-01-22,4.75164,1724.7447608632565
1483,2023-01-23,5.83773,2118.972445899575
1484,2023-01-24,6.02957,2188.6063059824114
1485,2023-01-25,5.66065,2054.696153450302
1486,2023-01-26,5.57801,2024.6995823637424
1487,2023-01-27,5.20319,1888.647854693556
1488,2023-01-28,5.38027,1952.9241471428293
1489,2023-01-29,5.90266,2142.5406617835333
1490,2023-01-30,8.06304,2926.712881580017
1491,2023-01-31,8.44966,3067.047759526358
1492,2023-02-01,7.57311,2748.878659987107
1493,2023-02-02,7.65575,2778.8752310736663
1494,2023-02-03,7.41079,2689.959935171396
1495,2023-02-04,7.09795,2576.405635816129
1496,2023-02-05,8.20175,2977.0616760550492
1497,2023-02-06,8.39063,3045.621118780477
1498,2023-02-07,8.06008,2925.6384642226085
1499,2023-02-08,7.07434,2567.8357054754506
1500,2023-02-09,6.62574,2405.00339921419
1501,2023-02-10,6.67296,2422.1432598955466
1502,2023-02-11,7.73249,2806.7302270221485
1503,2023-02-12,7.85054,2849.5798787255408
1504,2023-02-13,8.39358,3046.6919063495156
1505,2023-02-14,9.46492,3435.565653540641
1506,2023-02-15,8.23421,2988.843969102843
1507,2023-02-16,8.17519,2967.4209581453324
1508,2023-02-17,7.43735,2699.6006530811133
1509,2023-02-18,7.8653,2854.937446359104
1510,2023-02-19,9.33211,3387.3584342036866
1511,2023-02-20,9.07239,3293.0855706678535
1512,2023-02-21,8.6592,3143.1063450234255
1513,2023-02-22,7.68231,2788.515948983383
1514,2023-02-23,8.4349,3061.6901918927956
1515,2023-02-24,8.00401,2905.2862408341357
1516,2023-02-25,7.99811,2903.1446656960584
1517,2023-02-26,9.15798,3324.1529293234516
1518,2023-02-27,8.47917,3077.759265005114
1519,2023-02-28,7.86825,2856.008233928142
1520,2023-03-01,9.99911,3629.4653184575
1521,2023-03-02,9.60363,3485.9144480156738
1522,2023-03-03,8.43195,3060.619404323757
1523,2023-03-04,9.39114,3408.7850749495674
1524,2023-03-05,12.71434,4615.0363459424825
1525,2023-03-06,10.27653,3730.1629074075645
1526,2023-03-07,10.50084,3811.5826903265647
1527,2023-03-08,9.88991,3589.8280294612237
1528,2023-03-09,8.57952,3114.1841912942746
1529,2023-03-10,8.25192,2995.2723243054447
1530,2023-03-11,7.71478,2800.301871819547
1531,2023-03-12,9.62429,3493.4135907873138
1532,2023-03-13,9.79547,3555.5483080985096
1533,2023-03-14,8.88351,3224.5261279424253
1534,2023-03-15,7.87415,2858.1498090662194
1535,2023-03-16,8.66511,3145.2515499498727
1536,2023-03-17,9.50919,3451.6347266529597
1537,2023-03-18,9.88991,3589.8280294612237
1538,2023-03-19,11.67842,4239.019309156559
1539,2023-03-20,10.12602,3675.530962656378
1540,2023-03-21,9.80432,3558.7606708056255
1541,2023-03-22,9.01632,3272.7333472793807
1542,2023-03-23,9.93713,3606.9678901425805
1543,2023-03-24,8.43785,3062.7609794618334
1544,2023-03-25,8.86285,3217.026985170786
1545,2023-03-26,10.78416,3914.4218544147066
1546,2023-03-27,13.75025,4991.049752940035
1547,2023-03-28,16.89637,6133.024731483678
1548,2023-03-29,10.78712,3915.4962717721146
1549,2023-03-30,10.35622,3759.0886909250858
1550,2023-03-31,8.38178,3042.4087560733606
1551,2023-04-01,9.67446,3511.624239037709
1552,2023-04-02,11.66956,4235.803316661074
1553,2023-04-03,11.17374,4055.831149718456
1554,2023-04-04,10.1939,3700.1699661093744
1555,2023-04-05,8.96909,3255.589856809654
1556,2023-04-06,8.56476,3108.8266236607114
1557,2023-04-07,8.71528,3163.462198200268
1558,2023-04-08,8.29914,3012.4121849868015
1559,2023-04-09,9.37048,3401.285932177928
1560,2023-04-10,9.18159,3332.72285966413
1561,2023-04-11,9.22291,3347.72114520741
1562,2023-04-12,8.65625,3142.035557454387
1563,2023-04-13,8.22241,2984.560818826689
1564,2023-04-14,8.62969,3132.39483954467
1565,2023-04-15,9.65085,3503.0543086970306
1566,2023-04-16,10.01682,3635.8936736601013
1567,2023-04-17,9.44131,3426.995723199963
1568,2023-04-18,8.93663,3243.8075637618595
1569,2023-04-19,8.72413,3166.674560907384
1570,2023-04-20,8.52049,3092.7575505483937
1571,2023-04-21,7.77676,2822.799300134467
1572,2023-04-22,7.57902,2751.0238649135536
1573,2023-04-23,8.72413,3166.674560907384
1574,2023-04-24,8.81858,3200.9579120584676
1575,2023-04-25,7.9804,2896.7163104934575
1576,2023-04-26,7.8712,2857.0790214971807
1577,2023-04-27,7.02712,2550.6958447940933
1578,2023-04-28,7.33996,2664.2501441493605
1579,2023-04-29,7.62329,2767.0929380258717
1580,2023-04-30,8.5441,3101.327480889072
1581,2023-05-01,9.94008,3608.038677711619
1582,2023-05-02,9.04288,3282.374065189098
1583,2023-05-03,8.13092,2951.3518850330133
1584,2023-05-04,6.93563,2517.4869110004183
1585,2023-05-05,7.46687,2710.3157883482386
1586,2023-05-06,7.54065,2737.0963669393127
1587,2023-05-07,8.59428,3119.541758927837
1588,2023-05-08,9.4236,3420.5673679973615
1589,2023-05-09,9.23767,3353.0787128409725
1590,2023-05-10,8.36702,3037.0511884397984
1591,2023-05-11,8.67396,3148.463912656988
1592,2023-05-12,8.16928,2965.2757532188853
1593,2023-05-13,8.42605,3058.4778291856796
1594,2023-05-14,9.33506,3388.429221772725
1595,2023-05-15,9.4295,3422.7089431354393
1596,2023-05-16,8.73004,3168.819765833831
1597,2023-05-17,8.12796,2950.2774676756053
1598,2023-05-18,7.07139,2566.764917906412
1599,2023-05-19,6.73198,2443.566270853058
1600,2023-05-20,6.96809,2529.2692040482125
1601,2023-05-21,9.16388,3326.294504461529
1602,2023-05-22,8.55591,3105.6142609535964
1603,2023-05-23,7.94498,2883.859600088255
1604,2023-05-24,7.883,2861.3621717733354
1605,2023-05-25,7.66461,2782.0912235691517
1606,2023-05-26,6.21845,2257.165748707839
1607,2023-05-27,5.8879,2137.183094149971
1608,2023-05-28,6.70837,2434.99634051238
1609,2023-05-29,7.85349,2850.6506662945794
1610,2023-05-30,8.26077,2998.4846870125607
1611,2023-05-31,7.9863,2898.8578856315344
1612,2023-06-01,7.85349,2850.6506662945794
1613,2023-06-02,6.74674,2448.9238384866208
1614,2023-06-03,6.82348,2476.778834435103
1615,2023-06-04,7.52294,2730.6680117367114
1616,2023-06-05,7.85644,2851.721453863618
1617,2023-06-06,7.69117,2791.7319414788685
1618,2023-06-07,7.52589,2731.73879930575
1619,2023-06-08,6.86479,2491.773490190013
1620,2023-06-09,6.81757,2474.633629508656
1621,2023-06-10,6.58442,2390.00511367091
1622,2023-06-11,8.75365,3177.3896961745095
1623,2023-06-12,8.16633,2964.2049656498466
1624,2023-06-13,7.88891,2863.507376699782
1625,2023-06-14,7.77085,2820.65409520802
1626,2023-06-15,6.72313,2440.3539081459426
1627,2023-06-16,6.2155,2256.0949611388005
1628,2023-06-17,5.71082,2072.9068017006975
1629,2023-06-18,6.31585,2292.5198874279613
1630,2023-06-19,6.56376,2382.5059708992703
1631,2023-06-20,6.18304,2244.3126680910063
1632,2023-06-21,6.47817,2351.438612243672
1633,2023-06-22,6.4398,2337.511114269431
1634,2023-06-23,5.68426,2063.2660837909802
1635,2023-06-24,14.40545,5228.873486917695
1636,2023-06-25,11.95289,4338.646110537585
1637,2023-06-26,9.27898,3368.0733685958826
1638,2023-06-27,8.79792,3193.458769286827
1639,2023-06-28,8.67396,3148.463912656988
1640,2023-06-29,7.84464,2847.438303587464
1641,2023-06-30,7.73839,2808.871802160226
1642,2023-07-01,10.03157,3641.2476115052946
1643,2023-07-02,13.09506,4753.2296487507465
1644,2023-07-03,11.71383,4251.872389773392
1645,2023-07-04,11.7522,4265.799887747633
1646,2023-07-05,9.70693,3523.4101618738728
1647,2023-07-06,8.05123,2922.426101515493
1648,2023-07-07,6.56081,2381.4351833302317
1649,2023-07-08,6.3188,2293.590674997
1650,2023-07-09,7.27208,2639.6111406963637
1651,2023-07-10,7.03892,2554.978995070248
1652,2023-07-11,6.8707,2493.91869511646
1653,2023-07-12,7.09205,2574.264060678052
1654,2023-07-13,6.36602,2310.730535678357
1655,2023-07-14,5.58096,2025.770369932781
1656,2023-07-15,5.9971,2176.8203831462474
1657,2023-07-16,7.06253,2563.548925410926
1658,2023-07-17,7.55245,2741.379517215467
1659,2023-07-18,6.86775,2492.8479075474215
1660,2023-07-19,6.13877,2228.2435949786877
1661,2023-07-20,5.73739,2082.551149398784
1662,2023-07-21,5.61933,2039.697867907022
1663,2023-07-22,5.64294,2048.2677982477007
1664,2023-07-23,7.29274,2647.1102834680037
1665,2023-07-24,6.91202,2508.9169806597397
1666,2023-07-25,6.69362,2429.6424026671866
1667,2023-07-26,6.30109,2287.1623197943986
1668,2023-07-27,6.57852,2387.863538532833
1669,2023-07-28,6.83528,2481.0619847112575
1670,2023-07-29,5.86429,2128.613163809292
1671,2023-07-30,5.96759,2166.108877667492
1672,2023-07-31,5.52489,2005.4181465443082
1673,2023-08-01,6.22436,2259.310953634286
1674,2023-08-02,6.11516,2219.6736646380095
1675,2023-08-03,5.46881,1985.062293367466
1676,2023-08-04,5.37732,1951.8533595737906
1677,2023-08-05,5.84658,2122.184808606691
1678,2023-08-06,6.59032,2392.146688808987
1679,2023-08-07,6.25977,2272.1640342511187
1680,2023-08-08,6.47817,2351.438612243672
1681,2023-08-09,9.33801,3389.500009341764
1682,2023-08-10,8.18109,2969.562533283409
1683,2023-08-11,7.18059,2606.4022069026882
1684,2023-08-12,7.35176,2668.5332944255147
1685,2023-08-13,7.7679,2819.5833076389813
1686,2023-08-14,7.77085,2820.65409520802
1687,2023-08-15,8.32866,3023.127320253927
1688,2023-08-16,8.58837,3117.39655400139
1689,2023-08-17,9.43836,3425.924935630924
1690,2023-08-18,8.14567,2956.705822878207
1691,2023-08-19,7.89186,2864.5781642688207
1692,2023-08-20,8.89826,3229.8800657876186
1693,2023-08-21,10.855,3940.1352752251114
1694,2023-08-22,9.54165,3463.4170197007543
1695,2023-08-23,10.43886,3789.085262011645
1696,2023-08-24,10.47132,3800.8675550594394
1697,2023-08-25,9.8722,3583.3996742586223
1698,2023-08-26,11.90272,4320.43546228719
1699,2023-08-27,11.67547,4237.94852158752
1700,2023-08-28,12.40149,4501.4784167988455
1701,2023-08-29,11.7463,4263.658312609556
1702,2023-08-30,11.34492,4117.965867029652
1703,2023-08-31,11.16193,4051.5443696539314
1704,2023-09-01,10.72514,3892.998843457195
1705,2023-09-02,10.88746,3951.917568272906
1706,2023-09-03,13.40495,4865.713160536974
1707,2023-09-04,12.93864,4696.452499073112
1708,2023-09-05,12.98881,4714.663147323508
1709,2023-09-06,16.32677,5926.271985949986
1710,2023-09-07,13.4079,4866.783948106013
1711,2023-09-08,13.53481,4912.849592304891
1712,2023-09-09,13.78567,5003.906463345238
1713,2023-09-10,15.21411,5522.399953215579
1714,2023-09-11,13.95094,5063.895975729987
1715,2023-09-12,13.28985,4823.934296402621
1716,2023-09-13,12.05619,4376.141824395784
1717,2023-09-14,12.13587,4405.063978124936
1718,2023-09-15,11.13832,4042.9744393132532
1719,2023-09-16,12.31886,4471.485475500656
1720,2023-09-17,13.52005,4907.492024671328
1721,2023-09-18,12.87961,4675.025858327232
1722,2023-09-19,12.4074,4503.623621725293
1723,2023-09-20,12.07095,4381.499392029346
1724,2023-09-21,11.27113,4091.181658650208
1725,2023-09-22,12.25983,4450.058834754775
1726,2023-09-23,11.01142,3996.9124249027445
1727,2023-09-24,12.56677,4561.471558971964
1728,2023-09-25,12.2008,4428.632194008893
1729,2023-09-26,10.72219,3891.928055888156
1730,2023-09-27,10.71333,3888.7120633926706
1731,2023-09-28,9.29964,3375.5725113675226
1732,2023-09-29,8.69462,3155.963055428628
1733,2023-09-30,10.44476,3791.2268371497225
1734,2023-10-01,12.26868,4453.271197461891
1735,2023-10-02,12.28934,4460.77034023353
1736,2023-10-03,14.35823,5211.733626236339
1737,2023-10-04,13.77682,5000.694100638123
1738,2023-10-05,12.7468,4626.818638990277
1739,2023-10-06,11.59873,4210.093525639038
1740,2023-10-07,11.15603,4049.402794515854
1741,2023-10-08,12.0798,4384.711754736462
1742,2023-10-09,12.81173,4650.386854874235
1743,2023-10-10,12.41035,4504.69440929433
1744,2023-10-11,12.24507,4444.701267121212
1745,2023-10-12,11.74335,4262.587525040517
1746,2023-10-13,11.10881,4032.2629338344977
1747,2023-10-14,12.6435,4589.322925132077
1748,2023-10-15,12.07685,4383.640967167424
1749,2023-10-16,12.33656,4477.910200914887
1750,2023-10-17,12.00897,4359.001963714427
1751,2023-10-18,11.39214,4135.1057277110085
1752,2023-10-19,11.90567,4321.506249856228
1753,2023-10-20,11.92043,4326.863817489791
1754,2023-10-21,11.33311,4113.679086965128
1755,2023-10-22,14.6327,5311.360427617364
1756,2023-10-23,13.0803,4747.872081117183
1757,2023-10-24,13.6381,4950.341676374721
1758,2023-10-25,11.08815,4024.7637910628578
1759,2023-10-26,11.66366,4233.661741522997
1760,2023-10-27,10.83434,3932.6361324534714
1761,2023-10-28,11.20325,4066.542655197212
1762,2023-10-29,11.74925,4264.729100178594
1763,2023-10-30,12.87961,4675.025858327232
1764,2023-10-31,11.32426,4110.466724258013
1765,2023-11-01,11.27704,4093.326863576655
1766,2023-11-02,10.01682,3635.8936736601013
1767,2023-11-03,9.8663,3581.2580991205455
1768,2023-11-04,9.49443,3446.277159019397
1769,2023-11-05,10.16143,3688.3840432732104
1770,2023-11-06,10.67792,3875.8589827758383
1771,2023-11-07,10.99371,3990.4840697001437
1772,2023-11-08,9.90467,3595.185597094786
1773,2023-11-09,8.60903,3124.89569677303
1774,2023-11-10,8.62969,3132.39483954467
1775,2023-11-11,8.42605,3058.4778291856796
1776,2023-11-12,9.79842,3556.619095667548
1777,2023-11-13,10.33261,3750.518760584407
1778,2023-11-14,9.64495,3500.9127335589533
1779,2023-11-15,8.92482,3239.520783697336
1780,2023-11-16,8.52935,3095.973543043879
1781,2023-11-17,7.39013,2682.460792399756
1782,2023-11-18,7.45801,2707.099795852753
1783,2023-11-19,8.32275,3020.9821153274797
1784,2023-11-20,7.91842,2874.218882178538
1785,2023-11-21,8.28734,3008.1290347106474
1786,2023-11-22,7.98335,2897.7870980624957
1787,2023-11-23,7.21895,2620.32607508856
1788,2023-11-24,7.44326,2701.74585800756
1789,2023-11-25,6.56966,2384.647546037347
1790,2023-11-26,8.03057,2914.926958743853
1791,2023-11-27,7.68526,2789.5867365524223
1792,2023-11-28,7.15993,2598.9030641310487
1793,2023-11-29,7.28388,2643.8942909725183
1794,2023-11-30,7.07139,2566.764917906412
1795,2023-12-01,6.56966,2384.647546037347
1796,2023-12-02,6.3129,2291.4490998589226
1797,2023-12-03,7.04187,2556.0497826392866
1798,2023-12-04,7.30749,2652.4642213131965
1799,2023-12-05,6.84118,2483.2035598493344
1800,2023-12-06,6.29224,2283.9499570872827
1801,2023-12-07,6.57556,2386.7891211754245
1802,2023-12-08,5.8879,2137.183094149971
1803,2023-12-09,5.7669,2093.2626548775397
1804,2023-12-10,7.08024,2569.9772806135275
1805,2023-12-11,11.04683,4009.765505519578
1806,2023-12-12,7.83578,2844.222311091978
1807,2023-12-13,7.28684,2644.9687083299264
1808,2023-12-14,7.08614,2572.118855751605
1809,2023-12-15,6.74084,2446.782263348544
1810,2023-12-16,6.27453,2277.521601884682
1811,2023-12-17,6.95333,2523.91163641465
1812,2023-12-18,7.39013,2682.460792399756
1813,2023-12-19,6.59327,2393.217476378026
1814,2023-12-20,6.65525,2415.7149046929453
1815,2023-12-21,6.09745,2213.245309435408
1816,2023-12-22,5.89971,2141.4698742144947
1817,2023-12-23,5.92037,2148.9690169861346
1818,2023-12-24,5.83478,2117.901658330537
1819,2023-12-25,6.15057,2232.5267452548424
1820,2023-12-26,6.07384,2204.6753790947296
1821,2023-12-27,5.52489,2005.4181465443082
1822,2023-12-28,5.45701,1980.7791430913117
1823,2023-12-29,5.29764,1922.9312058446394
1824,2023-12-30,5.86429,2128.613163809292
1825,2023-12-31,6.3188,2293.590674997
1826,2024-01-01,5.95578,2161.8220976029675
1827,2024-01-02,5.50423,1997.9190037726682
1828,2024-01-03,6.16828,2238.9551004574437
1829,2024-01-04,6.34831,2304.3021804757554
1830,2024-01-05,7.0891,2573.1932731090133
1831,2024-01-06,7.095,2575.33484824709
1832,2024-01-07,7.69707,2793.873516616946
1833,2024-01-08,5.8702,2130.758368735739
1834,2024-01-09,6.80872,2471.4212668015402
1835,2024-01-10,6.3247,2295.7322501350773
1836,2024-01-11,6.29814,2286.09153222536
1837,2024-01-12,5.93808,2155.397372188736
1838,2024-01-13,6.08564,2208.958529370884
1839,2024-01-14,7.13337,2589.2623462213314
1840,2024-01-15,9.55641,3468.7745873343165
1841,2024-01-16,7.45211,2704.958220714676
1842,2024-01-17,7.56131,2744.5955097109522
1843,2024-01-18,7.93613,2880.647237381139
1844,2024-01-19,7.18059,2606.4022069026882
1845,2024-01-20,7.15403,2596.7614889929714
1846,2024-01-21,7.40489,2687.8183600333186
1847,2024-01-22,6.86184,2490.7027026209744
1848,2024-01-23,6.69067,2428.571615098148
1849,2024-01-24,6.67886,2424.284835033624
1850,2024-01-25,6.40734,2325.7288212216363
1851,2024-01-26,5.93808,2155.397372188736
1852,2024-01-27,8.06304,2926.712881580017
1853,2024-01-28,11.61644,4216.521880841639
1854,2024-01-29,9.37048,3401.285932177928
1855,2024-01-30,8.83924,3208.457054830107
1856,2024-01-31,8.06599,2927.783669149055
1857,2024-02-01,13.8447,5025.333104091119
1858,2024-02-02,10.19095,3699.0991785403367
1859,2024-02-03,9.37048,3401.285932177928
1860,2024-02-04,10.73694,3897.2819937333497
1861,2024-02-05,11.52495,4183.312947047964
1862,2024-02-06,11.20916,4068.6878601236585
1863,2024-02-07,9.29374,3373.4309362294453
1864,2024-02-08,9.56526,3471.9869500414325
1865,2024-02-09,8.48212,3078.8300525741524
1866,2024-02-10,10.27949,3731.2373247649725
1867,2024-02-11,10.00206,3630.5361060265386
1868,2024-02-12,13.37543,4854.998025269849
1869,2024-02-13,12.47528,4528.262625178289
1870,2024-02-14,11.76991,4272.228242950234
1871,2024-02-15,11.3036,4102.967581486372
1872,2024-02-16,10.35917,3760.1594784941244
1873,2024-02-17,12.36903,4489.696123751051
1874,2024-02-18,13.7414,4987.83739023292
1875,2024-02-19,13.48758,4895.706101835164
1876,2024-02-20,12.28934,4460.77034023353
1877,2024-02-21,11.96175,4341.8621030330705
1878,2024-02-22,10.72219,3891.928055888156
1879,2024-02-23,10.79302,3917.637846910192
1880,2024-02-24,12.00897,4359.001963714427
1881,2024-02-25,12.75565,4630.031001697392
1882,2024-02-26,11.79647,4281.868960859951
1883,2024-02-27,11.39804,4137.247302849086
1884,2024-02-28,11.14128,4044.0488566706613
1885,2024-02-29,10.94354,3972.273421449748
1886,2024-03-01,11.69317,4244.373247001752
1887,2024-03-02,12.0739,4382.570179598385
1888,2024-03-03,12.46347,4523.975845113765
1889,2024-03-04,11.68137,4240.0900967255975
1890,2024-03-05,11.92043,4326.863817489791
1891,2024-03-06,14.35823,5211.733626236339
1892,2024-03-07,13.53481,4912.849592304891
1893,2024-03-08,13.13342,4767.153516936617
1894,2024-03-09,12.50774,4540.044918226084
1895,2024-03-10,14.34642,5207.446846171814
1896,2024-03-11,13.67647,4964.269174348962
1897,2024-03-12,14.03358,5093.892546816547
1898,2024-03-13,14.09556,5116.3899751314675
1899,2024-03-14,13.43446,4876.42466601573
1900,2024-03-15,19.62045,7121.8081216757755
1901,2024-03-16,14.02178,5089.6093965403925
1902,2024-03-17,15.01342,5449.553730425628
1903,2024-03-18,15.1728,5507.40529746067
1904,2024-03-19,14.06605,5105.678469652711
1905,2024-03-20,13.97455,5072.465906070666
1906,2024-03-21,13.05079,4737.160575638427
1907,2024-03-22,13.86831,5033.903034431797
1908,2024-03-23,13.81813,5015.688756393032
1909,2024-03-24,15.92539,5780.579540370082
1910,2024-03-25,17.99132,6530.468409015482
1911,2024-03-26,14.48218,5256.724853077808
1912,2024-03-27,13.55842,4921.4195226455695
1913,2024-03-28,13.46397,4887.136171494486
1914,2024-03-29,12.81468,4651.457642443273
1915,2024-03-30,14.28444,5184.949417856895
1916,2024-03-31,23.51326,8534.81576799075
1917,2024-04-01,18.16545,6593.673913895716
1918,2024-04-02,14.83634,5385.277437976355
1919,2024-04-03,14.69763,5334.928643501323
1920,2024-04-04,13.39609,4862.497168041488
1921,2024-04-05,12.34837,4482.196980979411
1922,2024-04-06,11.80533,4285.0849533554365
1923,2024-04-07,16.8403,6112.672508095204
1924,2024-04-08,13.98636,5076.75268613519
1925,2024-04-09,11.84664,4300.079609110347
1926,2024-04-10,12.41625,4506.835984432408
1927,2024-04-11,11.59578,4209.022738069999
1928,2024-04-12,11.64595,4227.233386320395
1929,2024-04-13,11.51905,4181.171371909887
1930,2024-04-14,12.96815,4707.164004551868
1931,2024-04-15,11.79647,4281.868960859951
1932,2024-04-16,12.24212,4443.630479552174
1933,2024-04-17,11.90272,4320.43546228719
1934,2024-04-18,10.94944,3974.414996587825
1935,2024-04-19,10.33851,3752.660335722484
1936,2024-04-20,11.09701,4027.9797835583427
1937,2024-04-21,11.76401,4270.086667812157
1938,2024-04-22,11.44231,4153.316375961404
1939,2024-04-23,11.18259,4059.0435124255714
1940,2024-04-24,9.58592,3479.4860928130724
1941,2024-04-25,9.11666,3309.1546437801717
1942,2024-04-26,8.05418,2923.4968890845316
1943,2024-04-27,9.85449,3576.971319056021
1944,2024-04-28,12.47233,4527.19183760925
1945,2024-04-29,10.60413,3849.0747743963943
1946,2024-04-30,9.60658,3486.985235584712
1947,2024-05-01,10.94944,3974.414996587825
1948,2024-05-02,10.08765,3661.6034646821367
1949,2024-05-03,9.78071,3550.190740464947
1950,2024-05-04,8.6592,3143.1063450234255
1951,2024-05-05,8.33751,3026.339682961043
1952,2024-05-06,10.38869,3770.8746137612497
1953,2024-05-07,8.90712,3233.0960582831044
1954,2024-05-08,8.39949,3048.8371112759623
1955,2024-05-09,8.07779,2932.06681942521
1956,2024-05-10,7.81217,2835.6523807513
1957,2024-05-11,7.6469,2775.6628683665504
1958,2024-05-12,8.93663,3243.8075637618595
1959,2024-05-13,9.61544,3490.2012280801973
1960,2024-05-14,8.58247,3115.254978863313
1961,2024-05-15,7.99811,2903.1446656960584
1962,2024-05-16,7.21305,2618.184499950483
1963,2024-05-17,7.69412,2792.802729047907
1964,2024-05-18,7.64099,2773.5176634401037
1965,2024-05-19,9.00156,3267.3757796458176
1966,2024-05-20,8.45556,3069.189334664435
1967,2024-05-21,8.98975,3263.088999581294
1968,2024-05-22,8.13387,2952.4226726020524
1969,2024-05-23,7.17764,2605.33141933365
1970,2024-05-24,6.97695,2532.4851965436983
1971,2024-05-25,6.54015,2373.9360405585917
1972,2024-05-26,7.98335,2897.7870980624957
1973,2024-05-27,7.94203,2882.788812519216
1974,2024-05-28,7.6469,2775.6628683665504
1975,2024-05-29,6.88545,2499.272632961653
1976,2024-05-30,6.81167,2472.492054370579
1977,2024-05-31,6.72903,2442.4954832840194
1978,2024-06-01,6.69952,2431.7839778052635
1979,2024-06-02,9.13732,3316.653786551812
1980,2024-06-03,8.61198,3125.966484342069
1981,2024-06-04,7.88891,2863.507376699782
1982,2024-06-05,7.04187,2556.0497826392866
1983,2024-06-06,9.9814,3623.036963254899
1984,2024-06-07,8.94844,3248.094343826384
1985,2024-06-08,7.36652,2673.890862059078
1986,2024-06-09,7.82103,2838.8683732467853
1987,2024-06-10,8.62379,3130.2532644065927
1988,2024-06-11,7.92137,2875.289669747576
1989,2024-06-12,7.26322,2636.3951482008783
1990,2024-06-13,6.69362,2429.6424026671866
1991,2024-06-14,7.18944,2609.614569609804
1992,2024-06-15,6.89431,2502.4886254571384
1993,2024-06-16,10.02567,3639.1060363672173
1994,2024-06-17,10.27358,3729.0921198385263
1995,2024-06-18,7.88891,2863.507376699782
1996,2024-06-19,7.01531,2546.4090647295698
1997,2024-06-20,6.5431,2375.0068281276303
1998,2024-06-21,6.1122,2218.599247280601
1999,2024-06-22,5.35666,1944.3542168021506
2000,2024-06-23,6.8707,2493.91869511646
2001,2024-06-24,6.23911,2264.664891479479
2002,2024-06-25,5.89971,2141.4698742144947
2003,2024-06-26,6.26272,2273.2348218201573
2004,2024-06-27,5.87905,2133.970731442855
2005,2024-06-28,4.7723,1732.2439036348965
2006,2024-06-29,5.41274,1964.7100699789933
2007,2024-06-30,6.06793,2202.530174168283
2008,2024-07-01,6.28043,2279.6631770227586
2009,2024-07-02,5.95578,2161.8220976029675
2010,2024-07-03,6.06498,2201.459386599244
2011,2024-07-04,5.4275,1970.0676376125557
2012,2024-07-05,5.27698,1915.4320630729994
2013,2024-07-06,4.85494,1762.2404747214557
2014,2024-07-07,5.56621,2020.416432087588
2015,2024-07-08,8.47032,3074.5469022979973
2016,2024-07-09,8.35227,3031.6972505946055
2017,2024-07-10,6.51654,2365.366110217913
2018,2024-07-11,6.02957,2188.6063059824114
2019,2024-07-12,5.81117,2109.3317279898583
2020,2024-07-13,7.883,2861.3621717733354
2021,2024-07-14,8.46442,3072.405327159921
2022,2024-07-15,6.01186,2182.17795077981
2023,2024-07-16,6.35126,2305.372968044794
2024,2024-07-17,6.92087,2512.1293433668557
2025,2024-07-18,5.19729,1886.5062795554784
2026,2024-07-19,4.90511,1780.4511229718512
2027,2024-07-20,5.04972,1832.9414925849608
2028,2024-07-21,5.94398,2157.5389473268133
2029,2024-07-22,5.45701,1980.7791430913117
2030,2024-07-23,5.53965,2010.775714177871
2031,2024-07-24,4.86674,1766.5236249976103
2032,2024-07-25,5.01431,1820.088411968128
2033,2024-07-26,5.12646,1860.796488533443
2034,2024-07-27,4.52144,1641.187032594549
2035,2024-07-28,4.8933,1776.1643429073272
2036,2024-07-29,4.9907,1811.5184816274495
2037,2024-07-30,5.51013,2000.0605789107456
2038,2024-07-31,5.23271,1899.362989960681
2039,2024-08-01,4.76935,1731.1731160658578
2040,2024-08-02,5.00545,1816.8724194726424
2041,2024-08-03,5.02021,1822.229987106205
2042,2024-08-04,5.06153,1837.228272649485
2043,2024-08-05,5.29764,1922.9312058446394
2044,2024-08-06,5.2268,1897.217785034234
2045,2024-08-07,5.17368,1877.9363492148
2046,2024-08-08,5.70197,2069.6944389935816
2047,2024-08-09,5.72853,2079.335156903299
2048,2024-08-10,4.97299,1805.0901264248482
2049,2024-08-11,5.81707,2111.4733031279357
2050,2024-08-12,6.70837,2434.99634051238
2051,2024-08-13,6.64344,2411.4281246284213
2052,2024-08-14,7.93023,2878.5056622430616
2053,2024-08-15,6.92382,2513.2001309358943
2054,2024-08-16,6.23026,2261.452528772363
2055,2024-08-17,6.43685,2336.4403267003922
2056,2024-08-18,6.95333,2523.91163641465
2057,2024-08-19,7.17468,2604.2570019762416
2058,2024-08-20,6.72903,2442.4954832840194
2059,2024-08-21,7.69707,2793.873516616946
2060,2024-08-22,6.78216,2461.7805488918234
2061,2024-08-23,7.28093,2642.8235034034797
2062,2024-08-24,7.65575,2778.8752310736663
2063,2024-08-25,8.05713,2924.5676766535703
2064,2024-08-26,8.10435,2941.707537334927
2065,2024-08-27,8.45556,3069.189334664435
2066,2024-08-28,8.39654,3047.7663237069237
2067,2024-08-29,8.28439,3007.0582471416087
2068,2024-08-30,7.52589,2731.73879930575
2069,2024-08-31,8.19585,2974.920100916972
2070,2024-09-01,9.99026,3626.252955750384
2071,2024-09-02,9.4295,3422.7089431354393
2072,2024-09-03,10.57167,3837.2924813485997
2073,2024-09-04,10.40934,3778.37012674452
2074,2024-09-05,9.48558,3443.0647963122815
2075,2024-09-06,9.83679,3570.5465936417895
2076,2024-09-07,12.4251,4510.048347139524
2077,2024-09-08,13.6263,4946.058526098566
2078,2024-09-09,11.87321,4309.723956808433
2079,2024-09-10,12.42215,4508.977559570485
2080,2024-09-11,14.79798,5371.353569790484
2081,2024-09-12,11.88206,4312.936319515549
2082,2024-09-13,11.26818,4090.1108710811695
2083,2024-09-14,11.15603,4049.402794515854
2084,2024-09-15,11.25343,4084.7569332359767
2085,2024-09-16,11.34492,4117.965867029652
2086,2024-09-17,10.36803,3763.3754709896093
2087,2024-09-18,12.36903,4489.696123751051
2088,2024-09-19,12.189,4424.349043732739
2089,2024-09-20,13.21311,4796.079300454138
2090,2024-09-21,13.65876,4957.84081914636
2091,2024-09-22,14.05424,5101.391689588187
2092,2024-09-23,13.72074,4980.33824746128
2093,2024-09-24,12.23917,4442.559691983134
2094,2024-09-25,12.95044,4700.735649349267
2095,2024-09-26,11.17374,4055.831149718456
2096,2024-09-27,10.59528,3845.862411689279
2097,2024-09-28,10.90222,3957.275135906468
2098,2024-09-29,12.56087,4559.329983833887
2099,2024-09-30,12.22441,4437.202124349572
