,date,폴 스미스,폴 스미스_absolute
0,2019-01-01,0.58662,935.1583186910177
1,2019-01-02,0.64473,1027.7941815990928
2,2019-01-03,0.60483,964.1877295248853
3,2019-01-04,0.59922,955.2445667144516
4,2019-01-05,0.62303,993.2011988920676
5,2019-01-06,0.85124,1357.0014101165011
6,2019-01-07,0.71403,1138.2685457279797
7,2019-01-08,0.68113,1085.8211203334577
8,2019-01-09,0.65593,1045.6486242865897
9,2019-01-10,0.66083,1053.4599429623695
10,2019-01-11,0.57822,921.7674866753949
11,2019-01-12,0.59992,956.3604693824202
12,2019-01-13,0.67063,1069.0825803139292
13,2019-01-14,0.68183,1086.9370230014263
14,2019-01-15,0.62583,997.6648095639418
15,2019-01-16,0.62863,1002.1284202358162
16,2019-01-17,0.60763,968.6513401967595
17,2019-01-18,0.58382,930.6947080191435
18,2019-01-19,0.64963,1035.6055002748728
19,2019-01-20,0.67973,1083.5893149975204
20,2019-01-21,0.71543,1140.5003510639167
21,2019-01-22,0.64053,1021.0987655912816
22,2019-01-23,0.61883,986.5057828842564
23,2019-01-24,0.56002,892.7540173082126
24,2019-01-25,0.57262,912.8402653316466
25,2019-01-26,0.60833,969.7672428647281
26,2019-01-27,0.67553,1076.893898989709
27,2019-01-28,0.67623,1078.0098016576776
28,2019-01-29,0.58382,930.6947080191435
29,2019-01-30,0.56282,897.2176279800868
30,2019-01-31,0.60973,971.9990482006651
31,2019-02-01,0.52922,843.6542999175964
32,2019-02-02,0.60973,971.9990482006651
33,2019-02-03,0.65663,1046.7645269545583
34,2019-02-04,0.63773,1016.6351549194073
35,2019-02-05,0.73993,1179.5569444428158
36,2019-02-06,0.81624,1301.2062767180735
37,2019-02-07,0.83304,1327.9879407493188
38,2019-02-08,0.80994,1291.1631527063564
39,2019-02-09,0.76093,1213.0340244818726
40,2019-02-10,0.80084,1276.6564180227654
41,2019-02-11,0.76793,1224.193051161558
42,2019-02-12,0.76933,1226.424856497495
43,2019-02-13,0.69513,1108.1391736928288
44,2019-02-14,0.69303,1104.791465688923
45,2019-02-15,0.65803,1048.9963322904953
46,2019-02-16,0.62513,996.5489068959733
47,2019-02-17,0.73643,1173.9774311029732
48,2019-02-18,0.66223,1055.6917482983067
49,2019-02-19,0.60973,971.9990482006651
50,2019-02-20,0.59432,947.4332480386716
51,2019-02-21,0.58592,934.0424160230491
52,2019-02-22,0.58802,937.3901240269548
53,2019-02-23,0.60343,961.9559241889483
54,2019-02-24,0.63353,1009.939738911596
55,2019-02-25,0.58592,934.0424160230491
56,2019-02-26,0.57682,919.5356813394579
57,2019-02-27,0.59222,944.085540034766
58,2019-02-28,0.50822,810.1772198785397
59,2019-03-01,0.60133,958.6082161850426
60,2019-03-02,0.58872,938.5060266949233
61,2019-03-03,0.61603,982.0421722123821
62,2019-03-04,0.53692,855.9292292652503
63,2019-03-05,0.55512,884.9426986324328
64,2019-03-06,0.52292,833.6111759058795
65,2019-03-07,0.49562,790.0909718551059
66,2019-03-08,0.49562,790.0909718551059
67,2019-03-09,0.56072,893.8699199761812
68,2019-03-10,0.61533,980.9262695444137
69,2019-03-11,0.59642,950.7809560425774
70,2019-03-12,0.56912,907.2607519918038
71,2019-03-13,0.50892,811.2931225465084
72,2019-03-14,0.54742,872.6677692847787
73,2019-03-15,0.50402,803.4818038707285
74,2019-03-16,0.57682,919.5356813394579
75,2019-03-17,0.67553,1076.893898989709
76,2019-03-18,0.58872,938.5060266949233
77,2019-03-19,0.58172,927.3470000152379
78,2019-03-20,0.61883,986.5057828842564
79,2019-03-21,0.54322,865.9723532769675
80,2019-03-22,0.46692,744.3389624683952
81,2019-03-23,0.55512,884.9426986324328
82,2019-03-24,0.60483,964.1877295248853
83,2019-03-25,0.56352,898.3335306480554
84,2019-03-26,0.56562,901.6812386519612
85,2019-03-27,0.58802,937.3901240269548
86,2019-03-28,0.54112,862.6246452730618
87,2019-03-29,0.49562,790.0909718551059
88,2019-03-30,0.53552,853.6974239293133
89,2019-03-31,0.65033,1036.7214029428412
90,2019-04-01,0.64893,1034.4895976069042
91,2019-04-02,0.60903,970.8831455326965
92,2019-04-03,0.62863,1002.1284202358162
93,2019-04-04,0.55232,880.4790879605587
94,2019-04-05,0.51522,821.3362465582253
95,2019-04-06,0.54952,876.0154772886845
96,2019-04-07,0.63843,1017.751057587376
97,2019-04-08,1.11235,1773.2490467354564
98,2019-04-09,1.36786,2180.5694620106638
99,2019-04-10,0.95834,1527.7345183156897
100,2019-04-11,1.01085,1611.4431598800165
101,2019-04-12,0.87014,1387.130782151652
102,2019-04-13,0.77983,1243.1633965170236
103,2019-04-14,0.78473,1250.9747151928034
104,2019-04-15,0.74063,1180.6728471107845
105,2019-04-16,0.60903,970.8831455326965
106,2019-04-17,0.60063,957.492313517074
107,2019-04-18,0.53622,854.813326597282
108,2019-04-19,0.56002,892.7540173082126
109,2019-04-20,0.55792,889.406309304307
110,2019-04-21,0.69793,1112.602784364703
111,2019-04-22,0.61323,977.5785615405081
112,2019-04-23,0.62793,1001.0125175678476
113,2019-04-24,0.55162,879.3631852925901
114,2019-04-25,0.53482,852.5815212613447
115,2019-04-26,0.54882,874.8995746207158
116,2019-04-27,0.51102,814.6408305504141
117,2019-04-28,0.59712,951.896858710546
118,2019-04-29,0.59292,945.2014427027347
119,2019-04-30,0.50752,809.0613172105711
120,2019-05-01,0.58382,930.6947080191435
121,2019-05-02,0.59082,941.853734698829
122,2019-05-03,0.59222,944.085540034766
123,2019-05-04,0.58592,934.0424160230491
124,2019-05-05,0.64123,1022.2146682592501
125,2019-05-06,0.65173,1038.9532082787784
126,2019-05-07,0.60203,959.7241188530111
127,2019-05-08,0.61113,974.2308535366022
128,2019-05-09,0.57962,923.9992920113322
129,2019-05-10,0.55582,886.0586013004014
130,2019-05-11,0.56492,900.5653359839926
131,2019-05-12,0.68953,1099.21195234908
132,2019-05-13,0.71963,1147.195767071728
133,2019-05-14,0.68323,1089.1688283373633
134,2019-05-15,0.62443,995.4330042280048
135,2019-05-16,0.62513,996.5489068959733
136,2019-05-17,0.57052,909.492557327741
137,2019-05-18,0.56142,894.9858226441498
138,2019-05-19,0.64543,1028.9100842670614
139,2019-05-20,0.73503,1171.745625767036
140,2019-05-21,0.66293,1056.8076509662753
141,2019-05-22,0.58312,929.5788053511749
142,2019-05-23,0.60343,961.9559241889483
143,2019-05-24,0.59502,948.5491507066403
144,2019-05-25,0.58032,925.1151946793007
145,2019-05-26,0.68323,1089.1688283373633
146,2019-05-27,0.70493,1123.7618110443882
147,2019-05-28,0.65663,1046.7645269545583
148,2019-05-29,0.68603,1093.6324390092375
149,2019-05-30,0.66853,1065.7348723100235
150,2019-05-31,0.59852,954.1286640464832
151,2019-06-01,0.64123,1022.2146682592501
152,2019-06-02,0.70073,1117.066395036577
153,2019-06-03,0.80644,1285.5836393665138
154,2019-06-04,0.76303,1216.3817324857782
155,2019-06-05,1.33076,2121.4266206083303
156,2019-06-06,1.27126,2026.5748938310035
157,2019-06-07,1.08505,1729.728842684683
158,2019-06-08,0.89674,1429.535083534457
159,2019-06-09,0.93384,1488.6779249367903
160,2019-06-10,0.91144,1452.9690395617968
161,2019-06-11,0.80994,1291.1631527063564
162,2019-06-12,0.79383,1265.4814498763947
163,2019-06-13,0.72103,1149.427572407665
164,2019-06-14,0.84214,1342.4946754329098
165,2019-06-15,1.36646,2178.3376566747265
166,2019-06-16,0.87154,1389.362587487589
167,2019-06-17,0.81974,1306.7857900579163
168,2019-06-18,0.79523,1267.7132552123317
169,2019-06-19,0.77003,1227.5407591654637
170,2019-06-20,0.74763,1191.8318737904701
171,2019-06-21,0.86804,1383.7830741477464
172,2019-06-22,0.82674,1317.9448167376017
173,2019-06-23,0.83024,1323.5243300774446
174,2019-06-24,0.80924,1290.0472500383878
175,2019-06-25,0.79803,1272.1768658842059
176,2019-06-26,0.82394,1313.4812060657275
177,2019-06-27,0.78613,1253.2065205287404
178,2019-06-28,0.78193,1246.5111045209292
179,2019-06-29,0.85474,1362.580923456344
180,2019-06-30,0.84424,1345.8423834368157
181,2019-07-01,0.88134,1404.985224839149
182,2019-07-02,0.91214,1454.0849422297651
183,2019-07-03,0.96884,1544.473058335218
184,2019-07-04,0.90094,1436.2304995422683
185,2019-07-05,0.88414,1409.4488355110232
186,2019-07-06,0.83794,1335.7992594250986
187,2019-07-07,0.99824,1591.3409703898972
188,2019-07-08,0.91704,1461.896260905545
189,2019-07-09,0.84774,1351.4218967766585
190,2019-07-10,0.82884,1321.2925247415076
191,2019-07-11,0.95834,1527.7345183156897
192,2019-07-12,1.12285,1789.9875867549847
193,2019-07-13,0.95344,1519.9231996399099
194,2019-07-14,1.09905,1752.0468960440542
195,2019-07-15,0.97864,1560.0956956867776
196,2019-07-16,0.97094,1547.8207663391238
197,2019-07-17,0.92544,1475.2870929211679
198,2019-07-18,0.83584,1332.451551421193
199,2019-07-19,0.85824,1368.1604367961866
200,2019-07-20,0.85474,1362.580923456344
201,2019-07-21,0.98564,1571.2547223664633
202,2019-07-22,0.90514,1442.9259155500797
203,2019-07-23,0.92194,1469.707579581325
204,2019-07-24,0.88274,1407.217030175086
205,2019-07-25,0.88694,1413.9124461828972
206,2019-07-26,0.75883,1209.686316477967
207,2019-07-27,0.88834,1416.1442515188344
208,2019-07-28,0.96884,1544.473058335218
209,2019-07-29,0.97304,1551.1684743430294
210,2019-07-30,0.93944,1497.6051462805387
211,2019-07-31,0.87504,1394.942100827432
212,2019-08-01,0.84004,1339.1469674290042
213,2019-08-02,0.91354,1456.3167475657024
214,2019-08-03,0.93104,1484.214314264916
215,2019-08-04,0.99684,1589.10916505396
216,2019-08-05,0.84704,1350.30599410869
217,2019-08-06,0.92894,1480.8666062610105
218,2019-08-07,0.87574,1396.0580034954005
219,2019-08-08,0.75253,1199.64319246625
220,2019-08-09,0.82044,1307.9016927258847
221,2019-08-10,0.82954,1322.4084274094762
222,2019-08-11,0.93594,1492.025632940696
223,2019-08-12,0.88344,1408.3329328430546
224,2019-08-13,0.85824,1368.1604367961866
225,2019-08-14,0.84704,1350.30599410869
226,2019-08-15,0.80714,1286.6995420344822
227,2019-08-16,0.86174,1373.7399501360294
228,2019-08-17,0.86944,1386.0148794836834
229,2019-08-18,0.86524,1379.3194634758722
230,2019-08-19,0.87784,1399.405711499306
231,2019-08-20,0.86944,1386.0148794836834
232,2019-08-21,0.90094,1436.2304995422683
233,2019-08-22,0.80084,1276.6564180227654
234,2019-08-23,0.84844,1352.537799444627
235,2019-08-24,0.90374,1440.6941102141425
236,2019-08-25,1.00385,1600.2841332003306
237,2019-08-26,0.88204,1406.1011275071176
238,2019-08-27,0.84074,1340.2628700969728
239,2019-08-28,0.69163,1102.5596603529857
240,2019-08-29,0.65313,1041.1850136147154
241,2019-08-30,0.64403,1026.6782789311242
242,2019-08-31,0.74203,1182.9046524467217
243,2019-09-01,0.82394,1313.4812060657275
244,2019-09-02,0.78193,1246.5111045209292
245,2019-09-03,0.72803,1160.5865990873506
246,2019-09-04,0.69163,1102.5596603529857
247,2019-09-05,0.79593,1268.8291578803003
248,2019-09-06,0.70073,1117.066395036577
249,2019-09-07,0.77493,1235.3520778412437
250,2019-09-08,0.89884,1432.8827915383627
251,2019-09-09,0.81204,1294.5108607102622
252,2019-09-10,0.67833,1081.3575096615834
253,2019-09-11,0.68883,1098.0960496811117
254,2019-09-12,0.72453,1155.0070857475077
255,2019-09-13,0.69443,1107.0232710248602
256,2019-09-14,0.87714,1398.2898088313377
257,2019-09-15,0.95974,1529.966323651627
258,2019-09-16,0.86244,1374.855852803998
259,2019-09-17,0.84214,1342.4946754329098
260,2019-09-18,0.79733,1271.0609632162373
261,2019-09-19,0.75533,1204.106803138124
262,2019-09-20,0.67413,1074.662093653772
263,2019-09-21,0.82184,1310.133498061822
264,2019-09-22,0.85894,1369.2763394641552
265,2019-09-23,0.78263,1247.6270071888978
266,2019-09-24,0.77353,1233.1202725053065
267,2019-09-25,0.76583,1220.8453431576525
268,2019-09-26,0.75743,1207.4545111420298
269,2019-09-27,0.80784,1287.8154447024508
270,2019-09-28,0.77563,1236.4679805092123
271,2019-09-29,0.85894,1369.2763394641552
272,2019-09-30,0.71823,1144.963961735791
273,2019-10-01,0.63493,1012.1715442475331
274,2019-10-02,0.61533,980.9262695444137
275,2019-10-03,0.64613,1030.02598693503
276,2019-10-04,0.63423,1011.0556415795645
277,2019-10-05,0.60273,960.8400215209797
278,2019-10-06,0.63143,1006.5920309076904
279,2019-10-07,0.63563,1013.2874469155017
280,2019-10-08,0.57752,920.6515840074265
281,2019-10-09,0.63353,1009.939738911596
282,2019-10-10,0.61183,975.3467562045709
283,2019-10-11,0.60273,960.8400215209797
284,2019-10-12,0.50682,807.9454145426027
285,2019-10-13,0.63703,1015.5192522514387
286,2019-10-14,0.59642,950.7809560425774
287,2019-10-15,0.53622,854.813326597282
288,2019-10-16,0.58172,927.3470000152379
289,2019-10-17,0.70003,1115.9504923686086
290,2019-10-18,0.68813,1096.980147013143
291,2019-10-19,0.63913,1018.8669602553443
292,2019-10-20,0.70633,1125.9936163803254
293,2019-10-21,0.73363,1169.513820431099
294,2019-10-22,0.72383,1153.8911830795391
295,2019-10-23,0.66783,1064.6189696420552
296,2019-10-24,0.58942,939.6219293628919
297,2019-10-25,0.55862,890.5222119722756
298,2019-10-26,0.56072,893.8699199761812
299,2019-10-27,0.66083,1053.4599429623695
300,2019-10-28,0.73503,1171.745625767036
301,2019-10-29,0.57892,922.8833893433635
302,2019-10-30,0.56352,898.3335306480554
303,2019-10-31,0.54112,862.6246452730618
304,2019-11-01,0.53132,847.002007921502
305,2019-11-02,0.74973,1195.1795817943757
306,2019-11-03,0.69233,1103.6755630209543
307,2019-11-04,0.58312,929.5788053511749
308,2019-11-05,0.60903,970.8831455326965
309,2019-11-06,0.57542,917.3038760035209
310,2019-11-07,0.57962,923.9992920113322
311,2019-11-08,0.53902,859.2769372691562
312,2019-11-09,0.54532,869.3200612808731
313,2019-11-10,0.61603,982.0421722123821
314,2019-11-11,0.62233,992.0852962240992
315,2019-11-12,0.56632,902.7971413199298
316,2019-11-13,0.59432,947.4332480386716
317,2019-11-14,0.52012,829.1475652340052
318,2019-11-15,0.51872,826.915759898068
319,2019-11-16,0.57612,918.4197786714893
320,2019-11-17,0.68253,1088.0529256693947
321,2019-11-18,0.58522,932.9265133550805
322,2019-11-19,0.57052,909.492557327741
323,2019-11-20,0.56142,894.9858226441498
324,2019-11-21,0.53132,847.002007921502
325,2019-11-22,0.52712,840.3065919136908
326,2019-11-23,0.51032,813.5249278824455
327,2019-11-24,0.58592,934.0424160230491
328,2019-11-25,0.60063,957.492313517074
329,2019-11-26,0.55582,886.0586013004014
330,2019-11-27,0.53482,852.5815212613447
331,2019-11-28,0.54952,876.0154772886845
332,2019-11-29,0.56842,906.1448493238354
333,2019-11-30,0.56002,892.7540173082126
334,2019-12-01,0.61323,977.5785615405081
335,2019-12-02,0.57262,912.8402653316466
336,2019-12-03,0.57752,920.6515840074265
337,2019-12-04,0.65243,1040.0691109467468
338,2019-12-05,0.55792,889.406309304307
339,2019-12-06,0.53762,857.045131933219
340,2019-12-07,0.58872,938.5060266949233
341,2019-12-08,0.68533,1092.5165363412689
342,2019-12-09,0.68463,1091.4006336733003
343,2019-12-10,0.63003,1004.3602255717532
344,2019-12-11,0.62303,993.2011988920676
345,2019-12-12,0.61743,984.2739775483193
346,2019-12-13,0.62863,1002.1284202358162
347,2019-12-14,0.53692,855.9292292652503
348,2019-12-15,0.68953,1099.21195234908
349,2019-12-16,0.57402,915.0720706675837
350,2019-12-17,0.59572,949.6650533746089
351,2019-12-18,0.72313,1152.7752804115707
352,2019-12-19,0.64053,1021.0987655912816
353,2019-12-20,0.54882,874.8995746207158
354,2019-12-21,0.59502,948.5491507066403
355,2019-12-22,0.70423,1122.6459083764198
356,2019-12-23,0.69863,1113.7186870326714
357,2019-12-24,0.69233,1103.6755630209543
358,2019-12-25,0.71893,1146.0798644037593
359,2019-12-26,0.64053,1021.0987655912816
360,2019-12-27,0.57892,922.8833893433635
361,2019-12-28,0.59082,941.853734698829
362,2019-12-29,0.60483,964.1877295248853
363,2019-12-30,0.59712,951.896858710546
364,2019-12-31,0.52222,832.4952732379109
365,2020-01-01,0.53902,859.2769372691562
366,2020-01-02,0.58242,928.4629026832065
367,2020-01-03,0.59012,940.7378320308604
368,2020-01-04,0.61393,978.6944642084765
369,2020-01-05,0.70003,1115.9504923686086
370,2020-01-06,0.60693,967.5354375287909
371,2020-01-07,0.65103,1037.8373056108098
372,2020-01-08,0.62023,988.7375882201934
373,2020-01-09,0.56002,892.7540173082126
374,2020-01-10,0.60203,959.7241188530111
375,2020-01-11,0.57122,910.6084599957095
376,2020-01-12,0.75743,1207.4545111420298
377,2020-01-13,0.67413,1074.662093653772
378,2020-01-14,0.63213,1007.7079335756588
379,2020-01-15,0.60623,966.4195348608225
380,2020-01-16,0.61463,979.8103668764451
381,2020-01-17,0.72873,1161.7025017553192
382,2020-01-18,0.67763,1080.2416069936148
383,2020-01-19,0.69093,1101.4437576850173
384,2020-01-20,0.57542,917.3038760035209
385,2020-01-21,0.54882,874.8995746207158
386,2020-01-22,0.57052,909.492557327741
387,2020-01-23,0.60203,959.7241188530111
388,2020-01-24,0.62443,995.4330042280048
389,2020-01-25,0.72593,1157.238891083445
390,2020-01-26,0.81624,1301.2062767180735
391,2020-01-27,0.82884,1321.2925247415076
392,2020-01-28,0.81414,1297.8585687141679
393,2020-01-29,0.80714,1286.6995420344822
394,2020-01-30,0.73783,1176.2092364389102
395,2020-01-31,0.66503,1060.155358970181
396,2020-02-01,0.75253,1199.64319246625
397,2020-02-02,0.75743,1207.4545111420298
398,2020-02-03,0.69093,1101.4437576850173
399,2020-02-04,0.64123,1022.2146682592501
400,2020-02-05,0.64263,1024.4464735951872
401,2020-02-06,0.72733,1159.4706964193822
402,2020-02-07,0.65103,1037.8373056108098
403,2020-02-08,0.74483,1187.368263118596
404,2020-02-09,0.75953,1210.8022191459356
405,2020-02-10,0.73363,1169.513820431099
406,2020-02-11,0.70353,1121.5300057084512
407,2020-02-12,0.70143,1118.1822977045456
408,2020-02-13,0.68253,1088.0529256693947
409,2020-02-14,0.67203,1071.3143856498664
410,2020-02-15,0.68603,1093.6324390092375
411,2020-02-16,0.74623,1189.600068454533
412,2020-02-17,0.68253,1088.0529256693947
413,2020-02-18,0.63913,1018.8669602553443
414,2020-02-19,0.66013,1052.3440402944009
415,2020-02-20,0.56562,901.6812386519612
416,2020-02-21,0.51942,828.0316625660366
417,2020-02-22,0.52432,835.8429812418165
418,2020-02-23,0.52222,832.4952732379109
419,2020-02-24,0.51732,824.683954562131
420,2020-02-25,0.55162,879.3631852925901
421,2020-02-26,0.51592,822.4521492261939
422,2020-02-27,0.49142,783.3955558472945
423,2020-02-28,0.52432,835.8429812418165
424,2020-02-29,0.53972,860.3928399371246
425,2020-03-01,0.62933,1003.2443229037846
426,2020-03-02,0.77563,1236.4679805092123
427,2020-03-03,0.65033,1036.7214029428412
428,2020-03-04,0.62023,988.7375882201934
429,2020-03-05,0.62023,988.7375882201934
430,2020-03-06,0.53622,854.813326597282
431,2020-03-07,0.63563,1013.2874469155017
432,2020-03-08,0.75183,1198.5272897982813
433,2020-03-09,0.68883,1098.0960496811117
434,2020-03-10,0.72383,1153.8911830795391
435,2020-03-11,0.61323,977.5785615405081
436,2020-03-12,0.61673,983.1580748803507
437,2020-03-13,0.55722,888.2904066363385
438,2020-03-14,0.62583,997.6648095639418
439,2020-03-15,0.82044,1307.9016927258847
440,2020-03-16,0.63003,1004.3602255717532
441,2020-03-17,0.64193,1023.3305709272186
442,2020-03-18,0.65033,1036.7214029428412
443,2020-03-19,0.60693,967.5354375287909
444,2020-03-20,0.61463,979.8103668764451
445,2020-03-21,0.66853,1065.7348723100235
446,2020-03-22,0.69233,1103.6755630209543
447,2020-03-23,0.54882,874.8995746207158
448,2020-03-24,0.60553,965.3036321928539
449,2020-03-25,0.61603,982.0421722123821
450,2020-03-26,0.56632,902.7971413199298
451,2020-03-27,0.61463,979.8103668764451
452,2020-03-28,0.73433,1170.6297230990676
453,2020-03-29,0.66223,1055.6917482983067
454,2020-03-30,0.55652,887.1745039683699
455,2020-03-31,0.53202,848.1179105894706
456,2020-04-01,0.55792,889.406309304307
457,2020-04-02,0.56072,893.8699199761812
458,2020-04-03,0.59082,941.853734698829
459,2020-04-04,0.59642,950.7809560425774
460,2020-04-05,0.62023,988.7375882201934
461,2020-04-06,0.54532,869.3200612808731
462,2020-04-07,0.54462,868.2041586129045
463,2020-04-08,0.53342,850.3497159254077
464,2020-04-09,0.63003,1004.3602255717532
465,2020-04-10,0.69793,1112.602784364703
466,2020-04-11,0.65733,1047.8804296225267
467,2020-04-12,0.64473,1027.7941815990928
468,2020-04-13,0.61673,983.1580748803507
469,2020-04-14,0.52922,843.6542999175964
470,2020-04-15,0.57962,923.9992920113322
471,2020-04-16,0.55512,884.9426986324328
472,2020-04-17,0.54112,862.6246452730618
473,2020-04-18,0.64473,1027.7941815990928
474,2020-04-19,0.67903,1082.473412329552
475,2020-04-20,0.59992,956.3604693824202
476,2020-04-21,0.52852,842.5383972496278
477,2020-04-22,0.53202,848.1179105894706
478,2020-04-23,0.52922,843.6542999175964
479,2020-04-24,0.53972,860.3928399371246
480,2020-04-25,0.62583,997.6648095639418
481,2020-04-26,0.63493,1012.1715442475331
482,2020-04-27,0.54392,867.0882559449359
483,2020-04-28,0.53972,860.3928399371246
484,2020-04-29,0.47882,763.3093078238606
485,2020-04-30,0.51872,826.915759898068
486,2020-05-01,0.56422,899.449433316024
487,2020-05-02,0.56982,908.3766546597724
488,2020-05-03,0.65313,1041.1850136147154
489,2020-05-04,0.57682,919.5356813394579
490,2020-05-05,0.66713,1063.5030669740866
491,2020-05-06,0.79383,1265.4814498763947
492,2020-05-07,0.70983,1131.5731297201683
493,2020-05-08,0.52922,843.6542999175964
494,2020-05-09,0.60203,959.7241188530111
495,2020-05-10,0.62653,998.7807122319105
496,2020-05-11,0.61393,978.6944642084765
497,2020-05-12,0.55582,886.0586013004014
498,2020-05-13,0.58172,927.3470000152379
499,2020-05-14,0.55302,881.5949906285271
500,2020-05-15,0.54812,873.7836719527473
501,2020-05-16,0.55162,879.3631852925901
502,2020-05-17,0.59502,948.5491507066403
503,2020-05-18,0.63423,1011.0556415795645
504,2020-05-19,0.58522,932.9265133550805
505,2020-05-20,0.54882,874.8995746207158
506,2020-05-21,0.49702,792.322777191043
507,2020-05-22,0.52642,839.1906892457222
508,2020-05-23,0.55512,884.9426986324328
509,2020-05-24,0.58452,931.8106106871121
510,2020-05-25,0.56702,903.9130439878982
511,2020-05-26,0.59572,949.6650533746089
512,2020-05-27,0.53692,855.9292292652503
513,2020-05-28,0.50612,806.8295118746341
514,2020-05-29,0.48022,765.5411131597976
515,2020-05-30,0.56212,896.1017253121182
516,2020-05-31,0.68323,1089.1688283373633
517,2020-06-01,0.69933,1114.83458970064
518,2020-06-02,0.72313,1152.7752804115707
519,2020-06-03,0.71053,1132.6890323881369
520,2020-06-04,0.63493,1012.1715442475331
521,2020-06-05,0.60833,969.7672428647281
522,2020-06-06,0.64963,1035.6055002748728
523,2020-06-07,0.65943,1051.2281376264323
524,2020-06-08,0.66573,1061.2712616381496
525,2020-06-09,0.61043,973.1149508686337
526,2020-06-10,0.55302,881.5949906285271
527,2020-06-11,0.53902,859.2769372691562
528,2020-06-12,0.55512,884.9426986324328
529,2020-06-13,0.56982,908.3766546597724
530,2020-06-14,0.64333,1025.5623762631556
531,2020-06-15,0.58802,937.3901240269548
532,2020-06-16,0.53062,845.8861052535334
533,2020-06-17,0.60273,960.8400215209797
534,2020-06-18,0.53622,854.813326597282
535,2020-06-19,0.49842,794.55458252698
536,2020-06-20,0.55862,890.5222119722756
537,2020-06-21,0.56632,902.7971413199298
538,2020-06-22,0.56772,905.0289466558668
539,2020-06-23,0.54112,862.6246452730618
540,2020-06-24,0.54882,874.8995746207158
541,2020-06-25,0.53902,859.2769372691562
542,2020-06-26,0.53762,857.045131933219
543,2020-06-27,0.60693,967.5354375287909
544,2020-06-28,0.73363,1169.513820431099
545,2020-06-29,1.69338,2699.4960855494114
546,2020-06-30,1.22646,1955.1571230810162
547,2020-07-01,0.75813,1208.5704138099984
548,2020-07-02,1.21526,1937.302680393519
549,2020-07-03,0.74483,1187.368263118596
550,2020-07-04,0.68253,1088.0529256693947
551,2020-07-05,0.67833,1081.3575096615834
552,2020-07-06,0.62793,1001.0125175678476
553,2020-07-07,0.79383,1265.4814498763947
554,2020-07-08,0.78263,1247.6270071888978
555,2020-07-09,0.61813,985.3898802162878
556,2020-07-10,0.55162,879.3631852925901
557,2020-07-11,0.58662,935.1583186910177
558,2020-07-12,0.72313,1152.7752804115707
559,2020-07-13,0.67833,1081.3575096615834
560,2020-07-14,0.57752,920.6515840074265
561,2020-07-15,0.63213,1007.7079335756588
562,2020-07-16,0.57892,922.8833893433635
563,2020-07-17,0.53342,850.3497159254077
564,2020-07-18,0.57122,910.6084599957095
565,2020-07-19,0.68813,1096.980147013143
566,2020-07-20,0.59572,949.6650533746089
567,2020-07-21,0.59292,945.2014427027347
568,2020-07-22,0.56492,900.5653359839926
569,2020-07-23,0.55512,884.9426986324328
570,2020-07-24,0.53272,849.2338132574391
571,2020-07-25,0.57612,918.4197786714893
572,2020-07-26,0.62163,990.9693935561306
573,2020-07-27,0.61603,982.0421722123821
574,2020-07-28,0.65523,1044.532721618621
575,2020-07-29,0.52432,835.8429812418165
576,2020-07-30,0.49492,788.9750691871374
577,2020-07-31,0.47112,751.0343784762065
578,2020-08-01,0.59992,956.3604693824202
579,2020-08-02,0.59362,946.3173453707033
580,2020-08-03,0.59012,940.7378320308604
581,2020-08-04,0.54602,870.4359639488415
582,2020-08-05,0.52012,829.1475652340052
583,2020-08-06,0.56072,893.8699199761812
584,2020-08-07,0.54602,870.4359639488415
585,2020-08-08,0.53412,851.4656185933763
586,2020-08-09,0.63283,1008.8238362436274
587,2020-08-10,0.54602,870.4359639488415
588,2020-08-11,0.58662,935.1583186910177
589,2020-08-12,0.53902,859.2769372691562
590,2020-08-13,0.52362,834.7270785738478
591,2020-08-14,0.48232,768.8888211637034
592,2020-08-15,0.50402,803.4818038707285
593,2020-08-16,0.59852,954.1286640464832
594,2020-08-17,0.71963,1147.195767071728
595,2020-08-18,0.65033,1036.7214029428412
596,2020-08-19,0.62513,996.5489068959733
597,2020-08-20,0.61393,978.6944642084765
598,2020-08-21,0.59922,955.2445667144516
599,2020-08-22,0.63003,1004.3602255717532
600,2020-08-23,0.61463,979.8103668764451
601,2020-08-24,0.56982,908.3766546597724
602,2020-08-25,0.55232,880.4790879605587
603,2020-08-26,0.65173,1038.9532082787784
604,2020-08-27,0.59362,946.3173453707033
605,2020-08-28,0.57192,911.7243626636781
606,2020-08-29,0.61883,986.5057828842564
607,2020-08-30,0.62583,997.6648095639418
608,2020-08-31,0.62163,990.9693935561306
609,2020-09-01,0.60413,963.0718268569167
610,2020-09-02,0.67343,1073.5461909858034
611,2020-09-03,0.57052,909.492557327741
612,2020-09-04,0.51102,814.6408305504141
613,2020-09-05,0.57122,910.6084599957095
614,2020-09-06,0.62303,993.2011988920676
615,2020-09-07,0.73853,1177.3251391068789
616,2020-09-08,0.61673,983.1580748803507
617,2020-09-09,0.58242,928.4629026832065
618,2020-09-10,0.56842,906.1448493238354
619,2020-09-11,0.51942,828.0316625660366
620,2020-09-12,0.57052,909.492557327741
621,2020-09-13,0.89814,1431.7668888703943
622,2020-09-14,0.55302,881.5949906285271
623,2020-09-15,0.49422,787.8591665191688
624,2020-09-16,0.54042,861.5087426050932
625,2020-09-17,0.53202,848.1179105894706
626,2020-09-18,0.50122,799.0181931988543
627,2020-09-19,0.54672,871.5518666168101
628,2020-09-20,0.62863,1002.1284202358162
629,2020-09-21,0.66223,1055.6917482983067
630,2020-09-22,0.59292,945.2014427027347
631,2020-09-23,0.54882,874.8995746207158
632,2020-09-24,0.49702,792.322777191043
633,2020-09-25,0.52992,844.7702025855648
634,2020-09-26,0.64683,1031.1418896029986
635,2020-09-27,0.62023,988.7375882201934
636,2020-09-28,0.54952,876.0154772886845
637,2020-09-29,0.50472,804.5977065386969
638,2020-09-30,0.50332,802.3659012027599
639,2020-10-01,0.56702,903.9130439878982
640,2020-10-02,0.59782,953.0127613785146
641,2020-10-03,0.67553,1076.893898989709
642,2020-10-04,0.68253,1088.0529256693947
643,2020-10-05,0.60693,967.5354375287909
644,2020-10-06,0.58032,925.1151946793007
645,2020-10-07,0.80294,1280.004126026671
646,2020-10-08,0.56352,898.3335306480554
647,2020-10-09,0.60553,965.3036321928539
648,2020-10-10,0.60903,970.8831455326965
649,2020-10-11,0.71963,1147.195767071728
650,2020-10-12,0.62793,1001.0125175678476
651,2020-10-13,0.58312,929.5788053511749
652,2020-10-14,0.57472,916.1879733355523
653,2020-10-15,0.50542,805.7136092066655
654,2020-10-16,0.52082,830.2634679019736
655,2020-10-17,0.56632,902.7971413199298
656,2020-10-18,0.76723,1223.0771484935894
657,2020-10-19,0.65453,1043.4168189506524
658,2020-10-20,0.59572,949.6650533746089
659,2020-10-21,0.55652,887.1745039683699
660,2020-10-22,0.50752,809.0613172105711
661,2020-10-23,0.52152,831.3793705699422
662,2020-10-24,0.52152,831.3793705699422
663,2020-10-25,0.59992,956.3604693824202
664,2020-10-26,0.59222,944.085540034766
665,2020-10-27,0.51872,826.915759898068
666,2020-10-28,0.53202,848.1179105894706
667,2020-10-29,0.47112,751.0343784762065
668,2020-10-30,0.46972,748.8025731402694
669,2020-10-31,0.56422,899.449433316024
670,2020-11-01,0.67273,1072.430288317835
671,2020-11-02,0.58452,931.8106106871121
672,2020-11-03,0.54392,867.0882559449359
673,2020-11-04,0.49772,793.4386798590115
674,2020-11-05,0.50192,800.1340958668229
675,2020-11-06,0.50052,797.9022905308857
676,2020-11-07,0.54882,874.8995746207158
677,2020-11-08,0.90514,1442.9259155500797
678,2020-11-09,0.63983,1019.982862923313
679,2020-11-10,0.67273,1072.430288317835
680,2020-11-11,0.58732,936.2742213589862
681,2020-11-12,0.51942,828.0316625660366
682,2020-11-13,0.46482,740.9912544644895
683,2020-11-14,0.62863,1002.1284202358162
684,2020-11-15,0.61813,985.3898802162878
685,2020-11-16,0.55022,877.1313799566531
686,2020-11-17,0.62513,996.5489068959733
687,2020-11-18,0.68673,1094.7483416772059
688,2020-11-19,0.66013,1052.3440402944009
689,2020-11-20,0.55932,891.6381146402442
690,2020-11-21,0.58312,929.5788053511749
691,2020-11-22,0.66223,1055.6917482983067
692,2020-11-23,0.58382,930.6947080191435
693,2020-11-24,0.52992,844.7702025855648
694,2020-11-25,0.56142,894.9858226441498
695,2020-11-26,0.48302,770.0047238316719
696,2020-11-27,0.55722,888.2904066363385
697,2020-11-28,0.57892,922.8833893433635
698,2020-11-29,0.63493,1012.1715442475331
699,2020-11-30,0.53762,857.045131933219
700,2020-12-01,0.59572,949.6650533746089
701,2020-12-02,0.56212,896.1017253121182
702,2020-12-03,0.55022,877.1313799566531
703,2020-12-04,0.53272,849.2338132574391
704,2020-12-05,0.55722,888.2904066363385
705,2020-12-06,0.63353,1009.939738911596
706,2020-12-07,0.56982,908.3766546597724
707,2020-12-08,0.62863,1002.1284202358162
708,2020-12-09,0.60413,963.0718268569167
709,2020-12-10,0.51732,824.683954562131
710,2020-12-11,0.58382,930.6947080191435
711,2020-12-12,0.65033,1036.7214029428412
712,2020-12-13,0.64403,1026.6782789311242
713,2020-12-14,0.61323,977.5785615405081
714,2020-12-15,0.58592,934.0424160230491
715,2020-12-16,0.60623,966.4195348608225
716,2020-12-17,0.59782,953.0127613785146
717,2020-12-18,0.56072,893.8699199761812
718,2020-12-19,0.67693,1079.1257043256462
719,2020-12-20,0.66573,1061.2712616381496
720,2020-12-21,0.65033,1036.7214029428412
721,2020-12-22,0.62583,997.6648095639418
722,2020-12-23,0.62513,996.5489068959733
723,2020-12-24,0.58872,938.5060266949233
724,2020-12-25,0.76933,1226.424856497495
725,2020-12-26,0.75113,1197.4113871303127
726,2020-12-27,0.78823,1256.554228532646
727,2020-12-28,0.66293,1056.8076509662753
728,2020-12-29,0.60413,963.0718268569167
729,2020-12-30,0.54462,868.2041586129045
730,2020-12-31,0.51942,828.0316625660366
731,2021-01-01,0.56212,896.1017253121182
732,2021-01-02,0.57892,922.8833893433635
733,2021-01-03,0.67063,1069.0825803139292
734,2021-01-04,0.55932,891.6381146402442
735,2021-01-05,0.61743,984.2739775483193
736,2021-01-06,0.52152,831.3793705699422
737,2021-01-07,0.52432,835.8429812418165
738,2021-01-08,0.56002,892.7540173082126
739,2021-01-09,0.56142,894.9858226441498
740,2021-01-10,0.67273,1072.430288317835
741,2021-01-11,0.57402,915.0720706675837
742,2021-01-12,0.58802,937.3901240269548
743,2021-01-13,0.96954,1545.5889610031866
744,2021-01-14,0.69653,1110.3709790287658
745,2021-01-15,0.58662,935.1583186910177
746,2021-01-16,0.59642,950.7809560425774
747,2021-01-17,0.64963,1035.6055002748728
748,2021-01-18,0.57472,916.1879733355523
749,2021-01-19,0.68883,1098.0960496811117
750,2021-01-20,0.64613,1030.02598693503
751,2021-01-21,0.58942,939.6219293628919
752,2021-01-22,0.54882,874.8995746207158
753,2021-01-23,0.62513,996.5489068959733
754,2021-01-24,0.63423,1011.0556415795645
755,2021-01-25,0.58312,929.5788053511749
756,2021-01-26,0.59362,946.3173453707033
757,2021-01-27,0.52362,834.7270785738478
758,2021-01-28,0.49212,784.511458515263
759,2021-01-29,0.65873,1050.112234958464
760,2021-01-30,0.62023,988.7375882201934
761,2021-01-31,0.59012,940.7378320308604
762,2021-02-01,0.52152,831.3793705699422
763,2021-02-02,0.49212,784.511458515263
764,2021-02-03,0.54392,867.0882559449359
765,2021-02-04,0.70283,1120.4141030404826
766,2021-02-05,0.56142,894.9858226441498
767,2021-02-06,0.57262,912.8402653316466
768,2021-02-07,0.67763,1080.2416069936148
769,2021-02-08,0.59222,944.085540034766
770,2021-02-09,0.51802,825.7998572300996
771,2021-02-10,0.50262,801.2499985347913
772,2021-02-11,0.46062,734.2958384566782
773,2021-02-12,0.55582,886.0586013004014
774,2021-02-13,0.61323,977.5785615405081
775,2021-02-14,0.70493,1123.7618110443882
776,2021-02-15,0.54252,864.8564506089989
777,2021-02-16,0.56632,902.7971413199298
778,2021-02-17,0.46202,736.5276437926153
779,2021-02-18,0.47952,764.4252104918291
780,2021-02-19,0.47532,757.7297944840178
781,2021-02-20,0.53552,853.6974239293133
782,2021-02-21,0.55232,880.4790879605587
783,2021-02-22,0.47532,757.7297944840178
784,2021-02-23,0.45502,725.3686171129298
785,2021-02-24,0.46832,746.5707678043323
786,2021-02-25,0.45222,720.9050064410555
787,2021-02-26,0.45642,727.6004224488669
788,2021-02-27,0.48932,780.0478478433888
789,2021-02-28,0.66293,1056.8076509662753
790,2021-03-01,0.61323,977.5785615405081
791,2021-03-02,0.52292,833.6111759058795
792,2021-03-03,0.42632,679.6166077262191
793,2021-03-04,0.46202,736.5276437926153
794,2021-03-05,0.44732,713.0936877652757
795,2021-03-06,0.47952,764.4252104918291
796,2021-03-07,0.59852,954.1286640464832
797,2021-03-08,0.56702,903.9130439878982
798,2021-03-09,0.46132,735.4117411246467
799,2021-03-10,0.49982,796.7863878629171
800,2021-03-11,0.44872,715.3254931012128
801,2021-03-12,0.48372,771.1206264996404
802,2021-03-13,0.54252,864.8564506089989
803,2021-03-14,0.61393,978.6944642084765
804,2021-03-15,0.50332,802.3659012027599
805,2021-03-16,0.49492,788.9750691871374
806,2021-03-17,0.49772,793.4386798590115
807,2021-03-18,0.50192,800.1340958668229
808,2021-03-19,0.46272,737.6435464605839
809,2021-03-20,0.49212,784.511458515263
810,2021-03-21,0.55582,886.0586013004014
811,2021-03-22,0.53272,849.2338132574391
812,2021-03-23,0.51872,826.915759898068
813,2021-03-24,0.51522,821.3362465582253
814,2021-03-25,0.50892,811.2931225465084
815,2021-03-26,0.45152,719.7891037730869
816,2021-03-27,0.49562,790.0909718551059
817,2021-03-28,0.59782,953.0127613785146
818,2021-03-29,0.55652,887.1745039683699
819,2021-03-30,0.51802,825.7998572300996
820,2021-03-31,0.58662,935.1583186910177
821,2021-04-01,0.44452,708.6300770934015
822,2021-04-02,0.46902,747.6866704723009
823,2021-04-03,0.58732,936.2742213589862
824,2021-04-04,0.59432,947.4332480386716
825,2021-04-05,0.79243,1263.2496445404574
826,2021-04-06,0.53062,845.8861052535334
827,2021-04-07,0.47392,755.4979891480807
828,2021-04-08,0.47602,758.8456971519863
829,2021-04-09,0.46902,747.6866704723009
830,2021-04-10,0.45782,729.832227784804
831,2021-04-11,0.52502,836.9588839097851
832,2021-04-12,0.48162,767.7729184957348
833,2021-04-13,0.48652,775.5842371715147
834,2021-04-14,0.45292,722.0209091090242
835,2021-04-15,0.44662,711.9777850973072
836,2021-04-16,0.45782,729.832227784804
837,2021-04-17,0.50682,807.9454145426027
838,2021-04-18,0.53832,858.1610346011876
839,2021-04-19,0.43752,697.471050413716
840,2021-04-20,0.43332,690.7756344059046
841,2021-04-21,0.44522,709.74597976137
842,2021-04-22,0.45782,729.832227784804
843,2021-04-23,0.37381,595.9079661618923
844,2021-04-24,0.43682,696.3551477457473
845,2021-04-25,0.49352,786.7432638512003
846,2021-04-26,0.49912,795.6704851949486
847,2021-04-27,0.54742,872.6677692847787
848,2021-04-28,0.49562,790.0909718551059
849,2021-04-29,0.50402,803.4818038707285
850,2021-04-30,0.42492,677.3848023902821
851,2021-05-01,0.54112,862.6246452730618
852,2021-05-02,0.52432,835.8429812418165
853,2021-05-03,0.45502,725.3686171129298
854,2021-05-04,0.47042,749.918475808238
855,2021-05-05,0.55512,884.9426986324328
856,2021-05-06,0.51732,824.683954562131
857,2021-05-07,0.49072,782.2796531793259
858,2021-05-08,0.53132,847.002007921502
859,2021-05-09,0.52782,841.4224945816592
860,2021-05-10,0.48092,766.6570158277663
861,2021-05-11,0.45432,724.2527144449613
862,2021-05-12,0.49282,785.6273611832316
863,2021-05-13,0.42562,678.5007050582506
864,2021-05-14,0.45432,724.2527144449613
865,2021-05-15,0.73643,1173.9774311029732
866,2021-05-16,0.53622,854.813326597282
867,2021-05-17,0.43542,694.1233424098102
868,2021-05-18,0.44802,714.2095904332442
869,2021-05-19,0.50892,811.2931225465084
870,2021-05-20,0.61673,983.1580748803507
871,2021-05-21,0.44242,705.2823690894958
872,2021-05-22,0.49142,783.3955558472945
873,2021-05-23,0.51242,816.8726358863511
874,2021-05-24,0.41092,655.066749030911
875,2021-05-25,0.61673,983.1580748803507
876,2021-05-26,0.48442,772.236529167609
877,2021-05-27,0.43962,700.8187584176217
878,2021-05-28,0.49632,791.2068745230744
879,2021-05-29,0.47112,751.0343784762065
880,2021-05-30,0.65593,1045.6486242865897
881,2021-05-31,0.51942,828.0316625660366
882,2021-06-01,0.45292,722.0209091090242
883,2021-06-02,0.46342,738.7594491285524
884,2021-06-03,0.43542,694.1233424098102
885,2021-06-04,0.40602,647.2554303551311
886,2021-06-05,0.46622,743.2230598004267
887,2021-06-06,0.72103,1149.427572407665
888,2021-06-07,0.50472,804.5977065386969
889,2021-06-08,0.46972,748.8025731402694
890,2021-06-09,0.47952,764.4252104918291
891,2021-06-10,0.48442,772.236529167609
892,2021-06-11,0.42072,670.6893863824706
893,2021-06-12,0.42562,678.5007050582506
894,2021-06-13,0.53622,854.813326597282
895,2021-06-14,0.43682,696.3551477457473
896,2021-06-15,0.41512,661.7621650387223
897,2021-06-16,0.44102,703.0505637535588
898,2021-06-17,0.41932,668.4575810465336
899,2021-06-18,0.44732,713.0936877652757
900,2021-06-19,0.74623,1189.600068454533
901,2021-06-20,0.49632,791.2068745230744
902,2021-06-21,0.47532,757.7297944840178
903,2021-06-22,0.45642,727.6004224488669
904,2021-06-23,0.48022,765.5411131597976
905,2021-06-24,0.46972,748.8025731402694
906,2021-06-25,0.50892,811.2931225465084
907,2021-06-26,0.50192,800.1340958668229
908,2021-06-27,0.52642,839.1906892457222
909,2021-06-28,0.46832,746.5707678043323
910,2021-06-29,0.44452,708.6300770934015
911,2021-06-30,0.41862,667.341678378565
912,2021-07-01,0.48162,767.7729184957348
913,2021-07-02,0.42072,670.6893863824706
914,2021-07-03,0.47742,761.0775024879235
915,2021-07-04,0.55932,891.6381146402442
916,2021-07-05,0.45012,717.5572984371499
917,2021-07-06,0.45432,724.2527144449613
918,2021-07-07,0.44942,716.4413957691813
919,2021-07-08,0.51172,815.7567332183825
920,2021-07-09,0.54602,870.4359639488415
921,2021-07-10,0.57682,919.5356813394579
922,2021-07-11,0.62373,994.3171015600362
923,2021-07-12,0.49562,790.0909718551059
924,2021-07-13,0.45082,718.6732011051184
925,2021-07-14,0.42772,681.8484130621562
926,2021-07-15,0.40182,640.5600143473198
927,2021-07-16,0.39481,629.385046200949
928,2021-07-17,0.48722,776.7001398394832
929,2021-07-18,0.51172,815.7567332183825
930,2021-07-19,0.48792,777.8160425074518
931,2021-07-20,0.43122,687.427926401999
932,2021-07-21,0.41792,666.2257757105965
933,2021-07-22,0.43752,697.471050413716
934,2021-07-23,0.37031,590.3284528220496
935,2021-07-24,0.39481,629.385046200949
936,2021-07-25,0.42702,680.7325103941877
937,2021-07-26,0.39411,628.2691435329805
938,2021-07-27,0.37031,590.3284528220496
939,2021-07-28,0.38641,615.9942141853263
940,2021-07-29,0.38431,612.6465061814207
941,2021-07-30,0.39481,629.385046200949
942,2021-07-31,0.39201,624.9214355290748
943,2021-08-01,0.43542,694.1233424098102
944,2021-08-02,0.39481,629.385046200949
945,2021-08-03,0.41862,667.341678378565
946,2021-08-04,0.39061,622.6896301931376
947,2021-08-05,0.38921,620.4578248572005
948,2021-08-06,0.38711,617.1101168532949
949,2021-08-07,0.38781,618.2260195212634
950,2021-08-08,0.42422,676.2688997223134
951,2021-08-09,0.39481,629.385046200949
952,2021-08-10,0.44732,713.0936877652757
953,2021-08-11,0.43122,687.427926401999
954,2021-08-12,0.43542,694.1233424098102
955,2021-08-13,0.44662,711.9777850973072
956,2021-08-14,0.48022,765.5411131597976
957,2021-08-15,0.42492,677.3848023902821
958,2021-08-16,0.45012,717.5572984371499
959,2021-08-17,0.43122,687.427926401999
960,2021-08-18,0.42982,685.1961210660619
961,2021-08-19,0.36611,583.6330368142383
962,2021-08-20,0.39481,629.385046200949
963,2021-08-21,0.45152,719.7891037730869
964,2021-08-22,0.45502,725.3686171129298
965,2021-08-23,0.48792,777.8160425074518
966,2021-08-24,0.47672,759.9615998199549
967,2021-08-25,0.41302,658.4144570348166
968,2021-08-26,0.40812,650.6031383590367
969,2021-08-27,0.42352,675.152997054345
970,2021-08-28,0.61253,976.4626588725395
971,2021-08-29,0.51102,814.6408305504141
972,2021-08-30,0.44102,703.0505637535588
973,2021-08-31,0.41442,660.6462623707538
974,2021-09-01,0.49632,791.2068745230744
975,2021-09-02,0.39691,632.7327542048546
976,2021-09-03,0.39341,627.1532408650119
977,2021-09-04,0.44172,704.1664664215273
978,2021-09-05,0.52152,831.3793705699422
979,2021-09-06,0.46202,736.5276437926153
980,2021-09-07,0.43542,694.1233424098102
981,2021-09-08,2.60763,4156.944677249767
982,2021-09-09,3.48127,5549.654972741262
983,2021-09-10,2.0602,3284.2609664983033
984,2021-09-11,2.22401,3545.3981322696295
985,2021-09-12,2.28701,3645.8293723867996
986,2021-09-13,1.64438,2621.382898791612
987,2021-09-14,1.04025,1658.3110719346955
988,2021-09-15,0.70213,1119.2982003725142
989,2021-09-16,0.70913,1130.4572270521996
990,2021-09-17,0.58592,934.0424160230491
991,2021-09-18,0.58102,926.2310973472693
992,2021-09-19,0.61043,973.1149508686337
993,2021-09-20,0.54042,861.5087426050932
994,2021-09-21,0.55092,878.2472826246214
995,2021-09-22,0.64473,1027.7941815990928
996,2021-09-23,0.55652,887.1745039683699
997,2021-09-24,0.50472,804.5977065386969
998,2021-09-25,0.50962,812.4090252144769
999,2021-09-26,0.57962,923.9992920113322
1000,2021-09-27,0.46202,736.5276437926153
1001,2021-09-28,0.45852,730.9481304527725
1002,2021-09-29,0.43892,699.702855749653
1003,2021-09-30,0.49422,787.8591665191688
1004,2021-10-01,0.48022,765.5411131597976
1005,2021-10-02,0.53692,855.9292292652503
1006,2021-10-03,0.52432,835.8429812418165
1007,2021-10-04,0.58312,929.5788053511749
1008,2021-10-05,0.48162,767.7729184957348
1009,2021-10-06,0.43822,698.5869530816846
1010,2021-10-07,0.45362,723.1368117769927
1011,2021-10-08,0.48092,766.6570158277663
1012,2021-10-09,0.50682,807.9454145426027
1013,2021-10-10,0.50122,799.0181931988543
1014,2021-10-11,0.84144,1341.3787727649412
1015,2021-10-12,0.70073,1117.066395036577
1016,2021-10-13,0.53622,854.813326597282
1017,2021-10-14,0.54042,861.5087426050932
1018,2021-10-15,0.47182,752.1502811441751
1019,2021-10-16,0.46552,742.107157132458
1020,2021-10-17,0.51942,828.0316625660366
1021,2021-10-18,0.43192,688.5438290699676
1022,2021-10-19,0.42282,674.0370943863763
1023,2021-10-20,0.47812,762.193405155892
1024,2021-10-21,0.44942,716.4413957691813
1025,2021-10-22,0.43262,689.6597317379361
1026,2021-10-23,0.52222,832.4952732379109
1027,2021-10-24,0.57262,912.8402653316466
1028,2021-10-25,0.51522,821.3362465582253
1029,2021-10-26,0.48582,774.4683345035461
1030,2021-10-27,0.46342,738.7594491285524
1031,2021-10-28,0.44942,716.4413957691813
1032,2021-10-29,0.62863,1002.1284202358162
1033,2021-10-30,0.53482,852.5815212613447
1034,2021-10-31,0.55932,891.6381146402442
1035,2021-11-01,0.48792,777.8160425074518
1036,2021-11-02,0.44172,704.1664664215273
1037,2021-11-03,0.43472,693.0074397418417
1038,2021-11-04,0.43192,688.5438290699676
1039,2021-11-05,0.45362,723.1368117769927
1040,2021-11-06,0.47112,751.0343784762065
1041,2021-11-07,0.50052,797.9022905308857
1042,2021-11-08,0.45432,724.2527144449613
1043,2021-11-09,0.41652,663.9939703746594
1044,2021-11-10,0.46692,744.3389624683952
1045,2021-11-11,0.48792,777.8160425074518
1046,2021-11-12,0.43892,699.702855749653
1047,2021-11-13,0.42842,682.9643157301248
1048,2021-11-14,0.50542,805.7136092066655
1049,2021-11-15,0.42282,674.0370943863763
1050,2021-11-16,0.41092,655.066749030911
1051,2021-11-17,0.44452,708.6300770934015
1052,2021-11-18,0.44522,709.74597976137
1053,2021-11-19,0.41302,658.4144570348166
1054,2021-11-20,0.43472,693.0074397418417
1055,2021-11-21,0.55792,889.406309304307
1056,2021-11-22,0.47322,754.3820864801121
1057,2021-11-23,0.48162,767.7729184957348
1058,2021-11-24,0.49562,790.0909718551059
1059,2021-11-25,0.49422,787.8591665191688
1060,2021-11-26,0.47392,755.4979891480807
1061,2021-11-27,0.50052,797.9022905308857
1062,2021-11-28,0.59222,944.085540034766
1063,2021-11-29,0.51312,817.9885385543197
1064,2021-11-30,0.55442,883.8267959644643
1065,2021-12-01,0.47462,756.6138918160492
1066,2021-12-02,0.46832,746.5707678043323
1067,2021-12-03,0.43192,688.5438290699676
1068,2021-12-04,0.53972,860.3928399371246
1069,2021-12-05,0.69023,1100.3278550170487
1070,2021-12-06,0.59292,945.2014427027347
1071,2021-12-07,0.61533,980.9262695444137
1072,2021-12-08,0.75673,1206.3386084740612
1073,2021-12-09,0.66013,1052.3440402944009
1074,2021-12-10,0.56982,908.3766546597724
1075,2021-12-11,0.59642,950.7809560425774
1076,2021-12-12,0.63913,1018.8669602553443
1077,2021-12-13,0.58872,938.5060266949233
1078,2021-12-14,0.54322,865.9723532769675
1079,2021-12-15,0.59852,954.1286640464832
1080,2021-12-16,0.61533,980.9262695444137
1081,2021-12-17,0.52152,831.3793705699422
1082,2021-12-18,0.55372,882.7108932964957
1083,2021-12-19,0.64893,1034.4895976069042
1084,2021-12-20,0.55582,886.0586013004014
1085,2021-12-21,0.64683,1031.1418896029986
1086,2021-12-22,0.63703,1015.5192522514387
1087,2021-12-23,0.55302,881.5949906285271
1088,2021-12-24,0.56492,900.5653359839926
1089,2021-12-25,0.57192,911.7243626636781
1090,2021-12-26,0.61673,983.1580748803507
1091,2021-12-27,0.49562,790.0909718551059
1092,2021-12-28,0.49492,788.9750691871374
1093,2021-12-29,0.44522,709.74597976137
1094,2021-12-30,0.44732,713.0936877652757
1095,2021-12-31,0.44172,704.1664664215273
1096,2022-01-01,0.64333,1025.5623762631556
1097,2022-01-02,0.57402,915.0720706675837
1098,2022-01-03,0.43192,688.5438290699676
1099,2022-01-04,0.49912,795.6704851949486
1100,2022-01-05,0.47882,763.3093078238606
1101,2022-01-06,0.62373,994.3171015600362
1102,2022-01-07,0.54462,868.2041586129045
1103,2022-01-08,0.67063,1069.0825803139292
1104,2022-01-09,0.74623,1189.600068454533
1105,2022-01-10,0.53412,851.4656185933763
1106,2022-01-11,0.55092,878.2472826246214
1107,2022-01-12,0.59222,944.085540034766
1108,2022-01-13,0.51452,820.2203438902567
1109,2022-01-14,0.40742,649.4872356910682
1110,2022-01-15,0.61323,977.5785615405081
1111,2022-01-16,0.69863,1113.7186870326714
1112,2022-01-17,0.52222,832.4952732379109
1113,2022-01-18,0.48862,778.9319451754203
1114,2022-01-19,0.46202,736.5276437926153
1115,2022-01-20,0.45712,728.7163251168355
1116,2022-01-21,0.52712,840.3065919136908
1117,2022-01-22,0.50752,809.0613172105711
1118,2022-01-23,0.50752,809.0613172105711
1119,2022-01-24,0.48512,773.3524318355776
1120,2022-01-25,0.42072,670.6893863824706
1121,2022-01-26,0.51872,826.915759898068
1122,2022-01-27,0.40812,650.6031383590367
1123,2022-01-28,0.39971,637.1963648767289
1124,2022-01-29,0.49142,783.3955558472945
1125,2022-01-30,0.52432,835.8429812418165
1126,2022-01-31,0.60623,966.4195348608225
1127,2022-02-01,0.48792,777.8160425074518
1128,2022-02-02,0.58592,934.0424160230491
1129,2022-02-03,0.56142,894.9858226441498
1130,2022-02-04,0.59502,948.5491507066403
1131,2022-02-05,0.57052,909.492557327741
1132,2022-02-06,0.73783,1176.2092364389102
1133,2022-02-07,0.52012,829.1475652340052
1134,2022-02-08,0.48372,771.1206264996404
1135,2022-02-09,0.63073,1005.4761282397218
1136,2022-02-10,0.52012,829.1475652340052
1137,2022-02-11,0.52222,832.4952732379109
1138,2022-02-12,0.60063,957.492313517074
1139,2022-02-13,0.61883,986.5057828842564
1140,2022-02-14,0.50542,805.7136092066655
1141,2022-02-15,0.53342,850.3497159254077
1142,2022-02-16,0.49002,781.1637505113574
1143,2022-02-17,0.52852,842.5383972496278
1144,2022-02-18,0.45362,723.1368117769927
1145,2022-02-19,0.50332,802.3659012027599
1146,2022-02-20,0.65383,1042.300916282684
1147,2022-02-21,0.48652,775.5842371715147
1148,2022-02-22,0.41162,656.1826516988795
1149,2022-02-23,0.41932,668.4575810465336
1150,2022-02-24,0.40952,652.8349436949738
1151,2022-02-25,0.42072,670.6893863824706
1152,2022-02-26,0.59922,955.2445667144516
1153,2022-02-27,0.60833,969.7672428647281
1154,2022-02-28,0.46272,737.6435464605839
1155,2022-03-01,0.49982,796.7863878629171
1156,2022-03-02,0.46972,748.8025731402694
1157,2022-03-03,0.42212,672.9211917184078
1158,2022-03-04,0.39481,629.385046200949
1159,2022-03-05,0.47882,763.3093078238606
1160,2022-03-06,0.49842,794.55458252698
1161,2022-03-07,0.38571,614.8783115173578
1162,2022-03-08,0.34861,555.7354701150244
1163,2022-03-09,0.34721,553.5036647790874
1164,2022-03-10,0.32551,518.9106820720623
1165,2022-03-11,0.48372,771.1206264996404
1166,2022-03-12,0.50892,811.2931225465084
1167,2022-03-13,0.93734,1494.2574382766331
1168,2022-03-14,0.46342,738.7594491285524
1169,2022-03-15,0.45572,726.4845197808984
1170,2022-03-16,0.42492,677.3848023902821
1171,2022-03-17,0.37801,602.6033821697038
1172,2022-03-18,0.40882,651.7190410270053
1173,2022-03-19,0.47602,758.8456971519863
1174,2022-03-20,0.57262,912.8402653316466
1175,2022-03-21,0.39481,629.385046200949
1176,2022-03-22,0.35141,560.1990807868987
1177,2022-03-23,0.40042,638.3282090113827
1178,2022-03-24,0.34301,546.808248771276
1179,2022-03-25,0.38151,608.1828955095465
1180,2022-03-26,0.46552,742.107157132458
1181,2022-03-27,0.51242,816.8726358863511
1182,2022-03-28,0.51942,828.0316625660366
1183,2022-03-29,0.44312,706.3982717574644
1184,2022-03-30,0.39831,634.9645595407917
1185,2022-03-31,0.40252,641.6759170152883
1186,2022-04-01,0.35211,561.3149834548673
1187,2022-04-02,0.48722,776.7001398394832
1188,2022-04-03,0.77843,1240.9315911810863
1189,2022-04-04,0.46692,744.3389624683952
1190,2022-04-05,0.48442,772.236529167609
1191,2022-04-06,0.44102,703.0505637535588
1192,2022-04-07,0.40812,650.6031383590367
1193,2022-04-08,0.40882,651.7190410270053
1194,2022-04-09,0.72803,1160.5865990873506
1195,2022-04-10,0.63213,1007.7079335756588
1196,2022-04-11,0.50122,799.0181931988543
1197,2022-04-12,0.50962,812.4090252144769
1198,2022-04-13,0.53412,851.4656185933763
1199,2022-04-14,0.46832,746.5707678043323
1200,2022-04-15,0.40252,641.6759170152883
1201,2022-04-16,0.44662,711.9777850973072
1202,2022-04-17,0.54182,863.7405479410303
1203,2022-04-18,0.53832,858.1610346011876
1204,2022-04-19,0.46342,738.7594491285524
1205,2022-04-20,0.43682,696.3551477457473
1206,2022-04-21,0.45712,728.7163251168355
1207,2022-04-22,0.39201,624.9214355290748
1208,2022-04-23,0.44522,709.74597976137
1209,2022-04-24,0.45222,720.9050064410555
1210,2022-04-25,0.40952,652.8349436949738
1211,2022-04-26,0.40392,643.9077223512254
1212,2022-04-27,0.37731,601.4874795017352
1213,2022-04-28,0.36401,580.2853288103327
1214,2022-04-29,0.41162,656.1826516988795
1215,2022-04-30,0.47042,749.918475808238
1216,2022-05-01,0.45222,720.9050064410555
1217,2022-05-02,0.41792,666.2257757105965
1218,2022-05-03,0.41162,656.1826516988795
1219,2022-05-04,0.38361,611.5306035134522
1220,2022-05-05,0.43402,691.8915370738732
1221,2022-05-06,0.48862,778.9319451754203
1222,2022-05-07,0.62163,990.9693935561306
1223,2022-05-08,0.50822,810.1772198785397
1224,2022-05-09,0.41092,655.066749030911
1225,2022-05-10,0.42002,669.5734837145021
1226,2022-05-11,0.45782,729.832227784804
1227,2022-05-12,0.46552,742.107157132458
1228,2022-05-13,0.42492,677.3848023902821
1229,2022-05-14,0.39271,626.0373381970434
1230,2022-05-15,0.45432,724.2527144449613
1231,2022-05-16,0.40392,643.9077223512254
1232,2022-05-17,0.40672,648.3713330230997
1233,2022-05-18,0.38501,613.7624088493893
1234,2022-05-19,0.44522,709.74597976137
1235,2022-05-20,0.42982,685.1961210660619
1236,2022-05-21,0.39831,634.9645595407917
1237,2022-05-22,0.61743,984.2739775483193
1238,2022-05-23,0.42772,681.8484130621562
1239,2022-05-24,0.40532,646.1395276871625
1240,2022-05-25,0.38991,621.573727525169
1241,2022-05-26,0.39061,622.6896301931376
1242,2022-05-27,0.43052,686.3120237340305
1243,2022-05-28,0.46132,735.4117411246467
1244,2022-05-29,0.68533,1092.5165363412689
1245,2022-05-30,0.46132,735.4117411246467
1246,2022-05-31,0.43962,700.8187584176217
1247,2022-06-01,0.47812,762.193405155892
1248,2022-06-02,0.40252,641.6759170152883
1249,2022-06-03,0.36471,581.4012314783012
1250,2022-06-04,0.41792,666.2257757105965
1251,2022-06-05,0.42772,681.8484130621562
1252,2022-06-06,0.53552,853.6974239293133
1253,2022-06-07,0.44592,710.8618824293386
1254,2022-06-08,0.41652,663.9939703746594
1255,2022-06-09,0.43892,699.702855749653
1256,2022-06-10,0.43822,698.5869530816846
1257,2022-06-11,0.42002,669.5734837145021
1258,2022-06-12,0.47322,754.3820864801121
1259,2022-06-13,0.39901,636.0804622087603
1260,2022-06-14,0.39971,637.1963648767289
1261,2022-06-15,0.38501,613.7624088493893
1262,2022-06-16,0.38431,612.6465061814207
1263,2022-06-17,0.40112,639.4441116793512
1264,2022-06-18,0.38151,608.1828955095465
1265,2022-06-19,0.43402,691.8915370738732
1266,2022-06-20,0.38151,608.1828955095465
1267,2022-06-21,0.36471,581.4012314783012
1268,2022-06-22,0.35351,563.5467887908044
1269,2022-06-23,0.30591,487.6654073689428
1270,2022-06-24,0.34301,546.808248771276
1271,2022-06-25,0.39341,627.1532408650119
1272,2022-06-26,0.38361,611.5306035134522
1273,2022-06-27,0.40112,639.4441116793512
1274,2022-06-28,0.37941,604.8351875056409
1275,2022-06-29,0.33041,526.7220007478421
1276,2022-06-30,0.40672,648.3713330230997
1277,2022-07-01,0.35561,566.89449679471
1278,2022-07-02,0.36891,588.0966474861126
1279,2022-07-03,0.38641,615.9942141853263
1280,2022-07-04,0.34301,546.808248771276
1281,2022-07-05,0.34511,550.1559567751817
1282,2022-07-06,0.35141,560.1990807868987
1283,2022-07-07,0.34161,544.576443435339
1284,2022-07-08,0.36961,589.2125501540811
1285,2022-07-09,0.37661,600.3715768337667
1286,2022-07-10,0.44662,711.9777850973072
1287,2022-07-11,0.40462,645.0236250191939
1288,2022-07-12,0.38641,615.9942141853263
1289,2022-07-13,0.36961,589.2125501540811
1290,2022-07-14,0.46132,735.4117411246467
1291,2022-07-15,0.38221,609.298798177515
1292,2022-07-16,0.37031,590.3284528220496
1293,2022-07-17,0.39621,631.6168515368861
1294,2022-07-18,0.33671,536.7651247595592
1295,2022-07-19,0.37311,594.7920634939238
1296,2022-07-20,0.33881,540.1128327634648
1297,2022-07-21,0.34441,549.0400541072132
1298,2022-07-22,0.38781,618.2260195212634
1299,2022-07-23,0.35071,559.0831781189302
1300,2022-07-24,0.37521,598.1397714978295
1301,2022-07-25,0.40182,640.5600143473198
1302,2022-07-26,0.40462,645.0236250191939
1303,2022-07-27,0.39691,632.7327542048546
1304,2022-07-28,0.36751,585.8648421501754
1305,2022-07-29,0.34021,542.3446380994019
1306,2022-07-30,0.38851,619.341922189232
1307,2022-07-31,0.38431,612.6465061814207
1308,2022-08-01,0.35561,566.89449679471
1309,2022-08-02,0.34931,556.851372782993
1310,2022-08-03,0.32271,514.4470714001881
1311,2022-08-04,0.31851,507.7516553923768
1312,2022-08-05,0.37311,594.7920634939238
1313,2022-08-06,0.36681,584.7489394822069
1314,2022-08-07,0.37241,593.6761608259553
1315,2022-08-08,0.35071,559.0831781189302
1316,2022-08-09,0.33111,527.8379034158107
1317,2022-08-10,0.35211,561.3149834548673
1318,2022-08-11,0.31921,508.8675580603453
1319,2022-08-12,0.29681,473.15867268535163
1320,2022-08-13,0.35771,570.2422047986156
1321,2022-08-14,0.37521,598.1397714978295
1322,2022-08-15,0.38571,614.8783115173578
1323,2022-08-16,0.37801,602.6033821697038
1324,2022-08-17,0.35561,566.89449679471
1325,2022-08-18,0.33111,527.8379034158107
1326,2022-08-19,0.34301,546.808248771276
1327,2022-08-20,0.35211,561.3149834548673
1328,2022-08-21,0.38921,620.4578248572005
1329,2022-08-22,0.32341,515.5629740681566
1330,2022-08-23,0.33321,531.1856114197163
1331,2022-08-24,0.36191,576.937620806427
1332,2022-08-25,0.37451,597.0238688298609
1333,2022-08-26,0.35281,562.4308861228359
1334,2022-08-27,0.37381,595.9079661618923
1335,2022-08-28,0.42772,681.8484130621562
1336,2022-08-29,0.38571,614.8783115173578
1337,2022-08-30,0.36891,588.0966474861126
1338,2022-08-31,0.35141,560.1990807868987
1339,2022-09-01,0.38081,607.0669928415779
1340,2022-09-02,0.33601,535.6492220915906
1341,2022-09-03,0.35351,563.5467887908044
1342,2022-09-04,0.42632,679.6166077262191
1343,2022-09-05,0.37591,599.255674165798
1344,2022-09-06,0.36751,585.8648421501754
1345,2022-09-07,0.33251,530.0697087517477
1346,2022-09-08,0.28841,459.76784066972897
1347,2022-09-09,0.38921,620.4578248572005
1348,2022-09-10,0.31921,508.8675580603453
1349,2022-09-11,0.49842,794.55458252698
1350,2022-09-12,0.59082,941.853734698829
1351,2022-09-13,0.43332,690.7756344059046
1352,2022-09-14,0.40112,639.4441116793512
1353,2022-09-15,0.35701,569.1263021306471
1354,2022-09-16,0.33671,536.7651247595592
1355,2022-09-17,0.34441,549.0400541072132
1356,2022-09-18,0.40532,646.1395276871625
1357,2022-09-19,0.37381,595.9079661618923
1358,2022-09-20,0.34231,545.6923461033075
1359,2022-09-21,0.43122,687.427926401999
1360,2022-09-22,0.32551,518.9106820720623
1361,2022-09-23,0.33251,530.0697087517477
1362,2022-09-24,0.33321,531.1856114197163
1363,2022-09-25,0.41652,663.9939703746594
1364,2022-09-26,1.36646,2178.3376566747265
1365,2022-09-27,0.71963,1147.195767071728
1366,2022-09-28,0.40322,642.7918196832569
1367,2022-09-29,0.33881,540.1128327634648
1368,2022-09-30,0.37241,593.6761608259553
1369,2022-10-01,0.43822,698.5869530816846
1370,2022-10-02,0.47462,756.6138918160492
1371,2022-10-03,0.47812,762.193405155892
1372,2022-10-04,0.42002,669.5734837145021
1373,2022-10-05,0.40532,646.1395276871625
1374,2022-10-06,0.41232,657.2985543668481
1375,2022-10-07,0.39061,622.6896301931376
1376,2022-10-08,0.39621,631.6168515368861
1377,2022-10-09,0.43682,696.3551477457473
1378,2022-10-10,0.49702,792.322777191043
1379,2022-10-11,0.41652,663.9939703746594
1380,2022-10-12,0.38361,611.5306035134522
1381,2022-10-13,0.35141,560.1990807868987
1382,2022-10-14,0.37101,591.4443554900182
1383,2022-10-15,0.46412,739.8753517965209
1384,2022-10-16,0.42212,672.9211917184078
1385,2022-10-17,0.38431,612.6465061814207
1386,2022-10-18,0.37451,597.0238688298609
1387,2022-10-19,0.37521,598.1397714978295
1388,2022-10-20,0.37731,601.4874795017352
1389,2022-10-21,0.77913,1242.047493849055
1390,2022-10-22,0.39691,632.7327542048546
1391,2022-10-23,0.40812,650.6031383590367
1392,2022-10-24,0.39061,622.6896301931376
1393,2022-10-25,0.41932,668.4575810465336
1394,2022-10-26,0.36821,586.980744818144
1395,2022-10-27,0.37171,592.5602581579867
1396,2022-10-28,0.38151,608.1828955095465
1397,2022-10-29,0.36611,583.6330368142383
1398,2022-10-30,0.32481,517.7947794040937
1399,2022-10-31,0.32131,512.215266064251
1400,2022-11-01,0.35561,566.89449679471
1401,2022-11-02,0.35491,565.7785941267415
1402,2022-11-03,0.34301,546.808248771276
1403,2022-11-04,0.36191,576.937620806427
1404,2022-11-05,0.45852,730.9481304527725
1405,2022-11-06,0.43472,693.0074397418417
1406,2022-11-07,0.36401,580.2853288103327
1407,2022-11-08,0.34791,554.6195674470559
1408,2022-11-09,0.38781,618.2260195212634
1409,2022-11-10,0.47952,764.4252104918291
1410,2022-11-11,0.42072,670.6893863824706
1411,2022-11-12,0.41932,668.4575810465336
1412,2022-11-13,0.46622,743.2230598004267
1413,2022-11-14,0.44172,704.1664664215273
1414,2022-11-15,0.46132,735.4117411246467
1415,2022-11-16,0.52292,833.6111759058795
1416,2022-11-17,0.45712,728.7163251168355
1417,2022-11-18,0.47042,749.918475808238
1418,2022-11-19,0.41722,665.1098730426279
1419,2022-11-20,0.44802,714.2095904332442
1420,2022-11-21,0.40462,645.0236250191939
1421,2022-11-22,0.38991,621.573727525169
1422,2022-11-23,0.39621,631.6168515368861
1423,2022-11-24,0.33531,534.533319423622
1424,2022-11-25,0.45432,724.2527144449613
1425,2022-11-26,0.47182,752.1502811441751
1426,2022-11-27,0.47322,754.3820864801121
1427,2022-11-28,0.45432,724.2527144449613
1428,2022-11-29,0.44032,701.9346610855902
1429,2022-11-30,0.47882,763.3093078238606
1430,2022-12-01,0.40882,651.7190410270053
1431,2022-12-02,0.45502,725.3686171129298
1432,2022-12-03,0.38081,607.0669928415779
1433,2022-12-04,0.51032,813.5249278824455
1434,2022-12-05,0.47742,761.0775024879235
1435,2022-12-06,0.42282,674.0370943863763
1436,2022-12-07,0.38781,618.2260195212634
1437,2022-12-08,0.37031,590.3284528220496
1438,2022-12-09,0.37521,598.1397714978295
1439,2022-12-10,0.42282,674.0370943863763
1440,2022-12-11,0.45992,733.1799357887096
1441,2022-12-12,0.44662,711.9777850973072
1442,2022-12-13,0.46832,746.5707678043323
1443,2022-12-14,0.41162,656.1826516988795
1444,2022-12-15,0.41162,656.1826516988795
1445,2022-12-16,0.46272,737.6435464605839
1446,2022-12-17,0.45502,725.3686171129298
1447,2022-12-18,0.57052,909.492557327741
1448,2022-12-19,0.54322,865.9723532769675
1449,2022-12-20,0.47392,755.4979891480807
1450,2022-12-21,0.42562,678.5007050582506
1451,2022-12-22,0.43542,694.1233424098102
1452,2022-12-23,0.46622,743.2230598004267
1453,2022-12-24,0.45222,720.9050064410555
1454,2022-12-25,0.47742,761.0775024879235
1455,2022-12-26,0.37871,603.7192848376723
1456,2022-12-27,0.41022,653.9508463629423
1457,2022-12-28,0.40042,638.3282090113827
1458,2022-12-29,0.35911,572.4740101345528
1459,2022-12-30,0.44102,703.0505637535588
1460,2022-12-31,0.42352,675.152997054345
1461,2023-01-01,0.41022,653.9508463629423
1462,2023-01-02,0.44102,703.0505637535588
1463,2023-01-03,0.52852,842.5383972496278
1464,2023-01-04,0.48932,780.0478478433888
1465,2023-01-05,0.44942,716.4413957691813
1466,2023-01-06,0.43472,693.0074397418417
1467,2023-01-07,0.49492,788.9750691871374
1468,2023-01-08,0.53062,845.8861052535334
1469,2023-01-09,0.44242,705.2823690894958
1470,2023-01-10,0.35771,570.2422047986156
1471,2023-01-11,0.36471,581.4012314783012
1472,2023-01-12,0.40112,639.4441116793512
1473,2023-01-13,0.38641,615.9942141853263
1474,2023-01-14,0.44802,714.2095904332442
1475,2023-01-15,0.43402,691.8915370738732
1476,2023-01-16,0.42912,684.0802183980933
1477,2023-01-17,0.46272,737.6435464605839
1478,2023-01-18,0.41232,657.2985543668481
1479,2023-01-19,0.44102,703.0505637535588
1480,2023-01-20,0.40252,641.6759170152883
1481,2023-01-21,0.37871,603.7192848376723
1482,2023-01-22,0.43822,698.5869530816846
1483,2023-01-23,0.47532,757.7297944840178
1484,2023-01-24,0.45852,730.9481304527725
1485,2023-01-25,0.47042,749.918475808238
1486,2023-01-26,0.50052,797.9022905308857
1487,2023-01-27,0.41582,662.8780677066909
1488,2023-01-28,0.46552,742.107157132458
1489,2023-01-29,0.45782,729.832227784804
1490,2023-01-30,0.39271,626.0373381970434
1491,2023-01-31,0.33951,541.2287354314333
1492,2023-02-01,0.35421,564.662691458773
1493,2023-02-02,0.36331,579.1694261423642
1494,2023-02-03,0.50962,812.4090252144769
1495,2023-02-04,0.40672,648.3713330230997
1496,2023-02-05,0.40672,648.3713330230997
1497,2023-02-06,0.47672,759.9615998199549
1498,2023-02-07,0.37941,604.8351875056409
1499,2023-02-08,0.40952,652.8349436949738
1500,2023-02-09,0.42142,671.8052890504392
1501,2023-02-10,0.38081,607.0669928415779
1502,2023-02-11,0.41862,667.341678378565
1503,2023-02-12,0.46272,737.6435464605839
1504,2023-02-13,0.42982,685.1961210660619
1505,2023-02-14,0.39061,622.6896301931376
1506,2023-02-15,0.35351,563.5467887908044
1507,2023-02-16,0.33041,526.7220007478421
1508,2023-02-17,0.36471,581.4012314783012
1509,2023-02-18,0.37101,591.4443554900182
1510,2023-02-19,0.46202,736.5276437926153
1511,2023-02-20,0.43402,691.8915370738732
1512,2023-02-21,0.37871,603.7192848376723
1513,2023-02-22,0.40182,640.5600143473198
1514,2023-02-23,0.36261,578.0535234743955
1515,2023-02-24,0.35351,563.5467887908044
1516,2023-02-25,0.46902,747.6866704723009
1517,2023-02-26,0.38501,613.7624088493893
1518,2023-02-27,0.42562,678.5007050582506
1519,2023-02-28,0.49142,783.3955558472945
1520,2023-03-01,0.58102,926.2310973472693
1521,2023-03-02,0.45642,727.6004224488669
1522,2023-03-03,0.46342,738.7594491285524
1523,2023-03-04,0.49352,786.7432638512003
1524,2023-03-05,0.60483,964.1877295248853
1525,2023-03-06,0.48162,767.7729184957348
1526,2023-03-07,0.42912,684.0802183980933
1527,2023-03-08,0.45012,717.5572984371499
1528,2023-03-09,0.38991,621.573727525169
1529,2023-03-10,0.38151,608.1828955095465
1530,2023-03-11,0.41442,660.6462623707538
1531,2023-03-12,0.47322,754.3820864801121
1532,2023-03-13,0.38081,607.0669928415779
1533,2023-03-14,0.36121,575.8217181384584
1534,2023-03-15,0.41372,659.5303597027852
1535,2023-03-16,0.45992,733.1799357887096
1536,2023-03-17,0.37451,597.0238688298609
1537,2023-03-18,0.44172,704.1664664215273
1538,2023-03-19,0.52502,836.9588839097851
1539,2023-03-20,0.37381,595.9079661618923
1540,2023-03-21,0.38501,613.7624088493893
1541,2023-03-22,0.46832,746.5707678043323
1542,2023-03-23,0.37381,595.9079661618923
1543,2023-03-24,0.40042,638.3282090113827
1544,2023-03-25,0.43472,693.0074397418417
1545,2023-03-26,0.49212,784.511458515263
1546,2023-03-27,0.36051,574.7058154704899
1547,2023-03-28,0.37731,601.4874795017352
1548,2023-03-29,0.35141,560.1990807868987
1549,2023-03-30,0.33671,536.7651247595592
1550,2023-03-31,0.34791,554.6195674470559
1551,2023-04-01,0.38641,615.9942141853263
1552,2023-04-02,0.44312,706.3982717574644
1553,2023-04-03,0.37661,600.3715768337667
1554,2023-04-04,0.37871,603.7192848376723
1555,2023-04-05,0.40322,642.7918196832569
1556,2023-04-06,0.39341,627.1532408650119
1557,2023-04-07,0.38711,617.1101168532949
1558,2023-04-08,0.37871,603.7192848376723
1559,2023-04-09,0.40882,651.7190410270053
1560,2023-04-10,0.38921,620.4578248572005
1561,2023-04-11,0.38641,615.9942141853263
1562,2023-04-12,0.32411,516.6788767361252
1563,2023-04-13,0.34651,552.3877621111188
1564,2023-04-14,0.36051,574.7058154704899
1565,2023-04-15,0.39201,624.9214355290748
1566,2023-04-16,0.43542,694.1233424098102
1567,2023-04-17,0.38571,614.8783115173578
1568,2023-04-18,0.35701,569.1263021306471
1569,2023-04-19,0.33811,538.9969300954963
1570,2023-04-20,0.36821,586.980744818144
1571,2023-04-21,0.36471,581.4012314783012
1572,2023-04-22,0.37451,597.0238688298609
1573,2023-04-23,0.40532,646.1395276871625
1574,2023-04-24,0.35141,560.1990807868987
1575,2023-04-25,0.43402,691.8915370738732
1576,2023-04-26,0.37031,590.3284528220496
1577,2023-04-27,0.33951,541.2287354314333
1578,2023-04-28,0.29331,467.57915934550886
1579,2023-04-29,0.32551,518.9106820720623
1580,2023-04-30,0.35491,565.7785941267415
1581,2023-05-01,0.39061,622.6896301931376
1582,2023-05-02,0.41862,667.341678378565
1583,2023-05-03,0.47322,754.3820864801121
1584,2023-05-04,0.39691,632.7327542048546
1585,2023-05-05,0.40532,646.1395276871625
1586,2023-05-06,0.44172,704.1664664215273
1587,2023-05-07,0.42912,684.0802183980933
1588,2023-05-08,0.38781,618.2260195212634
1589,2023-05-09,0.39761,633.8486568728232
1590,2023-05-10,0.35701,569.1263021306471
1591,2023-05-11,0.30591,487.6654073689428
1592,2023-05-12,0.33811,538.9969300954963
1593,2023-05-13,0.35631,568.0103994626786
1594,2023-05-14,0.38781,618.2260195212634
1595,2023-05-15,0.40742,649.4872356910682
1596,2023-05-16,0.33041,526.7220007478421
1597,2023-05-17,0.39201,624.9214355290748
1598,2023-05-18,0.33881,540.1128327634648
1599,2023-05-19,0.35141,560.1990807868987
1600,2023-05-20,0.37311,594.7920634939238
1601,2023-05-21,0.39551,630.5009488689175
1602,2023-05-22,0.41302,658.4144570348166
1603,2023-05-23,0.44522,709.74597976137
1604,2023-05-24,0.33251,530.0697087517477
1605,2023-05-25,0.34441,549.0400541072132
1606,2023-05-26,0.32901,524.4901954119051
1607,2023-05-27,0.32971,525.6060980798736
1608,2023-05-28,0.37031,590.3284528220496
1609,2023-05-29,0.37801,602.6033821697038
1610,2023-05-30,0.34091,543.4605407673704
1611,2023-05-31,0.34861,555.7354701150244
1612,2023-06-01,0.30521,486.5495047009742
1613,2023-06-02,0.32691,521.1424874079993
1614,2023-06-03,0.36471,581.4012314783012
1615,2023-06-04,0.36891,588.0966474861126
1616,2023-06-05,0.35281,562.4308861228359
1617,2023-06-06,0.36121,575.8217181384584
1618,2023-06-07,0.32481,517.7947794040937
1619,2023-06-08,0.32201,513.3311687322196
1620,2023-06-09,0.33181,528.9538060837792
1621,2023-06-10,0.37381,595.9079661618923
1622,2023-06-11,0.42072,670.6893863824706
1623,2023-06-12,0.32481,517.7947794040937
1624,2023-06-13,0.34441,549.0400541072132
1625,2023-06-14,0.35771,570.2422047986156
1626,2023-06-15,0.31991,509.9834607283139
1627,2023-06-16,0.28701,457.53603533379186
1628,2023-06-17,0.35561,566.89449679471
1629,2023-06-18,0.37661,600.3715768337667
1630,2023-06-19,0.34511,550.1559567751817
1631,2023-06-20,0.35841,571.3581074665842
1632,2023-06-21,0.33181,528.9538060837792
1633,2023-06-22,0.34791,554.6195674470559
1634,2023-06-23,0.31921,508.8675580603453
1635,2023-06-24,0.33181,528.9538060837792
1636,2023-06-25,0.41022,653.9508463629423
1637,2023-06-26,0.31991,509.9834607283139
1638,2023-06-27,0.29961,477.6222833572258
1639,2023-06-28,0.32551,518.9106820720623
1640,2023-06-29,0.33461,533.4174167556534
1641,2023-06-30,0.28631,456.4201326658233
1642,2023-07-01,0.35141,560.1990807868987
1643,2023-07-02,0.38011,605.9510901736094
1644,2023-07-03,0.30381,484.3176993650372
1645,2023-07-04,0.31151,496.59262871269124
1646,2023-07-05,0.28911,460.88374333769747
1647,2023-07-06,0.28701,457.53603533379186
1648,2023-07-07,0.27301,435.21798197442075
1649,2023-07-08,0.32691,521.1424874079993
1650,2023-07-09,0.32341,515.5629740681566
1651,2023-07-10,0.30521,486.5495047009742
1652,2023-07-11,0.29541,470.9268673494145
1653,2023-07-12,0.29051,463.11554867363463
1654,2023-07-13,0.31081,495.4767260447226
1655,2023-07-14,0.30731,489.89721270487996
1656,2023-07-15,0.30871,492.12901804081696
1657,2023-07-16,0.34091,543.4605407673704
1658,2023-07-17,0.29191,465.34735400957175
1659,2023-07-18,0.30311,483.2017966970686
1660,2023-07-19,0.29331,467.57915934550886
1661,2023-07-20,0.28561,455.30422999785475
1662,2023-07-21,0.35701,569.1263021306471
1663,2023-07-22,0.31151,496.59262871269124
1664,2023-07-23,0.33391,532.3015140876848
1665,2023-07-24,0.32761,522.2583900759679
1666,2023-07-25,0.29541,470.9268673494145
1667,2023-07-26,0.27861,444.14520331816925
1668,2023-07-27,0.28841,459.76784066972897
1669,2023-07-28,0.29331,467.57915934550886
1670,2023-07-29,0.28491,454.1883273298862
1671,2023-07-30,0.29471,469.81096468144597
1672,2023-07-31,0.26391,420.7112472908296
1673,2023-08-01,0.28351,451.9565219939491
1674,2023-08-02,0.27161,432.98617663848376
1675,2023-08-03,0.27861,444.14520331816925
1676,2023-08-04,0.23311,371.6115299002133
1677,2023-08-05,0.29751,474.27457535332013
1678,2023-08-06,0.28281,450.8406193259806
1679,2023-08-07,0.26671,425.17485796270387
1680,2023-08-08,0.27231,434.10207930645225
1681,2023-08-09,0.25621,408.43631794317554
1682,2023-08-10,0.23801,379.42284857599316
1683,2023-08-11,0.23801,379.42284857599316
1684,2023-08-12,0.26321,419.5953446228611
1685,2023-08-13,0.29611,472.042770017383
1686,2023-08-14,0.28071,447.4929113220749
1687,2023-08-15,0.27721,441.91339798223214
1688,2023-08-16,0.32201,513.3311687322196
1689,2023-08-17,0.26391,420.7112472908296
1690,2023-08-18,0.39131,623.8055328611063
1691,2023-08-19,0.25271,402.85680460333276
1692,2023-08-20,0.31361,499.94033671659685
1693,2023-08-21,0.28421,453.0724246619177
1694,2023-08-22,0.24991,398.39319393145854
1695,2023-08-23,0.27091,431.87027397051514
1696,2023-08-24,0.26111,416.2476366189554
1697,2023-08-25,0.28561,455.30422999785475
1698,2023-08-26,0.24571,391.69777792364727
1699,2023-08-27,0.25761,410.66812327911265
1700,2023-08-28,0.22891,364.916113892402
1701,2023-08-29,0.27931,445.2611059861378
1702,2023-08-30,0.26461,421.8271499587982
1703,2023-08-31,0.29051,463.11554867363463
1704,2023-09-01,0.24921,397.27729126349
1705,2023-09-02,0.29751,474.27457535332013
1706,2023-09-03,0.29541,470.9268673494145
1707,2023-09-04,0.31781,506.6357527244082
1708,2023-09-05,0.31711,505.5198500564396
1709,2023-09-06,0.28001,446.3770086541063
1710,2023-09-07,0.33671,536.7651247595592
1711,2023-09-08,0.27791,443.0293006502007
1712,2023-09-09,0.31431,501.0562393845654
1713,2023-09-10,0.33671,536.7651247595592
1714,2023-09-11,0.28421,453.0724246619177
1715,2023-09-12,0.30171,480.96999136113146
1716,2023-09-13,0.26671,425.17485796270387
1717,2023-09-14,0.25201,401.74090193536426
1718,2023-09-15,0.29961,477.6222833572258
1719,2023-09-16,0.33741,537.8810274275277
1720,2023-09-17,0.32901,524.4901954119051
1721,2023-09-18,0.30171,480.96999136113146
1722,2023-09-19,0.30591,487.6654073689428
1723,2023-09-20,0.30451,485.4336020330057
1724,2023-09-21,0.26041,415.1317339509868
1725,2023-09-22,0.27021,430.7543713025466
1726,2023-09-23,0.29751,474.27457535332013
1727,2023-09-24,0.31851,507.7516553923768
1728,2023-09-25,0.26601,424.0589552947353
1729,2023-09-26,0.27231,434.10207930645225
1730,2023-09-27,0.23311,371.6115299002133
1731,2023-09-28,0.24921,397.27729126349
1732,2023-09-29,0.27161,432.98617663848376
1733,2023-09-30,0.28631,456.4201326658233
1734,2023-10-01,0.32691,521.1424874079993
1735,2023-10-02,0.39621,631.6168515368861
1736,2023-10-03,0.33251,530.0697087517477
1737,2023-10-04,0.32831,523.3742927439365
1738,2023-10-05,0.30661,488.78131003691135
1739,2023-10-06,0.31501,502.172142052534
1740,2023-10-07,0.50962,812.4090252144769
1741,2023-10-08,0.35071,559.0831781189302
1742,2023-10-09,0.32971,525.6060980798736
1743,2023-10-10,0.33461,533.4174167556534
1744,2023-10-11,0.33181,528.9538060837792
1745,2023-10-12,0.29891,476.5063806892573
1746,2023-10-13,0.27721,441.91339798223214
1747,2023-10-14,0.28701,457.53603533379186
1748,2023-10-15,0.31571,503.2880447205025
1749,2023-10-16,0.31711,505.5198500564396
1750,2023-10-17,0.32411,516.6788767361252
1751,2023-10-18,0.27931,445.2611059861378
1752,2023-10-19,0.30381,484.3176993650372
1753,2023-10-20,0.32831,523.3742927439365
1754,2023-10-21,0.27441,437.4497873103579
1755,2023-10-22,0.30521,486.5495047009742
1756,2023-10-23,0.27511,438.56568997832653
1757,2023-10-24,0.30941,493.24492070878557
1758,2023-10-25,0.26601,424.0589552947353
1759,2023-10-26,0.28561,455.30422999785475
1760,2023-10-27,0.28071,447.4929113220749
1761,2023-10-28,0.28561,455.30422999785475
1762,2023-10-29,0.32691,521.1424874079993
1763,2023-10-30,0.32971,525.6060980798736
1764,2023-10-31,0.26321,419.5953446228611
1765,2023-11-01,0.29191,465.34735400957175
1766,2023-11-02,0.27721,441.91339798223214
1767,2023-11-03,0.29191,465.34735400957175
1768,2023-11-04,0.33811,538.9969300954963
1769,2023-11-05,0.36541,582.5171341462698
1770,2023-11-06,0.30311,483.2017966970686
1771,2023-11-07,0.29471,469.81096468144597
1772,2023-11-08,0.29891,476.5063806892573
1773,2023-11-09,0.34651,552.3877621111188
1774,2023-11-10,0.30591,487.6654073689428
1775,2023-11-11,0.28001,446.3770086541063
1776,2023-11-12,0.30591,487.6654073689428
1777,2023-11-13,0.32411,516.6788767361252
1778,2023-11-14,0.29891,476.5063806892573
1779,2023-11-15,0.32481,517.7947794040937
1780,2023-11-16,0.30241,482.0858940291001
1781,2023-11-17,0.32551,518.9106820720623
1782,2023-11-18,0.29401,468.6950620134774
1783,2023-11-19,0.38711,617.1101168532949
1784,2023-11-20,0.34301,546.808248771276
1785,2023-11-21,0.30871,492.12901804081696
1786,2023-11-22,0.37031,590.3284528220496
1787,2023-11-23,0.34161,544.576443435339
1788,2023-11-24,0.35071,559.0831781189302
1789,2023-11-25,0.32271,514.4470714001881
1790,2023-11-26,0.37241,593.6761608259553
1791,2023-11-27,0.35561,566.89449679471
1792,2023-11-28,0.36261,578.0535234743955
1793,2023-11-29,0.32761,522.2583900759679
1794,2023-11-30,0.29821,475.3904780212887
1795,2023-12-01,0.29191,465.34735400957175
1796,2023-12-02,0.32831,523.3742927439365
1797,2023-12-03,0.72593,1157.238891083445
1798,2023-12-04,0.70073,1117.066395036577
1799,2023-12-05,0.49912,795.6704851949486
1800,2023-12-06,0.48652,775.5842371715147
1801,2023-12-07,0.43402,691.8915370738732
1802,2023-12-08,0.46342,738.7594491285524
1803,2023-12-09,0.56142,894.9858226441498
1804,2023-12-10,0.63983,1019.982862923313
1805,2023-12-11,0.49352,786.7432638512003
1806,2023-12-12,0.42002,669.5734837145021
1807,2023-12-13,0.41792,666.2257757105965
1808,2023-12-14,0.39341,627.1532408650119
1809,2023-12-15,0.35141,560.1990807868987
1810,2023-12-16,0.37451,597.0238688298609
1811,2023-12-17,0.45992,733.1799357887096
1812,2023-12-18,0.39551,630.5009488689175
1813,2023-12-19,0.37451,597.0238688298609
1814,2023-12-20,0.35211,561.3149834548673
1815,2023-12-21,0.34161,544.576443435339
1816,2023-12-22,0.33111,527.8379034158107
1817,2023-12-23,0.38151,608.1828955095465
1818,2023-12-24,0.42562,678.5007050582506
1819,2023-12-25,0.42072,670.6893863824706
1820,2023-12-26,0.34161,544.576443435339
1821,2023-12-27,0.35071,559.0831781189302
1822,2023-12-28,0.30661,488.78131003691135
1823,2023-12-29,0.34161,544.576443435339
1824,2023-12-30,0.34581,551.2718594431503
1825,2023-12-31,0.33741,537.8810274275277
1826,2024-01-01,0.32201,513.3311687322196
1827,2024-01-02,0.37591,599.255674165798
1828,2024-01-03,0.34091,543.4605407673704
1829,2024-01-04,0.31431,501.0562393845654
1830,2024-01-05,0.32271,514.4470714001881
1831,2024-01-06,0.34721,553.5036647790874
1832,2024-01-07,0.36121,575.8217181384584
1833,2024-01-08,0.31011,494.3608233767541
1834,2024-01-09,0.30381,484.3176993650372
1835,2024-01-10,0.28771,458.65193800176047
1836,2024-01-11,0.31081,495.4767260447226
1837,2024-01-12,0.32831,523.3742927439365
1838,2024-01-13,0.36051,574.7058154704899
1839,2024-01-14,0.38641,615.9942141853263
1840,2024-01-15,0.29611,472.042770017383
1841,2024-01-16,0.29401,468.6950620134774
1842,2024-01-17,0.30171,480.96999136113146
1843,2024-01-18,0.34441,549.0400541072132
1844,2024-01-19,0.31571,503.2880447205025
1845,2024-01-20,0.37311,594.7920634939238
1846,2024-01-21,0.35071,559.0831781189302
1847,2024-01-22,0.32481,517.7947794040937
1848,2024-01-23,0.28981,461.9996460056661
1849,2024-01-24,0.30031,478.7381860251944
1850,2024-01-25,0.25481,406.2045126072384
1851,2024-01-26,0.27861,444.14520331816925
1852,2024-01-27,0.32201,513.3311687322196
1853,2024-01-28,0.34161,544.576443435339
1854,2024-01-29,0.28841,459.76784066972897
1855,2024-01-30,0.25901,412.8999286150498
1856,2024-01-31,0.28141,448.6088139900434
1857,2024-02-01,0.28141,448.6088139900434
1858,2024-02-02,0.28421,453.0724246619177
1859,2024-02-03,0.32411,516.6788767361252
1860,2024-02-04,0.33741,537.8810274275277
1861,2024-02-05,0.29261,466.46325667754024
1862,2024-02-06,0.29261,466.46325667754024
1863,2024-02-07,0.27581,439.68159264629503
1864,2024-02-08,0.26251,418.47944195489254
1865,2024-02-09,0.29051,463.11554867363463
1866,2024-02-10,0.30311,483.2017966970686
1867,2024-02-11,0.35771,570.2422047986156
1868,2024-02-12,0.38851,619.341922189232
1869,2024-02-13,0.31991,509.9834607283139
1870,2024-02-14,0.32271,514.4470714001881
1871,2024-02-15,0.30451,485.4336020330057
1872,2024-02-16,0.28841,459.76784066972897
1873,2024-02-17,0.32131,512.215266064251
1874,2024-02-18,0.33041,526.7220007478421
1875,2024-02-19,0.34441,549.0400541072132
1876,2024-02-20,0.28211,449.724716658012
1877,2024-02-21,0.28071,447.4929113220749
1878,2024-02-22,0.27721,441.91339798223214
1879,2024-02-23,0.24361,388.3500699197416
1880,2024-02-24,0.28981,461.9996460056661
1881,2024-02-25,0.29541,470.9268673494145
1882,2024-02-26,0.26251,418.47944195489254
1883,2024-02-27,0.25761,410.66812327911265
1884,2024-02-28,0.25061,399.50909659942715
1885,2024-02-29,0.22611,360.4525032205278
1886,2024-03-01,0.26671,425.17485796270387
1887,2024-03-02,0.28631,456.4201326658233
1888,2024-03-03,0.33531,534.533319423622
1889,2024-03-04,0.25341,403.9727072713014
1890,2024-03-05,0.27021,430.7543713025466
1891,2024-03-06,0.24571,391.69777792364727
1892,2024-03-07,0.25761,410.66812327911265
1893,2024-03-08,0.24431,389.46597258771016
1894,2024-03-09,0.29331,467.57915934550886
1895,2024-03-10,0.35001,557.9672754509616
1896,2024-03-11,0.27581,439.68159264629503
1897,2024-03-12,0.29611,472.042770017383
1898,2024-03-13,0.25691,409.55222061114415
1899,2024-03-14,0.26321,419.5953446228611
1900,2024-03-15,0.28141,448.6088139900434
1901,2024-03-16,0.31011,494.3608233767541
1902,2024-03-17,0.35211,561.3149834548673
1903,2024-03-18,0.27091,431.87027397051514
1904,2024-03-19,0.26811,427.406663298641
1905,2024-03-20,0.22821,363.80021122443344
1906,2024-03-21,0.25481,406.2045126072384
1907,2024-03-22,0.28001,446.3770086541063
1908,2024-03-23,0.29821,475.3904780212887
1909,2024-03-24,0.34721,553.5036647790874
1910,2024-03-25,0.31011,494.3608233767541
1911,2024-03-26,0.29611,472.042770017383
1912,2024-03-27,0.26881,428.5225659666095
1913,2024-03-28,0.27301,435.21798197442075
1914,2024-03-29,0.27581,439.68159264629503
1915,2024-03-30,0.29331,467.57915934550886
1916,2024-03-31,0.29821,475.3904780212887
1917,2024-04-01,0.27861,444.14520331816925
1918,2024-04-02,0.28281,450.8406193259806
1919,2024-04-03,0.34791,554.6195674470559
1920,2024-04-04,0.27931,445.2611059861378
1921,2024-04-05,0.27301,435.21798197442075
1922,2024-04-06,0.32061,511.0993633962824
1923,2024-04-07,0.35841,571.3581074665842
1924,2024-04-08,0.29891,476.5063806892573
1925,2024-04-09,0.29191,465.34735400957175
1926,2024-04-10,0.28841,459.76784066972897
1927,2024-04-11,0.27931,445.2611059861378
1928,2024-04-12,0.30171,480.96999136113146
1929,2024-04-13,0.35421,564.662691458773
1930,2024-04-14,0.39131,623.8055328611063
1931,2024-04-15,0.32411,516.6788767361252
1932,2024-04-16,0.29681,473.15867268535163
1933,2024-04-17,0.35771,570.2422047986156
1934,2024-04-18,0.28071,447.4929113220749
1935,2024-04-19,0.32131,512.215266064251
1936,2024-04-20,0.33811,538.9969300954963
1937,2024-04-21,0.34511,550.1559567751817
1938,2024-04-22,0.30381,484.3176993650372
1939,2024-04-23,0.32901,524.4901954119051
1940,2024-04-24,0.32201,513.3311687322196
1941,2024-04-25,0.29891,476.5063806892573
1942,2024-04-26,0.28701,457.53603533379186
1943,2024-04-27,0.30521,486.5495047009742
1944,2024-04-28,0.36891,588.0966474861126
1945,2024-04-29,0.33391,532.3015140876848
1946,2024-04-30,0.30451,485.4336020330057
1947,2024-05-01,0.31571,503.2880447205025
1948,2024-05-02,0.28911,460.88374333769747
1949,2024-05-03,0.25061,399.50909659942715
1950,2024-05-04,0.31081,495.4767260447226
1951,2024-05-05,0.33671,536.7651247595592
1952,2024-05-06,0.33671,536.7651247595592
1953,2024-05-07,0.28211,449.724716658012
1954,2024-05-08,0.30241,482.0858940291001
1955,2024-05-09,0.26601,424.0589552947353
1956,2024-05-10,0.23871,380.53875124396177
1957,2024-05-11,0.30941,493.24492070878557
1958,2024-05-12,0.31501,502.172142052534
1959,2024-05-13,0.28071,447.4929113220749
1960,2024-05-14,0.28421,453.0724246619177
1961,2024-05-15,0.31431,501.0562393845654
1962,2024-05-16,0.27371,436.33388464238936
1963,2024-05-17,0.27511,438.56568997832653
1964,2024-05-18,0.34161,544.576443435339
1965,2024-05-19,0.30241,482.0858940291001
1966,2024-05-20,0.31011,494.3608233767541
1967,2024-05-21,0.28841,459.76784066972897
1968,2024-05-22,0.27651,440.79749531426353
1969,2024-05-23,0.29191,465.34735400957175
1970,2024-05-24,0.30731,489.89721270487996
1971,2024-05-25,0.27861,444.14520331816925
1972,2024-05-26,0.32831,523.3742927439365
1973,2024-05-27,0.26111,416.2476366189554
1974,2024-05-28,0.30801,491.01311537284846
1975,2024-05-29,0.30451,485.4336020330057
1976,2024-05-30,0.28211,449.724716658012
1977,2024-05-31,0.28561,455.30422999785475
1978,2024-06-01,0.32971,525.6060980798736
1979,2024-06-02,0.34371,547.9241514392446
1980,2024-06-03,0.31081,495.4767260447226
1981,2024-06-04,0.30381,484.3176993650372
1982,2024-06-05,0.26531,422.9430526267667
1983,2024-06-06,0.30661,488.78131003691135
1984,2024-06-07,0.30731,489.89721270487996
1985,2024-06-08,0.28351,451.9565219939491
1986,2024-06-09,0.31921,508.8675580603453
1987,2024-06-10,0.28631,456.4201326658233
1988,2024-06-11,0.25341,403.9727072713014
1989,2024-06-12,0.27091,431.87027397051514
1990,2024-06-13,0.26951,429.6384686345781
1991,2024-06-14,0.25201,401.74090193536426
1992,2024-06-15,0.31221,497.70853138065974
1993,2024-06-16,0.39131,623.8055328611063
1994,2024-06-17,0.31291,498.82443404862835
1995,2024-06-18,0.26461,421.8271499587982
1996,2024-06-19,0.26181,417.3635392869239
1997,2024-06-20,0.23871,380.53875124396177
1998,2024-06-21,0.23451,373.84333523615044
1999,2024-06-22,0.27301,435.21798197442075
2000,2024-06-23,0.31501,502.172142052534
2001,2024-06-24,0.25341,403.9727072713014
2002,2024-06-25,0.26951,429.6384686345781
2003,2024-06-26,0.26391,420.7112472908296
2004,2024-06-27,0.26811,427.406663298641
2005,2024-06-28,0.23241,370.4956272322448
2006,2024-06-29,0.27581,439.68159264629503
2007,2024-06-30,0.30171,480.96999136113146
2008,2024-07-01,0.24641,392.8136805916158
2009,2024-07-02,0.23031,367.1479192283391
2010,2024-07-03,0.27301,435.21798197442075
2011,2024-07-04,0.26811,427.406663298641
2012,2024-07-05,0.27231,434.10207930645225
2013,2024-07-06,0.27791,443.0293006502007
2014,2024-07-07,0.28071,447.4929113220749
2015,2024-07-08,0.25691,409.55222061114415
2016,2024-07-09,0.25831,411.7840259470812
2017,2024-07-10,0.24711,393.9295832595844
2018,2024-07-11,0.26671,425.17485796270387
2019,2024-07-12,0.23871,380.53875124396177
2020,2024-07-13,0.27651,440.79749531426353
2021,2024-07-14,0.31571,503.2880447205025
2022,2024-07-15,0.25481,406.2045126072384
2023,2024-07-16,0.50402,803.4818038707285
2024,2024-07-17,0.31641,504.4039473884711
2025,2024-07-18,0.22961,366.03201656037055
2026,2024-07-19,0.28771,458.65193800176047
2027,2024-07-20,0.33041,526.7220007478421
2028,2024-07-21,0.28911,460.88374333769747
2029,2024-07-22,0.25201,401.74090193536426
2030,2024-07-23,0.27021,430.7543713025466
2031,2024-07-24,0.24711,393.9295832595844
2032,2024-07-25,0.21491,342.59806053303095
2033,2024-07-26,0.24151,385.00236191583593
2034,2024-07-27,0.23801,379.42284857599316
2035,2024-07-28,0.24921,397.27729126349
2036,2024-07-29,0.22191,353.75708721271644
2037,2024-07-30,0.24361,388.3500699197416
2038,2024-07-31,0.23171,369.3797245642762
2039,2024-08-01,0.23521,374.959237904119
2040,2024-08-02,0.23381,372.7274325681818
2041,2024-08-03,0.25971,414.0158312830183
2042,2024-08-04,0.27931,445.2611059861378
2043,2024-08-05,0.23661,377.19104324005605
2044,2024-08-06,0.22681,361.56840588849633
2045,2024-08-07,0.22681,361.56840588849633
2046,2024-08-08,0.22331,355.9888925486536
2047,2024-08-09,0.27161,432.98617663848376
2048,2024-08-10,0.24151,385.00236191583593
2049,2024-08-11,0.25971,414.0158312830183
2050,2024-08-12,0.22751,362.6843085564649
2051,2024-08-13,0.26251,418.47944195489254
2052,2024-08-14,0.23591,376.07514057208755
2053,2024-08-15,0.23941,381.6546539119303
2054,2024-08-16,0.23031,367.1479192283391
2055,2024-08-17,0.28911,460.88374333769747
2056,2024-08-18,0.29051,463.11554867363463
2057,2024-08-19,0.23031,367.1479192283391
2058,2024-08-20,0.26251,418.47944195489254
2059,2024-08-21,0.22681,361.56840588849633
2060,2024-08-22,0.24151,385.00236191583593
2061,2024-08-23,0.23171,369.3797245642762
2062,2024-08-24,0.21351,340.36625519709384
2063,2024-08-25,0.28281,450.8406193259806
2064,2024-08-26,0.21981,350.40937920881083
2065,2024-08-27,0.22541,359.3366005525592
2066,2024-08-28,0.1967,313.5686496991633
2067,2024-08-29,0.21631,344.82986586896806
2068,2024-08-30,0.22261,354.872989880685
2069,2024-08-31,0.22401,357.1047952166221
2070,2024-09-01,0.24711,393.9295832595844
2071,2024-09-02,0.22891,364.916113892402
2072,2024-09-03,0.22541,359.3366005525592
2073,2024-09-04,0.24361,388.3500699197416
2074,2024-09-05,0.22611,360.4525032205278
2075,2024-09-06,0.21141,337.01854719318817
2076,2024-09-07,0.20861,332.55493652131395
2077,2024-09-08,0.27231,434.10207930645225
2078,2024-09-09,0.21421,341.4821578650624
2079,2024-09-10,0.22121,352.6411845447479
2080,2024-09-11,0.22541,359.3366005525592
2081,2024-09-12,0.20161,321.39590984162845
2082,2024-09-13,0.24081,383.8864592478674
2083,2024-09-14,0.26671,425.17485796270387
2084,2024-09-15,0.25551,407.32041527520704
2085,2024-09-16,0.23451,373.84333523615044
2086,2024-09-17,0.23311,371.6115299002133
2087,2024-09-18,0.27021,430.7543713025466
2088,2024-09-19,0.26461,421.8271499587982
2089,2024-09-20,0.21771,347.0616712049051
2090,2024-09-21,0.26391,420.7112472908296
2091,2024-09-22,0.29611,472.042770017383
2092,2024-09-23,0.23101,368.26382189630766
2093,2024-09-24,0.22891,364.916113892402
2094,2024-09-25,0.24641,392.8136805916158
2095,2024-09-26,0.22331,355.9888925486536
2096,2024-09-27,0.21421,341.4821578650624
2097,2024-09-28,0.24991,398.39319393145854
2098,2024-09-29,0.30031,478.7381860251944
2099,2024-09-30,0.25411,405.0886099392699
