,date,폴로 랄프 로렌,폴로 랄프 로렌_absolute
0,2019-01-01,4.20777,3627.315668515731
1,2019-01-02,4.45002,3836.147715109993
2,2019-01-03,4.00716,3454.3794585373003
3,2019-01-04,3.89739,3359.7520333374987
4,2019-01-05,3.98445,3434.802262342643
5,2019-01-06,4.82727,4161.356753614369
6,2019-01-07,4.42352,3813.303342623933
7,2019-01-08,3.93903,3395.647869953329
8,2019-01-09,3.77753,3256.426505557155
9,2019-01-10,4.23931,3654.5047820331015
10,2019-01-11,3.7952,3271.658960720501
11,2019-01-12,4.11693,3549.0068837371027
12,2019-01-13,5.28148,4552.90929802543
13,2019-01-14,4.77175,4113.495638126595
14,2019-01-15,4.66577,4022.1353892181946
15,2019-01-16,4.52698,3902.4912210166776
16,2019-01-17,3.96048,3414.138880890159
17,2019-01-18,3.9138,3373.898303243017
18,2019-01-19,4.27969,3689.3144333911055
19,2019-01-20,5.39125,4647.536723225233
20,2019-01-21,5.12251,4415.868924662831
21,2019-01-22,4.56736,3937.3008723746807
22,2019-01-23,4.39955,3792.639961171448
23,2019-01-24,4.27464,3684.9610718418744
24,2019-01-25,4.10557,3539.2139753808146
25,2019-01-26,4.4538,3839.4062708834763
26,2019-01-27,5.26382,4537.685463380003
27,2019-01-28,4.77301,4114.581823384422
28,2019-01-29,4.52698,3902.4912210166776
29,2019-01-30,4.05258,3493.533850926615
30,2019-01-31,4.13207,3562.058347866874
31,2019-02-01,4.03618,3479.3962015390157
32,2019-02-02,4.55853,3929.6889550519672
33,2019-02-03,5.0405,4345.172057206915
34,2019-02-04,5.29031,4560.521215348143
35,2019-02-05,5.27265,4545.2973807027165
36,2019-02-06,6.0978,5256.619416811096
37,2019-02-07,5.78995,4991.236772666438
38,2019-02-08,4.94461,4262.509910879057
39,2019-02-09,5.57672,4807.421469073892
40,2019-02-10,6.41449,5529.622598796386
41,2019-02-11,5.51616,4755.215612554806
42,2019-02-12,5.07582,4375.619726497769
43,2019-02-13,5.1061,4401.722654757312
44,2019-02-14,4.48535,3866.604004918766
45,2019-02-15,4.23427,3650.160041001791
46,2019-02-16,4.87017,4198.338775488028
47,2019-02-17,5.55149,4785.671902363579
48,2019-02-18,5.11241,4407.16220156437
49,2019-02-19,4.97363,4287.526653880772
50,2019-02-20,4.3781,3774.148950234619
51,2019-02-21,4.41595,3806.777610559047
52,2019-02-22,4.59385,3960.1366243428206
53,2019-02-23,4.94587,4263.596096136885
54,2019-02-24,6.25173,5389.315049142385
55,2019-02-25,5.57167,4803.068107524661
56,2019-02-26,4.94965,4266.854651910368
57,2019-02-27,5.24363,4520.280637701001
58,2019-02-28,5.284,4555.0816685410855
59,2019-03-01,6.44603,5556.811712313757
60,2019-03-02,6.60248,5691.679715160702
61,2019-03-03,6.97469,6012.544012633767
62,2019-03-04,5.74453,4952.082380277124
63,2019-03-05,4.96858,4283.173292331542
64,2019-03-06,5.17424,4460.462863859203
65,2019-03-07,5.22344,4502.875812022
66,2019-03-08,4.98498,4297.310941719141
67,2019-03-09,5.88457,5072.80411321855
68,2019-03-10,6.82202,5880.9345655603065
69,2019-03-11,5.67766,4894.43697695098
70,2019-03-12,5.70163,4915.100358403465
71,2019-03-13,5.68649,4902.048894273694
72,2019-03-14,6.32239,5450.227628759931
73,2019-03-15,5.87574,5065.192195895836
74,2019-03-16,6.43341,5545.932618699641
75,2019-03-17,7.69386,6632.505799833746
76,2019-03-18,6.43341,5545.932618699641
77,2019-03-19,6.30977,5439.348535145815
78,2019-03-20,5.83032,5026.037803506522
79,2019-03-21,6.36402,5486.114844857842
80,2019-03-22,4.92442,4245.105085200055
81,2019-03-23,5.24237,4519.194452443174
82,2019-03-24,6.22271,5364.298306140669
83,2019-03-25,5.68649,4902.048894273694
84,2019-03-26,5.11998,4413.687933629256
85,2019-03-27,4.76544,4108.056091319537
86,2019-03-28,4.82222,4157.0033920651385
87,2019-03-29,4.51815,3894.879303693964
88,2019-03-30,4.94082,4259.242734587655
89,2019-03-31,6.0978,5256.619416811096
90,2019-04-01,5.78238,4984.711040601552
91,2019-04-02,5.31302,4580.0984115428
92,2019-04-03,5.51363,4753.034621521231
93,2019-04-04,5.67261,4890.08361540175
94,2019-04-05,5.35466,4615.994248158631
95,2019-04-06,5.8177,5015.1587098924065
96,2019-04-07,7.39988,6379.0798140431125
97,2019-04-08,6.54192,5639.473858641616
98,2019-04-09,6.06121,5225.076941744495
99,2019-04-10,5.65116,4871.59260446492
100,2019-04-11,5.2348,4512.668720378288
101,2019-04-12,5.28148,4552.90929802543
102,2019-04-13,5.99434,5167.431538418352
103,2019-04-14,7.26614,6263.789007390826
104,2019-04-15,6.49524,5599.233280994474
105,2019-04-16,6.44856,5558.992703347331
106,2019-04-17,6.68954,5766.729944165847
107,2019-04-18,6.43846,5550.285980248872
108,2019-04-19,5.95649,5134.802878093923
109,2019-04-20,6.65547,5737.359839614902
110,2019-04-21,7.80993,6732.564151322687
111,2019-04-22,7.74685,6678.185924287946
112,2019-04-23,6.94062,5983.173908082822
113,2019-04-24,6.03219,5200.06019874278
114,2019-04-25,6.01327,5183.750178839526
115,2019-04-26,5.45686,4704.095941293548
116,2019-04-27,5.98803,5161.991991611294
117,2019-04-28,7.0895,6111.51617886488
118,2019-04-29,7.02011,6051.698405023081
119,2019-04-30,6.04103,5207.680736583413
120,2019-05-01,6.95702,5997.311557470421
121,2019-05-02,6.29337,5425.210885758216
122,2019-05-03,5.97416,5150.0353332572695
123,2019-05-04,6.23659,5376.263585012613
124,2019-05-05,7.1488,6162.6358501261375
125,2019-05-06,8.46476,7297.061526230098
126,2019-05-07,7.27876,6274.6681010049415
127,2019-05-08,6.6315,5716.696458162416
128,2019-05-09,6.41575,5530.708784054214
129,2019-05-10,6.52678,5626.422394511844
130,2019-05-11,6.92296,5967.950073437394
131,2019-05-12,8.50135,7328.6040012967
132,2019-05-13,8.0118,6906.586546558945
133,2019-05-14,7.23964,6240.944634904766
134,2019-05-15,7.22829,6231.160347066398
135,2019-05-16,6.68828,5765.643758908019
136,2019-05-17,6.21009,5353.419212526554
137,2019-05-18,6.74253,5812.410068620046
138,2019-05-19,7.63708,6583.558499088144
139,2019-05-20,7.45666,6428.027114788715
140,2019-05-21,6.68828,5765.643758908019
141,2019-05-22,6.84725,5902.684132270619
142,2019-05-23,6.24794,5386.0478728509825
143,2019-05-24,6.07509,5237.042220616439
144,2019-05-25,6.14575,5297.954800233984
145,2019-05-26,7.43394,6408.441298076139
146,2019-05-27,6.90782,5954.898609307624
147,2019-05-28,6.46748,5575.3027232505865
148,2019-05-29,6.42963,5542.6740629261585
149,2019-05-30,5.84546,5039.089267636294
150,2019-05-31,5.58681,4816.119571654433
151,2019-06-01,5.9464,5126.104775513382
152,2019-06-02,7.10086,6121.309087221168
153,2019-06-03,7.22955,6232.246532324225
154,2019-06-04,6.54192,5639.473858641616
155,2019-06-05,5.94387,5123.923784479808
156,2019-06-06,6.54066,5638.387673383788
157,2019-06-07,6.04355,5209.853107099068
158,2019-06-08,5.9199,5103.260403027322
159,2019-06-09,6.89394,5942.93333043568
160,2019-06-10,6.5558,5651.439137513559
161,2019-06-11,5.85808,5049.9683612504095
162,2019-06-12,6.15458,5305.566717556699
163,2019-06-13,5.97668,5152.207703772925
164,2019-06-14,5.22723,4506.142988313402
165,2019-06-15,5.73822,4946.642833470066
166,2019-06-16,6.64286,5726.489366518705
167,2019-06-17,6.66052,5741.7132011641315
168,2019-06-18,6.72487,5797.186233974619
169,2019-06-19,5.7685,4972.745761729609
170,2019-06-20,5.9893,5163.086797387041
171,2019-06-21,6.2328,5372.996408721211
172,2019-06-22,6.33626,5462.184287113955
173,2019-06-23,7.32418,6313.822493394256
174,2019-06-24,7.12735,6144.144839189308
175,2019-06-25,6.53561,5634.034311834558
176,2019-06-26,6.47884,5585.095631606875
177,2019-06-27,5.63602,4858.541140335149
178,2019-06-28,5.47957,4723.673137488205
179,2019-06-29,6.00317,5175.043455741065
180,2019-06-30,7.50712,6471.52624820934
181,2019-07-01,7.24721,6247.470366969652
182,2019-07-02,6.98604,6022.328300472136
183,2019-07-03,6.42458,5538.320701376928
184,2019-07-04,6.2164,5358.8587593336115
185,2019-07-05,6.65547,5737.359839614902
186,2019-07-06,6.66431,5744.980377455534
187,2019-07-07,7.42133,6397.570824979943
188,2019-07-08,7.03903,6068.0084249263355
189,2019-07-09,6.97342,6011.449206858019
190,2019-07-10,6.76146,5828.72870904122
191,2019-07-11,6.11799,5274.024242490097
192,2019-07-12,5.55275,4786.758087621406
193,2019-07-13,5.67009,4887.911244886094
194,2019-07-14,7.00497,6038.64694089331
195,2019-07-15,6.56716,5661.232045869848
196,2019-07-16,6.39683,5514.398764150959
197,2019-07-17,5.97163,5147.854342223694
198,2019-07-18,5.93883,5119.579043448497
199,2019-07-19,5.63854,4860.713510850805
200,2019-07-20,6.33248,5458.925731340472
201,2019-07-21,6.92169,5966.855267661647
202,2019-07-22,6.57851,5671.016333708217
203,2019-07-23,6.04733,5213.111662872551
204,2019-07-24,5.99182,5165.259167902696
205,2019-07-25,5.89341,5080.424651059183
206,2019-07-26,5.33321,4597.503237221802
207,2019-07-27,5.83915,5033.649720829236
208,2019-07-28,7.18917,6197.436880966222
209,2019-07-29,6.84599,5901.59794701279
210,2019-07-30,6.37159,5492.6405769227285
211,2019-07-31,6.71225,5786.307140360504
212,2019-08-01,6.28075,5414.3317921441
213,2019-08-02,5.8013,5001.021060504807
214,2019-08-03,5.94261,5122.83759922198
215,2019-08-04,6.85482,5909.209864335504
216,2019-08-05,6.73875,5809.151512846563
217,2019-08-06,6.60501,5693.860706194277
218,2019-08-07,6.90277,5950.545247758393
219,2019-08-08,7.04156,6070.18941595991
220,2019-08-09,6.12177,5277.282798263581
221,2019-08-10,6.14449,5296.868614976157
222,2019-08-11,7.27876,6274.6681010049415
223,2019-08-12,7.2346,6236.599893873456
224,2019-08-13,6.96964,6008.1906510845365
225,2019-08-14,6.14196,5294.687623942583
226,2019-08-15,6.83464,5891.813659174422
227,2019-08-16,6.42963,5542.6740629261585
228,2019-08-17,7.05543,6082.146074313935
229,2019-08-18,7.82381,6744.529430194631
230,2019-08-19,8.437,7273.130968486211
231,2019-08-20,8.3083,7162.184902865234
232,2019-08-21,7.49451,6460.655775113144
233,2019-08-22,7.34815,6334.485874846741
234,2019-08-23,6.86239,5915.73559640039
235,2019-08-24,7.30651,6298.59003823091
236,2019-08-25,8.89373,7666.855883412927
237,2019-08-26,9.14355,7882.213662072074
238,2019-08-27,9.25458,7977.927272529705
239,2019-08-28,8.90509,7676.648791769215
240,2019-08-29,8.74359,7537.427427373041
241,2019-08-30,8.29443,7150.2282445112105
242,2019-08-31,8.84074,7621.175758958728
243,2019-09-01,10.30432,8882.857520586918
244,2019-09-02,10.08857,8696.869846478718
245,2019-09-03,10.1466,8746.894711964227
246,2019-09-04,9.23818,7963.7896231421055
247,2019-09-05,9.16879,7903.9718493003065
248,2019-09-06,8.48873,7317.724907682584
249,2019-09-07,9.46655,8160.656390864423
250,2019-09-08,10.7333,9252.660498287667
251,2019-09-09,9.79964,8447.797222237314
252,2019-09-10,8.83065,7612.477656378187
253,2019-09-11,7.6661,6608.575242089859
254,2019-09-12,7.91213,6820.665844457604
255,2019-09-13,7.72414,6658.60872809329
256,2019-09-14,10.19581,8789.316280644944
257,2019-09-15,11.4512,9871.5274797119
258,2019-09-16,10.65886,9188.489362896638
259,2019-09-17,9.38327,8088.864717632761
260,2019-09-18,9.72772,8385.79845736194
261,2019-09-19,9.4022,8105.183358053936
262,2019-09-20,9.07542,7823.482073488103
263,2019-09-21,10.00151,8621.819617473571
264,2019-09-22,12.4694,10749.268614251743
265,2019-09-23,11.08153,9552.852793790329
266,2019-09-24,10.53521,9081.896658824891
267,2019-09-25,9.20033,7931.160962817677
268,2019-09-26,8.41681,7255.726142807209
269,2019-09-27,8.58462,7400.387054010441
270,2019-09-28,8.68934,7490.661117661013
271,2019-09-29,10.78376,9296.159631708291
272,2019-09-30,9.28486,8004.030200789248
273,2019-10-01,8.94168,7708.191266835816
274,2019-10-02,8.57326,7390.594145654153
275,2019-10-03,9.7416,8397.763736233883
276,2019-10-04,9.39715,8100.829996504705
277,2019-10-05,10.31693,8893.727993683115
278,2019-10-06,11.93444,10288.105387642596
279,2019-10-07,10.65507,9185.222186605235
280,2019-10-08,8.81551,7599.426192248415
281,2019-10-09,10.04441,8658.80163934723
282,2019-10-10,8.83443,7615.736212151669
283,2019-10-11,8.23639,7100.1947585077805
284,2019-10-12,8.76756,7558.0908088255255
285,2019-10-13,9.80721,8454.322954302199
286,2019-10-14,8.79027,7577.668005020183
287,2019-10-15,8.77387,7563.530355632584
288,2019-10-16,8.52532,7349.267382749184
289,2019-10-17,8.76883,7559.185614601272
290,2019-10-18,8.27802,7136.081974605692
291,2019-10-19,8.17961,7051.247457762178
292,2019-10-20,9.50566,8194.371236446681
293,2019-10-21,8.80289,7588.547098634299
294,2019-10-22,8.0055,6901.155620269807
295,2019-10-23,7.55633,6513.947816890057
296,2019-10-24,7.19674,6203.962613031108
297,2019-10-25,6.83968,5896.158400205733
298,2019-10-26,7.5803,6534.611198342542
299,2019-10-27,9.71636,8376.005549005651
300,2019-10-28,8.82686,7609.210480086784
301,2019-10-29,8.03704,6928.344733787177
302,2019-10-30,8.13167,7009.920694857208
303,2019-10-31,7.0731,6097.378529477281
304,2019-11-01,7.26992,6267.0475631643085
305,2019-11-02,7.62699,6574.860396507603
306,2019-11-03,9.11832,7860.464095361763
307,2019-11-04,7.94115,6845.68258745932
308,2019-11-05,7.52731,6488.931073888341
309,2019-11-06,8.10012,6982.722960821919
310,2019-11-07,7.58535,6538.964559891772
311,2019-11-08,6.87375,5925.528504756679
312,2019-11-09,7.92096,6828.277761780318
313,2019-11-10,9.49557,8185.673133866139
314,2019-11-11,8.95051,7715.80318415853
315,2019-11-12,8.72088,7517.850231178383
316,2019-11-13,8.04587,6935.956651109892
317,2019-11-14,7.91213,6820.665844457604
318,2019-11-15,7.23712,6238.772264389111
319,2019-11-16,7.53993,6499.810167502458
320,2019-11-17,9.37697,8083.433791343623
321,2019-11-18,8.60228,7415.610888655869
322,2019-11-19,8.17204,7044.721725697293
323,2019-11-20,7.37591,6358.416432590629
324,2019-11-21,6.86113,5914.649411142563
325,2019-11-22,6.3451,5469.804824954588
326,2019-11-23,7.25604,6255.082284292365
327,2019-11-24,10.44815,9006.846429819747
328,2019-11-25,9.21547,7944.212426947448
329,2019-11-26,9.68482,8348.816435488281
330,2019-11-27,10.55035,9094.948122954664
331,2019-11-28,12.22715,10540.436567657482
332,2019-11-29,14.64584,12625.472616272857
333,2019-11-30,13.5103,11646.578324468326
334,2019-12-01,11.98112,10328.345965289738
335,2019-12-02,9.84253,8484.770623593053
336,2019-12-03,9.01233,7769.0952259354435
337,2019-12-04,7.45161,6423.6737532394845
338,2019-12-05,7.57526,6530.266457311231
339,2019-12-06,6.82454,5883.106936075961
340,2019-12-07,7.15763,6170.247767448852
341,2019-12-08,8.83443,7615.736212151669
342,2019-12-09,8.61742,7428.662352785639
343,2019-12-10,7.99414,6891.362711913519
344,2019-12-11,7.3002,6293.150491423852
345,2019-12-12,7.20305,6209.402159838166
346,2019-12-13,6.5987,5688.421159387218
347,2019-12-14,7.11852,6136.532921866596
348,2019-12-15,8.31461,7167.624449672293
349,2019-12-16,7.55633,6513.947816890057
350,2019-12-17,7.07941,6102.818076284339
351,2019-12-18,7.0138,6046.258858216023
352,2019-12-19,6.90655,5953.803803531877
353,2019-12-20,7.18665,6195.264510450566
354,2019-12-21,7.40997,6387.777916623654
355,2019-12-22,9.22052,7948.5657884966795
356,2019-12-23,7.95503,6857.647866331263
357,2019-12-24,6.89015,5939.666154144277
358,2019-12-25,7.7847,6710.814584612374
359,2019-12-26,7.51974,6482.405341823456
360,2019-12-27,6.35771,5480.6752980507845
361,2019-12-28,6.96712,6006.018280568882
362,2019-12-29,7.78091,6707.547408320973
363,2019-12-30,7.39736,6376.907443527457
364,2019-12-31,6.15079,5302.299541265295
365,2020-01-01,6.87753,5928.787060530161
366,2020-01-02,6.70973,5784.134769844849
367,2020-01-03,6.27318,5407.806060079214
368,2020-01-04,6.91665,5962.510526630336
369,2020-01-05,7.70143,6639.031531898632
370,2020-01-06,6.84978,5904.865123304193
371,2020-01-07,6.69963,5775.428046746388
372,2020-01-08,6.29337,5425.210885758216
373,2020-01-09,5.84041,5034.735906087063
374,2020-01-10,5.34709,4609.468516093745
375,2020-01-11,6.43341,5545.932618699641
376,2020-01-12,7.48946,6456.302413563913
377,2020-01-13,6.78038,5845.038728944475
378,2020-01-14,6.07761,5239.214591132094
379,2020-01-15,6.2265,5367.565482432072
380,2020-01-16,5.86313,5054.321722799639
381,2020-01-17,5.55149,4785.671902363579
382,2020-01-18,6.34005,5465.451463405358
383,2020-01-19,7.72035,6655.341551801886
384,2020-01-20,6.79679,5859.1849988499935
385,2020-01-21,6.13691,5290.334262393352
386,2020-01-22,6.03976,5206.585930807666
387,2020-01-23,6.11168,5268.584695683039
388,2020-01-24,6.44099,5552.466971282446
389,2020-01-25,6.61384,5701.472623516989
390,2020-01-26,8.25784,7118.68576944461
391,2020-01-27,9.5208,8207.422700576451
392,2020-01-28,7.72161,6656.427737059715
393,2020-01-29,7.4024,6381.252184558768
394,2020-01-30,7.17656,6186.566407870026
395,2020-01-31,7.06048,6086.499435863165
396,2020-02-01,8.3348,7185.029275351294
397,2020-02-02,9.21673,7945.298612205276
398,2020-02-03,8.40419,7244.847049193093
399,2020-02-04,8.06606,6953.361476788893
400,2020-02-05,7.50965,6473.7072392429145
401,2020-02-06,7.65979,6603.135695282801
402,2020-02-07,7.10843,6127.834819286054
403,2020-02-08,8.91518,7685.346894349756
404,2020-02-09,10.10875,8714.2660516398
405,2020-02-10,9.37066,8077.994244536566
406,2020-02-11,9.29369,8011.64211811196
407,2020-02-12,9.14986,7887.653208879133
408,2020-02-13,10.80269,9312.478272129467
409,2020-02-14,8.57705,7393.861321945556
410,2020-02-15,8.60228,7415.610888655869
411,2020-02-16,9.27603,7996.418283466534
412,2020-02-17,8.62499,7435.188084850526
413,2020-02-18,7.99793,6894.629888204921
414,2020-02-19,8.06227,6950.09430049749
415,2020-02-20,8.16826,7041.463169923809
416,2020-02-21,7.66484,6607.489056832032
417,2020-02-22,9.24701,7971.401540464819
418,2020-02-23,10.09866,8705.56794905926
419,2020-02-24,8.842,7622.261944216556
420,2020-02-25,9.63183,8303.13631103408
421,2020-02-26,8.85084,7629.882482057188
422,2020-02-27,9.27477,7995.332098208706
423,2020-02-28,8.69186,7492.83348817667
424,2020-02-29,10.04315,8657.715454089403
425,2020-03-01,11.98743,10333.785512096794
426,2020-03-02,10.16175,8759.954796611917
427,2020-03-03,10.57685,9117.792495440723
428,2020-03-04,10.47339,9028.604617047979
429,2020-03-05,10.06586,8677.29265028406
430,2020-03-06,9.85894,8498.916893498572
431,2020-03-07,22.51507,19409.156438856804
432,2020-03-08,19.46049,16775.95027627311
433,2020-03-09,17.35092,14957.391677578138
434,2020-03-10,19.83774,17101.159314777487
435,2020-03-11,20.27303,17476.401839285292
436,2020-03-12,15.93529,13737.045299372838
437,2020-03-13,14.90827,12851.7008680282
438,2020-03-14,16.93961,14602.821155040736
439,2020-03-15,18.06757,15575.181094262463
440,2020-03-16,15.91637,13720.735279469583
441,2020-03-17,15.74856,13576.07436826635
442,2020-03-18,15.59337,13442.292550677235
443,2020-03-19,14.81616,12772.297277473825
444,2020-03-20,14.14115,12190.40369740533
445,2020-03-21,14.4692,12473.199787746911
446,2020-03-22,16.3239,14072.0472462335
447,2020-03-23,15.61735,13462.964552647638
448,2020-03-24,15.3322,13217.150484179718
449,2020-03-25,14.85402,12804.934558316172
450,2020-03-26,14.88808,12834.296042349199
451,2020-03-27,13.70965,11818.428349188927
452,2020-03-28,13.90522,11987.019818136047
453,2020-03-29,15.82427,13641.340309433128
454,2020-03-30,14.84392,12796.227835217713
455,2020-03-31,14.43387,12442.743497938138
456,2020-04-01,14.06671,12126.232562014302
457,2020-04-02,14.04905,12111.008727368875
458,2020-04-03,13.70334,11812.98880238187
459,2020-04-04,14.43513,12443.829683195965
460,2020-04-05,15.97315,13769.682580215185
461,2020-04-06,15.3158,13203.012834792118
462,2020-04-07,14.28499,12314.401227156079
463,2020-04-08,14.80986,12766.866351184686
464,2020-04-09,12.858,11084.26194059449
465,2020-04-10,12.46814,10748.182428993916
466,2020-04-11,13.80554,11901.090495516786
467,2020-04-12,15.61104,13457.52500584058
468,2020-04-13,14.65088,12629.817357304168
469,2020-04-14,13.64278,11760.782945862784
470,2020-04-15,14.03139,12095.784892723448
471,2020-04-16,13.87872,11964.175445649988
472,2020-04-17,13.65035,11767.30867792767
473,2020-04-18,14.19162,12233.911451343876
474,2020-04-19,16.19394,13960.014995354699
475,2020-04-20,15.09752,13014.844169650341
476,2020-04-21,14.61051,12595.016326464083
477,2020-04-22,14.11592,12168.654130695018
478,2020-04-23,13.38413,11537.813249880925
479,2020-04-24,13.08006,11275.689161509748
480,2020-04-25,13.79419,11891.306207678417
481,2020-04-26,15.73721,13566.290080427982
482,2020-04-27,15.25398,13149.720793015205
483,2020-04-28,14.41494,12426.424857516964
484,2020-04-29,14.09321,12149.076934500361
485,2020-04-30,13.69325,11804.29069980133
486,2020-05-01,14.61555,12599.361067495394
487,2020-05-02,14.62943,12611.326346367337
488,2020-05-03,16.66961,14370.067171220508
489,2020-05-04,16.26712,14023.099945487898
490,2020-05-05,17.48593,15073.777290006174
491,2020-05-06,17.17302,14804.032663794367
492,2020-05-07,16.74152,14432.057315577964
493,2020-05-08,14.87294,12821.244578219426
494,2020-05-09,14.41747,12428.605848550538
495,2020-05-10,13.94811,12023.993219491786
496,2020-05-11,13.00941,11214.785202410123
497,2020-05-12,12.06187,10397.956647487825
498,2020-05-13,11.77925,10154.323570053479
499,2020-05-14,11.53322,9942.232967685733
500,2020-05-15,11.37298,9804.097788547388
501,2020-05-16,10.31063,8888.297067393976
502,2020-05-17,12.04168,10380.551821808822
503,2020-05-18,13.79671,11893.478578194072
504,2020-05-19,14.07807,12136.02547037059
505,2020-05-20,13.14819,11334.42075009372
506,2020-05-21,13.47624,11617.2168404353
507,2020-05-22,12.61197,10872.171338226743
508,2020-05-23,11.96219,10312.027324868563
509,2020-05-24,14.71271,12683.118019599
510,2020-05-25,14.63196,12613.507337400912
511,2020-05-26,13.92288,12002.243652781473
512,2020-05-27,12.90216,11122.330147725976
513,2020-05-28,12.03285,10372.93990448611
514,2020-05-29,11.64929,10042.291319174676
515,2020-05-30,10.86704,9367.951304939954
516,2020-05-31,12.40884,10697.062757732658
517,2020-06-01,11.7149,10098.85053724299
518,2020-06-02,11.51555,9927.000512522387
519,2020-06-03,10.77998,9292.90107593481
520,2020-06-04,10.34469,8917.658551427003
521,2020-06-05,9.58389,8261.809548129111
522,2020-06-06,10.90615,9401.666150522211
523,2020-06-07,12.95768,11170.19126321375
524,2020-06-08,11.83476,10202.176065023334
525,2020-06-09,11.30232,9743.18520892984
526,2020-06-10,10.98816,9472.363017978127
527,2020-06-11,10.28539,8866.538880165745
528,2020-06-12,10.02043,8638.129637376825
529,2020-06-13,10.57432,9115.611504407148
530,2020-06-14,12.47697,10755.794346316628
531,2020-06-15,10.46708,9023.16507024092
532,2020-06-16,10.56423,9106.913401826607
533,2020-06-17,9.24196,7967.048178915589
534,2020-06-18,9.6558,8323.799692486566
535,2020-06-19,10.09488,8702.309393285774
536,2020-06-20,10.75601,9272.237694482325
537,2020-06-21,13.22894,11404.031432291808
538,2020-06-22,13.19109,11371.40277196738
539,2020-06-23,12.02023,10362.060810871993
540,2020-06-24,11.44742,9868.268923938416
541,2020-06-25,10.90489,9400.579965264382
542,2020-06-26,11.9357,10289.191572900423
543,2020-06-27,10.5718,9113.439133891492
544,2020-06-28,12.38991,10680.744117311484
545,2020-06-29,10.93895,9429.941449297408
546,2020-06-30,10.38885,8955.726758558489
547,2020-07-01,10.57811,9118.878680698552
548,2020-07-02,10.90867,9403.838521037867
549,2020-07-03,9.77062,8422.780479235598
550,2020-07-04,10.02043,8638.129637376825
551,2020-07-05,11.90163,10259.821468349479
552,2020-07-06,10.98942,9473.449203235954
553,2020-07-07,10.44689,9005.76024456192
554,2020-07-08,9.72141,8380.358910554882
555,2020-07-09,9.63688,8307.489672583311
556,2020-07-10,8.91014,7681.002153318446
557,2020-07-11,9.67347,8339.032147649912
558,2020-07-12,11.67831,10067.30806217639
559,2020-07-13,10.76736,9282.021982320693
560,2020-07-14,10.30558,8883.943705844747
561,2020-07-15,9.87408,8511.968357628342
562,2020-07-16,9.08551,7832.180176068644
563,2020-07-17,8.09129,6975.111043499206
564,2020-07-18,9.06406,7813.689165131815
565,2020-07-19,10.8254,9332.055468324123
566,2020-07-20,9.92707,8557.648482082543
567,2020-07-21,10.32324,8899.167540490174
568,2020-07-22,9.6987,8360.781714360224
569,2020-07-23,9.97754,8601.156236021086
570,2020-07-24,9.72772,8385.79845736194
571,2020-07-25,10.24628,8832.82403458349
572,2020-07-26,11.57611,9979.206369041472
573,2020-07-27,10.52764,9075.370926760006
574,2020-07-28,9.44762,8144.33775044325
575,2020-07-29,9.27982,7999.685459757937
576,2020-07-30,8.77009,7560.271799859101
577,2020-07-31,7.81372,6735.83132761409
578,2020-08-01,9.41608,8117.148636925878
579,2020-08-02,11.62027,10017.27457617296
580,2020-08-03,10.19455,8788.230095387116
581,2020-08-04,10.76232,9277.677241289382
582,2020-08-05,10.4103,8974.217769495319
583,2020-08-06,9.73655,8393.410374684652
584,2020-08-07,9.29243,8010.555932854133
585,2020-08-08,10.50998,9060.14709211458
586,2020-08-09,12.34575,10642.675910179998
587,2020-08-10,11.81836,10188.038415635736
588,2020-08-11,11.2733,9718.168465928127
589,2020-08-12,10.65633,9186.308371863064
590,2020-08-13,10.54909,9093.861937696836
591,2020-08-14,9.04135,7794.111968937158
592,2020-08-15,10.00656,8626.172979022802
593,2020-08-16,10.99699,9479.97493530084
594,2020-08-17,11.71238,10096.678166727335
595,2020-08-18,11.46887,9886.759934875246
596,2020-08-19,11.50924,9921.56096571533
597,2020-08-20,11.92939,10283.752026093365
598,2020-08-21,11.20517,9659.436877344157
599,2020-08-22,11.94579,10297.889675480965
600,2020-08-23,13.72732,11833.660804352274
601,2020-08-24,12.99553,11202.819923538178
602,2020-08-25,12.723,10967.884948684374
603,2020-08-26,13.21002,11387.721412388553
604,2020-08-27,14.60798,12592.835335430507
605,2020-08-28,13.83961,11930.460600067732
606,2020-08-29,15.22496,13124.70405001349
607,2020-08-30,16.90302,14571.278679974139
608,2020-08-31,15.77001,13594.565379203179
609,2020-09-01,14.93098,12871.278064222857
610,2020-09-02,15.86842,13679.399896046694
611,2020-09-03,15.01173,12940.888746420944
612,2020-09-04,15.69557,13530.39424381215
613,2020-09-05,21.53978,18568.405946708535
614,2020-09-06,23.11186,19923.620327760782
615,2020-09-07,23.25569,20047.609236993612
616,2020-09-08,20.42065,17603.657924809522
617,2020-09-09,19.54755,16851.000505278254
618,2020-09-10,19.67877,16964.118941414887
619,2020-09-11,18.33253,15803.59033705138
620,2020-09-12,19.52484,16831.4233090836
621,2020-09-13,21.54104,18569.492131966363
622,2020-09-14,19.11605,16479.025157061853
623,2020-09-15,19.13245,16493.162806449447
624,2020-09-16,19.66363,16951.067477285116
625,2020-09-17,19.9412,17190.34719317023
626,2020-09-18,20.52032,17689.578626910865
627,2020-09-19,21.39342,18442.236046442133
628,2020-09-20,26.59668,22927.71565330305
629,2020-09-21,24.15024,20818.75766746171
630,2020-09-22,21.75427,18753.307435558912
631,2020-09-23,20.81934,17947.34935373281
632,2020-09-24,18.20384,15692.652891948326
633,2020-09-25,17.43041,15025.916174518397
634,2020-09-26,19.05548,16426.810680024846
635,2020-09-27,21.76562,18763.091723397276
636,2020-09-28,17.74331,15295.652180212288
637,2020-09-29,16.18511,13952.403078031986
638,2020-09-30,16.86138,14535.382843358306
639,2020-10-01,18.39309,15855.79619357047
640,2020-10-02,21.03131,18130.07847206753
641,2020-10-03,24.01902,20705.639231325076
642,2020-10-04,27.70698,23884.85175787935
643,2020-10-05,24.59183,21199.431118258653
644,2020-10-06,22.58194,19466.801842182944
645,2020-10-07,21.60791,18627.137535292506
646,2020-10-08,20.29321,17493.798044446372
647,2020-10-09,21.97633,18944.73465647417
648,2020-10-10,22.27913,19205.763939069595
649,2020-10-11,26.89318,23183.31400960934
650,2020-10-12,26.53738,22876.595982041792
651,2020-10-13,26.86795,23161.564442899027
652,2020-10-14,25.43844,21929.25278582178
653,2020-10-15,23.8815,20587.089868899304
654,2020-10-16,22.89106,19733.27929210335
655,2020-10-17,20.27303,17476.401839285292
656,2020-10-18,23.9307,20629.502817062104
657,2020-10-19,19.38731,16712.86532613991
658,2020-10-20,17.68023,15241.273953177548
659,2020-10-21,17.08092,14724.63769375791
660,2020-10-22,15.62996,13473.835025743836
661,2020-10-23,15.29435,13184.52182385529
662,2020-10-24,15.9252,13728.347196792296
663,2020-10-25,19.45292,16769.42454420822
664,2020-10-26,16.26965,14025.280936521474
665,2020-10-27,15.04832,12972.431221487546
666,2020-10-28,13.91026,11991.364559167358
667,2020-10-29,12.97156,11182.156542085693
668,2020-10-30,11.45751,9876.967026518958
669,2020-10-31,13.82951,11921.753876969271
670,2020-11-01,18.57099,16009.15520735424
671,2020-11-02,14.40485,12417.726754936422
672,2020-11-03,14.32284,12347.029887480507
673,2020-11-04,13.42198,11570.44191020535
674,2020-11-05,13.11665,11307.231636576349
675,2020-11-06,13.33871,11498.65885749161
676,2020-11-07,14.09447,12150.163119758188
677,2020-11-08,18.26692,15747.031118983066
678,2020-11-09,14.63448,12615.679707916568
679,2020-11-10,13.27436,11443.18582468112
680,2020-11-11,12.59809,10860.2060593548
681,2020-11-12,12.36215,10656.813559567596
682,2020-11-13,10.88344,9382.088954327553
683,2020-11-14,13.12296,11312.671183383409
684,2020-11-15,15.63122,13474.921211001663
685,2020-11-16,12.84665,11074.47765275612
686,2020-11-17,12.3079,10610.047249855568
687,2020-11-18,11.99752,10342.483614677336
688,2020-11-19,11.3162,9755.150487801786
689,2020-11-20,11.12442,9589.826195146068
690,2020-11-21,12.11108,10440.378216168541
691,2020-11-22,15.16944,13076.842934525715
692,2020-11-23,13.61755,11739.033379152472
693,2020-11-24,13.43712,11583.493374335123
694,2020-11-25,18.77791,16187.530964139729
695,2020-11-26,34.44699,29695.08945598374
696,2020-11-27,24.00262,20691.50158193748
697,2020-11-28,20.10144,17328.482372308576
698,2020-11-29,18.99492,16374.60482350576
699,2020-11-30,14.89061,12836.477033382775
700,2020-12-01,12.86936,11094.054848950776
701,2020-12-02,11.60135,10000.964556269706
702,2020-12-03,11.11812,9584.395268856928
703,2020-12-04,10.47465,9029.690802305808
704,2020-12-05,12.57791,10842.809854193718
705,2020-12-06,13.28951,11456.245909328813
706,2020-12-07,11.20643,9660.523062601982
707,2020-12-08,10.94652,9436.467181362294
708,2020-12-09,11.29223,9734.487106349301
709,2020-12-10,11.53069,9940.05197665216
710,2020-12-11,10.2589,8843.703128197605
711,2020-12-12,11.02601,9504.991678302553
712,2020-12-13,13.31095,11474.728299747721
713,2020-12-14,12.08332,10416.447658424655
714,2020-12-15,11.10045,9569.162813693583
715,2020-12-16,11.26195,9708.384178089758
716,2020-12-17,10.45068,9009.027420853321
717,2020-12-18,10.45951,9016.639338176035
718,2020-12-19,11.97481,10322.906418482678
719,2020-12-20,13.78409,11882.599484579958
720,2020-12-21,12.28519,10590.470053660913
721,2020-12-22,10.97428,9460.397739106182
722,2020-12-23,10.39516,8961.166305365548
723,2020-12-24,9.16626,7901.790858266731
724,2020-12-25,11.36793,9799.744426998157
725,2020-12-26,11.62658,10022.714122980018
726,2020-12-27,12.56403,10830.844575321775
727,2020-12-28,9.37444,8081.252800310048
728,2020-12-29,8.74738,7540.694603664443
729,2020-12-30,9.06028,7810.430609358333
730,2020-12-31,8.01307,6907.681352334694
731,2021-01-01,9.48926,8180.2335870590805
732,2021-01-02,12.87945,11102.752951531318
733,2021-01-03,12.19309,10511.075083624455
734,2021-01-04,9.57253,8252.016639772824
735,2021-01-05,8.97322,7735.380380353186
736,2021-01-06,8.32597,7177.417358028581
737,2021-01-07,8.33859,7188.296451642696
738,2021-01-08,8.1569,7031.670261567521
739,2021-01-09,9.54856,8231.353258320338
740,2021-01-10,10.87461,9374.47703700484
741,2021-01-11,8.40798,7248.114225484496
742,2021-01-12,8.33732,7187.20164586695
743,2021-01-13,7.52731,6488.931073888341
744,2021-01-14,7.69638,6634.6781703494025
745,2021-01-15,7.29137,6285.538574101138
746,2021-01-16,8.97448,7736.466565611015
747,2021-01-17,11.09288,9562.637081628696
748,2021-01-18,8.80542,7590.728089667874
749,2021-01-19,7.73297,6666.220645416002
750,2021-01-20,7.79858,6722.779863484318
751,2021-01-21,8.28559,7142.607706670577
752,2021-01-22,7.97269,6872.87170097669
753,2021-01-23,9.3101,8025.7883880174795
754,2021-01-24,11.28088,9724.70281851093
755,2021-01-25,9.27098,7992.064921917304
756,2021-01-26,8.93285,7700.579349513103
757,2021-01-27,8.38022,7224.183667740608
758,2021-01-28,8.10391,6985.990137113322
759,2021-01-29,8.07363,6959.887208853778
760,2021-01-30,10.07469,8684.904567606773
761,2021-01-31,12.27383,10580.677145304624
762,2021-02-01,10.53899,9085.155214598375
763,2021-02-02,10.14534,8745.8085267064
764,2021-02-03,9.89679,8531.545553823
765,2021-02-04,9.31767,8032.314120082365
766,2021-02-05,8.94925,7714.716998900702
767,2021-02-06,11.32377,9761.676219866671
768,2021-02-07,12.77725,11014.651258396401
769,2021-02-08,10.80395,9313.564457387294
770,2021-02-09,9.98006,8603.328606536743
771,2021-02-10,9.64192,8311.834413614622
772,2021-02-11,11.32251,9760.590034608842
773,2021-02-12,12.85043,11077.736208529603
774,2021-02-13,14.89691,12841.907959671911
775,2021-02-14,17.01027,14663.733734658283
776,2021-02-15,13.16586,11349.653205257066
777,2021-02-16,11.537,9945.491523459217
778,2021-02-17,10.40904,8973.13158423749
779,2021-02-18,9.48169,8173.707854994195
780,2021-02-19,9.34795,8058.417048341908
781,2021-02-20,11.1648,9624.63584650407
782,2021-02-21,12.86936,11094.054848950776
783,2021-02-22,11.02223,9501.73312252907
784,2021-02-23,10.30306,8881.771335329091
785,2021-02-24,9.92076,8552.208935275485
786,2021-02-25,10.1895,8783.876733837888
787,2021-02-26,9.30505,8021.435026468249
788,2021-02-27,13.11413,11305.059266060693
789,2021-02-28,16.76928,14455.987873321848
790,2021-03-01,15.31454,13201.92664953429
791,2021-03-02,10.9112,9406.01951207144
792,2021-03-03,10.9604,9448.432460234239
793,2021-03-04,10.9276,9420.15716145904
794,2021-03-05,10.90236,9398.398974230808
795,2021-03-06,15.71702,13548.88525474898
796,2021-03-07,15.61735,13462.964552647638
797,2021-03-08,11.53069,9940.05197665216
798,2021-03-09,11.78556,10159.763116860537
799,2021-03-10,11.4184,9843.2521809367
800,2021-03-11,10.99321,9476.716379527355
801,2021-03-12,12.04547,10383.818998100225
802,2021-03-13,12.93875,11153.872622792576
803,2021-03-14,15.76118,13586.953461880466
804,2021-03-15,12.39748,10687.26984937637
805,2021-03-16,11.77546,10151.056393762077
806,2021-03-17,11.19003,9646.385413214384
807,2021-03-18,11.77672,10152.142579019903
808,2021-03-19,11.24429,9693.16034344433
809,2021-03-20,12.83025,11060.34000336852
810,2021-03-21,14.80607,12763.599174893283
811,2021-03-22,11.78682,10160.849302118366
812,2021-03-23,11.079,9550.671802756755
813,2021-03-24,10.48096,9035.130349112864
814,2021-03-25,10.75979,9275.496250255808
815,2021-03-26,11.10676,9574.602360500641
816,2021-03-27,14.54995,12542.810469944998
817,2021-03-28,16.13086,13905.636768319957
818,2021-03-29,12.40379,10692.709396183429
819,2021-03-30,11.43606,9858.476015582128
820,2021-03-31,11.21022,9663.790238893385
821,2021-04-01,11.43606,9858.476015582128
822,2021-04-02,11.87009,10232.632354832107
823,2021-04-03,14.55625,12548.241396234136
824,2021-04-04,15.65898,13498.85176874555
825,2021-04-05,12.09593,10427.31813152085
826,2021-04-06,11.66569,10056.428968562273
827,2021-04-07,10.70049,9224.37657899455
828,2021-04-08,10.33712,8911.132819362118
829,2021-04-09,10.00151,8621.819617473571
830,2021-04-10,11.91046,10267.433385672191
831,2021-04-11,13.96956,12042.484230428616
832,2021-04-12,11.58747,9988.999277397761
833,2021-04-13,10.49862,9050.354183758292
834,2021-04-14,9.7845,8434.745758107541
835,2021-04-15,9.54856,8231.353258320338
836,2021-04-16,9.57884,8257.45618657988
837,2021-04-17,10.93012,9422.329531974696
838,2021-04-18,13.4939,11632.440675080725
839,2021-04-19,10.31693,8893.727993683115
840,2021-04-20,10.16805,8765.385722901055
841,2021-04-21,10.55792,9101.473855019549
842,2021-04-22,10.70554,9228.729940543779
843,2021-04-23,9.86777,8506.528810821284
844,2021-04-24,11.47013,9887.846120133074
845,2021-04-25,14.0276,12092.517716432047
846,2021-04-26,11.98112,10328.345965289738
847,2021-04-27,10.60208,9139.542062151037
848,2021-04-28,10.31189,8889.383252651804
849,2021-04-29,10.17941,8775.178631257346
850,2021-04-30,9.3757,8082.338985567876
851,2021-05-01,11.62784,10023.800308237845
852,2021-05-02,13.84213,11932.632970583387
853,2021-05-03,11.60135,10000.964556269706
854,2021-05-04,10.49736,9049.267998500463
855,2021-05-05,12.90469,11124.51113875955
856,2021-05-06,11.25564,9702.944631282699
857,2021-05-07,10.54026,9086.250020374122
858,2021-05-08,11.89659,10255.476727318166
859,2021-05-09,13.63774,11756.438204831475
860,2021-05-10,11.6127,10010.748844108075
861,2021-05-11,13.00058,11207.173285087409
862,2021-05-12,12.45931,10740.570511671203
863,2021-05-13,11.59252,9993.352638946992
864,2021-05-14,10.65129,9181.963630831751
865,2021-05-15,12.56907,10835.189316353086
866,2021-05-16,14.1462,12194.757058954561
867,2021-05-17,10.94652,9436.467181362294
868,2021-05-18,9.9094,8542.416026919196
869,2021-05-19,12.10098,10431.67149307008
870,2021-05-20,10.89984,9396.226603715151
871,2021-05-21,10.01413,8632.698711087687
872,2021-05-22,11.23672,9686.634611379444
873,2021-05-23,12.93118,11147.34689072769
874,2021-05-24,10.2059,8798.014383225485
875,2021-05-25,10.22483,8814.333023646659
876,2021-05-26,9.63688,8307.489672583311
877,2021-05-27,9.59903,8274.861012258883
878,2021-05-28,8.99089,7750.612835516533
879,2021-05-29,10.13146,8733.843247834457
880,2021-05-30,13.02202,11225.655675506317
881,2021-05-31,11.27961,9723.608012735183
882,2021-06-01,10.80774,9316.831633678697
883,2021-06-02,10.52385,9072.103750468603
884,2021-06-03,9.72015,8379.272725297054
885,2021-06-04,8.69691,7497.1868497259
886,2021-06-05,10.4532,9011.199791368977
887,2021-06-06,13.12927,11318.110730190465
888,2021-06-07,11.22788,9679.014073538812
889,2021-06-08,9.59019,8267.24047441825
890,2021-06-09,9.11453,7857.196919070359
891,2021-06-10,8.65023,7456.946272078758
892,2021-06-11,7.7746,6702.107861513915
893,2021-06-12,9.52206,8208.508885834279
894,2021-06-13,11.41588,9841.079810421046
895,2021-06-14,9.49809,8187.845504381793
896,2021-06-15,9.29748,8014.909294403364
897,2021-06-16,9.11832,7860.464095361763
898,2021-06-17,8.51396,7339.474474392897
899,2021-06-18,8.10391,6985.990137113322
900,2021-06-19,9.32019,8034.48649059802
901,2021-06-20,11.00835,9489.767843657128
902,2021-06-21,9.85389,8494.563531949341
903,2021-06-22,9.56496,8245.490907707937
904,2021-06-23,10.5453,9090.594761405433
905,2021-06-24,10.89227,9389.700871650266
906,2021-06-25,9.65959,8327.066868777967
907,2021-06-26,11.17363,9632.247763826785
908,2021-06-27,14.12097,12173.007492244249
909,2021-06-28,11.22915,9680.108879314559
910,2021-06-29,10.67021,9198.273650735007
911,2021-06-30,9.95483,8581.579039826429
912,2021-07-01,9.50818,8196.543606962334
913,2021-07-02,8.72971,7525.462148501098
914,2021-07-03,10.64498,9176.524084024695
915,2021-07-04,11.85621,10220.667075960164
916,2021-07-05,10.03558,8651.189722024517
917,2021-07-06,9.76305,8416.254747170713
918,2021-07-07,9.13472,7874.601744749361
919,2021-07-08,8.29695,7152.400615026867
920,2021-07-09,8.13167,7009.920694857208
921,2021-07-10,9.42491,8124.760554248593
922,2021-07-11,11.10424,9572.429989984987
923,2021-07-12,9.37444,8081.252800310048
924,2021-07-13,9.02621,7781.060504807388
925,2021-07-14,8.38148,7225.269852998436
926,2021-07-15,8.10391,6985.990137113322
927,2021-07-16,7.70143,6639.031531898632
928,2021-07-17,8.96565,7728.854648288301
929,2021-07-18,11.09288,9562.637081628696
930,2021-07-19,8.58714,7402.559424526097
931,2021-07-20,8.3083,7162.184902865234
932,2021-07-21,7.85031,6767.3738026806905
933,2021-07-22,7.86419,6779.3390815526345
934,2021-07-23,7.74432,6676.004933254371
935,2021-07-24,8.87355,7649.459678251845
936,2021-07-25,9.89426,8529.364562789424
937,2021-07-26,8.3777,7222.0112972249535
938,2021-07-27,8.04966,6939.2238274012925
939,2021-07-28,7.59292,6545.4902919566575
940,2021-07-29,7.21441,6219.195068194454
941,2021-07-30,7.04029,6069.094610184163
942,2021-07-31,7.97395,6873.957886234518
943,2021-08-01,8.9606,7724.501286739071
944,2021-08-02,7.78344,6709.728399354547
945,2021-08-03,8.26288,7123.03051047592
946,2021-08-04,8.23639,7100.1947585077805
947,2021-08-05,7.98405,6882.664609332977
948,2021-08-06,7.13997,6155.023932803424
949,2021-08-07,8.25784,7118.68576944461
950,2021-08-08,9.7315,8389.057013135423
951,2021-08-09,8.57452,7391.680330911981
952,2021-08-10,8.82813,7610.305285862531
953,2021-08-11,9.89048,8526.106007015942
954,2021-08-12,9.72267,8381.44509581271
955,2021-08-13,8.95934,7723.415101481242
956,2021-08-14,11.20265,9657.2645068285
957,2021-08-15,12.99805,11204.992294053833
958,2021-08-16,13.14315,11330.07600906241
959,2021-08-17,11.33513,9771.469128222958
960,2021-08-18,10.71563,9237.428043124322
961,2021-08-19,10.84937,9352.71884977661
962,2021-08-20,10.60965,9146.067794215922
963,2021-08-21,13.33871,11498.65885749161
964,2021-08-22,14.14494,12193.670873696734
965,2021-08-23,12.79744,11032.056084075402
966,2021-08-24,12.1893,10507.807907333054
967,2021-08-25,11.89911,10257.649097833822
968,2021-08-26,11.61901,10016.188390915131
969,2021-08-27,12.08332,10416.447658424655
970,2021-08-28,13.69577,11806.463070316984
971,2021-08-29,15.85202,13665.262246659095
972,2021-08-30,13.46867,11610.691108370413
973,2021-08-31,13.44596,11591.113912175755
974,2021-09-01,12.99048,11198.466561988947
975,2021-09-02,13.31474,11477.995476039125
976,2021-09-03,12.97282,11183.242727343522
977,2021-09-04,15.44954,13318.303641444407
978,2021-09-05,18.66814,16092.903538939929
979,2021-09-06,16.26712,14023.099945487898
980,2021-09-07,15.55678,13410.750075610633
981,2021-09-08,14.30896,12335.064608608565
982,2021-09-09,14.13232,12182.791780082618
983,2021-09-10,13.68946,11801.023523509926
984,2021-09-11,15.70693,13540.187152168439
985,2021-09-12,19.76456,17038.074364644282
986,2021-09-13,15.91637,13720.735279469583
987,2021-09-14,14.04905,12111.008727368875
988,2021-09-15,13.30338,11468.202567682836
989,2021-09-16,12.56907,10835.189316353086
990,2021-09-17,12.70281,10950.480123005373
991,2021-09-18,14.15756,12204.54996731085
992,2021-09-19,15.64384,13485.80030461578
993,2021-09-20,13.62512,11745.559111217357
994,2021-09-21,13.72732,11833.660804352274
995,2021-09-22,17.18817,14817.092748442057
996,2021-09-23,15.71954,13551.057625264637
997,2021-09-24,14.25471,12288.298298896536
998,2021-09-25,16.39455,14132.951205333127
999,2021-09-26,18.27828,15756.824027339355
1000,2021-09-27,15.30066,13189.961370662348
1001,2021-09-28,14.46289,12467.760240939851
1002,2021-09-29,13.48759,11627.001128273669
1003,2021-09-30,12.79113,11026.616537268346
1004,2021-10-01,11.99248,10338.138873646025
1005,2021-10-02,14.6799,12654.834100305881
1006,2021-10-03,15.74856,13576.07436826635
1007,2021-10-04,16.75666,14445.108779707734
1008,2021-10-05,12.8845,11107.106313080547
1009,2021-10-06,13.55194,11682.474161084156
1010,2021-10-07,13.29077,11457.33209458664
1011,2021-10-08,13.19488,11374.669948258781
1012,2021-10-09,14.35312,12373.132815740051
1013,2021-10-10,18.19753,15687.213345141268
1014,2021-10-11,18.57225,16010.24139261207
1015,2021-10-12,15.78515,13607.616843332951
1016,2021-10-13,13.20749,11385.540421354977
1017,2021-10-14,12.80375,11037.495630882462
1018,2021-10-15,12.37477,10667.692653181712
1019,2021-10-16,16.28731,14040.504771166903
1020,2021-10-17,17.55532,15133.595063847972
1021,2021-10-18,13.68568,11797.764967736442
1022,2021-10-19,13.15703,11342.041287934353
1023,2021-10-20,12.89459,11115.80441566109
1024,2021-10-21,13.17343,11356.17893732195
1025,2021-10-22,11.76915,10145.616846955018
1026,2021-10-23,13.04978,11249.586233250206
1027,2021-10-24,15.17954,13085.549657624177
1028,2021-10-25,12.33187,10630.710631308055
1029,2021-10-26,11.70228,10087.971443628874
1030,2021-10-27,11.15218,9613.756752889954
1031,2021-10-28,10.69292,9217.850846929665
1032,2021-10-29,9.98132,8604.41479179457
1033,2021-10-30,10.95157,9440.820542911524
1034,2021-10-31,13.56077,11690.086078406868
1035,2021-11-01,11.5534,9959.629172846817
1036,2021-11-02,11.32251,9760.590034608842
1037,2021-11-03,10.95914,9447.34627497641
1038,2021-11-04,10.58946,9128.66296853692
1039,2021-11-05,9.81604,8461.934871624911
1040,2021-11-06,11.96724,10316.380686417793
1041,2021-11-07,13.57717,11704.22372779447
1042,2021-11-08,12.19561,10513.247454140112
1043,2021-11-09,11.90794,10265.261015156535
1044,2021-11-10,12.10224,10432.75767832791
1045,2021-11-11,10.8418,9346.193117711722
1046,2021-11-12,10.45068,9009.027420853321
1047,2021-11-13,11.44868,9869.355109196244
1048,2021-11-14,13.15072,11336.601741127295
1049,2021-11-15,12.08206,10415.361473166826
1050,2021-11-16,11.43606,9858.476015582128
1051,2021-11-17,10.41661,8979.657316302377
1052,2021-11-18,10.70175,9225.462764252377
1053,2021-11-19,11.1219,9587.653824630412
1054,2021-11-20,11.83476,10202.176065023334
1055,2021-11-21,13.76895,11869.548020450186
1056,2021-11-22,12.58295,10847.154595225029
1057,2021-11-23,12.11108,10440.378216168541
1058,2021-11-24,12.02276,10364.241801905568
1059,2021-11-25,14.13106,12181.70559482479
1060,2021-11-26,12.76716,11005.953155815861
1061,2021-11-27,15.37131,13250.865329761975
1062,2021-11-28,17.03928,14688.74185714208
1063,2021-11-29,12.32178,10622.012528727513
1064,2021-11-30,10.78376,9296.159631708291
1065,2021-12-01,10.29675,8876.331788522033
1066,2021-12-02,10.08226,8691.430299671658
1067,2021-12-03,9.14481,7883.299847329902
1068,2021-12-04,10.31567,8892.64180842529
1069,2021-12-05,12.53879,10809.086388093543
1070,2021-12-06,11.17994,9637.687310633843
1071,2021-12-07,10.30558,8883.943705844747
1072,2021-12-08,10.50871,9059.052286338832
1073,2021-12-09,11.13073,9595.265741953126
1074,2021-12-10,10.12894,8731.6708773188
1075,2021-12-11,11.64551,10039.032763401192
1076,2021-12-12,14.21812,12256.755823829935
1077,2021-12-13,12.38613,10677.485561538
1078,2021-12-14,11.75654,10134.746373858821
1079,2021-12-15,10.96797,9454.958192299124
1080,2021-12-16,10.37119,8940.502923913062
1081,2021-12-17,10.94148,9432.122440330984
1082,2021-12-18,11.88397,10244.59763370405
1083,2021-12-19,14.72911,12697.2556689866
1084,2021-12-20,12.60692,10867.817976677514
1085,2021-12-21,11.53574,9944.40533820139
1086,2021-12-22,10.77619,9289.633899643406
1087,2021-12-23,10.41282,8976.390140010973
1088,2021-12-24,10.04315,8657.715454089403
1089,2021-12-25,12.07449,10408.83574110194
1090,2021-12-26,13.20371,11382.281865581494
1091,2021-12-27,11.38812,9817.14925267716
1092,2021-12-28,10.4103,8974.217769495319
1093,2021-12-29,9.73529,8392.324189426827
1094,2021-12-30,9.61795,8291.171032162138
1095,2021-12-31,9.25837,7981.194448821107
1096,2022-01-01,10.86704,9367.951304939954
1097,2022-01-02,15.24767,13144.281246208147
1098,2022-01-03,11.29602,9737.754282640703
1099,2022-01-04,10.52133,9069.931379952948
1100,2022-01-05,10.22231,8812.160653131004
1101,2022-01-06,9.67599,8341.204518165569
1102,2022-01-07,9.37192,8079.080429794392
1103,2022-01-08,10.7232,9243.953775189208
1104,2022-01-09,12.97913,11188.682274150578
1105,2022-01-10,10.65759,9187.394557120891
1106,2022-01-11,10.71816,9239.609034157895
1107,2022-01-12,9.63435,8305.308681549735
1108,2022-01-13,9.92707,8557.648482082543
1109,2022-01-14,9.42743,8126.932924764247
1110,2022-01-15,11.48527,9900.897584262844
1111,2022-01-16,12.78861,11024.44416675269
1112,2022-01-17,10.674,9201.540827026409
1113,2022-01-18,9.6722,8337.937341874165
1114,2022-01-19,9.44131,8138.898203636191
1115,2022-01-20,8.9114,7682.088338576274
1116,2022-01-21,8.54172,7363.405032136783
1117,2022-01-22,10.88344,9382.088954327553
1118,2022-01-23,13.3589,11516.06368317061
1119,2022-01-24,10.22862,8817.60019993806
1120,2022-01-25,9.91193,8544.59701795277
1121,2022-01-26,9.4615,8156.303029315192
1122,2022-01-27,8.95934,7723.415101481242
1123,2022-01-28,9.21799,7946.384797463104
1124,2022-01-29,11.76411,10141.272105923708
1125,2022-01-30,12.16028,10482.791164331338
1126,2022-01-31,10.98185,9466.923471171067
1127,2022-02-01,11.21148,9664.876424151213
1128,2022-02-02,13.08511,11280.042523058979
1129,2022-02-03,11.92813,10282.665840835536
1130,2022-02-04,11.02223,9501.73312252907
1131,2022-02-05,12.39748,10687.26984937637
1132,2022-02-06,14.80733,12764.685360151112
1133,2022-02-07,12.3243,10624.184899243168
1134,2022-02-08,11.45373,9873.708470745474
1135,2022-02-09,10.94905,9438.64817239587
1136,2022-02-10,10.29801,8877.41797377986
1137,2022-02-11,10.66138,9190.661733412293
1138,2022-02-12,12.35711,10652.468818536287
1139,2022-02-13,14.22064,12258.92819434559
1140,2022-02-14,12.1729,10493.670257945454
1141,2022-02-15,10.9869,9471.276832720298
1142,2022-02-16,10.75222,9268.970518190921
1143,2022-02-17,10.22357,8813.246838388832
1144,2022-02-18,10.12894,8731.6708773188
1145,2022-02-19,12.07953,10413.180482133252
1146,2022-02-20,14.05662,12117.534459433762
1147,2022-02-21,11.15344,9614.842938147784
1148,2022-02-22,10.47086,9026.423626014404
1149,2022-02-23,10.30558,8883.943705844747
1150,2022-02-24,10.10875,8714.2660516398
1151,2022-02-25,10.29801,8877.41797377986
1152,2022-02-26,12.69272,10941.782020424831
1153,2022-02-27,15.49875,13360.725210125122
1154,2022-02-28,12.70281,10950.480123005373
1155,2022-03-01,15.71324,13545.626698975499
1156,2022-03-02,12.14262,10467.567329685911
1157,2022-03-03,12.07322,10407.740935326192
1158,2022-03-04,12.62333,10881.964246583031
1159,2022-03-05,14.96883,12903.906724547287
1160,2022-03-06,16.74657,14436.41067712719
1161,2022-03-07,13.12296,11312.671183383409
1162,2022-03-08,12.57791,10842.809854193718
1163,2022-03-09,14.26228,12294.824030961423
1164,2022-03-10,12.17921,10499.109804752512
1165,2022-03-11,12.30538,10607.874879339914
1166,2022-03-12,16.31633,14065.521514168617
1167,2022-03-13,18.87758,16273.451666241072
1168,2022-03-14,14.21055,12250.23009176505
1169,2022-03-15,13.18226,11363.790854644665
1170,2022-03-16,13.01319,11218.043758183605
1171,2022-03-17,12.48328,10761.233893123688
1172,2022-03-18,11.97481,10322.906418482678
1173,2022-03-19,15.00794,12937.621570129542
1174,2022-03-20,17.15031,14784.45546759971
1175,2022-03-21,13.20623,11384.45423609715
1176,2022-03-22,13.69325,11804.29069980133
1177,2022-03-23,12.78104,11017.918434687805
1178,2022-03-24,11.93822,10291.363943416078
1179,2022-03-25,11.30611,9746.452385221244
1180,2022-03-26,14.14872,12196.929429470218
1181,2022-03-27,16.28731,14040.504771166903
1182,2022-03-28,13.48381,11623.742572500185
1183,2022-03-29,12.16659,10488.230711138396
1184,2022-03-30,12.48075,10759.052902090112
1185,2022-03-31,11.76032,10138.004929632305
1186,2022-04-01,11.60261,10002.050741527533
1187,2022-04-02,14.17396,12218.687616698448
1188,2022-04-03,17.03171,14682.216125077193
1189,2022-04-04,13.53428,11667.250326438729
1190,2022-04-05,12.95894,11171.277448471577
1191,2022-04-06,12.93371,11149.527881761265
1192,2022-04-07,12.46309,10743.829067444685
1193,2022-04-08,11.93444,10288.105387642596
1194,2022-04-09,14.45153,12457.967332583565
1195,2022-04-10,17.28532,14900.841080027742
1196,2022-04-11,14.38466,12400.321929257421
1197,2022-04-12,15.23379,13132.315967336204
1198,2022-04-13,13.42577,11573.709086496754
1199,2022-04-14,12.55772,10825.405028514717
1200,2022-04-15,11.97229,10320.734047967024
1201,2022-04-16,14.80355,12761.426804377628
1202,2022-04-17,16.55731,14273.258754987131
1203,2022-04-18,13.69073,11802.118329285673
1204,2022-04-19,13.30717,11471.469743974238
1205,2022-04-20,12.37477,10667.692653181712
1206,2022-04-21,11.94075,10293.544934449652
1207,2022-04-22,12.39874,10688.356034634198
1208,2022-04-23,14.64584,12625.472616272857
1209,2022-04-24,16.29362,14045.94431797396
1210,2022-04-25,14.13358,12183.877965340445
1211,2022-04-26,14.11466,12167.567945437191
1212,2022-04-27,12.91226,11131.036870824435
1213,2022-04-28,13.00688,11212.604211376547
1214,2022-04-29,11.75149,10130.393012309592
1215,2022-04-30,13.8068,11902.176680774615
1216,2022-05-01,17.40265,15001.985616774513
1217,2022-05-02,14.00615,12074.026705495216
1218,2022-05-03,12.93244,11148.433075985518
1219,2022-05-04,12.07575,10409.921926359768
1220,2022-05-05,15.24641,13143.19506095032
1221,2022-05-06,13.49769,11635.707851372128
1222,2022-05-07,13.79166,11889.125216644843
1223,2022-05-08,16.46016,14189.510423401443
1224,2022-05-09,13.86232,11950.03779626239
1225,2022-05-10,12.31295,10614.4006114048
1226,2022-05-11,13.05483,11253.939594799436
1227,2022-05-12,11.93444,10288.105387642596
1228,2022-05-13,11.03737,9514.784586658841
1229,2022-05-14,12.61954,10878.69707029163
1230,2022-05-15,14.76696,12729.884329311026
1231,2022-05-16,12.67253,10924.37719474583
1232,2022-05-17,11.68336,10071.66142372562
1233,2022-05-18,12.30033,10603.521517790683
1234,2022-05-19,11.64677,10040.11894865902
1235,2022-05-20,11.08279,9553.938979048156
1236,2022-05-21,12.65487,10909.153360100403
1237,2022-05-22,16.17249,13941.523984417869
1238,2022-05-23,14.30644,12332.892238092909
1239,2022-05-24,13.15829,11343.12747319218
1240,2022-05-25,12.76211,11001.599794266629
1241,2022-05-26,11.36667,9798.658241740328
1242,2022-05-27,11.31746,9756.236673059613
1243,2022-05-28,12.49337,10769.931995704228
1244,2022-05-29,14.46036,12465.579249906277
1245,2022-05-30,13.07375,11270.24961470269
1246,2022-05-31,12.07449,10408.83574110194
1247,2022-06-01,14.45658,12462.320694132795
1248,2022-06-02,11.62406,10020.541752464362
1249,2022-06-03,10.27278,8855.668407069548
1250,2022-06-04,11.70355,10089.066249404621
1251,2022-06-05,13.48885,11628.087313531494
1252,2022-06-06,14.70261,12674.411296500539
1253,2022-06-07,11.51555,9927.000512522387
1254,2022-06-08,11.17994,9637.687310633843
1255,2022-06-09,11.89659,10255.476727318166
1256,2022-06-10,11.15092,9612.670567632127
1257,2022-06-11,12.11234,10441.464401426369
1258,2022-06-12,13.95442,12029.432766298845
1259,2022-06-13,10.90489,9400.579965264382
1260,2022-06-14,10.63488,9167.817360926234
1261,2022-06-15,10.14534,8745.8085267064
1262,2022-06-16,10.25006,8836.082590356971
1263,2022-06-17,9.99394,8615.293885408686
1264,2022-06-18,11.12947,9594.179556695297
1265,2022-06-19,12.97029,11181.061736309946
1266,2022-06-20,11.58999,9991.171647913417
1267,2022-06-21,11.11812,9584.395268856928
1268,2022-06-22,10.81278,9321.176374710007
1269,2022-06-23,11.25438,9701.858446024871
1270,2022-06-24,12.39496,10685.097478860713
1271,2022-06-25,12.73309,10976.583051264915
1272,2022-06-26,13.50778,11644.40595395267
1273,2022-06-27,10.74087,9259.186230352552
1274,2022-06-28,10.29422,8874.150797488457
1275,2022-06-29,10.06964,8680.551206057542
1276,2022-06-30,9.46907,8162.828761380079
1277,2022-07-01,9.09308,7838.705908133531
1278,2022-07-02,11.30359,9744.280014705588
1279,2022-07-03,12.66118,10914.592906907461
1280,2022-07-04,10.8254,9332.055468324123
1281,2022-07-05,10.17058,8767.566713934631
1282,2022-07-06,9.82613,8470.632974205453
1283,2022-07-07,9.92076,8552.208935275485
1284,2022-07-08,9.56748,8247.663278223592
1285,2022-07-09,10.59199,9130.843959570493
1286,2022-07-10,12.3937,10684.011293602887
1287,2022-07-11,11.22662,9677.927888280985
1288,2022-07-12,10.34848,8920.925727718406
1289,2022-07-13,9.70375,8365.135075909455
1290,2022-07-14,8.82056,7603.779553797645
1291,2022-07-15,8.52027,7344.914021199954
1292,2022-07-16,9.78954,8439.090499138852
1293,2022-07-17,11.2998,9741.012838414186
1294,2022-07-18,9.60786,8282.472929581596
1295,2022-07-19,9.21295,7942.040056431792
1296,2022-07-20,8.98962,7749.518029740786
1297,2022-07-21,8.59723,7411.257527106638
1298,2022-07-22,8.76504,7555.918438309871
1299,2022-07-23,9.84506,8486.951614626627
1300,2022-07-24,12.21327,10528.471288785538
1301,2022-07-25,10.6639,9192.83410392795
1302,2022-07-26,9.78323,8433.650952331795
1303,2022-07-27,9.36056,8069.287521438104
1304,2022-07-28,8.69943,7499.359220241555
1305,2022-07-29,8.30704,7161.098717607408
1306,2022-07-30,9.39589,8099.743811246877
1307,2022-07-31,11.09667,9565.9042579201
1308,2022-08-01,9.96997,8594.630503956201
1309,2022-08-02,9.83623,8479.339697303914
1310,2022-08-03,9.76557,8418.427117686368
1311,2022-08-04,9.73277,8390.15181891117
1312,2022-08-05,9.24953,7973.5739109804745
1313,2022-08-06,10.32829,8903.520902039405
1314,2022-08-07,11.67326,10062.95470062716
1315,2022-08-08,9.75043,8405.375653556597
1316,2022-08-09,10.99068,9474.53538849378
1317,2022-08-10,11.26826,9713.823724896814
1318,2022-08-11,11.06639,9539.801329660557
1319,2022-08-12,9.89426,8529.364562789424
1320,2022-08-13,10.75853,9274.410064997981
1321,2022-08-14,11.87261,10234.804725347762
1322,2022-08-15,13.02076,11224.56949024849
1323,2022-08-16,12.39874,10688.356034634198
1324,2022-08-17,12.31547,10616.572981920453
1325,2022-08-18,11.90289,10260.907653607304
1326,2022-08-19,12.6044,10865.645606161857
1327,2022-08-20,12.54636,10815.612120158428
1328,2022-08-21,13.62638,11746.645296475184
1329,2022-08-22,12.50094,10776.457727769113
1330,2022-08-23,14.47929,12481.897890327453
1331,2022-08-24,12.64478,10900.455257519861
1332,2022-08-25,12.96146,11173.449818987234
1333,2022-08-26,13.48633,11625.91494301584
1334,2022-08-27,16.9169,14583.243958846078
1335,2022-08-28,17.50738,15092.268300943004
1336,2022-08-29,15.38015,13258.485867602607
1337,2022-08-30,15.56688,13419.456798709094
1338,2022-08-31,14.7228,12691.81612217954
1339,2022-09-01,13.42451,11572.622901238927
1340,2022-09-02,13.96199,12035.95849836373
1341,2022-09-03,16.32264,14070.961060975675
1342,2022-09-04,18.94067,16327.838513793733
1343,2022-09-05,15.81165,13630.461215819012
1344,2022-09-06,14.63826,12618.938263690052
1345,2022-09-07,13.68694,11798.85115299427
1346,2022-09-08,12.2322,10544.789929206712
1347,2022-09-09,12.84286,11071.210476464717
1348,2022-09-10,12.96777,11178.88936579429
1349,2022-09-11,16.90302,14571.278679974139
1350,2022-09-12,19.29016,16629.11699455422
1351,2022-09-13,16.24694,14005.703740326817
1352,2022-09-14,14.96,12896.294807224573
1353,2022-09-15,13.69577,11806.463070316984
1354,2022-09-16,12.46435,10744.915252702513
1355,2022-09-17,15.87473,13684.839442853752
1356,2022-09-18,17.53009,15111.845497137661
1357,2022-09-19,14.38466,12400.321929257421
1358,2022-09-20,15.42052,13293.286898442691
1359,2022-09-21,14.57644,12565.646221913137
1360,2022-09-22,14.14368,12192.584688438907
1361,2022-09-23,13.64152,11759.696760604957
1362,2022-09-24,16.281,14035.065224359843
1363,2022-09-25,19.48068,16793.35510195211
1364,2022-09-26,15.49496,13357.458033833722
1365,2022-09-27,14.98902,12921.311550226288
1366,2022-09-28,14.0112,12078.380067044447
1367,2022-09-29,13.14315,11330.07600906241
1368,2022-09-30,11.95715,10307.682583837253
1369,2022-10-01,14.06167,12121.88782098299
1370,2022-10-02,19.44535,16762.89881214334
1371,2022-10-03,19.14759,16506.21427057922
1372,2022-10-04,14.55247,12544.982840460652
1373,2022-10-05,13.28698,11454.064918295237
1374,2022-10-06,13.40937,11559.571437109154
1375,2022-10-07,12.25617,10565.453310659195
1376,2022-10-08,15.72459,13555.410986813866
1377,2022-10-09,18.18491,15676.33425152715
1378,2022-10-10,19.82891,17093.54739745477
1379,2022-10-11,16.55858,14274.353560762878
1380,2022-10-12,16.06904,13852.344726543046
1381,2022-10-13,13.6983,11808.644061350558
1382,2022-10-14,11.74013,10120.600103953304
1383,2022-10-15,14.51714,12514.526550651879
1384,2022-10-16,15.36248,13243.25341243926
1385,2022-10-17,13.5204,11655.285047566786
1386,2022-10-18,13.17469,11357.26512257978
1387,2022-10-19,12.33692,10635.063992857284
1388,2022-10-20,11.4512,9871.5274797119
1389,2022-10-21,10.28918,8869.806056457148
1390,2022-10-22,11.79565,10168.461219441078
1391,2022-10-23,14.26985,12301.349763026308
1392,2022-10-24,11.70102,10086.885258371047
1393,2022-10-25,11.54583,9953.103440781932
1394,2022-10-26,11.09793,9566.990443177927
1395,2022-10-27,10.85316,9355.98602606801
1396,2022-10-28,9.98889,8610.940523859455
1397,2022-10-29,11.3755,9806.270159063044
1398,2022-10-30,11.98869,10334.871697354623
1399,2022-10-31,10.65507,9185.222186605235
1400,2022-11-01,10.64624,9177.610269282522
1401,2022-11-02,11.15597,9617.023929181358
1402,2022-11-03,11.09288,9562.637081628696
1403,2022-11-04,10.621,9155.85208205429
1404,2022-11-05,11.97607,10323.992603740508
1405,2022-11-06,13.59988,11723.800923989125
1406,2022-11-07,11.37929,9809.537335354446
1407,2022-11-08,11.04115,9518.043142432325
1408,2022-11-09,9.8766,8514.140728143997
1409,2022-11-10,9.94347,8571.78613147014
1410,2022-11-11,9.35426,8063.856595148965
1411,2022-11-12,11.17111,9630.07539331113
1412,2022-11-13,13.36016,11517.14986842844
1413,2022-11-14,11.47896,9895.458037455788
1414,2022-11-15,10.94905,9438.64817239587
1415,2022-11-16,10.12011,8724.058959996088
1416,2022-11-17,9.23818,7963.7896231421055
1417,2022-11-18,9.06406,7813.689165131815
1418,2022-11-19,10.27908,8861.099333358687
1419,2022-11-20,11.78556,10159.763116860537
1420,2022-11-21,10.29801,8877.41797377986
1421,2022-11-22,10.54404,9089.508576147606
1422,2022-11-23,10.71942,9240.695219415724
1423,2022-11-24,9.44888,8145.423935701078
1424,2022-11-25,9.37444,8081.252800310048
1425,2022-11-26,10.67273,9200.446021250662
1426,2022-11-27,12.68515,10935.256288359946
1427,2022-11-28,10.03179,8647.922545733116
1428,2022-11-29,9.25837,7981.194448821107
1429,2022-11-30,10.36866,8938.321932879488
1430,2022-12-01,10.12389,8727.31751576957
1431,2022-12-02,9.32902,8042.098407920734
1432,2022-12-03,9.09561,7840.886899167105
1433,2022-12-04,11.68083,10069.480432692046
1434,2022-12-05,10.40147,8966.605852172605
1435,2022-12-06,9.55991,8241.137546158707
1436,2022-12-07,9.72267,8381.44509581271
1437,2022-12-08,9.60786,8282.472929581596
1438,2022-12-09,8.9707,7733.208009837532
1439,2022-12-10,10.3674,8937.23574762166
1440,2022-12-11,12.19939,10516.506009913594
1441,2022-12-12,10.69797,9222.204208478894
1442,2022-12-13,10.49105,9043.828451693405
1443,2022-12-14,9.87282,8510.882172370515
1444,2022-12-15,9.59398,8270.507650709653
1445,2022-12-16,9.25332,7976.841087271877
1446,2022-12-17,10.22483,8814.333023646659
1447,2022-12-18,12.45678,10738.389520637627
1448,2022-12-19,11.48906,9904.164760554248
1449,2022-12-20,11.0361,9513.689780883094
1450,2022-12-21,10.59325,9131.930144828322
1451,2022-12-22,9.92959,8559.820852598197
1452,2022-12-23,10.54404,9089.508576147606
1453,2022-12-24,11.23798,9687.720796637273
1454,2022-12-25,12.23598,10548.048484980194
1455,2022-12-26,10.04945,8663.146380378541
1456,2022-12-27,9.35804,8067.115150922449
1457,2022-12-28,9.09308,7838.705908133531
1458,2022-12-29,8.35751,7204.6064715459515
1459,2022-12-30,8.77513,7564.616540890413
1460,2022-12-31,9.06659,7815.87015616539
1461,2023-01-01,10.05072,8664.241186154288
1462,2023-01-02,10.3346,8908.960448846461
1463,2023-01-03,9.75043,8405.375653556597
1464,2023-01-04,9.22682,7953.996714785817
1465,2023-01-05,8.63635,7444.980993206814
1466,2023-01-06,8.25784,7118.68576944461
1467,2023-01-07,9.89048,8526.106007015942
1468,2023-01-08,11.04998,9525.655059755038
1469,2023-01-09,9.02495,7779.974319549559
1470,2023-01-10,8.71457,7512.410684371326
1471,2023-01-11,8.72845,7524.37596324327
1472,2023-01-12,8.44709,7281.829071066752
1473,2023-01-13,8.57705,7393.861321945556
1474,2023-01-14,9.43122,8130.2001010556505
1475,2023-01-15,10.52133,9069.931379952948
1476,2023-01-16,9.67851,8343.376888681223
1477,2023-01-17,9.14734,7885.480838363477
1478,2023-01-18,8.41555,7254.6399575493815
1479,2023-01-19,8.63004,7439.541446399755
1480,2023-01-20,8.26162,7121.944325218094
1481,2023-01-21,9.488,8179.147401801252
1482,2023-01-22,10.29675,8876.331788522033
1483,2023-01-23,11.77168,10147.797837988594
1484,2023-01-24,13.04347,11244.146686443148
1485,2023-01-25,10.46834,9024.251255498748
1486,2023-01-26,9.43879,8136.725833120536
1487,2023-01-27,9.05019,7801.732506777791
1488,2023-01-28,10.42166,8984.010677851606
1489,2023-01-29,11.75149,10130.393012309592
1490,2023-01-30,9.78071,8431.478581816138
1491,2023-01-31,9.26846,7989.892551401647
1492,2023-02-01,9.67851,8343.376888681223
1493,2023-02-02,8.83696,7617.917203185244
1494,2023-02-03,8.78144,7570.05608769747
1495,2023-02-04,10.24502,8831.737849325662
1496,2023-02-05,11.80953,10180.426498313022
1497,2023-02-06,10.47086,9026.423626014404
1498,2023-02-07,9.58893,8266.154289160422
1499,2023-02-08,9.56875,8248.758083999339
1500,2023-02-09,9.25206,7975.75490201405
1501,2023-02-10,9.32271,8036.658861113677
1502,2023-02-11,11.14713,9609.403391340726
1503,2023-02-12,12.7987,11033.142269333232
1504,2023-02-13,11.08783,9558.283720079467
1505,2023-02-14,10.34091,8914.399995653519
1506,2023-02-15,9.82739,8471.71915946328
1507,2023-02-16,9.76683,8419.513302944197
1508,2023-02-17,9.48547,8176.966410767677
1509,2023-02-18,11.10676,9574.602360500641
1510,2023-02-19,13.36773,11523.675600493325
1511,2023-02-20,10.50493,9055.793730565349
1512,2023-02-21,10.12642,8729.498506803146
1513,2023-02-22,9.55487,8236.792805127396
1514,2023-02-23,10.11254,8717.5332279312
1515,2023-02-24,9.86525,8504.356440305628
1516,2023-02-25,12.25365,10563.280940143542
1517,2023-02-26,13.13053,11319.196915448294
1518,2023-02-27,10.25006,8836.082590356971
1519,2023-02-28,10.53016,9077.543297275663
1520,2023-03-01,13.66045,11776.01540102613
1521,2023-03-02,9.98511,8607.681968085973
1522,2023-03-03,10.14282,8743.636156190745
1523,2023-03-04,13.13558,11323.550276997523
1524,2023-03-05,15.2565,13151.893163530862
1525,2023-03-06,11.94201,10294.631119707481
1526,2023-03-07,12.64856,10903.713813293345
1527,2023-03-08,11.44742,9868.268923938416
1528,2023-03-09,9.91571,8547.855573726254
1529,2023-03-10,9.34164,8052.97750153485
1530,2023-03-11,11.96346,10313.12213064431
1531,2023-03-12,14.14368,12192.584688438907
1532,2023-03-13,10.81152,9320.09018945218
1533,2023-03-14,11.50798,9920.474780457502
1534,2023-03-15,10.47843,9032.94935807929
1535,2023-03-16,10.59199,9130.843959570493
1536,2023-03-17,10.36362,8933.977191848177
1537,2023-03-18,12.08079,10414.266667391079
1538,2023-03-19,14.24966,12283.944937347307
1539,2023-03-20,11.214,9667.048794666869
1540,2023-03-21,11.34648,9781.253416061327
1541,2023-03-22,10.38128,8949.201026493603
1542,2023-03-23,10.35731,8928.537645041119
1543,2023-03-24,10.28161,8863.280324392263
1544,2023-03-25,12.22715,10540.436567657482
1545,2023-03-26,14.58275,12571.085768720197
1546,2023-03-27,10.83171,9337.49501513118
1547,2023-03-28,10.10371,8709.921310608488
1548,2023-03-29,9.74791,8403.20328304094
1549,2023-03-30,9.89174,8527.19219227377
1550,2023-03-31,9.60407,8279.205753290194
1551,2023-04-01,11.66443,10055.342783304446
1552,2023-04-02,13.61124,11733.593832345414
1553,2023-04-03,11.74392,10123.867280244705
1554,2023-04-04,11.3162,9755.150487801786
1555,2023-04-05,10.44941,9007.932615077574
1556,2023-04-06,10.96671,9453.872007041296
1557,2023-04-07,9.88796,8523.933636500286
1558,2023-04-08,11.42976,9853.04508929299
1559,2023-04-09,12.79239,11027.702722526172
1560,2023-04-10,11.31116,9750.805746770473
1561,2023-04-11,10.42796,8989.441604140746
1562,2023-04-12,9.90688,8540.24365640354
1563,2023-04-13,9.68104,8345.557879714797
1564,2023-04-14,9.71132,8371.66080797434
1565,2023-04-15,11.39317,9821.502614226389
1566,2023-04-16,12.72048,10965.71257816872
1567,2023-04-17,10.37245,8941.58910917089
1568,2023-04-18,10.11002,8715.360857415546
1569,2023-04-19,10.04945,8663.146380378541
1570,2023-04-20,9.60155,8277.033382774538
1571,2023-04-21,9.47159,8165.001131895735
1572,2023-04-22,11.09162,9561.55089637087
1573,2023-04-23,12.7066,10953.747299296774
1574,2023-04-24,10.10875,8714.2660516398
1575,2023-04-25,9.87155,8509.787366594766
1576,2023-04-26,9.64066,8310.748228356795
1577,2023-04-27,8.68303,7485.221570853956
1578,2023-04-28,8.54298,7364.49121739461
1579,2023-04-29,10.31315,8890.469437909633
1580,2023-04-30,11.30232,9743.18520892984
1581,2023-05-01,12.83529,11064.684744399832
1582,2023-05-02,10.3838,8951.37339700926
1583,2023-05-03,10.01413,8632.698711087687
1584,2023-05-04,9.39211,8096.485255473394
1585,2023-05-05,11.09036,9560.464711113042
1586,2023-05-06,11.13956,9602.877659275839
1587,2023-05-07,11.96724,10316.380686417793
1588,2023-05-08,10.7926,9303.780169548925
1589,2023-05-09,10.25133,8837.177396132718
1590,2023-05-10,10.04567,8659.887824605057
1591,2023-05-11,9.80847,8455.409139560026
1592,2023-05-12,9.5208,8207.422700576451
1593,2023-05-13,10.94022,9431.036255073155
1594,2023-05-14,12.31547,10616.572981920453
1595,2023-05-15,10.91877,9412.545244136327
1596,2023-05-16,11.39569,9823.674984742045
1597,2023-05-17,10.7661,9280.935797062864
1598,2023-05-18,9.72267,8381.44509581271
1599,2023-05-19,9.36183,8070.382327213851
1600,2023-05-20,10.57054,9112.352948633665
1601,2023-05-21,12.588,10851.507956774258
1602,2023-05-22,10.34974,8922.011912976233
1603,2023-05-23,10.11254,8717.5332279312
1604,2023-05-24,9.48547,8176.966410767677
1605,2023-05-25,8.9606,7724.501286739071
1606,2023-05-26,8.22377,7089.315664893665
1607,2023-05-27,9.82992,8473.900150496856
1608,2023-05-28,10.4696,9025.337440756575
1609,2023-05-29,10.92508,9417.984790943385
1610,2023-05-30,9.36183,8070.382327213851
1611,2023-05-31,8.86598,7642.9339461869595
1612,2023-06-01,8.63635,7444.980993206814
1613,2023-06-02,8.22377,7089.315664893665
1614,2023-06-03,8.82056,7603.779553797645
1615,2023-06-04,10.18193,8777.351001773
1616,2023-06-05,9.45898,8154.130658799538
1617,2023-06-06,10.43553,8995.967336205631
1618,2023-06-07,8.99341,7752.785206032189
1619,2023-06-08,9.05145,7802.818692035619
1620,2023-06-09,9.64319,8312.92921939037
1621,2023-06-10,9.5801,8258.542371837708
1622,2023-06-11,10.68661,9212.411300122605
1623,2023-06-12,9.63183,8303.13631103408
1624,2023-06-13,9.52963,8215.034617899164
1625,2023-06-14,9.06406,7813.689165131815
1626,2023-06-15,8.57579,7392.775136687728
1627,2023-06-16,10.6046,9141.714432666691
1628,2023-06-17,10.16932,8766.480528676804
1629,2023-06-18,11.51177,9923.741956748905
1630,2023-06-19,9.68987,8353.169797037512
1631,2023-06-20,9.17131,7906.144219815962
1632,2023-06-21,8.96817,7731.027018803958
1633,2023-06-22,8.74233,7536.341242115214
1634,2023-06-23,8.09382,6977.292034532779
1635,2023-06-24,8.72845,7524.37596324327
1636,2023-06-25,9.97501,8598.975244987512
1637,2023-06-26,8.70448,7503.712581790785
1638,2023-06-27,8.50387,7330.776371812353
1639,2023-06-28,8.60102,7414.524703398041
1640,2023-06-29,7.76577,6694.495944191201
1641,2023-06-30,7.21819,6222.453623967936
1642,2023-07-01,8.90004,7672.295430219986
1643,2023-07-02,10.09866,8705.56794905926
1644,2023-07-03,8.16069,7034.937437858924
1645,2023-07-04,8.34489,7193.727377931835
1646,2023-07-05,7.9462,6850.035949008549
1647,2023-07-06,7.57273,6528.085466277656
1648,2023-07-07,7.20179,6208.315974580338
1649,2023-07-08,7.99036,6888.104156140035
1650,2023-07-09,9.1057,7849.585001747647
1651,2023-07-10,7.87176,6785.86481361752
1652,2023-07-11,7.41754,6394.303648688539
1653,2023-07-12,7.48189,6449.776681499027
1654,2023-07-13,7.3532,6338.839236395971
1655,2023-07-14,7.29011,6284.4523888433105
1656,2023-07-15,7.7582,6687.970212126315
1657,2023-07-16,8.72214,7518.936416436211
1658,2023-07-17,7.77713,6704.288852547489
1659,2023-07-18,7.60301,6554.188394537199
1660,2023-07-19,6.93936,5982.087722824994
1661,2023-07-20,6.78164,5846.1249142023025
1662,2023-07-21,6.83968,5896.158400205733
1663,2023-07-22,7.61058,6560.714126602084
1664,2023-07-23,8.99846,7757.138567581418
1665,2023-07-24,7.57399,6529.171651535484
1666,2023-07-25,7.7847,6710.814584612374
1667,2023-07-26,7.37086,6354.063071041398
1668,2023-07-27,7.33806,6325.787772266199
1669,2023-07-28,7.02642,6057.137951830139
1670,2023-07-29,7.3267,6315.994863909911
1671,2023-07-30,8.40167,7242.674678677437
1672,2023-07-31,7.58787,6541.136930407427
1673,2023-08-01,7.16142,6173.514943740253
1674,2023-08-02,7.19044,6198.531686741969
1675,2023-08-03,6.87375,5925.528504756679
1676,2023-08-04,6.62267,5709.084540839704
1677,2023-08-05,7.45161,6423.6737532394845
1678,2023-08-06,8.40041,7241.588493419611
1679,2023-08-07,7.48189,6449.776681499027
1680,2023-08-08,7.4125,6389.958907657228
1681,2023-08-09,7.9626,6864.173598396148
1682,2023-08-10,7.61437,6563.981302893487
1683,2023-08-11,7.24343,6244.211811196169
1684,2023-08-12,7.99919,6895.716073462749
1685,2023-08-13,9.19528,7926.807601268447
1686,2023-08-14,8.20358,7071.910839214664
1687,2023-08-15,9.11832,7860.464095361763
1688,2023-08-16,8.22882,7093.669026442895
1689,2023-08-17,8.20611,7074.091830248238
1690,2023-08-18,8.90383,7675.5626065113875
1691,2023-08-19,8.56695,7385.154598847096
1692,2023-08-20,9.41229,8113.881460634477
1693,2023-08-21,8.41933,7257.898513322865
1694,2023-08-22,8.25531,7116.504778411035
1695,2023-08-23,8.72214,7518.936416436211
1696,2023-08-24,8.04082,6931.60328956066
1697,2023-08-25,8.25153,7113.246222637553
1698,2023-08-26,9.4186,8119.321007441534
1699,2023-08-27,10.66643,9195.015094961524
1700,2023-08-28,9.51828,8205.250330060797
1701,2023-08-29,9.71636,8376.005549005651
1702,2023-08-30,9.47412,8167.182122929308
1703,2023-08-31,9.58893,8266.154289160422
1704,2023-09-01,9.25963,7982.280634078935
1705,2023-09-02,10.94148,9432.122440330984
1706,2023-09-03,13.12422,11313.757368641234
1707,2023-09-04,11.75906,10136.918744374478
1708,2023-09-05,10.42292,8985.096863109435
1709,2023-09-06,9.47286,8166.095937671482
1710,2023-09-07,9.7845,8434.745758107541
1711,2023-09-08,9.98637,8608.7681533438
1712,2023-09-09,11.84864,10214.141343895277
1713,2023-09-10,14.22064,12258.92819434559
1714,2023-09-11,12.03663,10376.198460259593
1715,2023-09-12,11.02475,9503.905493044726
1716,2023-09-13,10.52385,9072.103750468603
1717,2023-09-14,10.96166,9449.518645492066
1718,2023-09-15,10.36993,8939.416738655234
1719,2023-09-16,12.55772,10825.405028514717
1720,2023-09-17,14.08312,12140.37883191982
1721,2023-09-18,11.57864,9981.387360075048
1722,2023-09-19,10.81531,9323.357365743583
1723,2023-09-20,10.72194,9242.867589931378
1724,2023-09-21,11.214,9667.048794666869
1725,2023-09-22,11.51934,9930.26768881379
1726,2023-09-23,13.96073,12034.872313105903
1727,2023-09-24,14.98145,12914.785818161403
1728,2023-09-25,11.42471,9848.691727743759
1729,2023-09-26,10.95283,9441.906728169353
1730,2023-09-27,9.63309,8304.222496291908
1731,2023-09-28,9.90562,8539.157471145714
1732,2023-09-29,9.81225,8458.66769533351
1733,2023-09-30,12.94506,11159.312169599634
1734,2023-10-01,14.93098,12871.278064222857
1735,2023-10-02,16.0438,13830.586539314812
1736,2023-10-03,16.92699,14591.942061426622
1737,2023-10-04,13.66423,11779.273956799614
1738,2023-10-05,13.33366,11494.305495942379
1739,2023-10-06,12.46561,10746.00143796034
1740,2023-10-07,13.5797,11706.404718828044
1741,2023-10-08,14.90827,12851.7008680282
1742,2023-10-09,14.86663,12815.80503141237
1743,2023-10-10,12.69272,10941.782020424831
1744,2023-10-11,12.31169,10613.314426146972
1745,2023-10-12,11.28466,9727.961374284416
1746,2023-10-13,10.77493,9288.547714385579
1747,2023-10-14,11.59378,9994.43882420482
1748,2023-10-15,13.88881,11972.87354823053
1749,2023-10-16,12.42524,10711.200407120257
1750,2023-10-17,11.46635,9884.58756435959
1751,2023-10-18,11.66191,10053.170412788792
1752,2023-10-19,10.99068,9474.53538849378
1753,2023-10-20,10.87587,9375.563222262668
1754,2023-10-21,11.86252,10226.106622767222
1755,2023-10-22,12.71543,10961.359216619489
1756,2023-10-23,11.15597,9617.023929181358
1757,2023-10-24,10.53521,9081.896658824891
1758,2023-10-25,9.9195,8551.122750017656
1759,2023-10-26,9.14607,7884.38603258773
1760,2023-10-27,9.16626,7901.790858266731
1761,2023-10-28,10.46834,9024.251255498748
1762,2023-10-29,11.77546,10151.056393762077
1763,2023-10-30,10.86073,9362.511758132896
1764,2023-10-31,10.06207,8674.025473992657
1765,2023-11-01,10.35731,8928.537645041119
1766,2023-11-02,9.66968,8335.764971358509
1767,2023-11-03,9.44384,8141.079194669766
1768,2023-11-04,10.52638,9074.284741502179
1769,2023-11-05,12.44795,10730.777603314915
1770,2023-11-06,10.94526,9435.380996104466
1771,2023-11-07,10.9705,9457.139183332698
1772,2023-11-08,10.26142,8845.87549871326
1773,2023-11-09,9.80595,8453.23676904437
1774,2023-11-10,10.58568,9125.404412763437
1775,2023-11-11,10.93012,9422.329531974696
1776,2023-11-12,13.01824,11222.397119732836
1777,2023-11-13,11.66065,10052.084227530964
1778,2023-11-14,10.79638,9307.038725322407
1779,2023-11-15,10.13399,8736.02423886803
1780,2023-11-16,9.71763,8377.100354781398
1781,2023-11-17,9.94473,8572.87231672797
1782,2023-11-18,10.51124,9061.233277372408
1783,2023-11-19,11.78556,10159.763116860537
1784,2023-11-20,11.41462,9839.993625163217
1785,2023-11-21,11.30989,9749.710940994726
1786,2023-11-22,10.59199,9130.843959570493
1787,2023-11-23,10.15291,8752.334258771285
1788,2023-11-24,10.32703,8902.434716781576
1789,2023-11-25,11.4512,9871.5274797119
1790,2023-11-26,11.98238,10329.432150547564
1791,2023-11-27,10.31567,8892.64180842529
1792,2023-11-28,9.95104,8578.311863535027
1793,2023-11-29,9.28612,8005.116386047075
1794,2023-11-30,9.32776,8041.0122226629055
1795,2023-12-01,9.51323,8200.896968511566
1796,2023-12-02,9.54603,8229.172267286764
1797,2023-12-03,11.10802,9575.688545758469
1798,2023-12-04,9.52711,8212.86224738351
1799,2023-12-05,9.2836,8002.94401553142
1800,2023-12-06,9.01486,7771.276216969019
1801,2023-12-07,8.71331,7511.324499113498
1802,2023-12-08,8.07237,6958.80102359595
1803,2023-12-09,9.13977,7878.955106298592
1804,2023-12-10,10.6803,9206.971753315549
1805,2023-12-11,9.69492,8357.52315858674
1806,2023-12-12,10.02927,8645.75017521746
1807,2023-12-13,9.23187,7958.3500763350485
1808,2023-12-14,9.47033,8163.914946637907
1809,2023-12-15,9.96366,8589.190957149143
1810,2023-12-16,10.62227,9156.946887830038
1811,2023-12-17,12.39874,10688.356034634198
1812,2023-12-18,11.34522,9780.1672308035
1813,2023-12-19,10.50998,9060.14709211458
1814,2023-12-20,10.08226,8691.430299671658
1815,2023-12-21,9.83875,8481.512067819569
1816,2023-12-22,9.0729,7821.309702972449
1817,2023-12-23,10.64498,9176.524084024695
1818,2023-12-24,11.55088,9957.45680233116
1819,2023-12-25,11.09667,9565.9042579201
1820,2023-12-26,9.26089,7983.366819336762
1821,2023-12-27,8.49251,7320.983463456066
1822,2023-12-28,7.91465,6822.83821497326
1823,2023-12-29,7.86419,6779.3390815526345
1824,2023-12-30,8.88364,7658.157780832386
1825,2023-12-31,9.74286,8398.849921491712
1826,2024-01-01,10.62605,9160.20544360352
1827,2024-01-02,9.84506,8486.951614626627
1828,2024-01-03,9.75548,8409.729015105828
1829,2024-01-04,9.37949,8085.6061618592785
1830,2024-01-05,8.96817,7731.027018803958
1831,2024-01-06,9.54225,8225.91371151328
1832,2024-01-07,11.23672,9686.634611379444
1833,2024-01-08,8.44331,7278.57051529327
1834,2024-01-09,9.13346,7873.515559491533
1835,2024-01-10,8.58209,7398.2060629768675
1836,2024-01-11,8.24017,7103.453314281264
1837,2024-01-12,8.10517,6987.076322371148
1838,2024-01-13,9.12841,7869.1621979423035
1839,2024-01-14,10.74339,9261.358600868209
1840,2024-01-15,8.78018,7568.969902439641
1841,2024-01-16,8.06858,6955.5338473045485
1842,2024-01-17,8.08751,6971.852487725722
1843,2024-01-18,7.97143,6871.7855157188615
1844,2024-01-19,8.0648,6952.275291531065
1845,2024-01-20,9.54477,8228.086082028936
1846,2024-01-21,9.93212,8562.001843631771
1847,2024-01-22,8.59345,7407.998971333156
1848,2024-01-23,8.39915,7240.502308161783
1849,2024-01-24,8.07994,6965.326755660837
1850,2024-01-25,7.68376,6623.799076735287
1851,2024-01-26,7.54371,6503.068723275941
1852,2024-01-27,8.59597,7410.17134184881
1853,2024-01-28,10.09235,8700.1284022522
1854,2024-01-29,9.18014,7913.7561371386755
1855,2024-01-30,8.58336,7399.300868752614
1856,2024-01-31,8.31587,7168.710634930121
1857,2024-02-01,8.16321,7037.109808374578
1858,2024-02-02,8.20737,7075.178015506064
1859,2024-02-03,9.26594,7987.720180885994
1860,2024-02-04,10.70932,9231.988496317263
1861,2024-02-05,9.74917,8404.289468298768
1862,2024-02-06,8.6149,7426.4899822699845
1863,2024-02-07,7.91592,6823.933020749007
1864,2024-02-08,7.91718,6825.019206006834
1865,2024-02-09,8.89878,7671.209244962158
1866,2024-02-10,8.7764,7565.711346666159
1867,2024-02-11,11.23419,9684.45362034587
1868,2024-02-12,13.09646,11289.826810897348
1869,2024-02-13,11.12442,9589.826195146068
1870,2024-02-14,10.48979,9042.742266435578
1871,2024-02-15,10.58946,9128.66296853692
1872,2024-02-16,10.34722,8919.839542460577
1873,2024-02-17,11.17489,9633.333949084612
1874,2024-02-18,12.72931,10973.324495491432
1875,2024-02-19,10.89984,9396.226603715151
1876,2024-02-20,11.06639,9539.801329660557
1877,2024-02-21,10.63867,9171.084537217635
1878,2024-02-22,10.04315,8657.715454089403
1879,2024-02-23,9.65328,8321.627321970911
1880,2024-02-24,11.61901,10016.188390915131
1881,2024-02-25,12.61197,10872.171338226743
1882,2024-02-26,10.46455,9020.984079207345
1883,2024-02-27,9.89048,8526.106007015942
1884,2024-02-28,9.38832,8093.218079181992
1885,2024-02-29,8.83822,7619.003388443072
1886,2024-03-01,11.19634,9651.82496002144
1887,2024-03-02,12.11738,10445.80914245768
1888,2024-03-03,12.41136,10699.235128248314
1889,2024-03-04,9.8438,8485.8654293688
1890,2024-03-05,10.59703,9135.188700601806
1891,2024-03-06,9.90057,8534.804109596484
1892,2024-03-07,9.71636,8376.005549005651
1893,2024-03-08,9.27855,7998.590653982189
1894,2024-03-09,11.32882,9766.029581415902
1895,2024-03-10,13.26175,11432.315351584924
1896,2024-03-11,11.14966,9611.5843823743
1897,2024-03-12,10.86451,9365.77031390638
1898,2024-03-13,11.5206,9931.353874071618
1899,2024-03-14,11.03106,9509.345039851783
1900,2024-03-15,11.00835,9489.767843657128
1901,2024-03-16,13.19992,11379.014689290092
1902,2024-03-17,15.37005,13249.779144504148
1903,2024-03-18,12.78735,11023.357981494863
1904,2024-03-19,11.90416,10262.002459383051
1905,2024-03-20,11.96472,10314.208315902139
1906,2024-03-21,10.97428,9460.397739106182
1907,2024-03-22,10.81909,9326.615921517065
1908,2024-03-23,13.43082,11578.062448045985
1909,2024-03-24,15.26155,13156.24652508009
1910,2024-03-25,11.90289,10260.907653607304
1911,2024-03-26,10.82792,9334.227838839779
1912,2024-03-27,10.58694,9126.490598021264
1913,2024-03-28,10.6639,9192.83410392795
1914,2024-03-29,10.10371,8709.921310608488
1915,2024-03-30,12.29528,10599.168156241452
1916,2024-03-31,13.45984,11603.0791910477
1917,2024-04-01,11.67957,10068.394247434218
1918,2024-04-02,11.41083,9836.726448871816
1919,2024-04-03,10.61722,9152.593526280807
1920,2024-04-04,10.43553,8995.967336205631
1921,2024-04-05,10.88975,9387.528501134611
1922,2024-04-06,11.99121,10337.044067870278
1923,2024-04-07,14.06419,12124.060191498647
1924,2024-04-08,11.98238,10329.432150547564
1925,2024-04-09,10.80017,9310.30590161381
1926,2024-04-10,13.44848,11593.286282691412
1927,2024-04-11,11.6985,10084.71288785539
1928,2024-04-12,11.88649,10246.770004219707
1929,2024-04-13,13.58348,11709.663274601526
1930,2024-04-14,14.37583,12392.710011934709
1931,2024-04-15,12.1136,10442.550586684196
1932,2024-04-16,11.27583,9720.3494569617
1933,2024-04-17,11.14209,9605.058650309415
1934,2024-04-18,11.26952,9714.909910154644
1935,2024-04-19,10.71942,9240.695219415724
1936,2024-04-20,12.22463,10538.264197141825
1937,2024-04-21,13.68946,11801.023523509926
1938,2024-04-22,11.39948,9826.942161033447
1939,2024-04-23,11.32882,9766.029581415902
1940,2024-04-24,10.39642,8962.252490623376
1941,2024-04-25,10.05072,8664.241186154288
1942,2024-04-26,10.66264,9191.74791867012
1943,2024-04-27,12.31673,10617.659167178283
1944,2024-04-28,13.9847,12055.535694558388
1945,2024-04-29,11.06891,9541.973700176213
1946,2024-04-30,10.79386,9304.866354806752
1947,2024-05-01,12.62333,10881.964246583031
1948,2024-05-02,12.24608,10556.755208078655
1949,2024-05-03,11.43985,9861.743191873531
1950,2024-05-04,12.79239,11027.702722526172
1951,2024-05-05,14.64584,12625.472616272857
1952,2024-05-06,14.19036,12232.825266086049
1953,2024-05-07,11.73761,10118.427733437647
1954,2024-05-08,11.22662,9677.927888280985
1955,2024-05-09,11.57233,9975.947813267989
1956,2024-05-10,11.30989,9749.710940994726
1957,2024-05-11,12.37603,10668.77883843954
1958,2024-05-12,13.82068,11914.141959646557
1959,2024-05-13,12.2915,10595.909600467969
1960,2024-05-14,10.92634,9419.070976201212
1961,2024-05-15,12.54005,10810.17257335137
1962,2024-05-16,10.49483,9047.08700746689
1963,2024-05-17,10.23997,8827.38448777643
1964,2024-05-18,11.71616,10099.936722500819
1965,2024-05-19,12.53248,10803.646841286483
1966,2024-05-20,10.74339,9261.358600868209
1967,2024-05-21,11.12316,9588.74000988824
1968,2024-05-22,10.70932,9231.988496317263
1969,2024-05-23,10.06838,8679.465020799715
1970,2024-05-24,9.94347,8571.78613147014
1971,2024-05-25,10.78755,9299.426807999695
1972,2024-05-26,12.30412,10606.788694082084
1973,2024-05-27,10.45825,9015.553152918206
1974,2024-05-28,10.10749,8713.179866381972
1975,2024-05-29,10.26899,8852.401230778147
1976,2024-05-30,9.65833,8325.98068352014
1977,2024-05-31,8.56569,7384.068413589268
1978,2024-06-01,10.36614,8936.149562363831
1979,2024-06-02,11.44616,9867.182738680589
1980,2024-06-03,9.85894,8498.916893498572
1981,2024-06-04,9.488,8179.147401801252
1982,2024-06-05,8.95303,7717.975554674185
1983,2024-06-06,10.35857,8929.623830298946
1984,2024-06-07,9.61038,8284.64530009725
1985,2024-06-08,10.6475,9178.69645454035
1986,2024-06-09,11.15723,9618.110114439185
1987,2024-06-10,9.488,8179.147401801252
1988,2024-06-11,9.33785,8049.710325243447
1989,2024-06-12,9.24953,7973.5739109804745
1990,2024-06-13,9.35426,8063.856595148965
1991,2024-06-14,9.96366,8589.190957149143
1992,2024-06-15,11.04241,9519.129327690152
1993,2024-06-16,11.6821,10070.575238467793
1994,2024-06-17,10.30053,8879.590344295517
1995,2024-06-18,9.93085,8560.907037856025
1996,2024-06-19,9.72141,8380.358910554882
1997,2024-06-20,9.6823,8346.644064972625
1998,2024-06-21,13.88629,11970.701177714875
1999,2024-06-22,12.61702,10876.524699775975
2000,2024-06-23,13.1053,11297.44734873798
2001,2024-06-24,12.13883,10464.30015339451
2002,2024-06-25,11.19634,9651.82496002144
2003,2024-06-26,10.15165,8751.248073513458
2004,2024-06-27,9.33281,8045.365584212137
2005,2024-06-28,8.78775,7575.495634504528
2006,2024-06-29,10.06459,8676.197844508313
2007,2024-06-30,11.36793,9799.744426998157
2008,2024-07-01,9.1978,7928.979971784103
2009,2024-07-02,9.2243,7951.824344270161
2010,2024-07-03,8.9543,7719.070360449932
2011,2024-07-04,8.80415,7589.633283892127
2012,2024-07-05,8.38779,7230.709399805495
2013,2024-07-06,9.51449,8201.983153769394
2014,2024-07-07,11.11433,9581.128092565526
2015,2024-07-08,9.79837,8446.702416461567
2016,2024-07-09,9.09435,7839.800713909278
2017,2024-07-10,8.94673,7712.544628385047
2018,2024-07-11,8.58714,7402.559424526097
2019,2024-07-12,9.29496,8012.736923887707
2020,2024-07-13,9.60912,8283.559114839425
2021,2024-07-14,10.32324,8899.167540490174
2022,2024-07-15,8.83191,7613.563841636014
2023,2024-07-16,8.55812,7377.542681524383
2024,2024-07-17,8.44205,7277.484330035441
2025,2024-07-18,7.82507,6745.615615452459
2026,2024-07-19,7.75316,6683.625471095004
2027,2024-07-20,7.93736,6842.415411167916
2028,2024-07-21,9.56875,8248.758083999339
2029,2024-07-22,8.5985,7412.352332882385
2030,2024-07-23,7.79732,6721.693678226491
2031,2024-07-24,7.39862,6377.993628785285
2032,2024-07-25,7.42007,6396.4846397221145
2033,2024-07-26,7.56012,6517.21499318146
2034,2024-07-27,8.4105,7250.286596000152
2035,2024-07-28,8.69817,7498.273034983727
2036,2024-07-29,7.71909,6654.255366544058
2037,2024-07-30,7.60301,6554.188394537199
2038,2024-07-31,7.49324,6459.560969337397
2039,2024-08-01,7.32922,6318.167234425567
2040,2024-08-02,7.44404,6417.148021174599
2041,2024-08-03,7.90204,6811.967741877063
2042,2024-08-04,9.29243,8010.555932854133
2043,2024-08-05,7.80615,6729.305595549204
2044,2024-08-06,8.08372,6968.585311434319
2045,2024-08-07,8.05975,6947.921929981834
2046,2024-08-08,7.65096,6595.523777960088
2047,2024-08-09,7.34184,6329.046328039683
2048,2024-08-10,8.56948,7387.33558988067
2049,2024-08-11,9.55487,8236.792805127396
2050,2024-08-12,8.89878,7671.209244962158
2051,2024-08-13,8.47611,7306.845814068467
2052,2024-08-14,7.95503,6857.647866331263
2053,2024-08-15,9.37192,8079.080429794392
2054,2024-08-16,8.30326,7157.840161833924
2055,2024-08-17,9.01107,7768.009040677615
2056,2024-08-18,10.12516,8728.412321545316
2057,2024-08-19,8.59597,7410.17134184881
2058,2024-08-20,8.23891,7102.367129023436
2059,2024-08-21,8.68177,7484.135385596128
2060,2024-08-22,8.25657,7117.590963668863
2061,2024-08-23,8.34489,7193.727377931835
2062,2024-08-24,9.31388,8029.046943790961
2063,2024-08-25,10.17815,8774.092445999519
2064,2024-08-26,9.86777,8506.528810821284
2065,2024-08-27,9.17257,7907.23040507379
2066,2024-08-28,9.12589,7866.989827426648
2067,2024-08-29,9.23692,7962.703437884277
2068,2024-08-30,8.75369,7546.134150471502
2069,2024-08-31,10.73708,9255.91905406115
2070,2024-09-01,12.51103,10785.155830349655
2071,2024-09-02,10.6904,9215.678476414008
2072,2024-09-03,10.24123,8828.470673034259
2073,2024-09-04,10.17815,8774.092445999519
2074,2024-09-05,9.73277,8390.15181891117
2075,2024-09-06,10.20212,8794.755827452003
2076,2024-09-07,10.99068,9474.53538849378
2077,2024-09-08,13.14819,11334.42075009372
2078,2024-09-09,10.69671,9221.118023221066
2079,2024-09-10,9.75169,8406.461838814424
2080,2024-09-11,10.15039,8750.16188825563
2081,2024-09-12,9.2836,8002.94401553142
2082,2024-09-13,9.37949,8085.6061618592785
2083,2024-09-14,10.96166,9449.518645492066
2084,2024-09-15,11.98617,10332.699326838967
2085,2024-09-16,10.59577,9134.102515343977
2086,2024-09-17,11.03106,9509.345039851783
2087,2024-09-18,13.16207,11346.386028965664
2088,2024-09-19,11.32125,9759.503849351015
2089,2024-09-20,10.81278,9321.176374710007
2090,2024-09-21,13.50526,11642.233583437013
2091,2024-09-22,15.27416,13167.116998176289
2092,2024-09-23,13.50399,11641.138777661266
2093,2024-09-24,12.80375,11037.495630882462
2094,2024-09-25,12.16911,10490.40308165405
2095,2024-09-26,12.49842,10774.285357253459
2096,2024-09-27,12.49716,10773.19917199563
2097,2024-09-28,13.71848,11826.04026651164
2098,2024-09-29,14.13737,12187.145141631849
2099,2024-09-30,12.0543,10391.430915422938
