,date,헤지스,헤지스_absolute
0,2019-01-01,4.57114,3940.5594281481635
1,2019-01-02,4.79699,4135.253825354826
2,2019-01-03,4.57493,3943.8266044395664
3,2019-01-04,4.42478,3814.389527881761
4,2019-01-05,5.01779,4325.594861012259
5,2019-01-06,5.28274,4553.995483283258
6,2019-01-07,4.88026,4207.0368780685685
7,2019-01-08,4.65063,4009.083925088423
8,2019-01-09,4.45254,3838.320085625648
9,2019-01-10,4.35791,3756.744124555618
10,2019-01-11,4.26076,3672.9957929699312
11,2019-01-12,4.3882,3782.8556733330797
12,2019-01-13,4.95344,4270.12182820177
13,2019-01-14,4.55096,3923.1632229870816
14,2019-01-15,4.34151,3742.6064751680187
15,2019-01-16,4.25067,3664.29769038939
16,2019-01-17,4.04754,3489.189109895304
17,2019-01-18,4.12324,3554.4464305441606
18,2019-01-19,4.61404,3977.5414500218226
19,2019-01-20,4.92063,4241.837908908653
20,2019-01-21,4.62161,3984.0671820867087
21,2019-01-22,6.79805,5860.271184107821
22,2019-01-23,5.08718,4385.412634854058
23,2019-01-24,4.57745,3945.9989749552215
24,2019-01-25,4.34656,3746.9598367172484
25,2019-01-26,4.64684,4005.816748797021
26,2019-01-27,5.53761,4773.706623491636
27,2019-01-28,5.02031,4327.767231527914
28,2019-01-29,4.43362,3822.010065722394
29,2019-01-30,4.34151,3742.6064751680187
30,2019-01-31,4.13712,3566.4117094161047
31,2019-02-01,3.79267,3269.4779696869264
32,2019-02-02,4.33016,3732.8221873296493
33,2019-02-03,4.47778,3860.07827285388
34,2019-02-04,3.76113,3242.288856169556
35,2019-02-05,4.42352,3813.303342623933
36,2019-02-06,5.93757,5118.492858190669
37,2019-02-07,6.12556,5280.549974554983
38,2019-02-08,5.74579,4953.168565534952
39,2019-02-09,6.08645,5246.835128972727
40,2019-02-10,6.66052,5741.7132011641315
41,2019-02-11,5.82906,5024.951618248694
42,2019-02-12,5.41144,4664.941548904234
43,2019-02-13,5.18559,4470.247151697572
44,2019-02-14,5.32059,4586.624143607686
45,2019-02-15,4.92947,4249.458446749286
46,2019-02-16,5.27139,4544.211195444889
47,2019-02-17,6.04607,5212.025477614724
48,2019-02-18,5.25372,4528.978740281543
49,2019-02-19,5.13765,4428.920388792601
50,2019-02-20,4.86386,4192.89922868097
51,2019-02-21,4.42731,3816.570518915336
52,2019-02-22,4.3882,3782.8556733330797
53,2019-02-23,5.02031,4327.767231527914
54,2019-02-24,5.77985,4982.530049567978
55,2019-02-25,5.24363,4520.280637701001
56,2019-02-26,4.93451,4253.803187780597
57,2019-02-27,5.1061,4401.722654757312
58,2019-02-28,4.6153,3978.627635279651
59,2019-03-01,5.51111,4750.862251005576
60,2019-03-02,5.5641,4796.542375459775
61,2019-03-03,5.95397,5132.6305075782675
62,2019-03-04,4.76544,4108.056091319537
63,2019-03-05,4.43866,3826.354806753704
64,2019-03-06,4.33142,3733.9083725874766
65,2019-03-07,4.30492,3711.0640001014176
66,2019-03-08,4.19768,3618.61756593519
67,2019-03-09,4.83736,4170.054856194911
68,2019-03-10,6.05238,5217.465024421782
69,2019-03-11,4.98498,4297.310941719141
70,2019-03-12,4.29357,3701.2797122630486
71,2019-03-13,4.22291,3640.3671326455024
72,2019-03-14,4.08413,3520.7315849619044
73,2019-03-15,4.06141,3501.1457682493287
74,2019-03-16,4.79573,4134.167640096998
75,2019-03-17,5.25625,4531.159731315117
76,2019-03-18,4.73012,4077.608422028683
77,2019-03-19,5.03671,4341.904880915513
78,2019-03-20,5.31933,4585.537958349859
79,2019-03-21,4.79951,4137.426195870482
80,2019-03-22,4.16866,3593.600822933475
81,2019-03-23,4.41091,3802.432869527737
82,2019-03-24,5.30545,4573.572679477916
83,2019-03-25,4.75661,4100.444173996823
84,2019-03-26,4.74147,4087.3927098670515
85,2019-03-27,4.58124,3949.2661512466243
86,2019-03-28,4.20146,3621.876121708673
87,2019-03-29,3.99959,3447.853726472415
88,2019-03-30,4.51689,3893.7931184361364
89,2019-03-31,5.16414,4451.756140760742
90,2019-04-01,4.27969,3689.3144333911055
91,2019-04-02,4.27843,3688.2282481332772
92,2019-04-03,3.98445,3434.802262342643
93,2019-04-04,3.85702,3324.9510024974143
94,2019-04-05,3.68669,3178.1177207785267
95,2019-04-06,4.37432,3770.8903944611357
96,2019-04-07,5.15153,4440.8856676645455
97,2019-04-08,4.77428,4115.676629160169
98,2019-04-09,4.31502,3719.7707231998775
99,2019-04-10,3.91506,3374.9844885008447
100,2019-04-11,3.76239,3243.3750414273836
101,2019-04-12,3.4394,2964.940933152954
102,2019-04-13,3.75608,3237.9354946203257
103,2019-04-14,4.4538,3839.4062708834763
104,2019-04-15,3.89108,3354.3124865304403
105,2019-04-16,4.00338,3451.1209027638174
106,2019-04-17,3.78384,3261.866052364213
107,2019-04-18,3.71066,3198.781102231011
108,2019-04-19,4.57114,3940.5594281481635
109,2019-04-20,4.34025,3741.5202899101905
110,2019-04-21,4.80582,4142.86574267754
111,2019-04-22,5.15405,4443.058038180201
112,2019-04-23,4.48282,3864.4230138851913
113,2019-04-24,4.17623,3600.126554998361
114,2019-04-25,4.06141,3501.1457682493287
115,2019-04-26,3.75608,3237.9354946203257
116,2019-04-27,3.69678,3186.815823359068
117,2019-04-28,4.27969,3689.3144333911055
118,2019-04-29,4.33268,3734.994557845305
119,2019-04-30,3.74599,3229.2373920397845
120,2019-05-01,4.42857,3817.6567041731632
121,2019-05-02,4.19894,3619.703751193018
122,2019-05-03,3.99202,3441.3279944075293
123,2019-05-04,4.00085,3448.9399117302423
124,2019-05-05,4.45128,3837.2339003678203
125,2019-05-06,4.87647,4203.769701777167
126,2019-05-07,4.73012,4077.608422028683
127,2019-05-08,4.81717,4152.650030515909
128,2019-05-09,3.97562,3427.19034501993
129,2019-05-10,3.72833,3214.0135573943576
130,2019-05-11,3.8444,3314.0719088832984
131,2019-05-12,4.42605,3815.4843336575077
132,2019-05-13,4.39324,3787.20041436439
133,2019-05-14,4.22165,3639.280947387675
134,2019-05-15,4.09548,3530.515872800274
135,2019-05-16,4.1245,3555.532615801989
136,2019-05-17,4.09674,3531.6020580581007
137,2019-05-18,3.72833,3214.0135573943576
138,2019-05-19,4.30997,3715.4173616506478
139,2019-05-20,4.10684,3540.3087811565615
140,2019-05-21,3.91506,3374.9844885008447
141,2019-05-22,4.09422,3529.4296875424457
142,2019-05-23,3.75987,3241.202670911728
143,2019-05-24,3.53781,3049.775449996468
144,2019-05-25,3.45454,2977.9923972827255
145,2019-05-26,4.0488,3490.2752951531315
146,2019-05-27,3.81791,3291.236156915158
147,2019-05-28,3.53781,3049.775449996468
148,2019-05-29,3.50753,3023.6725217369253
149,2019-05-30,3.20472,2762.6346186235783
150,2019-05-31,2.96121,2552.716386771489
151,2019-06-01,3.36369,2899.674991986178
152,2019-06-02,3.75104,3233.5907535890146
153,2019-06-03,3.63622,3134.609966839982
154,2019-06-04,3.47472,2995.388602443808
155,2019-06-05,3.6072,3109.5932238382675
156,2019-06-06,3.65767,3153.1009777768118
157,2019-06-07,3.5744,3081.3179250630687
158,2019-06-08,3.33215,2872.485878468807
159,2019-06-09,3.56557,3073.7060077403557
160,2019-06-10,3.4886,3007.3538813157516
161,2019-06-11,3.76491,3245.547411943039
162,2019-06-12,3.71192,3199.8672874888393
163,2019-06-13,3.58575,3091.1022129014377
164,2019-06-14,3.26907,2818.1076514340666
165,2019-06-15,3.48608,3005.181510800096
166,2019-06-16,3.74473,3228.1512067819567
167,2019-06-17,3.78132,3259.6936818485574
168,2019-06-18,3.78889,3266.219413913443
169,2019-06-19,3.73337,3218.358298425668
170,2019-06-20,3.87216,3338.0024666271856
171,2019-06-21,3.71066,3198.781102231011
172,2019-06-22,3.59206,3096.5417597084956
173,2019-06-23,4.03997,3482.6633778304185
174,2019-06-24,3.73716,3221.625474717071
175,2019-06-25,3.60973,3111.7742148718417
176,2019-06-26,3.65515,3150.9286072611562
177,2019-06-27,3.14037,2707.16158581309
178,2019-06-28,3.24005,2793.090908432351
179,2019-06-29,3.83809,3308.6323620762405
180,2019-06-30,3.96679,3419.5784276972167
181,2019-07-01,3.73968,3223.7978452327266
182,2019-07-02,4.88783,4213.562610133455
183,2019-07-03,3.84819,3317.3390851747013
184,2019-07-04,3.76744,3247.728402976614
185,2019-07-05,3.63244,3131.3514110664987
186,2019-07-06,3.61477,3116.1189559031527
187,2019-07-07,4.0324,3476.1376457655324
188,2019-07-08,4.11188,3544.6535221878726
189,2019-07-09,3.66776,3161.7990803573525
190,2019-07-10,3.98571,3435.8884476004714
191,2019-07-11,3.85197,3320.597640948184
192,2019-07-12,3.52645,3039.98254164018
193,2019-07-13,3.7523,3234.6769388468424
194,2019-07-14,4.20273,3622.97092748442
195,2019-07-15,3.86585,3332.5629198201277
196,2019-07-16,3.65515,3150.9286072611562
197,2019-07-17,4.12828,3558.7911715754717
198,2019-07-18,3.97814,3429.3627155355853
199,2019-07-19,3.36748,2902.9421682775805
200,2019-07-20,3.69804,3187.9020086168957
201,2019-07-21,3.86459,3331.4767345623004
202,2019-07-22,3.58575,3091.1022129014377
203,2019-07-23,3.51005,3025.844892252581
204,2019-07-24,3.48482,3004.0953255422683
205,2019-07-25,3.3801,2913.8212618916964
206,2019-07-26,3.18075,2741.9712371710934
207,2019-07-27,3.54033,3051.9478205121236
208,2019-07-28,3.86585,3332.5629198201277
209,2019-07-29,3.66019,3155.2733482924673
210,2019-07-30,3.4558,2979.0785825405533
211,2019-07-31,3.45832,2981.250953056209
212,2019-08-01,3.43687,2962.759942119379
213,2019-08-02,3.38388,2917.0798176651797
214,2019-08-03,3.47094,2992.1300466703246
215,2019-08-04,3.53276,3045.422088447238
216,2019-08-05,3.50879,3024.758706994753
217,2019-08-06,3.62487,3124.8256790016135
218,2019-08-07,3.74977,3232.4959478132673
219,2019-08-08,3.47346,2994.30241718598
220,2019-08-09,3.54412,3055.214996803526
221,2019-08-10,3.36496,2900.769797761925
222,2019-08-11,3.77248,3252.0731440079244
223,2019-08-12,3.99454,3443.500364923185
224,2019-08-13,3.88856,3352.140116014785
225,2019-08-14,3.66776,3161.7990803573525
226,2019-08-15,4.24436,3658.858143582332
227,2019-08-16,3.70688,3195.5225464575283
228,2019-08-17,3.62613,3125.911864259441
229,2019-08-18,4.07782,3515.2920381548465
230,2019-08-19,3.87721,3342.355828176416
231,2019-08-20,3.81034,3284.7104248502724
232,2019-08-21,3.97688,3428.276530277758
233,2019-08-22,3.77879,3257.5126908149828
234,2019-08-23,3.5643,3072.6112019646084
235,2019-08-24,3.98067,3431.5437065691603
236,2019-08-25,4.39829,3791.553775913621
237,2019-08-26,4.29483,3702.3658975208764
238,2019-08-27,4.19389,3615.3503896437874
239,2019-08-28,4.098,3532.688243315929
240,2019-08-29,4.01221,3458.7328200865304
241,2019-08-30,3.98445,3434.802262342643
242,2019-08-31,3.9731,3425.0179745042747
243,2019-09-01,5.04933,4352.78397452963
244,2019-09-02,5.15026,4439.790861888799
245,2019-09-03,4.88909,4214.648795391283
246,2019-09-04,4.61026,3974.2828942483397
247,2019-09-05,4.54591,3918.8098614378514
248,2019-09-06,4.18506,3607.738472321074
249,2019-09-07,4.88909,4214.648795391283
250,2019-09-08,5.23227,4510.487729344713
251,2019-09-09,4.4538,3839.4062708834763
252,2019-09-10,3.97183,3423.923168728528
253,2019-09-11,3.7359,3220.5392894592433
254,2019-09-12,3.54159,3053.0340057699514
255,2019-09-13,3.48356,3003.009140284441
256,2019-09-14,4.85755,4187.459681873912
257,2019-09-15,5.16288,4450.6699555029145
258,2019-09-16,5.11367,4408.248386822198
259,2019-09-17,5.11115,4406.076016306542
260,2019-09-18,4.9976,4308.190035333257
261,2019-09-19,4.59764,3963.4038006342234
262,2019-09-20,4.43993,3827.4496125294518
263,2019-09-21,5.07835,4377.800717531344
264,2019-09-22,5.9199,5103.260403027322
265,2019-09-23,5.18559,4470.247151697572
266,2019-09-24,5.07204,4372.361170724286
267,2019-09-25,4.90549,4228.786444778882
268,2019-09-26,4.46137,3845.932002948361
269,2019-09-27,4.10179,3535.955419607332
270,2019-09-28,4.13712,3566.4117094161047
271,2019-09-29,4.82222,4157.0033920651385
272,2019-09-30,4.42983,3818.742889430991
273,2019-10-01,4.3289,3731.7360020718215
274,2019-10-02,4.33268,3734.994557845305
275,2019-10-03,4.62792,3989.5067288937657
276,2019-10-04,4.28852,3696.9263507138185
277,2019-10-05,4.67839,4033.014482832311
278,2019-10-06,5.17928,4464.807604890514
279,2019-10-07,5.17802,4463.721419632686
280,2019-10-08,5.10232,4398.464098983829
281,2019-10-09,5.73065,4940.11710140518
282,2019-10-10,5.55779,4791.102828652717
283,2019-10-11,4.52698,3902.4912210166776
284,2019-10-12,4.40964,3801.338063751989
285,2019-10-13,5.19442,4477.859069020285
286,2019-10-14,4.82348,4158.089577322967
287,2019-10-15,5.19442,4477.859069020285
288,2019-10-16,5.24741,4523.539193474485
289,2019-10-17,4.91811,4239.665538392997
290,2019-10-18,4.93325,4252.717002522769
291,2019-10-19,4.87395,4201.597331261511
292,2019-10-20,5.30924,4576.839855769317
293,2019-10-21,5.38746,4644.26954693383
294,2019-10-22,5.01148,4320.1553142052
295,2019-10-23,4.7932,4131.986649063423
296,2019-10-24,4.55474,3926.4217787605644
297,2019-10-25,4.10431,3538.127790122987
298,2019-10-26,4.83358,4166.796300421427
299,2019-10-27,5.79121,4992.322957924266
300,2019-10-28,5.37989,4637.743814868943
301,2019-10-29,5.23732,4514.841090893944
302,2019-10-30,4.66325,4019.963018702539
303,2019-10-31,4.62792,3989.5067288937657
304,2019-11-01,4.81591,4151.563845258081
305,2019-11-02,5.46443,4710.621673358434
306,2019-11-03,5.66251,4881.376892303289
307,2019-11-04,5.93,5111.967126125783
308,2019-11-05,5.57798,4808.507654331719
309,2019-11-06,5.40008,4655.148640547945
310,2019-11-07,5.38368,4641.010991160347
311,2019-11-08,5.8177,5015.1587098924065
312,2019-11-09,5.8114,5009.727783603267
313,2019-11-10,6.62898,5714.5240876467615
314,2019-11-11,6.09654,5255.533231553269
315,2019-11-12,5.71046,4922.712275726179
316,2019-11-13,5.82023,5017.339700925981
317,2019-11-14,6.32996,5456.753360824816
318,2019-11-15,5.95397,5132.6305075782675
319,2019-11-16,6.3451,5469.804824954588
320,2019-11-17,7.51722,6480.232971307801
321,2019-11-18,6.65421,5736.273654357074
322,2019-11-19,6.78922,5852.659266785108
323,2019-11-20,6.55201,5648.171961222157
324,2019-11-21,5.77354,4977.09050276092
325,2019-11-22,5.18811,4472.419522213227
326,2019-11-23,5.67135,4888.997430143922
327,2019-11-24,6.14449,5296.868614976157
328,2019-11-25,5.81266,5010.813968861095
329,2019-11-26,5.46947,4714.966414389745
330,2019-11-27,5.62593,4849.843037754608
331,2019-11-28,5.35971,4620.347609707862
332,2019-11-29,4.86512,4193.985413938798
333,2019-11-30,5.41648,4669.286289935545
334,2019-12-01,6.55832,5653.611508029215
335,2019-12-02,5.64107,4862.89450188438
336,2019-12-03,5.68018,4896.609347466636
337,2019-12-04,5.30293,4571.400308962259
338,2019-12-05,5.47578,4720.405961196803
339,2019-12-06,5.27517,4547.469751218372
340,2019-12-07,5.49976,4741.077963167207
341,2019-12-08,6.31229,5441.52090566147
342,2019-12-09,5.75462,4960.780482857665
343,2019-12-10,5.29914,4568.133132670857
344,2019-12-11,5.28022,4551.823112767603
345,2019-12-12,5.04554,4349.516798238226
346,2019-12-13,4.61278,3976.455264763995
347,2019-12-14,5.01148,4320.1553142052
348,2019-12-15,5.78616,4987.9695963750355
349,2019-12-16,5.742,4949.901389243549
350,2019-12-17,5.9792,5154.38007428858
351,2019-12-18,5.65242,4872.678789722749
352,2019-12-19,5.72181,4932.496563564547
353,2019-12-20,5.32816,4593.149875672571
354,2019-12-21,5.48588,4729.112684295263
355,2019-12-22,6.47757,5584.000825831128
356,2019-12-23,5.91107,5095.648485704609
357,2019-12-24,5.19316,4476.772883762457
358,2019-12-25,6.31229,5441.52090566147
359,2019-12-26,5.55275,4786.758087621406
360,2019-12-27,4.95975,4275.561375008828
361,2019-12-28,5.22344,4502.875812022
362,2019-12-29,5.89845,5084.769392090494
363,2019-12-30,5.17802,4463.721419632686
364,2019-12-31,4.59259,3959.0504390849937
365,2020-01-01,4.90928,4232.053621070284
366,2020-01-02,5.00012,4310.362405848912
367,2020-01-03,4.63549,3996.032460958652
368,2020-01-04,5.43415,4684.518745098891
369,2020-01-05,5.6335,4856.3687698194935
370,2020-01-06,5.27896,4550.736927509774
371,2020-01-07,4.89414,4219.002156940513
372,2020-01-08,4.7011,4052.591679026968
373,2020-01-09,4.74904,4093.918441931937
374,2020-01-10,3.91253,3372.8034974672696
375,2020-01-11,4.13712,3566.4117094161047
376,2020-01-12,4.62666,3988.4205436359384
377,2020-01-13,4.17371,3597.954184482705
378,2020-01-14,4.03492,3478.3100162811875
379,2020-01-15,3.9138,3373.898303243017
380,2020-01-16,3.67029,3163.9800713909276
381,2020-01-17,3.76744,3247.728402976614
382,2020-01-18,3.95543,3409.785519340928
383,2020-01-19,4.63423,3994.9462757008237
384,2020-01-20,4.15604,3582.721729319359
385,2020-01-21,3.71571,3203.1344637802417
386,2020-01-22,3.74851,3231.40976255544
387,2020-01-23,3.57314,3080.231739805241
388,2020-01-24,3.49617,3013.8796133806372
389,2020-01-25,3.82926,3301.020444753527
390,2020-01-26,4.8954,4220.088342198341
391,2020-01-27,5.18811,4472.419522213227
392,2020-01-28,4.63927,3999.2910167321347
393,2020-01-29,4.48408,3865.5091991430186
394,2020-01-30,4.30871,3714.3311763928195
395,2020-01-31,3.90118,3363.019209628901
396,2020-02-01,4.36044,3758.9251155891916
397,2020-02-02,4.73138,4078.6946072865103
398,2020-02-03,4.25824,3670.8234224542753
399,2020-02-04,3.93272,3390.2083231462716
400,2020-02-05,4.13586,3565.325524158277
401,2020-02-06,4.22922,3645.8066794525603
402,2020-02-07,4.35034,3750.2183924907317
403,2020-02-08,4.73516,4081.953163059993
404,2020-02-09,5.10232,4398.464098983829
405,2020-02-10,4.57493,3943.8266044395664
406,2020-02-11,4.73643,4083.047968835741
407,2020-02-12,4.75661,4100.444173996823
408,2020-02-13,4.54465,3917.7236761800236
409,2020-02-14,4.48156,3863.336828627363
410,2020-02-15,4.84493,4176.580588259796
411,2020-02-16,5.13008,4422.394656727716
412,2020-02-17,4.63801,3998.204831474308
413,2020-02-18,4.26581,3677.3491545191614
414,2020-02-19,4.11945,3551.179254252758
415,2020-02-20,3.95543,3409.785519340928
416,2020-02-21,3.39776,2929.045096537123
417,2020-02-22,3.60594,3108.5070385804393
418,2020-02-23,3.56052,3069.352646191125
419,2020-02-24,3.29808,2843.115773917862
420,2020-02-25,3.44444,2969.285674184265
421,2020-02-26,3.36748,2902.9421682775805
422,2020-02-27,3.50248,3019.319160187695
423,2020-02-28,3.2615,2811.5819193691805
424,2020-02-29,3.53276,3045.422088447238
425,2020-03-01,4.24436,3658.858143582332
426,2020-03-02,3.56178,3070.4388314489534
427,2020-03-03,3.82043,3293.4085274308136
428,2020-03-04,3.91001,3370.6311269516145
429,2020-03-05,3.67533,3168.3248124222387
430,2020-03-06,3.30565,2849.6415059827477
431,2020-03-07,3.85828,3326.0371877552425
432,2020-03-08,4.44119,3828.535797787279
433,2020-03-09,4.20903,3628.401853773559
434,2020-03-10,4.42731,3816.570518915336
435,2020-03-11,3.84945,3318.4252704325286
436,2020-03-12,3.78384,3261.866052364213
437,2020-03-13,3.79141,3268.3917844290986
438,2020-03-14,3.82295,3295.580897946469
439,2020-03-15,4.63675,3997.1186462164796
440,2020-03-16,4.02104,3466.3447374092443
441,2020-03-17,3.60846,3110.679409096095
442,2020-03-18,3.6072,3109.5932238382675
443,2020-03-19,3.73716,3221.625474717071
444,2020-03-20,3.67786,3170.5058034558133
445,2020-03-21,3.97688,3428.276530277758
446,2020-03-22,4.55222,3924.2494082449093
447,2020-03-23,4.21282,3631.669030064961
448,2020-03-24,3.98824,3438.0694386340456
449,2020-03-25,3.65136,3147.6614309697534
450,2020-03-26,4.04754,3489.189109895304
451,2020-03-27,3.73337,3218.358298425668
452,2020-03-28,3.96426,3417.3974366636417
453,2020-03-29,4.47021,3853.552540788994
454,2020-03-30,3.97057,3422.8369834706996
455,2020-03-31,3.87847,3343.442013434244
456,2020-04-01,3.96805,3420.664612955044
457,2020-04-02,3.8015,3277.08988700964
458,2020-04-03,3.82548,3297.761888980044
459,2020-04-04,3.85828,3326.0371877552425
460,2020-04-05,4.15226,3579.463173545876
461,2020-04-06,4.19263,3614.26420438596
462,2020-04-07,3.93777,3394.5616846955018
463,2020-04-08,4.94965,4266.854651910368
464,2020-04-09,4.33016,3732.8221873296493
465,2020-04-10,3.77879,3257.5126908149828
466,2020-04-11,3.95417,3408.699334083101
467,2020-04-12,4.4803,3862.2506433695353
468,2020-04-13,3.95922,3413.052695632331
469,2020-04-14,3.57187,3079.136934029494
470,2020-04-15,4.25698,3669.7372371964484
471,2020-04-16,3.72833,3214.0135573943576
472,2020-04-17,3.68795,3179.203906036354
473,2020-04-18,3.91127,3371.717312209442
474,2020-04-19,4.38693,3781.760867557333
475,2020-04-20,3.66524,3159.626709841697
476,2020-04-21,3.61856,3119.3861321945556
477,2020-04-22,3.8709,3336.916281369358
478,2020-04-23,3.69174,3182.4710823277564
479,2020-04-24,3.74094,3224.8840304905543
480,2020-04-25,4.01347,3459.8190053443586
481,2020-04-26,4.77806,4118.935184933653
482,2020-04-27,4.43362,3822.010065722394
483,2020-04-28,4.09043,3526.162511251043
484,2020-04-29,3.89739,3359.7520333374987
485,2020-04-30,4.22291,3640.3671326455024
486,2020-05-01,4.68848,4041.712585412852
487,2020-05-02,5.00012,4310.362405848912
488,2020-05-03,5.38746,4644.26954693383
489,2020-05-04,5.607,4833.5243973334345
490,2020-05-05,5.8278,5023.865432990866
491,2020-05-06,5.73822,4946.642833470066
492,2020-05-07,5.45307,4700.828765002146
493,2020-05-08,5.16162,4449.583770245087
494,2020-05-09,4.5825,3950.3523365044516
495,2020-05-10,4.3617,3760.01130084702
496,2020-05-11,4.691,4043.884955928507
497,2020-05-12,4.28726,3695.8401654559907
498,2020-05-13,4.2002,3620.7899364508453
499,2020-05-14,4.27969,3689.3144333911055
500,2020-05-15,4.03997,3482.6633778304185
501,2020-05-16,4.14216,3570.756450447415
502,2020-05-17,4.81087,4147.2191042267705
503,2020-05-18,4.5131,3890.5259421447336
504,2020-05-19,4.17244,3596.859378706958
505,2020-05-20,3.94912,3404.3459725338707
506,2020-05-21,3.86585,3332.5629198201277
507,2020-05-22,3.95669,3410.8717045987564
508,2020-05-23,4.19137,3613.1780191281323
509,2020-05-24,4.68343,4037.359223863622
510,2020-05-25,4.33016,3732.8221873296493
511,2020-05-26,4.06772,3506.5853150563858
512,2020-05-27,4.15352,3580.549358803704
513,2020-05-28,3.3107,2853.9948675319783
514,2020-05-29,3.24509,2797.4356494636622
515,2020-05-30,3.54286,3054.1288115456987
516,2020-05-31,4.09674,3531.6020580581007
517,2020-06-01,4.02735,3471.7842842163022
518,2020-06-02,3.87973,3344.5281986920713
519,2020-06-03,3.62613,3125.911864259441
520,2020-06-04,3.75608,3237.9354946203257
521,2020-06-05,3.61351,3115.0327706453254
522,2020-06-06,3.83305,3304.2876210449294
523,2020-06-07,4.3289,3731.7360020718215
524,2020-06-08,3.88099,3345.6143839498995
525,2020-06-09,3.90118,3363.019209628901
526,2020-06-10,3.8608,3328.2095582708976
527,2020-06-11,3.92137,3380.4240353079026
528,2020-06-12,3.86711,3333.6491050779555
529,2020-06-13,4.15352,3580.549358803704
530,2020-06-14,4.56988,3939.473242890336
531,2020-06-15,4.10179,3535.955419607332
532,2020-06-16,3.9302,3388.035952630616
533,2020-06-17,3.74725,3230.3235772976122
534,2020-06-18,4.03113,3475.0428399897855
535,2020-06-19,3.84945,3318.4252704325286
536,2020-06-20,4.49292,3873.129736983651
537,2020-06-21,4.34151,3742.6064751680187
538,2020-06-22,3.93524,3392.3806936619267
539,2020-06-23,3.79267,3269.4779696869264
540,2020-06-24,3.71192,3199.8672874888393
541,2020-06-25,3.83178,3303.1928152691826
542,2020-06-26,3.69931,3188.9968143926426
543,2020-06-27,4.06646,3505.4991297985584
544,2020-06-28,4.5232,3899.2326652431943
545,2020-06-29,4.04375,3485.9219336039014
546,2020-06-30,3.68921,3180.2900912941823
547,2020-07-01,3.6072,3109.5932238382675
548,2020-07-02,4.47904,3861.164458111708
549,2020-07-03,3.69174,3182.4710823277564
550,2020-07-04,3.80024,3276.003701751812
551,2020-07-05,4.43109,3819.829074688819
552,2020-07-06,3.84188,3311.8995383676433
553,2020-07-07,3.72076,3207.487825329472
554,2020-07-08,3.7094,3197.694916973184
555,2020-07-09,3.39019,2922.5193644722376
556,2020-07-10,3.25014,2801.7890110128924
557,2020-07-11,3.67155,3165.066256648755
558,2020-07-12,4.44119,3828.535797787279
559,2020-07-13,3.76744,3247.728402976614
560,2020-07-14,3.52645,3039.98254164018
561,2020-07-15,3.42552,2952.9756542810105
562,2020-07-16,3.33089,2871.39969321098
563,2020-07-17,3.34098,2880.0977957915206
564,2020-07-18,3.70561,3194.4277406817814
565,2020-07-19,4.10557,3539.2139753808146
566,2020-07-20,3.77627,3255.3403202993272
567,2020-07-21,3.42047,2948.6222927317804
568,2020-07-22,3.31953,2861.6067848546913
569,2020-07-23,3.48356,3003.009140284441
570,2020-07-24,3.14416,2710.4287621044928
571,2020-07-25,3.82548,3297.761888980044
572,2020-07-26,4.08665,3522.90395547756
573,2020-07-27,3.51131,3026.9310775104086
574,2020-07-28,3.43309,2959.501386345896
575,2020-07-29,3.19589,2755.022701300865
576,2020-07-30,3.26907,2818.1076514340666
577,2020-07-31,2.97509,2564.6816656434326
578,2020-08-01,3.40028,2931.217467052779
579,2020-08-02,3.73337,3218.358298425668
580,2020-08-03,3.67786,3170.5058034558133
581,2020-08-04,3.40533,2935.570828602009
582,2020-08-05,3.31575,2858.348229081208
583,2020-08-06,3.21607,2772.4189064619472
584,2020-08-07,4.16235,3588.161276126417
585,2020-08-08,3.42426,2951.8894690231828
586,2020-08-09,3.71318,3200.9534727466666
587,2020-08-10,3.51636,3031.2844390596388
588,2020-08-11,3.37126,2906.2007240510634
589,2020-08-12,3.22869,2783.298000076063
590,2020-08-13,3.4129,2942.0965606668947
591,2020-08-14,3.36243,2898.58880672835
592,2020-08-15,3.47851,2998.6557787352103
593,2020-08-16,3.65641,3152.014792518984
594,2020-08-17,3.84188,3311.8995383676433
595,2020-08-18,3.33594,2875.7530547602096
596,2020-08-19,3.63244,3131.3514110664987
597,2020-08-20,3.64253,3140.04951364704
598,2020-08-21,3.48608,3005.181510800096
599,2020-08-22,3.61351,3115.0327706453254
600,2020-08-23,3.79015,3267.305599171271
601,2020-08-24,3.66272,3157.454339326042
602,2020-08-25,3.57944,3085.66266609438
603,2020-08-26,3.24131,2794.177093690179
604,2020-08-27,3.28042,2827.891939272435
605,2020-08-28,3.02934,2611.44797535546
606,2020-08-29,3.71823,3205.3068342958973
607,2020-08-30,3.97183,3423.923168728528
608,2020-08-31,3.40028,2931.217467052779
609,2020-09-01,3.3965,2927.9589112792955
610,2020-09-02,3.58701,3092.1883981592655
611,2020-09-03,3.61351,3115.0327706453254
612,2020-09-04,3.40028,2931.217467052779
613,2020-09-05,3.85702,3324.9510024974143
614,2020-09-06,4.83484,4167.882485679254
615,2020-09-07,4.37684,3773.0627649767907
616,2020-09-08,4.02104,3466.3447374092443
617,2020-09-09,3.98193,3432.629891826988
618,2020-09-10,3.77879,3257.5126908149828
619,2020-09-11,3.90118,3363.019209628901
620,2020-09-12,4.63927,3999.2910167321347
621,2020-09-13,5.1919,4475.68669850463
622,2020-09-14,4.62161,3984.0671820867087
623,2020-09-15,4.45633,3841.587261917051
624,2020-09-16,4.44119,3828.535797787279
625,2020-09-17,4.31754,3721.9430937155335
626,2020-09-18,4.35539,3754.571754039962
627,2020-09-19,4.60268,3967.7485416655345
628,2020-09-20,5.18559,4470.247151697572
629,2020-09-21,4.87774,4204.864507552914
630,2020-09-22,5.0405,4345.172057206915
631,2020-09-23,5.05816,4360.395891852342
632,2020-09-24,4.66703,4023.221574476022
633,2020-09-25,4.16992,3594.687008191303
634,2020-09-26,4.93704,4255.984178814171
635,2020-09-27,5.78238,4984.711040601552
636,2020-09-28,4.75914,4102.625165030398
637,2020-09-29,4.0488,3490.2752951531315
638,2020-09-30,3.84314,3312.9857236254707
639,2020-10-01,3.84945,3318.4252704325286
640,2020-10-02,4.9812,4294.052385945658
641,2020-10-03,5.45307,4700.828765002146
642,2020-10-04,6.36907,5490.468206407072
643,2020-10-05,5.78111,4983.616234825805
644,2020-10-06,6.03724,5204.4135602920105
645,2020-10-07,5.61457,4840.05012939832
646,2020-10-08,4.87017,4198.338775488028
647,2020-10-09,5.26382,4537.685463380003
648,2020-10-10,5.45433,4701.914950259973
649,2020-10-11,5.73065,4940.11710140518
650,2020-10-12,5.23354,4511.58253512046
651,2020-10-13,5.15026,4439.790861888799
652,2020-10-14,5.04554,4349.516798238226
653,2020-10-15,5.14143,4432.178944566085
654,2020-10-16,4.95596,4272.294198717426
655,2020-10-17,5.42405,4675.812022000431
656,2020-10-18,5.8114,5009.727783603267
657,2020-10-19,5.13134,4423.4808419855435
658,2020-10-20,4.54717,3919.896046695679
659,2020-10-21,4.76166,4104.797535546053
660,2020-10-22,4.54465,3917.7236761800236
661,2020-10-23,4.94461,4262.509910879057
662,2020-10-24,5.4127,4666.027734162061
663,2020-10-25,5.88457,5072.80411321855
664,2020-10-26,5.26886,4542.030204411314
665,2020-10-27,4.86133,4190.718237647395
666,2020-10-28,4.85503,4185.287311358256
667,2020-10-29,4.81213,4148.305289484598
668,2020-10-30,4.25824,3670.8234224542753
669,2020-10-31,4.66956,4025.402565509597
670,2020-11-01,6.12808,5282.722345070639
671,2020-11-02,5.55653,4790.01664339489
672,2020-11-03,5.63097,4854.187778785918
673,2020-11-04,5.52625,4763.913715135347
674,2020-11-05,4.93704,4255.984178814171
675,2020-11-06,4.69479,4047.15213221991
676,2020-11-07,5.29662,4565.960762155201
677,2020-11-08,6.34636,5470.8910102124155
678,2020-11-09,5.26129,4535.504472346428
679,2020-11-10,5.32186,4587.718949383433
680,2020-11-11,5.20704,4488.738162634401
681,2020-11-12,4.83862,4171.141041452738
682,2020-11-13,4.24436,3658.858143582332
683,2020-11-14,4.67839,4033.014482832311
684,2020-11-15,5.22344,4502.875812022
685,2020-11-16,4.53077,3905.75839730808
686,2020-11-17,4.41469,3805.69142530122
687,2020-11-18,4.10053,3534.8692343495036
688,2020-11-19,4.22165,3639.280947387675
689,2020-11-20,4.41469,3805.69142530122
690,2020-11-21,4.82222,4157.0033920651385
691,2020-11-22,5.3534,4614.908062900804
692,2020-11-23,4.81087,4147.2191042267705
693,2020-11-24,4.62666,3988.4205436359384
694,2020-11-25,4.39955,3792.639961171448
695,2020-11-26,4.11441,3546.8345132214477
696,2020-11-27,4.38189,3777.416126526022
697,2020-11-28,4.77806,4118.935184933653
698,2020-11-29,5.22344,4502.875812022
699,2020-11-30,4.74021,4086.306524609224
700,2020-12-01,4.51563,3892.706933178308
701,2020-12-02,4.58628,3953.6108922779354
702,2020-12-03,4.52698,3902.4912210166776
703,2020-12-04,4.52572,3901.4050357588494
704,2020-12-05,4.70867,4059.1174110918532
705,2020-12-06,4.73769,4084.134154093568
706,2020-12-07,4.47525,3857.897281820305
707,2020-12-08,4.10431,3538.127790122987
708,2020-12-09,4.14847,3576.1959972544732
709,2020-12-10,4.17371,3597.954184482705
710,2020-12-11,3.93398,3391.2945084040994
711,2020-12-12,4.14847,3576.1959972544732
712,2020-12-13,4.73012,4077.608422028683
713,2020-12-14,5.8442,5038.0030823784655
714,2020-12-15,5.12124,4414.774118887083
715,2020-12-16,5.19947,4482.212430569515
716,2020-12-17,4.83484,4167.882485679254
717,2020-12-18,4.55474,3926.4217787605644
718,2020-12-19,4.88657,4212.476424875626
719,2020-12-20,5.42531,4676.898207258258
720,2020-12-21,4.75661,4100.444173996823
721,2020-12-22,4.37684,3773.0627649767907
722,2020-12-23,4.31249,3717.5897321663033
723,2020-12-24,3.91253,3372.8034974672696
724,2020-12-25,4.33016,3732.8221873296493
725,2020-12-26,4.27717,3687.1420628754495
726,2020-12-27,4.71624,4065.643143156739
727,2020-12-28,3.78006,3258.60749659073
728,2020-12-29,4.05511,3495.7148419601895
729,2020-12-30,4.36044,3758.9251155891916
730,2020-12-31,3.2779,2825.7195687567796
731,2021-01-01,3.64758,3144.4028751962705
732,2021-01-02,4.45507,3840.501076659223
733,2021-01-03,4.40838,3800.2518784941617
734,2021-01-04,3.67533,3168.3248124222387
735,2021-01-05,3.8015,3277.08988700964
736,2021-01-06,3.55295,3062.8269141262394
737,2021-01-07,3.47851,2998.6557787352103
738,2021-01-08,3.56178,3070.4388314489534
739,2021-01-09,3.8873,3351.0539307569575
740,2021-01-10,4.55853,3929.6889550519672
741,2021-01-11,3.8545,3322.7786319817587
742,2021-01-12,3.42804,2955.148024796666
743,2021-01-13,3.39524,2926.8727260214673
744,2021-01-14,3.28925,2835.5038565951486
745,2021-01-15,3.14416,2710.4287621044928
746,2021-01-16,3.81538,3289.0551658815834
747,2021-01-17,3.95543,3409.785519340928
748,2021-01-18,3.54538,3056.301182061354
749,2021-01-19,3.29178,2837.6848476287237
750,2021-01-20,3.28673,2833.331486079493
751,2021-01-21,3.19841,2757.1950718165203
752,2021-01-22,2.99023,2577.733129773204
753,2021-01-23,3.73842,3222.711659974899
754,2021-01-24,4.07277,3510.9386766056164
755,2021-01-25,3.42047,2948.6222927317804
756,2021-01-26,3.69804,3187.9020086168957
757,2021-01-27,3.34855,2886.6235278564063
758,2021-01-28,3.44066,2966.027118410782
759,2021-01-29,3.24509,2797.4356494636622
760,2021-01-30,3.7523,3234.6769388468424
761,2021-01-31,4.14469,3572.93744148099
762,2021-02-01,4.16866,3593.600822933475
763,2021-02-02,3.89235,3355.407292306187
764,2021-02-03,3.64758,3144.4028751962705
765,2021-02-04,3.67029,3163.9800713909276
766,2021-02-05,3.58701,3092.1883981592655
767,2021-02-06,4.25193,3665.3838756472173
768,2021-02-07,4.19768,3618.61756593519
769,2021-02-08,3.85197,3320.597640948184
770,2021-02-09,3.44444,2969.285674184265
771,2021-02-10,3.14542,2711.5149473623205
772,2021-02-11,3.18201,2743.057422428921
773,2021-02-12,3.55421,3063.913099384067
774,2021-02-13,4.61783,3980.8086263132245
775,2021-02-14,5.149,4438.70467663097
776,2021-02-15,4.64432,4003.644378281365
777,2021-02-16,3.97688,3428.276530277758
778,2021-02-17,3.94155,3397.8202404689846
779,2021-02-18,3.51384,3029.1120685439832
780,2021-02-19,3.56557,3073.7060077403557
781,2021-02-20,4.28726,3695.8401654559907
782,2021-02-21,4.90171,4225.527889005398
783,2021-02-22,4.24184,3656.685773066676
784,2021-02-23,4.03744,3480.4823867968435
785,2021-02-24,3.57061,3078.0507487716663
786,2021-02-25,3.76491,3245.547411943039
787,2021-02-26,3.4722,2993.2162319281524
788,2021-02-27,4.421,3811.130972108278
789,2021-02-28,5.17297,4459.368058083456
790,2021-03-01,4.93073,4250.544632007113
791,2021-03-02,3.7851,3262.9522376220407
792,2021-03-03,3.79772,3273.8313312361565
793,2021-03-04,4.05006,3491.3614804109593
794,2021-03-05,3.70183,3191.169184908298
795,2021-03-06,4.56483,3935.1198813411056
796,2021-03-07,5.19947,4482.212430569515
797,2021-03-08,4.31376,3718.6845379420506
798,2021-03-09,4.29609,3703.4520827787046
799,2021-03-10,4.09296,3528.343502284618
800,2021-03-11,3.74347,3227.065021524129
801,2021-03-12,3.76618,3246.642217718786
802,2021-03-13,4.51184,3889.4397568869063
803,2021-03-14,5.20956,4490.910533150056
804,2021-03-15,4.12071,3552.265439510586
805,2021-03-16,4.19263,3614.26420438596
806,2021-03-17,4.2002,3620.7899364508453
807,2021-03-18,3.98067,3431.5437065691603
808,2021-03-19,3.81034,3284.7104248502724
809,2021-03-20,4.75157,4096.099432965512
810,2021-03-21,5.0733,4373.447355982114
811,2021-03-22,4.04501,3487.0081188617296
812,2021-03-23,3.92641,3384.7687763392137
813,2021-03-24,4.06394,3503.3267592829025
814,2021-03-25,4.07151,3509.8524913477886
815,2021-03-26,3.74599,3229.2373920397845
816,2021-03-27,4.57745,3945.9989749552215
817,2021-03-28,4.83105,4164.615309387853
818,2021-03-29,4.2595,3671.9096077121035
819,2021-03-30,4.12324,3554.4464305441606
820,2021-03-31,4.11819,3550.093068994931
821,2021-04-01,3.89487,3357.579662821843
822,2021-04-02,4.3188,3723.0292789733617
823,2021-04-03,4.92316,4244.018899942228
824,2021-04-04,4.87269,4200.511146003683
825,2021-04-05,4.31376,3718.6845379420506
826,2021-04-06,4.13207,3562.058347866874
827,2021-04-07,3.97814,3429.3627155355853
828,2021-04-08,4.17623,3600.126554998361
829,2021-04-09,3.38514,2918.166002923007
830,2021-04-10,3.97436,3426.1041597621024
831,2021-04-11,4.43109,3819.829074688819
832,2021-04-12,3.98697,3436.9746328582987
833,2021-04-13,3.82548,3297.761888980044
834,2021-04-14,3.80403,3279.2708780432145
835,2021-04-15,3.53528,3047.5944589628934
836,2021-04-16,3.14416,2710.4287621044928
837,2021-04-17,3.80277,3278.184692785387
838,2021-04-18,4.20525,3625.143298000076
839,2021-04-19,4.05384,3494.6200361844426
840,2021-04-20,3.72454,3210.746381102955
841,2021-04-21,3.74347,3227.065021524129
842,2021-04-22,3.98067,3431.5437065691603
843,2021-04-23,3.70561,3194.4277406817814
844,2021-04-24,4.21913,3637.108576872019
845,2021-04-25,4.79699,4135.253825354826
846,2021-04-26,4.26329,3675.1767840035054
847,2021-04-27,4.22417,3641.45331790333
848,2021-04-28,3.70309,3192.255370166126
849,2021-04-29,3.7422,3225.970215748382
850,2021-04-30,3.52898,3042.1635326737546
851,2021-05-01,4.38315,3778.502311783849
852,2021-05-02,4.61278,3976.455264763995
853,2021-05-03,4.47778,3860.07827285388
854,2021-05-04,4.78185,4122.202361225055
855,2021-05-05,4.94082,4259.242734587655
856,2021-05-06,4.61026,3974.2828942483397
857,2021-05-07,4.51184,3889.4397568869063
858,2021-05-08,4.76544,4108.056091319537
859,2021-05-09,4.56105,3931.8613255676223
860,2021-05-10,4.13964,3568.58407993176
861,2021-05-11,3.79015,3267.305599171271
862,2021-05-12,4.10053,3534.8692343495036
863,2021-05-13,4.01599,3461.991375860014
864,2021-05-14,3.99833,3446.7675412145873
865,2021-05-15,4.42605,3815.4843336575077
866,2021-05-16,4.50806,3886.181201113423
867,2021-05-17,3.70814,3196.608731715356
868,2021-05-18,3.57818,3084.576480836552
869,2021-05-19,4.21282,3631.669030064961
870,2021-05-20,3.84188,3311.8995383676433
871,2021-05-21,3.16687,2730.00595829915
872,2021-05-22,3.71445,3202.048278522414
873,2021-05-23,3.77248,3252.0731440079244
874,2021-05-24,3.34729,2885.537342598579
875,2021-05-25,3.46715,2988.8628703789223
876,2021-05-26,4.20777,3627.315668515731
877,2021-05-27,3.4558,2979.0785825405533
878,2021-05-28,3.49239,3010.621057607154
879,2021-05-29,3.39776,2929.045096537123
880,2021-05-30,4.0488,3490.2752951531315
881,2021-05-31,3.55295,3062.8269141262394
882,2021-06-01,3.55926,3068.266460933298
883,2021-06-02,3.84188,3311.8995383676433
884,2021-06-03,3.64001,3137.877143131385
885,2021-06-04,3.52519,3038.896356382352
886,2021-06-05,3.74977,3232.4959478132673
887,2021-06-06,4.28978,3698.0125359716462
888,2021-06-07,3.58701,3092.1883981592655
889,2021-06-08,3.75861,3240.1164856539003
890,2021-06-09,3.79393,3270.564154944754
891,2021-06-10,3.80907,3283.6156190745255
892,2021-06-11,3.99959,3447.853726472415
893,2021-06-12,4.27212,3682.7887013262193
894,2021-06-13,4.6418,4001.47200776571
895,2021-06-14,4.17371,3597.954184482705
896,2021-06-15,3.92641,3384.7687763392137
897,2021-06-16,3.78258,3260.779867106385
898,2021-06-17,3.8015,3277.08988700964
899,2021-06-18,3.3372,2876.839240018038
900,2021-06-19,3.8873,3351.0539307569575
901,2021-06-20,4.26076,3672.9957929699312
902,2021-06-21,3.82295,3295.580897946469
903,2021-06-22,3.55421,3063.913099384067
904,2021-06-23,3.46463,2986.6904998632667
905,2021-06-24,3.52771,3041.0687268980078
906,2021-06-25,3.41668,2945.3551164403775
907,2021-06-26,3.82548,3297.761888980044
908,2021-06-27,4.16614,3591.4284524178197
909,2021-06-28,3.69047,3181.3762765520096
910,2021-06-29,3.24635,2798.52183472149
911,2021-06-30,3.35738,2894.23544517912
912,2021-07-01,3.7851,3262.9522376220407
913,2021-07-02,3.43561,2961.6737568615517
914,2021-07-03,3.89108,3354.3124865304403
915,2021-07-04,4.0488,3490.2752951531315
916,2021-07-05,3.6501,3146.575245711926
917,2021-07-06,3.65515,3150.9286072611562
918,2021-07-07,3.42678,2954.0618395388383
919,2021-07-08,3.33089,2871.39969321098
920,2021-07-09,3.08864,2662.567646616718
921,2021-07-10,3.27159,2820.280021949722
922,2021-07-11,3.81412,3287.9689806237557
923,2021-07-12,3.52014,3034.542994833122
924,2021-07-13,3.46589,2987.7766851210945
925,2021-07-14,3.53907,3050.861635254296
926,2021-07-15,3.18327,2744.143607686749
927,2021-07-16,3.01799,2601.6636875170916
928,2021-07-17,3.78132,3259.6936818485574
929,2021-07-18,4.07908,3516.3782234126747
930,2021-07-19,3.29556,2840.9434034022065
931,2021-07-20,3.33089,2871.39969321098
932,2021-07-21,3.32458,2865.960146403922
933,2021-07-22,3.32206,2863.7877758882664
934,2021-07-23,3.00915,2594.0431496764586
935,2021-07-24,3.16939,2732.1783288148054
936,2021-07-25,3.36874,2904.028353535408
937,2021-07-26,2.79971,2413.495022375315
938,2021-07-27,3.13028,2698.463483232549
939,2021-07-28,3.15551,2720.2130499428617
940,2021-07-29,2.75681,2376.5130005016563
941,2021-07-30,2.58018,2224.2487924936295
942,2021-07-31,3.0735,2649.516182486947
943,2021-08-01,3.0571,2635.378533099348
944,2021-08-02,2.67859,2309.0833093371434
945,2021-08-03,3.06215,2639.7318946485775
946,2021-08-04,3.34603,2884.451157340751
947,2021-08-05,2.98771,2575.5607592575484
948,2021-08-06,2.9057,2504.8638918016336
949,2021-08-07,3.12649,2695.1963069411468
950,2021-08-08,3.28925,2835.5038565951486
951,2021-08-09,3.03691,2617.9737074203463
952,2021-08-10,3.08738,2661.4814613588906
953,2021-08-11,3.1492,2714.773503135804
954,2021-08-12,2.89434,2495.0709834453455
955,2021-08-13,3.35865,2895.330250954867
956,2021-08-14,3.45958,2982.3371383140366
957,2021-08-15,3.65262,3148.7476162275816
958,2021-08-16,3.53655,3048.6892647386403
959,2021-08-17,3.235,2788.737546883121
960,2021-08-18,3.60342,3106.3346680647837
961,2021-08-19,3.33341,2873.5720637266354
962,2021-08-20,3.64379,3141.135698904868
963,2021-08-21,3.80403,3279.2708780432145
964,2021-08-22,4.31123,3716.5035469084755
965,2021-08-23,3.91253,3372.8034974672696
966,2021-08-24,3.61856,3119.3861321945556
967,2021-08-25,3.6665,3160.712895099525
968,2021-08-26,3.51005,3025.844892252581
969,2021-08-27,3.74473,3228.1512067819567
970,2021-08-28,3.93272,3390.2083231462716
971,2021-08-29,4.54212,3915.5426851464485
972,2021-08-30,3.95922,3413.052695632331
973,2021-08-31,4.05006,3491.3614804109593
974,2021-09-01,4.07529,3513.111047121272
975,2021-09-02,4.13838,3567.497894673932
976,2021-09-03,4.41848,3808.958601592622
977,2021-09-04,4.54591,3918.8098614378514
978,2021-09-05,4.78563,4125.460916998538
979,2021-09-06,4.77554,4116.762814417997
980,2021-09-07,4.86512,4193.985413938798
981,2021-09-08,4.83231,4165.701494645679
982,2021-09-09,4.51689,3893.7931184361364
983,2021-09-10,4.53834,3912.2841293729653
984,2021-09-11,4.90045,4224.4417037475705
985,2021-09-12,5.71677,4928.151822533237
986,2021-09-13,4.89035,4215.73498064911
987,2021-09-14,4.72002,4068.901698930222
988,2021-09-15,5.06825,4369.093994432884
989,2021-09-16,4.50553,3884.0002100798483
990,2021-09-17,4.19768,3618.61756593519
991,2021-09-18,4.8689,4197.243969712281
992,2021-09-19,4.47399,3856.8110965624774
993,2021-09-20,3.81664,3290.141351139411
994,2021-09-21,4.08539,3521.8177702197327
995,2021-09-22,5.17928,4464.807604890514
996,2021-09-23,5.13765,4428.920388792601
997,2021-09-24,4.63297,3993.860090442997
998,2021-09-25,5.13765,4428.920388792601
999,2021-09-26,5.5805,4810.680024847375
1000,2021-09-27,4.90171,4225.527889005398
1001,2021-09-28,4.88152,4208.123063326397
1002,2021-09-29,4.64684,4005.816748797021
1003,2021-09-30,4.50553,3884.0002100798483
1004,2021-10-01,4.23048,3646.8928647103885
1005,2021-10-02,4.80077,4138.512381128309
1006,2021-10-03,5.06321,4364.749253401573
1007,2021-10-04,5.44929,4697.570209228663
1008,2021-10-05,4.72255,4071.082689963797
1009,2021-10-06,4.57619,3944.9127896973946
1010,2021-10-07,4.30618,3712.1501853592454
1011,2021-10-08,4.31376,3718.6845379420506
1012,2021-10-09,4.61278,3976.455264763995
1013,2021-10-10,5.46064,4707.354497067031
1014,2021-10-11,5.83537,5030.391165055752
1015,2021-10-12,5.64107,4862.89450188438
1016,2021-10-13,5.14269,4433.2651298239125
1017,2021-10-14,5.67639,4893.342171175233
1018,2021-10-15,5.18938,4473.5143279889735
1019,2021-10-16,5.82275,5019.512071441636
1020,2021-10-17,6.67314,5752.592294778247
1021,2021-10-18,6.07509,5237.042220616439
1022,2021-10-19,5.72308,4933.5913693402945
1023,2021-10-20,5.30545,4573.572679477916
1024,2021-10-21,5.2777,4549.650742251947
1025,2021-10-22,5.05311,4356.0425303031125
1026,2021-10-23,5.51237,4751.948436263403
1027,2021-10-24,6.06121,5225.076941744495
1028,2021-10-25,5.50733,4747.603695232092
1029,2021-10-26,5.25499,4530.07354605729
1030,2021-10-27,4.95596,4272.294198717426
1031,2021-10-28,4.75409,4098.271803481167
1032,2021-10-29,4.44371,3830.708168302935
1033,2021-10-30,5.0998,4396.2917284681735
1034,2021-10-31,5.45307,4700.828765002146
1035,2021-11-01,5.03166,4337.551519366282
1036,2021-11-02,4.80077,4138.512381128309
1037,2021-11-03,4.44245,3829.621983045107
1038,2021-11-04,4.3781,3774.148950234619
1039,2021-11-05,4.23931,3654.5047820331015
1040,2021-11-06,5.07456,4374.533541239942
1041,2021-11-07,5.62593,4849.843037754608
1042,2021-11-08,5.33069,4595.3308667061465
1043,2021-11-09,5.56789,4799.809551751178
1044,2021-11-10,5.49471,4736.724601617977
1045,2021-11-11,5.00138,4311.44859110674
1046,2021-11-12,4.72002,4068.901698930222
1047,2021-11-13,5.34078,4604.028969286687
1048,2021-11-14,6.33122,5457.839546082644
1049,2021-11-15,5.5149,4754.129427296978
1050,2021-11-16,5.21209,4493.091524183631
1051,2021-11-17,5.44676,4695.389218195088
1052,2021-11-18,4.61152,3975.3690795061666
1053,2021-11-19,4.64811,4006.9115545727677
1054,2021-11-20,5.46569,4711.707858616262
1055,2021-11-21,6.17855,5326.2300990091835
1056,2021-11-22,5.41648,4669.286289935545
1057,2021-11-23,5.284,4555.0816685410855
1058,2021-11-24,4.61152,3975.3690795061666
1059,2021-11-25,4.57745,3945.9989749552215
1060,2021-11-26,4.35287,3752.399383524307
1061,2021-11-27,5.06825,4369.093994432884
1062,2021-11-28,5.56158,4794.37000494412
1063,2021-11-29,5.0897,4387.585005369712
1064,2021-11-30,4.85376,4184.1925055825095
1065,2021-12-01,5.03797,4342.99106617334
1066,2021-12-02,4.74778,4092.8322566741094
1067,2021-12-03,4.34277,3743.6926604258456
1068,2021-12-04,4.9219,4242.9327146844
1069,2021-12-05,5.53761,4773.706623491636
1070,2021-12-06,5.70037,4914.014173145638
1071,2021-12-07,4.744,4089.573700900626
1072,2021-12-08,4.32385,3727.3826405225914
1073,2021-12-09,4.47021,3853.552540788994
1074,2021-12-10,4.29609,3703.4520827787046
1075,2021-12-11,4.75535,4099.357988738995
1076,2021-12-12,5.36854,4627.959527030575
1077,2021-12-13,4.99381,4304.922859041854
1078,2021-12-14,4.40838,3800.2518784941617
1079,2021-12-15,4.41469,3805.69142530122
1080,2021-12-16,4.16866,3593.600822933475
1081,2021-12-17,5.01526,4323.413869978684
1082,2021-12-18,5.22344,4502.875812022
1083,2021-12-19,5.742,4949.901389243549
1084,2021-12-20,5.33195,4596.417051963975
1085,2021-12-21,4.81591,4151.563845258081
1086,2021-12-22,4.8033,4140.693372161884
1087,2021-12-23,4.79446,4133.072834321251
1088,2021-12-24,4.26076,3672.9957929699312
1089,2021-12-25,5.19442,4477.859069020285
1090,2021-12-26,7.98405,6882.664609332977
1091,2021-12-27,5.01652,4324.500055236511
1092,2021-12-28,4.75283,4097.1856182233405
1093,2021-12-29,4.79699,4135.253825354826
1094,2021-12-30,4.54465,3917.7236761800236
1095,2021-12-31,3.9302,3388.035952630616
1096,2022-01-01,4.05889,3498.9733977336728
1097,2022-01-02,5.21209,4493.091524183631
1098,2022-01-03,4.45507,3840.501076659223
1099,2022-01-04,4.08034,3517.4644086705016
1100,2022-01-05,4.00968,3456.5518290529562
1101,2022-01-06,3.81412,3287.9689806237557
1102,2022-01-07,3.76996,3249.9007734922693
1103,2022-01-08,4.5131,3890.5259421447336
1104,2022-01-09,5.26003,4534.418287088601
1105,2022-01-10,4.2002,3620.7899364508453
1106,2022-01-11,4.19137,3613.1780191281323
1107,2022-01-12,3.98445,3434.802262342643
1108,2022-01-13,4.19389,3615.3503896437874
1109,2022-01-14,3.80024,3276.003701751812
1110,2022-01-15,4.29609,3703.4520827787046
1111,2022-01-16,4.78563,4125.460916998538
1112,2022-01-17,4.0059,3453.2932732794725
1113,2022-01-18,3.81286,3286.882795365928
1114,2022-01-19,3.87847,3343.442013434244
1115,2022-01-20,4.04501,3487.0081188617296
1116,2022-01-21,3.70183,3191.169184908298
1117,2022-01-22,4.41469,3805.69142530122
1118,2022-01-23,4.79699,4135.253825354826
1119,2022-01-24,4.29483,3702.3658975208764
1120,2022-01-25,3.88478,3348.881560241302
1121,2022-01-26,3.61982,3120.472317452383
1122,2022-01-27,3.73085,3216.185927910013
1123,2022-01-28,3.3271,2868.1325169195775
1124,2022-01-29,4.0059,3453.2932732794725
1125,2022-01-30,3.97562,3427.19034501993
1126,2022-01-31,3.6072,3109.5932238382675
1127,2022-02-01,4.20399,3624.057112742248
1128,2022-02-02,4.83484,4167.882485679254
1129,2022-02-03,4.65441,4012.342480861907
1130,2022-02-04,4.18001,3603.385110771844
1131,2022-02-05,4.91685,4238.57935313517
1132,2022-02-06,5.20073,4483.298615827343
1133,2022-02-07,4.22417,3641.45331790333
1134,2022-02-08,4.19011,3612.091833870304
1135,2022-02-09,4.13459,3564.23071838253
1136,2022-02-10,4.34277,3743.6926604258456
1137,2022-02-11,4.10936,3542.481151672217
1138,2022-02-12,4.87521,4202.683516519339
1139,2022-02-13,5.48714,4730.198869553091
1140,2022-02-14,4.81591,4151.563845258081
1141,2022-02-15,4.17244,3596.859378706958
1142,2022-02-16,4.27843,3688.2282481332772
1143,2022-02-17,4.29104,3699.0987212294735
1144,2022-02-18,3.9466,3402.173602018215
1145,2022-02-19,4.83358,4166.796300421427
1146,2022-02-20,6.15963,5309.920079105928
1147,2022-02-21,5.03545,4340.818695657686
1148,2022-02-22,4.31754,3721.9430937155335
1149,2022-02-23,4.15226,3579.463173545876
1150,2022-02-24,4.09927,3533.783049091676
1151,2022-02-25,4.13838,3567.497894673932
1152,2022-02-26,5.17424,4460.462863859203
1153,2022-02-27,5.5805,4810.680024847375
1154,2022-02-28,4.87269,4200.511146003683
1155,2022-03-01,5.90602,5091.295124155378
1156,2022-03-02,4.59511,3961.222809600649
1157,2022-03-03,4.54717,3919.896046695679
1158,2022-03-04,4.24941,3663.2115051315623
1159,2022-03-05,4.97993,4292.957580169911
1160,2022-03-06,5.85556,5047.795990734753
1161,2022-03-07,4.58881,3955.7918833115095
1162,2022-03-08,4.37684,3773.0627649767907
1163,2022-03-09,4.94839,4265.76846665254
1164,2022-03-10,4.27717,3687.1420628754495
1165,2022-03-11,4.50175,3880.741654306365
1166,2022-03-12,5.63854,4860.713510850805
1167,2022-03-13,6.06626,5229.430303293725
1168,2022-03-14,4.56483,3935.1198813411056
1169,2022-03-15,4.69353,4046.065946962082
1170,2022-03-16,4.8096,4146.124298451023
1171,2022-03-17,4.79825,4136.340010612655
1172,2022-03-18,4.42352,3813.303342623933
1173,2022-03-19,5.36349,4623.606165481345
1174,2022-03-20,5.62214,4846.575861463206
1175,2022-03-21,4.40207,3794.812331687104
1176,2022-03-22,4.38315,3778.502311783849
1177,2022-03-23,4.46768,3851.3715497554194
1178,2022-03-24,4.05132,3492.4476656687866
1179,2022-03-25,4.13586,3565.325524158277
1180,2022-03-26,5.00643,4315.80195265597
1181,2022-03-27,5.26003,4534.418287088601
1182,2022-03-28,4.93325,4252.717002522769
1183,2022-03-29,4.68217,4036.2730386057938
1184,2022-03-30,4.46642,3850.285364497592
1185,2022-03-31,4.3781,3774.148950234619
1186,2022-04-01,4.05384,3494.6200361844426
1187,2022-04-02,5.18181,4466.988595924088
1188,2022-04-03,5.76597,4970.564770696034
1189,2022-04-04,5.7685,4972.745761729609
1190,2022-04-05,6.18486,5331.6696458162405
1191,2022-04-06,5.56915,4800.895737009006
1192,2022-04-07,4.97867,4291.871394912083
1193,2022-04-08,4.45128,3837.2339003678203
1194,2022-04-09,4.93199,4251.630817264941
1195,2022-04-10,5.73948,4947.729018727894
1196,2022-04-11,5.06194,4363.654447625826
1197,2022-04-12,5.11746,4411.5155631136
1198,2022-04-13,4.63549,3996.032460958652
1199,2022-04-14,4.27338,3683.874886584047
1200,2022-04-15,4.21787,3636.0223916141913
1201,2022-04-16,4.7604,4103.711350288226
1202,2022-04-17,5.52877,4766.086085651003
1203,2022-04-18,4.9219,4242.9327146844
1204,2022-04-19,4.77301,4114.581823384422
1205,2022-04-20,4.9282,4248.363640973539
1206,2022-04-21,4.49166,3872.043551725824
1207,2022-04-22,4.31123,3716.5035469084755
1208,2022-04-23,4.8954,4220.088342198341
1209,2022-04-24,5.82527,5021.684441957292
1210,2022-04-25,5.22849,4507.22917357123
1211,2022-04-26,5.44172,4691.044477163777
1212,2022-04-27,5.40387,4658.415816839349
1213,2022-04-28,5.47957,4723.673137488205
1214,2022-04-29,5.24111,4518.108267185346
1215,2022-04-30,5.54644,4781.318540814348
1216,2022-05-01,6.10916,5266.412325167385
1217,2022-05-02,5.41017,4663.846743128487
1218,2022-05-03,5.17676,4462.635234374858
1219,2022-05-04,4.83988,4172.227226710565
1220,2022-05-05,5.60321,4830.257221042031
1221,2022-05-06,5.39882,4654.062455290118
1222,2022-05-07,5.61962,4844.40349094755
1223,2022-05-08,6.00822,5179.396817290295
1224,2022-05-09,4.6582,4015.609657153309
1225,2022-05-10,4.65189,4010.170110346251
1226,2022-05-11,4.86638,4195.071599196625
1227,2022-05-12,4.45759,3842.673447174878
1228,2022-05-13,4.46516,3849.199179239764
1229,2022-05-14,4.75535,4099.357988738995
1230,2022-05-15,5.19064,4474.600513246802
1231,2022-05-16,4.92442,4245.105085200055
1232,2022-05-17,4.59511,3961.222809600649
1233,2022-05-18,4.53834,3912.2841293729653
1234,2022-05-19,4.48156,3863.336828627363
1235,2022-05-20,4.13586,3565.325524158277
1236,2022-05-21,4.7768,4117.848999675824
1237,2022-05-22,5.27013,4543.125010187061
1238,2022-05-23,4.64937,4007.997739830596
1239,2022-05-24,4.75787,4101.530359254651
1240,2022-05-25,4.67586,4030.833491798736
1241,2022-05-26,4.24184,3656.685773066676
1242,2022-05-27,4.17118,3595.7731934491303
1243,2022-05-28,4.44119,3828.535797787279
1244,2022-05-29,4.9282,4248.363640973539
1245,2022-05-30,4.28474,3693.667794940335
1246,2022-05-31,4.22039,3638.1947621298473
1247,2022-06-01,4.94208,4260.328919845482
1248,2022-06-02,3.87721,3342.355828176416
1249,2022-06-03,3.77375,3253.1679497836717
1250,2022-06-04,3.94912,3404.3459725338707
1251,2022-06-05,4.39703,3790.4675906557927
1252,2022-06-06,4.59259,3959.0504390849937
1253,2022-06-07,4.33394,3736.0807431031326
1254,2022-06-08,4.3617,3760.01130084702
1255,2022-06-09,4.4639,3848.112993981936
1256,2022-06-10,4.26707,3678.435339776989
1257,2022-06-11,4.18885,3611.0056486124768
1258,2022-06-12,4.29483,3702.3658975208764
1259,2022-06-13,4.33394,3736.0807431031326
1260,2022-06-14,4.03618,3479.3962015390157
1261,2022-06-15,4.151,3578.376988288048
1262,2022-06-16,4.02609,3470.6980989584745
1263,2022-06-17,3.73968,3223.7978452327266
1264,2022-06-18,3.97814,3429.3627155355853
1265,2022-06-19,4.37558,3771.976579718964
1266,2022-06-20,4.57745,3945.9989749552215
1267,2022-06-21,4.25446,3667.5648666807924
1268,2022-06-22,4.11062,3543.567336930045
1269,2022-06-23,3.94155,3397.8202404689846
1270,2022-06-24,4.10053,3534.8692343495036
1271,2022-06-25,4.25319,3666.4700609050456
1272,2022-06-26,4.49418,3874.2159222414793
1273,2022-06-27,4.39324,3787.20041436439
1274,2022-06-28,3.76744,3247.728402976614
1275,2022-06-29,4.05889,3498.9733977336728
1276,2022-06-30,3.81034,3284.7104248502724
1277,2022-07-01,3.50753,3023.6725217369253
1278,2022-07-02,3.88982,3353.2263012726125
1279,2022-07-03,4.26455,3676.262969261333
1280,2022-07-04,4.14343,3571.8512562231626
1281,2022-07-05,3.89361,3356.493477564015
1282,2022-07-06,3.74473,3228.1512067819567
1283,2022-07-07,3.71949,3206.393019553725
1284,2022-07-08,3.62865,3128.0842347750963
1285,2022-07-09,4.03618,3479.3962015390157
1286,2022-07-10,4.65063,4009.083925088423
1287,2022-07-11,3.79646,3272.7451459783288
1288,2022-07-12,3.6337,3132.437596324327
1289,2022-07-13,3.6337,3132.437596324327
1290,2022-07-14,3.3107,2853.9948675319783
1291,2022-07-15,3.05205,2631.025171550117
1292,2022-07-16,3.44697,2971.46666521784
1293,2022-07-17,3.71318,3200.9534727466666
1294,2022-07-18,3.30061,2845.2967649514367
1295,2022-07-19,3.3864,2919.252188180835
1296,2022-07-20,3.21355,2770.2465359462917
1297,2022-07-21,3.11766,2687.584389618433
1298,2022-07-22,2.98644,2574.4659534818015
1299,2022-07-23,3.29682,2842.0295886600343
1300,2022-07-24,3.62234,3122.6446879680384
1301,2022-07-25,3.09874,2671.274369715178
1302,2022-07-26,3.45201,2975.811406249151
1303,2022-07-27,3.4558,2979.0785825405533
1304,2022-07-28,3.03817,2619.0598926781736
1305,2022-07-29,2.95995,2551.630201513661
1306,2022-07-30,3.0571,2635.378533099348
1307,2022-07-31,3.69174,3182.4710823277564
1308,2022-08-01,3.2943,2839.8572181443787
1309,2022-08-02,3.3271,2868.1325169195775
1310,2022-08-03,3.46337,2985.604314605439
1311,2022-08-04,3.16813,2731.0921435569776
1312,2022-08-05,2.89686,2497.243353961001
1313,2022-08-06,3.42804,2955.148024796666
1314,2022-08-07,3.7359,3220.5392894592433
1315,2022-08-08,4.30871,3714.3311763928195
1316,2022-08-09,3.25014,2801.7890110128924
1317,2022-08-10,3.45454,2977.9923972827255
1318,2022-08-11,3.56935,3076.9645635138386
1319,2022-08-12,3.24509,2797.4356494636622
1320,2022-08-13,3.22238,2777.858453269005
1321,2022-08-14,3.55926,3068.266460933298
1322,2022-08-15,3.64127,3138.9633283892126
1323,2022-08-16,3.51131,3026.9310775104086
1324,2022-08-17,3.50879,3024.758706994753
1325,2022-08-18,3.31701,2859.434414339036
1326,2022-08-19,3.43056,2957.320395312321
1327,2022-08-20,3.42299,2950.794663247436
1328,2022-08-21,3.80024,3276.003701751812
1329,2022-08-22,3.47851,2998.6557787352103
1330,2022-08-23,3.72076,3207.487825329472
1331,2022-08-24,3.6501,3146.575245711926
1332,2022-08-25,3.86711,3333.6491050779555
1333,2022-08-26,3.68543,3177.031535520699
1334,2022-08-27,4.27212,3682.7887013262193
1335,2022-08-28,4.45885,3843.759632432706
1336,2022-08-29,4.32637,3729.555011038247
1337,2022-08-30,4.40081,3793.726146429276
1338,2022-08-31,5.02536,4332.120593077144
1339,2022-09-01,4.4967,3876.3882927571344
1340,2022-09-02,4.18128,3604.479916547591
1341,2022-09-03,4.93704,4255.984178814171
1342,2022-09-04,5.30419,4572.4864942200875
1343,2022-09-05,4.62161,3984.0671820867087
1344,2022-09-06,4.35918,3757.8389303313647
1345,2022-09-07,3.86207,3329.304364046645
1346,2022-09-08,3.76744,3247.728402976614
1347,2022-09-09,3.44823,2972.5528504756676
1348,2022-09-10,3.42678,2954.0618395388383
1349,2022-09-11,4.88026,4207.0368780685685
1350,2022-09-12,5.53004,4767.180891426749
1351,2022-09-13,5.03923,4344.077251431168
1352,2022-09-14,4.66829,4024.30775973385
1353,2022-09-15,4.38315,3778.502311783849
1354,2022-09-16,4.17749,3601.212740256188
1355,2022-09-17,4.52067,3897.0516742096193
1356,2022-09-18,5.04302,4347.344427722571
1357,2022-09-19,4.25446,3667.5648666807924
1358,2022-09-20,4.7011,4052.591679026968
1359,2022-09-21,4.53834,3912.2841293729653
1360,2022-09-22,4.50932,3887.2673863712503
1361,2022-09-23,4.51058,3888.3535716290785
1362,2022-09-24,4.73138,4078.6946072865103
1363,2022-09-25,5.55401,4787.844272879234
1364,2022-09-26,6.07004,5232.688859067209
1365,2022-09-27,4.82096,4155.917206807311
1366,2022-09-28,4.49418,3874.2159222414793
1367,2022-09-29,4.35918,3757.8389303313647
1368,2022-09-30,4.15604,3582.721729319359
1369,2022-10-01,5.25877,4533.332101830773
1370,2022-10-02,5.53256,4769.353261942405
1371,2022-10-03,5.8177,5015.1587098924065
1372,2022-10-04,5.0733,4373.447355982114
1373,2022-10-05,5.34835,4610.554701351573
1374,2022-10-06,5.38746,4644.26954693383
1375,2022-10-07,5.41144,4664.941548904234
1376,2022-10-08,5.18307,4468.074781181916
1377,2022-10-09,6.8195,5878.76219504465
1378,2022-10-10,7.46423,6434.5528468536
1379,2022-10-11,6.35519,5478.502927535129
1380,2022-10-12,5.86565,5056.494093315295
1381,2022-10-13,5.6335,4856.3687698194935
1382,2022-10-14,5.11494,4409.343192597945
1383,2022-10-15,6.72361,5796.100048716792
1384,2022-10-16,6.65169,5734.101283841418
1385,2022-10-17,6.00065,5172.87108522541
1386,2022-10-18,6.5394,5637.3014881259605
1387,2022-10-19,7.39988,6379.0798140431125
1388,2022-10-20,5.742,4949.901389243549
1389,2022-10-21,5.02409,4331.025787301397
1390,2022-10-22,5.29788,4567.04694741303
1391,2022-10-23,6.4372,5549.199794991044
1392,2022-10-24,5.85934,5051.054546508238
1393,2022-10-25,5.27013,4543.125010187061
1394,2022-10-26,5.3105,4577.926041027145
1395,2022-10-27,4.91559,4237.493167877342
1396,2022-10-28,4.52446,3900.318850501022
1397,2022-10-29,5.26256,4536.599278122175
1398,2022-10-30,5.1162,4410.429377855772
1399,2022-10-31,4.82853,4162.4429388721965
1400,2022-11-01,5.37863,4636.657629611116
1401,2022-11-02,5.22975,4508.315358829058
1402,2022-11-03,5.19569,4478.953874796031
1403,2022-11-04,5.18685,4471.333336955399
1404,2022-11-05,5.72055,4931.41037830672
1405,2022-11-06,6.09276,5252.274675779785
1406,2022-11-07,5.6663,4884.644068594692
1407,2022-11-08,5.21587,4496.350079957114
1408,2022-11-09,5.19316,4476.772883762457
1409,2022-11-10,4.72255,4071.082689963797
1410,2022-11-11,4.66956,4025.402565509597
1411,2022-11-12,5.27265,4545.2973807027165
1412,2022-11-13,6.66683,5747.1527479711895
1413,2022-11-14,5.77607,4979.271493794494
1414,2022-11-15,5.56158,4794.37000494412
1415,2022-11-16,5.30545,4573.572679477916
1416,2022-11-17,4.81339,4149.391474742425
1417,2022-11-18,4.66072,4017.782027668965
1418,2022-11-19,5.11998,4413.687933629256
1419,2022-11-20,5.94009,5120.665228706323
1420,2022-11-21,5.08087,4379.973088047
1421,2022-11-22,4.97489,4288.6128391386
1422,2022-11-23,5.06321,4364.749253401573
1423,2022-11-24,4.6254,3987.3343583781107
1424,2022-11-25,4.46137,3845.932002948361
1425,2022-11-26,4.99886,4309.276220591084
1426,2022-11-27,5.8013,5001.021060504807
1427,2022-11-28,5.24868,4524.633999250232
1428,2022-11-29,4.79825,4136.340010612655
1429,2022-11-30,5.73948,4947.729018727894
1430,2022-12-01,6.00191,5173.957270483237
1431,2022-12-02,5.08466,4383.240264338402
1432,2022-12-03,4.72633,4074.34124573728
1433,2022-12-04,6.20505,5349.0744714952425
1434,2022-12-05,5.64611,4867.239242915691
1435,2022-12-06,4.89288,4217.915971682684
1436,2022-12-07,4.91054,4233.139806328112
1437,2022-12-08,4.47904,3861.164458111708
1438,2022-12-09,4.49418,3874.2159222414793
1439,2022-12-10,4.99886,4309.276220591084
1440,2022-12-11,5.77733,4980.357679052322
1441,2022-12-12,5.07204,4372.361170724286
1442,2022-12-13,4.96732,4282.087107073714
1443,2022-12-14,5.73317,4942.289471920836
1444,2022-12-15,5.05816,4360.395891852342
1445,2022-12-16,4.84367,4175.494403001969
1446,2022-12-17,6.1672,5316.4458111708145
1447,2022-12-18,6.44225,5553.553156540273
1448,2022-12-19,5.82654,5022.779247733039
1449,2022-12-20,5.65116,4871.59260446492
1450,2022-12-21,5.35592,4617.0804334164595
1451,2022-12-22,5.20956,4490.910533150056
1452,2022-12-23,5.12251,4415.868924662831
1453,2022-12-24,5.35087,4612.727071867229
1454,2022-12-25,5.76093,4966.220029664723
1455,2022-12-26,4.9383,4257.0703640719985
1456,2022-12-27,4.60521,3969.9295326991087
1457,2022-12-28,4.22039,3638.1947621298473
1458,2022-12-29,4.49544,3875.302107499307
1459,2022-12-30,4.23301,3649.073855743963
1460,2022-12-31,4.39577,3789.381405397965
1461,2023-01-01,5.18307,4468.074781181916
1462,2023-01-02,4.691,4043.884955928507
1463,2023-01-03,4.52824,3903.5774062745054
1464,2023-01-04,4.76544,4108.056091319537
1465,2023-01-05,5.05185,4354.956345045284
1466,2023-01-06,4.22165,3639.280947387675
1467,2023-01-07,4.48661,3867.690190176593
1468,2023-01-08,5.19821,4481.126245311688
1469,2023-01-09,4.43614,3824.182436238049
1470,2023-01-10,4.18885,3611.0056486124768
1471,2023-01-11,4.13333,3563.144533124702
1472,2023-01-12,4.0324,3476.1376457655324
1473,2023-01-13,3.95922,3413.052695632331
1474,2023-01-14,4.78185,4122.202361225055
1475,2023-01-15,4.86133,4190.718237647395
1476,2023-01-16,4.17875,3602.298925514016
1477,2023-01-17,3.89992,3361.933024371073
1478,2023-01-18,3.92389,3382.596405823558
1479,2023-01-19,3.42552,2952.9756542810105
1480,2023-01-20,3.26528,2814.840475142664
1481,2023-01-21,3.13028,2698.463483232549
1482,2023-01-22,3.67786,3170.5058034558133
1483,2023-01-23,4.8096,4146.124298451023
1484,2023-01-24,5.52625,4763.913715135347
1485,2023-01-25,4.5131,3890.5259421447336
1486,2023-01-26,3.89613,3358.6658480796705
1487,2023-01-27,3.64127,3138.9633283892126
1488,2023-01-28,4.23931,3654.5047820331015
1489,2023-01-29,4.6153,3978.627635279651
1490,2023-01-30,4.13838,3567.497894673932
1491,2023-01-31,3.87973,3344.5281986920713
1492,2023-02-01,4.37306,3769.804209203308
1493,2023-02-02,3.80907,3283.6156190745255
1494,2023-02-03,3.88478,3348.881560241302
1495,2023-02-04,4.42605,3815.4843336575077
1496,2023-02-05,4.82348,4158.089577322967
1497,2023-02-06,4.75661,4100.444173996823
1498,2023-02-07,4.04627,3488.0943041195565
1499,2023-02-08,4.22039,3638.1947621298473
1500,2023-02-09,4.01473,3460.9051906021864
1501,2023-02-10,4.00211,3450.0260969880705
1502,2023-02-11,4.62918,3990.592914151594
1503,2023-02-12,5.33447,4598.589422479629
1504,2023-02-13,4.74904,4093.918441931937
1505,2023-02-14,4.51815,3894.879303693964
1506,2023-02-15,4.11567,3547.920698479275
1507,2023-02-16,4.0816,3518.55059392833
1508,2023-02-17,3.94281,3398.906425726813
1509,2023-02-18,4.61026,3974.2828942483397
1510,2023-02-19,5.19316,4476.772883762457
1511,2023-02-20,4.56357,3934.0336960832783
1512,2023-02-21,4.42478,3814.389527881761
1513,2023-02-22,4.42226,3812.2171573661053
1514,2023-02-23,4.23048,3646.8928647103885
1515,2023-02-24,4.61152,3975.3690795061666
1516,2023-02-25,5.17802,4463.721419632686
1517,2023-02-26,5.51742,4756.301797812634
1518,2023-02-27,4.57367,3942.7404191817386
1519,2023-02-28,4.39198,3786.114229106563
1520,2023-03-01,6.40818,5524.183051989328
1521,2023-03-02,4.57619,3944.9127896973946
1522,2023-03-03,4.08665,3522.90395547756
1523,2023-03-04,5.26886,4542.030204411314
1524,2023-03-05,5.90098,5086.950383124067
1525,2023-03-06,5.0897,4387.585005369712
1526,2023-03-07,4.87774,4204.864507552914
1527,2023-03-08,5.02788,4334.292963592799
1528,2023-03-09,4.76418,4106.969906061709
1529,2023-03-10,4.0324,3476.1376457655324
1530,2023-03-11,5.07456,4374.533541239942
1531,2023-03-12,5.91233,5096.734670962437
1532,2023-03-13,4.41974,3810.04478685045
1533,2023-03-14,4.54969,3922.0684172113347
1534,2023-03-15,4.29988,3706.7192590701065
1535,2023-03-16,4.19894,3619.703751193018
1536,2023-03-17,4.18001,3603.385110771844
1537,2023-03-18,5.02662,4333.206778334972
1538,2023-03-19,5.79878,4998.848689989151
1539,2023-03-20,4.78563,4125.460916998538
1540,2023-03-21,4.61656,3979.7138205374777
1541,2023-03-22,4.41091,3802.432869527737
1542,2023-03-23,5.64107,4862.89450188438
1543,2023-03-24,4.36296,3761.0974861048476
1544,2023-03-25,4.63297,3993.860090442997
1545,2023-03-26,5.34204,4605.1151545445155
1546,2023-03-27,4.29609,3703.4520827787046
1547,2023-03-28,4.05889,3498.9733977336728
1548,2023-03-29,4.40964,3801.338063751989
1549,2023-03-30,3.99454,3443.500364923185
1550,2023-03-31,3.93146,3389.1221378884434
1551,2023-04-01,5.18433,4469.160966439744
1552,2023-04-02,5.29284,4562.7022063817185
1553,2023-04-03,4.71876,4067.8155136723944
1554,2023-04-04,4.56105,3931.8613255676223
1555,2023-04-05,4.43866,3826.354806753704
1556,2023-04-06,4.09548,3530.515872800274
1557,2023-04-07,3.92263,3381.51022056573
1558,2023-04-08,4.30745,3713.2449911349922
1559,2023-04-09,5.10863,4403.903645790887
1560,2023-04-10,4.53834,3912.2841293729653
1561,2023-04-11,4.76292,4105.883720803881
1562,2023-04-12,4.39324,3787.20041436439
1563,2023-04-13,4.14216,3570.756450447415
1564,2023-04-14,3.95543,3409.785519340928
1565,2023-04-15,4.58881,3955.7918833115095
1566,2023-04-16,4.91054,4233.139806328112
1567,2023-04-17,4.25319,3666.4700609050456
1568,2023-04-18,4.20525,3625.143298000076
1569,2023-04-19,4.39829,3791.553775913621
1570,2023-04-20,4.47904,3861.164458111708
1571,2023-04-21,4.16866,3593.600822933475
1572,2023-04-22,4.4967,3876.3882927571344
1573,2023-04-23,5.24868,4524.633999250232
1574,2023-04-24,5.31933,4585.537958349859
1575,2023-04-25,4.67713,4031.9282975744827
1576,2023-04-26,4.41974,3810.04478685045
1577,2023-04-27,4.19389,3615.3503896437874
1578,2023-04-28,4.03744,3480.4823867968435
1579,2023-04-29,4.45507,3840.501076659223
1580,2023-04-30,4.88783,4213.562610133455
1581,2023-05-01,5.69658,4910.746996854235
1582,2023-05-02,4.75914,4102.625165030398
1583,2023-05-03,4.74778,4092.8322566741094
1584,2023-05-04,4.31249,3717.5897321663033
1585,2023-05-05,4.88152,4208.123063326397
1586,2023-05-06,4.85124,4182.020135066854
1587,2023-05-07,5.10232,4398.464098983829
1588,2023-05-08,4.67839,4033.014482832311
1589,2023-05-09,4.35413,3753.4855687821337
1590,2023-05-10,4.01221,3458.7328200865304
1591,2023-05-11,4.55853,3929.6889550519672
1592,2023-05-12,3.77248,3252.0731440079244
1593,2023-05-13,4.13838,3567.497894673932
1594,2023-05-14,5.03166,4337.551519366282
1595,2023-05-15,4.4967,3876.3882927571344
1596,2023-05-16,4.94334,4261.41510510331
1597,2023-05-17,4.70993,4060.203596349681
1598,2023-05-18,4.14343,3571.8512562231626
1599,2023-05-19,3.91253,3372.8034974672696
1600,2023-05-20,4.17623,3600.126554998361
1601,2023-05-21,4.66956,4025.402565509597
1602,2023-05-22,4.25824,3670.8234224542753
1603,2023-05-23,3.9138,3373.898303243017
1604,2023-05-24,4.24436,3658.858143582332
1605,2023-05-25,3.87342,3339.0886518850134
1606,2023-05-26,3.47472,2995.388602443808
1607,2023-05-27,3.74851,3231.40976255544
1608,2023-05-28,4.00085,3448.9399117302423
1609,2023-05-29,4.09296,3528.343502284618
1610,2023-05-30,4.05258,3493.533850926615
1611,2023-05-31,3.79393,3270.564154944754
1612,2023-06-01,4.14973,3577.282182512301
1613,2023-06-02,3.71697,3204.2206490380695
1614,2023-06-03,3.76491,3245.547411943039
1615,2023-06-04,4.33394,3736.0807431031326
1616,2023-06-05,3.74851,3231.40976255544
1617,2023-06-06,4.37179,3768.709403427561
1618,2023-06-07,4.1081,3541.3949664143897
1619,2023-06-08,3.65262,3148.7476162275816
1620,2023-06-09,3.94408,3400.0012315025597
1621,2023-06-10,3.83052,3302.106630011355
1622,2023-06-11,4.14216,3570.756450447415
1623,2023-06-12,3.99202,3441.3279944075293
1624,2023-06-13,3.79141,3268.3917844290986
1625,2023-06-14,3.8545,3322.7786319817587
1626,2023-06-15,3.64127,3138.9633283892126
1627,2023-06-16,3.6501,3146.575245711926
1628,2023-06-17,3.79141,3268.3917844290986
1629,2023-06-18,3.95922,3413.052695632331
1630,2023-06-19,3.5479,3058.4735525770093
1631,2023-06-20,3.41542,2944.26893118255
1632,2023-06-21,3.21481,2771.3327212041195
1633,2023-06-22,3.25897,2809.400928335606
1634,2023-06-23,3.17318,2735.4455051062077
1635,2023-06-24,3.58954,3094.36938919284
1636,2023-06-25,3.69552,3185.72963810124
1637,2023-06-26,3.24131,2794.177093690179
1638,2023-06-27,3.1164,2686.4982043606055
1639,2023-06-28,3.22617,2781.125629560408
1640,2023-06-29,3.28042,2827.891939272435
1641,2023-06-30,3.1,2672.3605549730064
1642,2023-07-01,3.71697,3204.2206490380695
1643,2023-07-02,3.88982,3353.2263012726125
1644,2023-07-03,3.45958,2982.3371383140366
1645,2023-07-04,3.11388,2684.32583384495
1646,2023-07-05,3.36622,2901.855983019753
1647,2023-07-06,3.2514,2802.87519627072
1648,2023-07-07,3.05458,2633.2061625836923
1649,2023-07-08,3.42678,2954.0618395388383
1650,2023-07-09,3.79772,3273.8313312361565
1651,2023-07-10,2.94355,2537.492552126062
1652,2023-07-11,3.26276,2812.6681046270087
1653,2023-07-12,3.22743,2782.2118148182353
1654,2023-07-13,3.09874,2671.274369715178
1655,2023-07-14,2.76186,2380.866362050886
1656,2023-07-15,3.39145,2923.605549730065
1657,2023-07-16,3.40154,2932.303652310606
1658,2023-07-17,3.0899,2663.653831874546
1659,2023-07-18,2.95364,2546.1906547066033
1660,2023-07-19,2.79593,2410.236466601831
1661,2023-07-20,2.70004,2327.5743202739727
1662,2023-07-21,2.78331,2399.3573729877157
1663,2023-07-22,2.96373,2554.8887572871445
1664,2023-07-23,3.24762,2799.616640497237
1665,2023-07-24,2.82999,2439.5979506348576
1666,2023-07-25,2.91705,2514.6481796400026
1667,2023-07-26,2.93471,2529.8720142854295
1668,2023-07-27,2.81233,2424.3741159894307
1669,2023-07-28,2.77574,2392.8316409228296
1670,2023-07-29,2.91579,2513.561994382175
1671,2023-07-30,3.05079,2629.93898629229
1672,2023-07-31,2.81738,2428.727477538661
1673,2023-08-01,3.13533,2702.8168447817793
1674,2023-08-02,3.19841,2757.1950718165203
1675,2023-08-03,2.89813,2498.338159736748
1676,2023-08-04,2.58396,2227.5073482671123
1677,2023-08-05,2.91579,2513.561994382175
1678,2023-08-06,3.09243,2665.8348229081203
1679,2023-08-07,2.79593,2410.236466601831
1680,2023-08-08,2.80476,2417.8483839245446
1681,2023-08-09,3.01042,2595.1379554522055
1682,2023-08-10,2.75808,2377.607806277403
1683,2023-08-11,2.65083,2285.152751593256
1684,2023-08-12,2.89813,2498.338159736748
1685,2023-08-13,3.01546,2599.4826964835165
1686,2023-08-14,2.82242,2433.072218569972
1687,2023-08-15,3.19589,2755.022701300865
1688,2023-08-16,2.94607,2539.6649226417176
1689,2023-08-17,2.74924,2369.98726843677
1690,2023-08-18,2.6685,2300.385206756602
1691,2023-08-19,2.92714,2523.346282220544
1692,2023-08-20,3.1593,2723.480226234264
1693,2023-08-21,2.90191,2501.596715510231
1694,2023-08-22,3.12145,2690.8515659098357
1695,2023-08-23,3.18705,2747.4021634602323
1696,2023-08-24,2.96878,2559.242118836375
1697,2023-08-25,2.99906,2585.3450470959174
1698,2023-08-26,3.04322,2623.4132542274037
1699,2023-08-27,3.51762,3032.3706243174665
1700,2023-08-28,3.27285,2821.3662072075495
1701,2023-08-29,3.35234,2889.8907041478087
1702,2023-08-30,3.48103,3000.828149250866
1703,2023-08-31,3.15299,2718.040679427206
1704,2023-09-01,3.59711,3100.895121257726
1705,2023-09-02,3.72959,3215.0997426521853
1706,2023-09-03,4.03744,3480.4823867968435
1707,2023-09-04,3.58828,3093.283203935013
1708,2023-09-05,3.51762,3032.3706243174665
1709,2023-09-06,3.46211,2984.518129347611
1710,2023-09-07,3.46084,2983.4233235718643
1711,2023-09-08,3.42047,2948.6222927317804
1712,2023-09-09,3.9138,3373.898303243017
1713,2023-09-10,4.40838,3800.2518784941617
1714,2023-09-11,4.27969,3689.3144333911055
1715,2023-09-12,4.07151,3509.8524913477886
1716,2023-09-13,3.78636,3264.0384228798684
1717,2023-09-14,3.60594,3108.5070385804393
1718,2023-09-15,3.71192,3199.8672874888393
1719,2023-09-16,4.11819,3550.093068994931
1720,2023-09-17,4.52698,3902.4912210166776
1721,2023-09-18,4.11188,3544.6535221878726
1722,2023-09-19,4.01852,3464.1723668935883
1723,2023-09-20,4.10684,3540.3087811565615
1724,2023-09-21,4.1674,3592.514637675647
1725,2023-09-22,4.0059,3453.2932732794725
1726,2023-09-23,4.30114,3707.8054443279343
1727,2023-09-24,4.87143,4199.424960745856
1728,2023-09-25,4.02356,3468.5171079248994
1729,2023-09-26,3.86964,3335.83009611153
1730,2023-09-27,3.25266,2803.961381528548
1731,2023-09-28,2.8464,2453.744220540376
1732,2023-09-29,3.01294,2597.310325967861
1733,2023-09-30,3.9037,3365.1915801445566
1734,2023-10-01,4.98624,4298.397126976968
1735,2023-10-02,4.86386,4192.89922868097
1736,2023-10-03,5.31302,4580.0984115428
1737,2023-10-04,4.61909,3981.8948115710527
1738,2023-10-05,4.70741,4058.031225834026
1739,2023-10-06,4.39955,3792.639961171448
1740,2023-10-07,4.54843,3920.9822319535065
1741,2023-10-08,4.99507,4306.0090442996825
1742,2023-10-09,5.22597,4505.056803055575
1743,2023-10-10,4.48913,3869.862560692249
1744,2023-10-11,4.61152,3975.3690795061666
1745,2023-10-12,4.24562,3659.9443288401594
1746,2023-10-13,4.05258,3493.533850926615
1747,2023-10-14,4.35413,3753.4855687821337
1748,2023-10-15,4.93073,4250.544632007113
1749,2023-10-16,4.7768,4117.848999675824
1750,2023-10-17,4.70993,4060.203596349681
1751,2023-10-18,4.39577,3789.381405397965
1752,2023-10-19,4.47021,3853.552540788994
1753,2023-10-20,4.32259,3726.2964552647636
1754,2023-10-21,4.58502,3952.5247070201076
1755,2023-10-22,4.96353,4278.8199307823115
1756,2023-10-23,4.61026,3974.2828942483397
1757,2023-10-24,4.08665,3522.90395547756
1758,2023-10-25,4.00842,3455.4656437951285
1759,2023-10-26,3.58197,3087.843657127955
1760,2023-10-27,3.61351,3115.0327706453254
1761,2023-10-28,3.79015,3267.305599171271
1762,2023-10-29,4.42731,3816.570518915336
1763,2023-10-30,3.98445,3434.802262342643
1764,2023-10-31,3.90496,3366.277765402384
1765,2023-11-01,4.29735,3704.5382680365315
1766,2023-11-02,3.61225,3113.946585387497
1767,2023-11-03,3.44318,2968.1994889264374
1768,2023-11-04,3.64884,3145.489060454098
1769,2023-11-05,4.2103,3629.496659549306
1770,2023-11-06,4.1674,3592.514637675647
1771,2023-11-07,4.35665,3755.6579392977897
1772,2023-11-08,4.1409,3569.670265189588
1773,2023-11-09,4.09296,3528.343502284618
1774,2023-11-10,4.03492,3478.3100162811875
1775,2023-11-11,4.38693,3781.760867557333
1776,2023-11-12,5.35844,4619.252803932115
1777,2023-11-13,5.14269,4433.2651298239125
1778,2023-11-14,4.68722,4040.626400155024
1779,2023-11-15,4.50301,3881.8278395641923
1780,2023-11-16,4.57114,3940.5594281481635
1781,2023-11-17,4.35791,3756.744124555618
1782,2023-11-18,4.58628,3953.6108922779354
1783,2023-11-19,5.24868,4524.633999250232
1784,2023-11-20,5.25246,4527.892555023715
1785,2023-11-21,4.64558,4004.730563539193
1786,2023-11-22,4.12324,3554.4464305441606
1787,2023-11-23,3.87847,3343.442013434244
1788,2023-11-24,4.16235,3588.161276126417
1789,2023-11-25,4.42478,3814.389527881761
1790,2023-11-26,5.08339,4382.145458562654
1791,2023-11-27,4.49418,3874.2159222414793
1792,2023-11-28,4.4374,3825.268621495877
1793,2023-11-29,4.27717,3687.1420628754495
1794,2023-11-30,3.95165,3406.5269635674454
1795,2023-12-01,4.20651,3626.229483257903
1796,2023-12-02,4.31754,3721.9430937155335
1797,2023-12-03,4.6254,3987.3343583781107
1798,2023-12-04,4.21534,3633.841400580617
1799,2023-12-05,3.9731,3425.0179745042747
1800,2023-12-06,3.97814,3429.3627155355853
1801,2023-12-07,3.85828,3326.0371877552425
1802,2023-12-08,3.50248,3019.319160187695
1803,2023-12-09,3.76744,3247.728402976614
1804,2023-12-10,4.61404,3977.5414500218226
1805,2023-12-11,4.35287,3752.399383524307
1806,2023-12-12,4.09296,3528.343502284618
1807,2023-12-13,4.15857,3584.902720352934
1808,2023-12-14,4.09422,3529.4296875424457
1809,2023-12-15,3.84819,3317.3390851747013
1810,2023-12-16,4.37179,3768.709403427561
1811,2023-12-17,4.78816,4127.641908032113
1812,2023-12-18,4.744,4089.573700900626
1813,2023-12-19,4.53834,3912.2841293729653
1814,2023-12-20,4.24562,3659.9443288401594
1815,2023-12-21,4.23931,3654.5047820331015
1816,2023-12-22,3.79015,3267.305599171271
1817,2023-12-23,4.07529,3513.111047121272
1818,2023-12-24,4.29104,3699.0987212294735
1819,2023-12-25,4.47778,3860.07827285388
1820,2023-12-26,3.70309,3192.255370166126
1821,2023-12-27,3.50248,3019.319160187695
1822,2023-12-28,3.26402,2813.754289884836
1823,2023-12-29,3.21355,2770.2465359462917
1824,2023-12-30,3.75987,3241.202670911728
1825,2023-12-31,3.7359,3220.5392894592433
1826,2024-01-01,3.963,3416.3112514058143
1827,2024-01-02,3.53528,3047.5944589628934
1828,2024-01-03,3.18201,2743.057422428921
1829,2024-01-04,3.15804,2722.3940409764364
1830,2024-01-05,3.02556,2608.1894195819773
1831,2024-01-06,3.52645,3039.98254164018
1832,2024-01-07,4.07403,3512.0248618634437
1833,2024-01-08,3.28547,2832.2453008216658
1834,2024-01-09,3.34098,2880.0977957915206
1835,2024-01-10,3.17191,2734.350699330461
1836,2024-01-11,3.26276,2812.6681046270087
1837,2024-01-12,3.17318,2735.4455051062077
1838,2024-01-13,3.64127,3138.9633283892126
1839,2024-01-14,4.37936,3775.2351354924467
1840,2024-01-15,3.51636,3031.2844390596388
1841,2024-01-16,3.31827,2860.5205995968636
1842,2024-01-17,3.28673,2833.331486079493
1843,2024-01-18,2.97257,2562.5092951277775
1844,2024-01-19,2.94481,2538.57873738389
1845,2024-01-20,3.80907,3283.6156190745255
1846,2024-01-21,3.58828,3093.283203935013
1847,2024-01-22,3.03817,2619.0598926781736
1848,2024-01-23,3.11514,2685.4120191027773
1849,2024-01-24,3.40911,2938.8293843754923
1850,2024-01-25,3.05079,2629.93898629229
1851,2024-01-26,2.93471,2529.8720142854295
1852,2024-01-27,3.24257,2795.2632789480067
1853,2024-01-28,3.67407,3167.2386271644104
1854,2024-01-29,3.23121,2785.4703705917186
1855,2024-01-30,3.16813,2731.0921435569776
1856,2024-01-31,3.30944,2852.90868227415
1857,2024-02-01,3.60089,3104.1536770312096
1858,2024-02-02,3.32458,2865.960146403922
1859,2024-02-03,3.505,3021.4915307033507
1860,2024-02-04,3.75356,3235.76312410467
1861,2024-02-05,3.39397,2925.7779202457205
1862,2024-02-06,3.31323,2856.1758585655525
1863,2024-02-07,2.92967,2525.527273254119
1864,2024-02-08,3.02177,2604.9222432905744
1865,2024-02-09,2.74924,2369.98726843677
1866,2024-02-10,2.90065,2500.5105302524034
1867,2024-02-11,3.6766,3169.4196181979855
1868,2024-02-12,4.36548,3763.2698566205027
1869,2024-02-13,3.99707,3445.6813559567595
1870,2024-02-14,3.88856,3352.140116014785
1871,2024-02-15,3.74977,3232.4959478132673
1872,2024-02-16,3.36622,2901.855983019753
1873,2024-02-17,3.81286,3286.882795365928
1874,2024-02-18,4.33268,3734.994557845305
1875,2024-02-19,3.78889,3266.219413913443
1876,2024-02-20,3.79772,3273.8313312361565
1877,2024-02-21,3.39524,2926.8727260214673
1878,2024-02-22,3.2514,2802.87519627072
1879,2024-02-23,3.19841,2757.1950718165203
1880,2024-02-24,3.70057,3190.0829996504704
1881,2024-02-25,3.83431,3305.373806302757
1882,2024-02-26,3.58575,3091.1022129014377
1883,2024-02-27,3.40154,2932.303652310606
1884,2024-02-28,3.41921,2947.5361074739526
1885,2024-02-29,3.18705,2747.4021634602323
1886,2024-03-01,3.94408,3400.0012315025597
1887,2024-03-02,3.963,3416.3112514058143
1888,2024-03-03,4.34404,3744.787466201593
1889,2024-03-04,3.6501,3146.575245711926
1890,2024-03-05,3.69804,3187.9020086168957
1891,2024-03-06,3.53655,3048.6892647386403
1892,2024-03-07,3.505,3021.4915307033507
1893,2024-03-08,3.37253,2907.2955298268103
1894,2024-03-09,3.94786,3403.2597872760425
1895,2024-03-10,4.30871,3714.3311763928195
1896,2024-03-11,4.36927,3766.5370329119055
1897,2024-03-12,3.82548,3297.761888980044
1898,2024-03-13,3.72328,3209.6601958451274
1899,2024-03-14,3.5744,3081.3179250630687
1900,2024-03-15,3.74977,3232.4959478132673
1901,2024-03-16,4.03492,3478.3100162811875
1902,2024-03-17,4.43109,3819.829074688819
1903,2024-03-18,3.92389,3382.596405823558
1904,2024-03-19,3.71571,3203.1344637802417
1905,2024-03-20,3.40533,2935.570828602009
1906,2024-03-21,3.3965,2927.9589112792955
1907,2024-03-22,3.78384,3261.866052364213
1908,2024-03-23,3.68038,3172.678173971469
1909,2024-03-24,3.95922,3413.052695632331
1910,2024-03-25,3.7687,3248.8145882344415
1911,2024-03-26,3.52519,3038.896356382352
1912,2024-03-27,3.55926,3068.266460933298
1913,2024-03-28,3.64884,3145.489060454098
1914,2024-03-29,3.29682,2842.0295886600343
1915,2024-03-30,3.63874,3136.7823373556375
1916,2024-03-31,4.06141,3501.1457682493287
1917,2024-04-01,4.2267,3643.634308936905
1918,2024-04-02,3.8545,3322.7786319817587
1919,2024-04-03,3.5908,3095.4555744506683
1920,2024-04-04,3.35486,2892.0630746634642
1921,2024-04-05,3.60846,3110.679409096095
1922,2024-04-06,3.72833,3214.0135573943576
1923,2024-04-07,3.81034,3284.7104248502724
1924,2024-04-08,3.7359,3220.5392894592433
1925,2024-04-09,3.57566,3082.4041103208965
1926,2024-04-10,3.72202,3208.5740105872997
1927,2024-04-11,3.43056,2957.320395312321
1928,2024-04-12,3.47094,2992.1300466703246
1929,2024-04-13,3.96426,3417.3974366636417
1930,2024-04-14,4.36422,3762.183671362676
1931,2024-04-15,3.69426,3184.643452843412
1932,2024-04-16,3.49743,3014.965798638465
1933,2024-04-17,3.40407,2934.484643344181
1934,2024-04-18,3.40659,2936.6570138598368
1935,2024-04-19,3.48482,3004.0953255422683
1936,2024-04-20,3.64758,3144.4028751962705
1937,2024-04-21,3.79015,3267.305599171271
1938,2024-04-22,3.4886,3007.3538813157516
1939,2024-04-23,3.58449,3090.0160276436104
1940,2024-04-24,3.18453,2745.2297929445767
1941,2024-04-25,3.04574,2625.5856247430593
1942,2024-04-26,3.16813,2731.0921435569776
1943,2024-04-27,3.44823,2972.5528504756676
1944,2024-04-28,3.79772,3273.8313312361565
1945,2024-04-29,3.95417,3408.699334083101
1946,2024-04-30,3.58575,3091.1022129014377
1947,2024-05-01,4.44497,3831.7943535607624
1948,2024-05-02,3.95165,3406.5269635674454
1949,2024-05-03,3.70561,3194.4277406817814
1950,2024-05-04,3.78006,3258.60749659073
1951,2024-05-05,3.90118,3363.019209628901
1952,2024-05-06,3.94786,3403.2597872760425
1953,2024-05-07,3.91632,3376.070673758672
1954,2024-05-08,3.79267,3269.4779696869264
1955,2024-05-09,3.29051,2836.5900418529764
1956,2024-05-10,3.12397,2693.0239364254912
1957,2024-05-11,3.36496,2900.769797761925
1958,2024-05-12,3.45958,2982.3371383140366
1959,2024-05-13,3.25393,2805.056187304295
1960,2024-05-14,3.21103,2768.074165430636
1961,2024-05-15,3.48482,3004.0953255422683
1962,2024-05-16,3.22112,2776.7722680111774
1963,2024-05-17,3.26907,2818.1076514340666
1964,2024-05-18,3.1593,2723.480226234264
1965,2024-05-19,3.4129,2942.0965606668947
1966,2024-05-20,3.16056,2724.566411492092
1967,2024-05-21,3.33341,2873.5720637266354
1968,2024-05-22,3.05331,2632.1113568079454
1969,2024-05-23,2.95743,2549.4578309980056
1970,2024-05-24,2.85397,2460.2699526052616
1971,2024-05-25,2.87668,2479.8471487999186
1972,2024-05-26,3.3107,2853.9948675319783
1973,2024-05-27,3.0243,2607.1032343241495
1974,2024-05-28,3.05458,2633.2061625836923
1975,2024-05-29,3.03439,2615.8013369046907
1976,2024-05-30,2.75051,2371.082074212517
1977,2024-05-31,2.54106,2190.5253263934537
1978,2024-06-01,3.24762,2799.616640497237
1979,2024-06-02,3.05836,2636.464718357175
1980,2024-06-03,2.87037,2474.4076019928607
1981,2024-06-04,2.94355,2537.492552126062
1982,2024-06-05,2.79719,2411.3226518596593
1983,2024-06-06,2.76312,2381.9525473087137
1984,2024-06-07,2.86154,2466.7956846701472
1985,2024-06-08,2.88172,2484.1918898312297
1986,2024-06-09,3.08486,2659.309090843235
1987,2024-06-10,3.04574,2625.5856247430593
1988,2024-06-11,3.11388,2684.32583384495
1989,2024-06-12,3.23374,2787.6513616252932
1990,2024-06-13,3.02682,2609.2756048398046
1991,2024-06-14,3.1757,2737.6178756218633
1992,2024-06-15,3.13533,2702.8168447817793
1993,2024-06-16,3.18958,2749.583154493807
1994,2024-06-17,3.17318,2735.4455051062077
1995,2024-06-18,2.97004,2560.3283040942024
1996,2024-06-19,2.92714,2523.346282220544
1997,2024-06-20,2.67354,2304.7299477879133
1998,2024-06-21,2.70635,2333.0138670810306
1999,2024-06-22,2.74041,2362.3753511140567
2000,2024-06-23,3.00411,2589.6984086451475
2001,2024-06-24,2.66345,2296.031845207372
2002,2024-06-25,2.72653,2350.410072242113
2003,2024-06-26,2.62686,2264.4893701407714
2004,2024-06-27,2.49438,2150.2847487463123
2005,2024-06-28,2.36947,2042.6058594167387
2006,2024-06-29,2.55368,2201.40442000757
2007,2024-06-30,2.72401,2348.2377017264575
2008,2024-07-01,2.96752,2558.155933578547
2009,2024-07-02,2.71013,2336.272422854514
2010,2024-07-03,2.63821,2274.2736579791404
2011,2024-07-04,2.65966,2292.7646689159697
2012,2024-07-05,2.53854,2188.352955877798
2013,2024-07-06,2.79214,2406.9692903104287
2014,2024-07-07,2.89182,2492.89861292969
2015,2024-07-08,2.69625,2324.3071439825703
2016,2024-07-09,2.77826,2395.004011438485
2017,2024-07-10,2.55242,2200.3182347497423
2018,2024-07-11,2.55242,2200.3182347497423
2019,2024-07-12,2.4313,2095.906521711571
2020,2024-07-13,3.07855,2653.8695440361766
2021,2024-07-14,2.81359,2425.4603012472585
2022,2024-07-15,2.67985,2310.169494594971
2023,2024-07-16,2.52592,2177.473862263683
2024,2024-07-17,2.56756,2213.3696988795136
2025,2024-07-18,2.24709,1937.1079611207397
2026,2024-07-19,2.41489,2081.760251806053
2027,2024-07-20,2.51457,2167.689574425314
2028,2024-07-21,2.4641,2124.1818204867695
2029,2024-07-22,2.51709,2169.8619449409694
2030,2024-07-23,2.60289,2243.8259886882865
2031,2024-07-24,2.72149,2346.0653312108025
2032,2024-07-25,2.28998,1974.081362476479
2033,2024-07-26,2.38966,2060.01068509574
2034,2024-07-27,2.33162,2009.97719909231
2035,2024-07-28,2.56125,2207.9301520724553
2036,2024-07-29,2.3884,2058.924499837912
2037,2024-07-30,2.18526,1883.807298825907
2038,2024-07-31,2.26727,1954.5041662818219
2039,2024-08-01,2.48681,2143.7590166814266
2040,2024-08-02,2.33288,2011.0633843501375
2041,2024-08-03,2.29377,1977.3485387678813
2042,2024-08-04,2.49564,2151.3709340041396
2043,2024-08-05,2.27989,1965.3832598959377
2044,2024-08-06,2.31396,1994.7533644468829
2045,2024-08-07,2.33162,2009.97719909231
2046,2024-08-08,2.34045,2017.5891164150235
2047,2024-08-09,2.23825,1929.4874232801067
2048,2024-08-10,2.39092,2061.0968703535677
2049,2024-08-11,2.58144,2225.3349777514572
2050,2024-08-12,2.39723,2066.5364171606257
2051,2024-08-13,2.37073,2043.6920446745662
2052,2024-08-14,2.22816,1920.7893206995657
2053,2024-08-15,2.41615,2082.8464370638803
2054,2024-08-16,2.28746,1971.9089919608234
2055,2024-08-17,2.46031,2120.914644195367
2056,2024-08-18,2.84387,2451.563229506801
2057,2024-08-19,2.86027,2465.7008788944
2058,2024-08-20,2.49438,2150.2847487463123
2059,2024-08-21,2.42373,2089.380789646685
2060,2024-08-22,2.43256,2096.992706969399
2061,2024-08-23,2.36443,2038.2611183854276
2062,2024-08-24,2.53097,2181.827223812913
2063,2024-08-25,2.60415,2244.9121739461143
2064,2024-08-26,2.62434,2262.316999625116
2065,2024-08-27,2.71518,2340.6257844037445
2066,2024-08-28,2.65209,2286.238936851084
2067,2024-08-29,2.70761,2334.1000523388584
2068,2024-08-30,2.60289,2243.8259886882865
2069,2024-08-31,2.63695,2273.1874727213126
2070,2024-09-01,3.3107,2853.9948675319783
2071,2024-09-02,2.98771,2575.5607592575484
2072,2024-09-03,3.19463,2753.936516043037
2073,2024-09-04,2.88172,2484.1918898312297
2074,2024-09-05,2.70761,2334.1000523388584
2075,2024-09-06,2.74924,2369.98726843677
2076,2024-09-07,2.85144,2458.088961571687
2077,2024-09-08,3.21229,2769.160350688464
2078,2024-09-09,2.93345,2528.7858290276017
2079,2024-09-10,2.90065,2500.5105302524034
2080,2024-09-11,2.642,2277.5408342705427
2081,2024-09-12,2.52971,2180.741038555085
2082,2024-09-13,2.27232,1958.8575278310523
2083,2024-09-14,2.32531,2004.537652285252
2084,2024-09-15,2.58018,2224.2487924936295
2085,2024-09-16,2.27989,1965.3832598959377
2086,2024-09-17,2.45274,2114.388912130481
2087,2024-09-18,2.89434,2495.0709834453455
2088,2024-09-19,2.66976,2301.47139201443
2089,2024-09-20,2.82999,2439.5979506348576
2090,2024-09-21,3.00158,2587.517417611573
2091,2024-09-22,3.32837,2869.2273226953243
2092,2024-09-23,3.34351,2882.2787868250957
2093,2024-09-24,3.23374,2787.6513616252932
2094,2024-09-25,3.09874,2671.274369715178
2095,2024-09-26,2.91957,2516.820550155658
2096,2024-09-27,2.76186,2380.866362050886
2097,2024-09-28,2.74294,2364.5563421476313
2098,2024-09-29,3.17318,2735.4455051062077
2099,2024-09-30,3.02808,2610.361790097633
