,date,헨리코튼,헨리코튼_absolute
0,2019-01-01,10.18181,1193.923535343009
1,2019-01-02,15.0622,1766.2002211830186
2,2019-01-03,15.58851,1827.9155641216885
3,2019-01-04,10.93779,1282.5700838691166
4,2019-01-05,13.42583,1574.3187526102167
5,2019-01-06,15.311,1795.3746190153627
6,2019-01-07,11.14832,1307.2569246072333
7,2019-01-08,9.92344,1163.6269550860043
8,2019-01-09,9.6555,1132.2081924043391
9,2019-01-10,8.85167,1037.950731754929
10,2019-01-11,8.70813,1021.1191679894358
11,2019-01-12,10.92822,1281.4479014444562
12,2019-01-13,11.42583,1339.797869713559
13,2019-01-14,8.79425,1031.217637206966
14,2019-01-15,8.77511,1028.9732723576449
15,2019-01-16,8.34449,978.4785810611655
16,2019-01-17,7.49282,878.6113808928673
17,2019-01-18,8.22966,965.013564569654
18,2019-01-19,10.39234,1218.6103760811259
19,2019-01-20,11.6555,1366.7290753009968
20,2019-01-21,8.7177,1022.2413504140964
21,2019-01-22,9.6555,1132.2081924043391
22,2019-01-23,8.28708,971.7466591176169
23,2019-01-24,7.59808,890.9542149597183
24,2019-01-25,7.41626,869.6339214955832
25,2019-01-26,9.72248,1140.062296772548
26,2019-01-27,11.07177,1298.280637814364
27,2019-01-28,8.34449,978.4785810611655
28,2019-01-29,7.42583,870.7561039202437
29,2019-01-30,7.80861,915.641055697835
30,2019-01-31,7.07177,829.2388720210483
31,2019-02-01,6.87081,805.6742137075922
32,2019-02-02,9.73205,1141.1844791972085
33,2019-02-03,10.46889,1227.5866628739952
34,2019-02-04,8.22966,965.013564569654
35,2019-02-05,7.64593,896.5651270830209
36,2019-02-06,8.83253,1035.7063669056079
37,2019-02-07,9.61722,1127.719462705697
38,2019-02-08,7.94258,931.3504370386677
39,2019-02-09,10.0,1172.6044144832883
40,2019-02-10,11.39712,1336.4313224395773
41,2019-02-11,8.22966,965.013564569654
42,2019-02-12,8.88038,1041.3172790289104
43,2019-02-13,10.60287,1243.2972168192423
44,2019-02-14,8.20095,961.6470172956724
45,2019-02-15,7.39712,867.3895566462622
46,2019-02-16,9.40669,1103.0326219675803
47,2019-02-17,10.69856,1254.517868461433
48,2019-02-18,8.57416,1005.409786648603
49,2019-02-19,8.11483,951.5485480781422
50,2019-02-20,7.57894,888.7098501103974
51,2019-02-21,7.39712,867.3895566462622
52,2019-02-22,7.50239,879.7335633175278
53,2019-02-23,9.30143,1090.6897879007292
54,2019-02-24,11.38755,1335.309140014917
55,2019-02-25,9.19617,1078.3469538338782
56,2019-02-26,8.64114,1013.2638910168122
57,2019-02-27,8.82296,1034.5841844809474
58,2019-02-28,8.22966,965.013564569654
59,2019-03-01,10.91866,1280.32689162421
60,2019-03-02,12.73684,1493.5274810567328
61,2019-03-03,13.33971,1564.2202833926867
62,2019-03-04,9.39712,1101.9104395429197
63,2019-03-05,8.65071,1014.3860734414727
64,2019-03-06,8.23923,966.1357469943143
65,2019-03-07,8.78468,1030.0954547823053
66,2019-03-08,8.29665,972.8688415422773
67,2019-03-09,10.16267,1191.679170493688
68,2019-03-10,12.7177,1491.2831162074117
69,2019-03-11,8.89952,1043.5616438782315
70,2019-03-12,9.08133,1064.880764737952
71,2019-03-13,8.00956,939.2045414068767
72,2019-03-14,7.49282,878.6113808928673
73,2019-03-15,7.49282,878.6113808928673
74,2019-03-16,11.25358,1319.5997586740843
75,2019-03-17,11.1866,1311.7456543058754
76,2019-03-18,8.50717,997.5545096759796
77,2019-03-19,9.04306,1060.3932076437245
78,2019-03-20,8.33492,977.356398636505
79,2019-03-21,7.60765,892.0763973843788
80,2019-03-22,7.19617,843.8260709372206
81,2019-03-23,9.93301,1164.7491375106647
82,2019-03-24,10.53588,1235.4419398466189
83,2019-03-25,8.32535,976.2342162118445
84,2019-03-26,7.20574,844.9482533618809
85,2019-03-27,9.56937,1122.1085505823944
86,2019-03-28,7.98086,935.8391667373096
87,2019-03-29,7.42583,870.7561039202437
88,2019-03-30,9.81818,1151.2841210191532
89,2019-03-31,11.22488,1316.2343840045173
90,2019-04-01,10.14354,1189.4359782487813
91,2019-04-02,7.98086,935.8391667373096
92,2019-04-03,7.61722,893.1985798090393
93,2019-04-04,6.95693,815.7726829251222
94,2019-04-05,6.52631,765.2779916286429
95,2019-04-06,7.81818,916.7632381224955
96,2019-04-07,9.52153,1116.4988110635065
97,2019-04-08,7.98086,935.8391667373096
98,2019-04-09,8.30622,973.9910239669379
99,2019-04-10,6.88995,807.9185785569132
100,2019-04-11,8.36363,980.7229459104866
101,2019-04-12,7.35885,862.9019995520347
102,2019-04-13,8.73684,1024.4857152634174
103,2019-04-14,10.85167,1272.4716146515866
104,2019-04-15,7.19617,843.8260709372206
105,2019-04-16,7.36842,864.0241819766952
106,2019-04-17,6.43062,754.0573399864523
107,2019-04-18,6.16267,722.6374047003727
108,2019-04-19,6.61244,775.3776334505875
109,2019-04-20,6.35406,745.0798805891683
110,2019-04-21,7.86602,922.3729776413835
111,2019-04-22,7.32057,858.4132698533926
112,2019-04-23,5.77033,676.6314431025354
113,2019-04-24,6.57416,770.8889037519455
114,2019-04-25,6.01913,705.8058409348795
115,2019-04-26,4.80382,563.298053838311
116,2019-04-27,6.35406,745.0798805891683
117,2019-04-28,6.55502,768.6445389026245
118,2019-04-29,6.51674,764.1558092039825
119,2019-04-30,5.17703,607.0608231912419
120,2019-05-01,7.37799,865.1463644013556
121,2019-05-02,5.96172,699.073918991331
122,2019-05-03,4.98564,584.6183473024462
123,2019-05-04,6.1244,718.149847606145
124,2019-05-05,8.60287,1008.7763339225846
125,2019-05-06,8.66028,1015.5082558661333
126,2019-05-07,7.7799,912.2745084238535
127,2019-05-08,8.1244,952.6707305028027
128,2019-05-09,6.22009,729.3704992483357
129,2019-05-10,6.94736,814.6505005004618
130,2019-05-11,6.0,703.562648689973
131,2019-05-12,7.1866,842.7038885125601
132,2019-05-13,6.51674,764.1558092039825
133,2019-05-14,6.44019,755.1795224111129
134,2019-05-15,5.99043,702.4404662653125
135,2019-05-16,6.53588,766.4001740533034
136,2019-05-17,5.83732,684.4867200751589
137,2019-05-18,5.75119,674.3870782532143
138,2019-05-19,6.9665,816.8948653497828
139,2019-05-20,5.23444,613.7927451347904
140,2019-05-21,5.11961,600.3277286432788
141,2019-05-22,4.99521,585.7405297271067
142,2019-05-23,4.97607,583.4961648777856
143,2019-05-24,4.81339,564.4202362629716
144,2019-05-25,6.23923,731.6148640976567
145,2019-05-26,6.18181,724.8817695496937
146,2019-05-27,5.36842,629.5032990800376
147,2019-05-28,4.89952,574.5198780849161
148,2019-05-29,5.76076,675.5092606778749
149,2019-05-30,5.55023,650.8224199397581
150,2019-05-31,4.91866,576.7642429342371
151,2019-06-01,6.7177,787.7204675174386
152,2019-06-02,5.85645,686.7299123200654
153,2019-06-03,5.91387,693.4630068680285
154,2019-06-04,5.33971,626.1367518060559
155,2019-06-05,4.2488,498.2161636256596
156,2019-06-06,4.73684,555.443949470102
157,2019-06-07,4.63157,543.0999427988364
158,2019-06-08,5.04306,591.3514418504092
159,2019-06-09,5.21531,611.5495528898838
160,2019-06-10,5.9043,692.340824443368
161,2019-06-11,4.93779,579.0074351791436
162,2019-06-12,5.01435,587.9848945764277
163,2019-06-13,4.97607,583.4961648777856
164,2019-06-14,5.59808,656.4333320630607
165,2019-06-15,5.50239,645.2126804208701
166,2019-06-16,6.13397,719.2720300308056
167,2019-06-17,5.25358,616.0371099841115
168,2019-06-18,4.78468,561.05368898899
169,2019-06-19,5.33971,626.1367518060559
170,2019-06-20,4.46889,524.0240141840222
171,2019-06-21,5.51196,646.3348628455307
172,2019-06-22,5.39712,632.8686737496046
173,2019-06-23,5.9043,692.340824443368
174,2019-06-24,4.63157,543.0999427988364
175,2019-06-25,5.14832,603.6942759172603
176,2019-06-26,4.43062,519.5364570897947
177,2019-06-27,5.08133,595.8389989446368
178,2019-06-28,4.39234,515.0477273911526
179,2019-06-29,5.49282,644.0904979962096
180,2019-06-30,5.98086,701.3182838406519
181,2019-07-01,5.29186,620.5258396827534
182,2019-07-02,5.39712,632.8686737496046
183,2019-07-03,4.97607,583.4961648777856
184,2019-07-04,4.92822,577.8852527544831
185,2019-07-05,6.74641,791.0870147914201
186,2019-07-06,5.51196,646.3348628455307
187,2019-07-07,7.20574,844.9482533618809
188,2019-07-08,6.75598,792.2091972160806
189,2019-07-09,5.62679,659.7998793370422
190,2019-07-10,5.73205,672.1427134038933
191,2019-07-11,5.20574,610.4273704652232
192,2019-07-12,4.97607,583.4961648777856
193,2019-07-13,5.26315,617.159292408772
194,2019-07-14,6.01913,705.8058409348795
195,2019-07-15,5.42583,636.2352210235861
196,2019-07-16,4.92822,577.8852527544831
197,2019-07-17,4.94736,580.1296176038041
198,2019-07-18,4.51674,529.6349263073248
199,2019-07-19,4.82296,565.542418687632
200,2019-07-20,5.08133,595.8389989446368
201,2019-07-21,5.48325,642.968315571549
202,2019-07-22,4.63157,543.0999427988364
203,2019-07-23,4.76555,558.8104967440835
204,2019-07-24,4.52631,530.7571087319852
205,2019-07-25,5.25358,616.0371099841115
206,2019-07-26,4.88038,572.275513235595
207,2019-07-27,5.07177,594.7179891243907
208,2019-07-28,5.33971,626.1367518060559
209,2019-07-29,5.15789,604.8164583419208
210,2019-07-30,5.03349,590.2292594257486
211,2019-07-31,5.78947,678.8758079518562
212,2019-08-01,4.53588,531.8792911566458
213,2019-08-02,4.65071,545.3443076481574
214,2019-08-03,4.72727,554.3217670454414
215,2019-08-04,4.87081,571.1533308109346
216,2019-08-05,4.57416,536.3680208552878
217,2019-08-06,4.66028,546.4664900728179
218,2019-08-07,4.78468,561.05368898899
219,2019-08-08,4.26794,500.4605284749806
220,2019-08-09,4.91866,576.7642429342371
221,2019-08-10,4.3732,512.8033625418316
222,2019-08-11,5.56937,653.0667847890792
223,2019-08-12,4.622,541.9777603741759
224,2019-08-13,4.91866,576.7642429342371
225,2019-08-14,4.53588,531.8792911566458
226,2019-08-15,5.76076,675.5092606778749
227,2019-08-16,4.61244,540.8567505539298
228,2019-08-17,5.03349,590.2292594257486
229,2019-08-18,5.50239,645.2126804208701
230,2019-08-19,5.0909,596.9611813692973
231,2019-08-20,5.03349,590.2292594257486
232,2019-08-21,5.81818,682.2423552258379
233,2019-08-22,5.59808,656.4333320630607
234,2019-08-23,4.67942,548.710854922139
235,2019-08-24,5.11004,599.2055462186182
236,2019-08-25,6.34449,743.9576981645079
237,2019-08-26,5.72248,671.0205309792328
238,2019-08-27,5.33014,625.0145693813955
239,2019-08-28,5.62679,659.7998793370422
240,2019-08-29,5.4354,637.3574034482465
241,2019-08-30,6.18181,724.8817695496937
242,2019-08-31,6.31578,740.5911508905263
243,2019-09-01,8.22966,965.013564569654
244,2019-09-02,6.89952,809.0407609815737
245,2019-09-03,7.11961,834.8486115399364
246,2019-09-04,7.37799,865.1463644013556
247,2019-09-05,6.57416,770.8889037519455
248,2019-09-06,6.622,776.4986432708336
249,2019-09-07,7.89473,925.7395249153651
250,2019-09-08,8.67942,1017.7526207154543
251,2019-09-09,7.33971,860.6576347027136
252,2019-09-10,6.99521,820.2614126237644
253,2019-09-11,7.50239,879.7335633175278
254,2019-09-12,7.07177,829.2388720210483
255,2019-09-13,8.10526,950.4263656534818
256,2019-09-14,8.88995,1042.439461453571
257,2019-09-15,8.70813,1021.1191679894358
258,2019-09-16,8.10526,950.4263656534818
259,2019-09-17,6.76555,793.3313796407411
260,2019-09-18,7.32057,858.4132698533926
261,2019-09-19,8.13397,953.7929129274632
262,2019-09-20,7.39712,867.3895566462622
263,2019-09-21,9.98086,1170.3600496339673
264,2019-09-22,11.23444,1317.3553938247633
265,2019-09-23,9.51196,1115.376628638846
266,2019-09-24,10.32535,1210.7550991085022
267,2019-09-25,9.25358,1085.0788757774267
268,2019-09-26,9.84688,1154.6494956887202
269,2019-09-27,8.44976,990.822587732431
270,2019-09-28,9.80861,1150.1619385944928
271,2019-09-29,11.10047,1301.6460124839307
272,2019-09-30,9.13875,1071.6138592859152
273,2019-10-01,8.20095,961.6470172956724
274,2019-10-02,8.64114,1013.2638910168122
275,2019-10-03,9.35885,1097.4228824486922
276,2019-10-04,8.57416,1005.409786648603
277,2019-10-05,9.73205,1141.1844791972085
278,2019-10-06,11.26315,1320.7219410987448
279,2019-10-07,9.58851,1124.3529154317155
280,2019-10-08,9.73205,1141.1844791972085
281,2019-10-09,11.70334,1372.3388148198849
282,2019-10-10,9.46411,1109.7657165155433
283,2019-10-11,10.38277,1217.4881936564652
284,2019-10-12,10.88038,1275.838161925568
285,2019-10-13,13.45454,1577.6852998841982
286,2019-10-14,11.14832,1307.2569246072333
287,2019-10-15,11.03349,1293.7919081157218
288,2019-10-16,11.20574,1313.9900191551965
289,2019-10-17,11.56937,1356.629433479052
290,2019-10-18,10.70813,1255.6400508860936
291,2019-10-19,12.94736,1518.2131491904347
292,2019-10-20,15.63636,1833.526476244991
293,2019-10-21,11.9043,1395.9034731333409
294,2019-10-22,9.91387,1162.5047726613436
295,2019-10-23,10.27751,1205.145359589614
296,2019-10-24,18.46889,2165.6701944606257
297,2019-10-25,23.21531,2722.237498959803
298,2019-10-26,19.40669,2275.637036450869
299,2019-10-27,25.04306,2936.560270816986
300,2019-10-28,20.54545,2409.1685367545674
301,2019-10-29,16.22966,1903.0970961562844
302,2019-10-30,15.54066,1822.3046519983861
303,2019-10-31,14.07655,1650.6224670694733
304,2019-11-01,14.61244,1713.461165037218
305,2019-11-02,15.74162,1845.8693103118421
306,2019-11-03,19.39712,2274.5148540262085
307,2019-11-04,15.24401,1787.5193420427393
308,2019-11-05,15.79904,1852.6024048598051
309,2019-11-06,14.68899,1722.4374518300879
310,2019-11-07,15.27272,1790.8858893167207
311,2019-11-08,13.96172,1637.1574505779615
312,2019-11-09,18.41148,2158.9382725170776
313,2019-11-10,22.97607,2694.1841109477045
314,2019-11-11,17.0909,2004.0864787492435
315,2019-11-12,16.66028,1953.591787452764
316,2019-11-13,18.68899,2191.479217623403
317,2019-11-14,20.33492,2384.481696016451
318,2019-11-15,18.73684,2197.0901297467058
319,2019-11-16,21.75119,2550.554141426476
320,2019-11-17,27.50239,3224.9423922841042
321,2019-11-18,19.24401,2256.5611078360544
322,2019-11-19,20.35406,2386.726060865772
323,2019-11-20,18.91866,2218.4104232108407
324,2019-11-21,15.76076,1848.113675161163
325,2019-11-22,25.97129,3045.404930382568
326,2019-11-23,20.23923,2373.26104437426
327,2019-11-24,30.39234,3563.8192050477023
328,2019-11-25,20.2488,2374.383226798921
329,2019-11-26,16.67942,1955.8361523020849
330,2019-11-27,16.1244,1890.7542620894337
331,2019-11-28,15.89473,1863.8230565019956
332,2019-11-29,15.99043,1875.044880748601
333,2019-11-30,19.94258,2338.4757344186137
334,2019-12-01,23.62679,2770.4878254069613
335,2019-12-02,17.21531,2018.6748502698297
336,2019-12-03,16.08612,1886.2655323907916
337,2019-12-04,15.67464,1838.0152059436332
338,2019-12-05,16.33492,1915.4399302231357
339,2019-12-06,16.33492,1915.4399302231357
340,2019-12-07,19.27272,2259.927655110036
341,2019-12-08,27.26315,3196.8890042720063
342,2019-12-09,17.63636,2068.0473591416485
343,2019-12-10,15.21531,1784.1539673731722
344,2019-12-11,14.91866,1749.3686574175254
345,2019-12-12,14.8421,1740.3911980202415
346,2019-12-13,16.58373,1944.6155006598942
347,2019-12-14,20.29665,2379.9941389222236
348,2019-12-15,22.63157,2653.7878888687555
349,2019-12-16,16.26794,1907.5858258549265
350,2019-12-17,15.99043,1875.044880748601
351,2019-12-18,13.93301,1633.79090330398
352,2019-12-19,14.73684,1728.0483639533904
353,2019-12-20,16.06698,1884.0211675414705
354,2019-12-21,17.67464,2072.5360888402906
355,2019-12-22,19.35885,2270.027296931981
356,2019-12-23,14.66028,1719.0709045561064
357,2019-12-24,13.11961,1538.4112602299094
358,2019-12-25,17.93301,2102.8326690972954
359,2019-12-26,14.45933,1695.5074188470644
360,2019-12-27,13.86602,1625.9356263313566
361,2019-12-28,15.68421,1839.1373883682936
362,2019-12-29,16.28708,1909.8301907042476
363,2019-12-30,17.17703,2014.1861205711878
364,2019-12-31,12.99521,1523.8240613137373
365,2020-01-01,14.15311,1659.5999264667573
366,2020-01-02,12.81339,1502.5037678496021
367,2020-01-03,12.5933,1476.6959172912393
368,2020-01-04,15.5598,1824.549016847707
369,2020-01-05,17.22488,2019.7970326944903
370,2020-01-06,11.59808,1359.9959807530336
371,2020-01-07,11.19617,1312.8678367305358
372,2020-01-08,10.50717,1232.0753925726374
373,2020-01-09,11.23444,1317.3553938247633
374,2020-01-10,11.45454,1343.1644169875406
375,2020-01-11,16.63157,1950.2252401787823
376,2020-01-12,18.34449,2151.0829955444538
377,2020-01-13,14.46889,1696.6284286673106
378,2020-01-14,13.0909,1535.044712955928
379,2020-01-15,12.60287,1477.8180997159
380,2020-01-16,11.39712,1336.4313224395773
381,2020-01-17,10.40191,1219.7325585057863
382,2020-01-18,14.54545,1705.6058880645946
383,2020-01-19,15.79904,1852.6024048598051
384,2020-01-20,10.66985,1251.1513211874515
385,2020-01-21,10.79425,1265.7385201036236
386,2020-01-22,11.10047,1301.6460124839307
387,2020-01-23,9.67464,1134.4525572536602
388,2020-01-24,11.42583,1339.797869713559
389,2020-01-25,10.47846,1228.7088452986557
390,2020-01-26,13.21531,1549.6330844765146
391,2020-01-27,14.41148,1689.8965067237618
392,2020-01-28,11.46411,1344.286599412201
393,2020-01-29,11.11961,1303.8903773332518
394,2020-01-30,10.70813,1255.6400508860936
395,2020-01-31,11.03349,1293.7919081157218
396,2020-02-01,14.60287,1712.3389826125576
397,2020-02-02,13.85645,1624.8134439066962
398,2020-02-03,10.85167,1272.4716146515866
399,2020-02-04,10.03827,1177.091971577516
400,2020-02-05,11.25358,1319.5997586740843
401,2020-02-06,10.21052,1197.2900826169905
402,2020-02-07,10.1244,1187.1916133994605
403,2020-02-08,14.20095,1665.2096659856454
404,2020-02-09,16.81339,1971.5455336429172
405,2020-02-10,12.13397,1422.8346787207786
406,2020-02-11,12.13397,1422.8346787207786
407,2020-02-12,13.22488,1550.755266901175
408,2020-02-13,11.68421,1370.0956225749783
409,2020-02-14,11.80861,1384.6828214911504
410,2020-02-15,14.46889,1696.6284286673106
411,2020-02-16,15.35885,1800.9855311386652
412,2020-02-17,12.16267,1426.2000533903456
413,2020-02-18,10.54545,1236.5641222712793
414,2020-02-19,10.61244,1244.4193992439027
415,2020-02-20,11.15789,1308.379107031894
416,2020-02-21,10.9665,1285.936631143098
417,2020-02-22,12.3732,1450.8868941284625
418,2020-02-23,11.51196,1349.8975115355036
419,2020-02-24,9.28229,1088.4454230514082
420,2020-02-25,10.78468,1264.616337678963
421,2020-02-26,11.13875,1306.1347421825728
422,2020-02-27,11.03349,1293.7919081157218
423,2020-02-28,10.92822,1281.4479014444562
424,2020-02-29,12.5933,1476.6959172912393
425,2020-03-01,11.88516,1393.65910828402
426,2020-03-02,9.57894,1123.2307330070548
427,2020-03-03,11.22488,1316.2343840045173
428,2020-03-04,11.00478,1290.4253608417403
429,2020-03-05,10.13397,1188.313795824121
430,2020-03-06,12.04784,1412.735036898834
431,2020-03-07,12.46889,1462.107545770653
432,2020-03-08,13.85645,1624.8134439066962
433,2020-03-09,12.13397,1422.8346787207786
434,2020-03-10,12.85167,1506.9924975482443
435,2020-03-11,11.42583,1339.797869713559
436,2020-03-12,10.91866,1280.32689162421
437,2020-03-13,9.7799,1146.795391320511
438,2020-03-14,13.92344,1632.6687208793196
439,2020-03-15,14.47846,1697.750611091971
440,2020-03-16,11.07177,1298.280637814364
441,2020-03-17,10.19138,1195.0457177676697
442,2020-03-18,9.85645,1155.7716781133809
443,2020-03-19,11.95215,1401.5143852566434
444,2020-03-20,11.93301,1399.2700204073224
445,2020-03-21,13.00478,1524.946243738398
446,2020-03-22,15.27272,1790.8858893167207
447,2020-03-23,11.72248,1374.5831796692057
448,2020-03-24,12.21052,1431.8109655136482
449,2020-03-25,11.01435,1291.5475432664007
450,2020-03-26,11.58851,1358.8737983283731
451,2020-03-27,9.94258,1165.8713199353253
452,2020-03-28,13.62679,1597.8834109236727
453,2020-03-29,13.5311,1586.6627592814823
454,2020-03-30,11.19617,1312.8678367305358
455,2020-03-31,10.45933,1226.465653053749
456,2020-04-01,10.78468,1264.616337678963
457,2020-04-02,11.16746,1309.5012894565543
458,2020-04-03,11.98086,1404.880932530625
459,2020-04-04,12.82296,1503.6259502742628
460,2020-04-05,12.80382,1501.3815854249417
461,2020-04-06,10.63157,1246.6625914888093
462,2020-04-07,11.26315,1320.7219410987448
463,2020-04-08,10.65071,1248.9069563381304
464,2020-04-09,11.27272,1321.8441235234054
465,2020-04-10,9.37799,1099.6672472980133
466,2020-04-11,14.29665,1676.4314902322503
467,2020-04-12,14.2488,1670.8205781089478
468,2020-04-13,10.16267,1191.679170493688
469,2020-04-14,10.38277,1217.4881936564652
470,2020-04-15,10.36363,1215.2438288071442
471,2020-04-16,8.93779,1048.049200972459
472,2020-04-17,8.2488,967.2579294189748
473,2020-04-18,11.26315,1320.7219410987448
474,2020-04-19,13.38755,1569.8300229115746
475,2020-04-20,9.36842,1098.5450648733529
476,2020-04-21,8.99521,1054.782295520422
477,2020-04-22,10.2488,1201.7788123156324
478,2020-04-23,8.53588,1000.9210569499612
479,2020-04-24,8.76555,1027.8522625373987
480,2020-04-25,11.98086,1404.880932530625
481,2020-04-26,15.54066,1822.3046519983861
482,2020-04-27,10.21052,1197.2900826169905
483,2020-04-28,8.82296,1034.5841844809474
484,2020-04-29,8.39234,984.0894931844681
485,2020-04-30,10.35406,1214.1216463824837
486,2020-05-01,11.52153,1351.0196939601642
487,2020-05-02,11.22488,1316.2343840045173
488,2020-05-03,12.61244,1478.9402821405604
489,2020-05-04,9.82775,1152.4063034438136
490,2020-05-05,11.45454,1343.1644169875406
491,2020-05-06,9.42583,1105.2769868169014
492,2020-05-07,10.92822,1281.4479014444562
493,2020-05-08,9.08133,1064.880764737952
494,2020-05-09,11.57894,1357.7516159037125
495,2020-05-10,10.10526,1184.9472485501394
496,2020-05-11,7.84688,920.1286127920625
497,2020-05-12,7.63636,895.4429446583604
498,2020-05-13,7.93301,930.2282546140071
499,2020-05-14,7.82775,917.8854205471561
500,2020-05-15,7.62679,894.3207622336998
501,2020-05-16,8.88038,1041.3172790289104
502,2020-05-17,9.42583,1105.2769868169014
503,2020-05-18,8.86124,1039.0729141795894
504,2020-05-19,7.92344,929.1060721893466
505,2020-05-20,7.40669,868.5117390709228
506,2020-05-21,7.21531,846.0704357865415
507,2020-05-22,6.83253,801.1854840089502
508,2020-05-23,7.52153,881.9779281668488
509,2020-05-24,9.17703,1076.102588984557
510,2020-05-25,9.02392,1058.1488427944037
511,2020-05-26,8.0287,941.4489062561978
512,2020-05-27,6.88995,807.9185785569132
513,2020-05-28,6.93779,813.5283180758013
514,2020-05-29,6.07655,712.5389354828426
515,2020-05-30,6.13397,719.2720300308056
516,2020-05-31,7.80861,915.641055697835
517,2020-06-01,6.64114,778.7430081201545
518,2020-06-02,6.8421,802.3076664336107
519,2020-06-03,6.35406,745.0798805891683
520,2020-06-04,6.33492,742.8355157398473
521,2020-06-05,6.40191,750.6907927124709
522,2020-06-06,7.59808,890.9542149597183
523,2020-06-07,8.97607,1052.537930671101
524,2020-06-08,6.9665,816.8948653497828
525,2020-06-09,7.01435,822.5057774730853
526,2020-06-10,7.62679,894.3207622336998
527,2020-06-11,9.30143,1090.6897879007292
528,2020-06-12,9.04306,1060.3932076437245
529,2020-06-13,8.5933,1007.6541514979241
530,2020-06-14,9.48325,1112.0100813648644
531,2020-06-15,6.39234,749.5686102878103
532,2020-06-16,6.75598,792.2091972160806
533,2020-06-17,6.40191,750.6907927124709
534,2020-06-18,6.44019,755.1795224111129
535,2020-06-19,6.05741,710.2945706335215
536,2020-06-20,6.70813,786.598285092778
537,2020-06-21,7.55023,885.3433028364158
538,2020-06-22,6.13397,719.2720300308056
539,2020-06-23,6.50717,763.0336267793219
540,2020-06-24,6.29665,738.3479586456197
541,2020-06-25,6.1244,718.149847606145
542,2020-06-26,5.85645,686.7299123200654
543,2020-06-27,7.15789,839.3373412385785
544,2020-06-28,8.1244,952.6707305028027
545,2020-06-29,6.40191,750.6907927124709
546,2020-06-30,6.07655,712.5389354828426
547,2020-07-01,5.38755,631.746491324944
548,2020-07-02,5.68421,666.5329738850053
549,2020-07-03,5.52153,647.4570452701911
550,2020-07-04,6.72727,788.8426499420991
551,2020-07-05,7.00478,821.3835950484249
552,2020-07-06,5.41626,635.1130385989255
553,2020-07-07,5.9043,692.340824443368
554,2020-07-08,6.1244,718.149847606145
555,2020-07-09,5.58851,655.3111496384003
556,2020-07-10,5.64593,662.0442441863632
557,2020-07-11,6.66985,782.1095553941361
558,2020-07-12,7.64593,896.5651270830209
559,2020-07-13,5.59808,656.4333320630607
560,2020-07-14,4.8421,567.7867835369531
561,2020-07-15,4.64114,544.2221252234968
562,2020-07-16,4.41148,517.2920922404737
563,2020-07-17,5.05263,592.4736242750697
564,2020-07-18,5.64593,662.0442441863632
565,2020-07-19,7.23444,848.313628031448
566,2020-07-20,5.41626,635.1130385989255
567,2020-07-21,6.7177,787.7204675174386
568,2020-07-22,6.35406,745.0798805891683
569,2020-07-23,5.38755,631.746491324944
570,2020-07-24,5.50239,645.2126804208701
571,2020-07-25,5.81818,682.2423552258379
572,2020-07-26,7.47368,876.3670160435462
573,2020-07-27,5.60765,657.5555144877211
574,2020-07-28,5.73205,672.1427134038933
575,2020-07-29,5.58851,655.3111496384003
576,2020-07-30,6.01913,705.8058409348795
577,2020-07-31,5.45454,639.6017682975676
578,2020-08-01,5.98086,701.3182838406519
579,2020-08-02,6.27751,736.1035937962988
580,2020-08-03,5.02392,589.1070770010882
581,2020-08-04,5.13875,602.5720934925998
582,2020-08-05,5.12918,601.4499110679393
583,2020-08-06,5.34928,627.2589342307165
584,2020-08-07,5.55023,650.8224199397581
585,2020-08-08,6.46889,758.5448970806799
586,2020-08-09,6.4976,761.9114443546615
587,2020-08-10,5.25358,616.0371099841115
588,2020-08-11,5.73205,672.1427134038933
589,2020-08-12,5.68421,666.5329738850053
590,2020-08-13,6.0287,706.92802335954
591,2020-08-14,5.46411,640.7239507222281
592,2020-08-15,6.47846,759.6670795053404
593,2020-08-16,5.72248,671.0205309792328
594,2020-08-17,5.80861,681.1201728011773
595,2020-08-18,4.74641,556.5661318947624
596,2020-08-19,4.74641,556.5661318947624
597,2020-08-20,4.64114,544.2221252234968
598,2020-08-21,4.73684,555.443949470102
599,2020-08-22,6.35406,745.0798805891683
600,2020-08-23,5.05263,592.4736242750697
601,2020-08-24,4.67942,548.710854922139
602,2020-08-25,4.85167,568.9089659616136
603,2020-08-26,5.15789,604.8164583419208
604,2020-08-27,4.90909,575.6420605095766
605,2020-08-28,5.79904,679.9979903765168
606,2020-08-29,6.03827,708.0502057842006
607,2020-08-30,6.44019,755.1795224111129
608,2020-08-31,5.28229,619.4036572580928
609,2020-09-01,6.10526,715.9054827568241
610,2020-09-02,6.44019,755.1795224111129
611,2020-09-03,5.80861,681.1201728011773
612,2020-09-04,6.87081,805.6742137075922
613,2020-09-05,10.73684,1259.006598160075
614,2020-09-06,9.93301,1164.7491375106647
615,2020-09-07,8.66985,1016.6304382907938
616,2020-09-08,8.66985,1016.6304382907938
617,2020-09-09,8.45933,991.9447701570915
618,2020-09-10,7.03349,824.7501423224063
619,2020-09-11,8.35406,979.6007634858261
620,2020-09-12,13.9043,1630.4243560299985
621,2020-09-13,14.44976,1694.385236422404
622,2020-09-14,9.85645,1155.7716781133809
623,2020-09-15,9.73205,1141.1844791972085
624,2020-09-16,9.5311,1117.620993488167
625,2020-09-17,8.87081,1040.19509660425
626,2020-09-18,8.23923,966.1357469943143
627,2020-09-19,10.23923,1200.656629890972
628,2020-09-20,12.72727,1492.4052986320721
629,2020-09-21,14.17224,1661.843118711664
630,2020-09-22,11.56937,1356.629433479052
631,2020-09-23,11.59808,1359.9959807530336
632,2020-09-24,11.48325,1346.530964261522
633,2020-09-25,11.08133,1299.4016476346096
634,2020-09-26,13.16746,1544.022172353212
635,2020-09-27,15.29186,1793.1302541660418
636,2020-09-28,13.25358,1554.120641570742
637,2020-09-29,10.93779,1282.5700838691166
638,2020-09-30,10.34449,1212.999463957823
639,2020-10-01,10.45933,1226.465653053749
640,2020-10-02,15.11961,1772.932143126567
641,2020-10-03,14.83253,1739.2690155955809
642,2020-10-04,17.32057,2031.017684336681
643,2020-10-05,15.29186,1793.1302541660418
644,2020-10-06,14.0287,1645.0115549461707
645,2020-10-07,13.66507,1602.3721406223149
646,2020-10-08,16.76555,1965.9357941240296
647,2020-10-09,16.17224,1896.3640016083214
648,2020-10-10,15.52153,1820.0614597534795
649,2020-10-11,17.35885,2035.506414035323
650,2020-10-12,12.75598,1495.7718459060536
651,2020-10-13,13.92344,1632.6687208793196
652,2020-10-14,13.11004,1537.289077805249
653,2020-10-15,13.88516,1628.1799911806777
654,2020-10-16,13.92344,1632.6687208793196
655,2020-10-17,15.54066,1822.3046519983861
656,2020-10-18,18.77511,2201.5776868409334
657,2020-10-19,20.66985,2423.75573567074
658,2020-10-20,14.81339,1737.0246507462598
659,2020-10-21,14.44976,1694.385236422404
660,2020-10-22,14.2488,1670.8205781089478
661,2020-10-23,16.05741,1882.89898511681
662,2020-10-24,18.79425,2203.8220516902543
663,2020-10-25,22.00956,2580.8507216834805
664,2020-10-26,15.7799,1850.358040010484
665,2020-10-27,15.1866,1780.7874200991907
666,2020-10-28,14.76555,1731.4149112273717
667,2020-10-29,13.88516,1628.1799911806777
668,2020-10-30,13.24401,1552.9984591460816
669,2020-10-31,17.04306,1998.4767392303552
670,2020-11-01,23.48325,2753.656261641468
671,2020-11-02,17.47368,2048.971430526835
672,2020-11-03,19.21531,2253.1957331664876
673,2020-11-04,19.84688,2327.2539101720085
674,2020-11-05,17.79904,2087.123287756463
675,2020-11-06,16.94736,1987.25491498375
676,2020-11-07,18.2488,2139.862343902263
677,2020-11-08,23.27272,2728.9694209033514
678,2020-11-09,19.57894,2295.8351474903434
679,2020-11-10,15.63636,1833.526476244991
680,2020-11-11,14.82296,1738.1468331709204
681,2020-11-12,14.44019,1693.2630539977436
682,2020-11-13,13.51196,1584.4183944321612
683,2020-11-14,18.13397,2126.3973274107516
684,2020-11-15,19.11961,2241.9739089198824
685,2020-11-16,17.24401,2022.040224939397
686,2020-11-17,13.59808,1594.5168636496912
687,2020-11-18,13.91387,1631.546538454659
688,2020-11-19,13.76076,1613.5927922645053
689,2020-11-20,16.622,1949.103057754122
690,2020-11-21,17.16746,2013.063938146527
691,2020-11-22,24.95693,2926.460628995041
692,2020-11-23,17.88516,2097.221756973993
693,2020-11-24,20.4976,2403.557624631265
694,2020-11-25,18.56459,2176.892018707231
695,2020-11-26,16.85167,1976.0342633415594
696,2020-11-27,17.45454,2046.7270656775138
697,2020-11-28,20.25837,2375.5054092235814
698,2020-11-29,22.20095,2603.293197572276
699,2020-11-30,15.81818,1854.8467697091262
700,2020-12-01,15.72248,1843.624945462521
701,2020-12-02,15.9043,1864.9452389266562
702,2020-12-03,17.83732,2091.6120174551047
703,2020-12-04,13.7799,1615.8371571138264
704,2020-12-05,17.88516,2097.221756973993
705,2020-12-06,17.07177,2001.843286504337
706,2020-12-07,13.51196,1584.4183944321612
707,2020-12-08,13.9043,1630.4243560299985
708,2020-12-09,12.80382,1501.3815854249417
709,2020-12-10,12.07655,1416.1015841728156
710,2020-12-11,13.97129,1638.2796330026222
711,2020-12-12,16.3732,1919.9286599217778
712,2020-12-13,17.16746,2013.063938146527
713,2020-12-14,15.28229,1792.0080717413812
714,2020-12-15,12.7177,1491.2831162074117
715,2020-12-16,16.8421,1974.912080916899
716,2020-12-17,12.85167,1506.9924975482443
717,2020-12-18,13.93301,1633.79090330398
718,2020-12-19,16.22009,1901.974913731624
719,2020-12-20,19.21531,2253.1957331664876
720,2020-12-21,14.72727,1726.9261815287298
721,2020-12-22,12.25837,1437.4218776369507
722,2020-12-23,11.7799,1381.3162742171687
723,2020-12-24,12.68899,1487.9165689334302
724,2020-12-25,16.97607,1990.6214622577318
725,2020-12-26,14.07655,1650.6224670694733
726,2020-12-27,14.3732,1685.4077770251201
727,2020-12-28,11.11961,1303.8903773332518
728,2020-12-29,9.79904,1149.0397561698321
729,2020-12-30,10.95693,1284.8144487184377
730,2020-12-31,10.15311,1190.558160673442
731,2021-01-01,10.05741,1179.336336426837
732,2021-01-02,12.0287,1410.490672049513
733,2021-01-03,14.09569,1652.866831918794
734,2021-01-04,9.67464,1134.4525572536602
735,2021-01-05,8.2488,967.2579294189748
736,2021-01-06,9.30143,1090.6897879007292
737,2021-01-07,9.98086,1170.3600496339673
738,2021-01-08,9.01435,1057.026660369743
739,2021-01-09,12.32535,1445.27598200516
740,2021-01-10,13.39712,1570.952205336235
741,2021-01-11,10.99521,1289.3031784170796
742,2021-01-12,10.35406,1214.1216463824837
743,2021-01-13,11.25358,1319.5997586740843
744,2021-01-14,9.0909,1066.0029471626126
745,2021-01-15,10.09569,1183.8250661254788
746,2021-01-16,14.78468,1733.6581034722783
747,2021-01-17,15.99043,1875.044880748601
748,2021-01-18,11.02392,1292.6697256910613
749,2021-01-19,9.311,1091.8119703253897
750,2021-01-20,8.72727,1023.3635328387569
751,2021-01-21,8.99521,1054.782295520422
752,2021-01-22,9.75119,1143.4288440465295
753,2021-01-23,10.40191,1219.7325585057863
754,2021-01-24,12.15311,1425.0790435700997
755,2021-01-25,9.60765,1126.5972802810365
756,2021-01-26,8.9665,1051.4157482464404
757,2021-01-27,8.87081,1040.19509660425
758,2021-01-28,10.7177,1256.762233310754
759,2021-01-29,8.19138,960.5248348710119
760,2021-01-30,9.66507,1133.3303748289995
761,2021-01-31,10.45933,1226.465653053749
762,2021-02-01,7.91387,927.9838897646862
763,2021-02-02,8.91866,1045.8060087275524
764,2021-02-03,8.13397,953.7929129274632
765,2021-02-04,8.0287,941.4489062561978
766,2021-02-05,7.81818,916.7632381224955
767,2021-02-06,11.03349,1293.7919081157218
768,2021-02-07,11.54066,1353.2628862050708
769,2021-02-08,8.41148,986.3338580337889
770,2021-02-09,8.28708,971.7466591176169
771,2021-02-10,9.58851,1124.3529154317155
772,2021-02-11,10.77511,1263.4941552543025
773,2021-02-12,8.64114,1013.2638910168122
774,2021-02-13,11.20574,1313.9900191551965
775,2021-02-14,13.82775,1621.448069237129
776,2021-02-15,9.5598,1120.986368157734
777,2021-02-16,8.52631,999.7988745253007
778,2021-02-17,8.53588,1000.9210569499612
779,2021-02-18,8.05741,944.8154535301793
780,2021-02-19,8.14354,954.9150953521238
781,2021-02-20,10.51674,1233.1975749972978
782,2021-02-21,13.05263,1530.5571558617005
783,2021-02-22,8.74641,1025.6078976880776
784,2021-02-23,8.52631,999.7988745253007
785,2021-02-24,8.25837,968.3801118436353
786,2021-02-25,8.98564,1053.6601130957615
787,2021-02-26,10.0287,1175.9697891528554
788,2021-02-27,17.13875,2009.697390872546
789,2021-02-28,16.42105,1925.5395720450804
790,2021-03-01,14.66985,1720.1930869807668
791,2021-03-02,10.17224,1192.8013529183486
792,2021-03-03,10.74641,1260.1287805847353
793,2021-03-04,10.55502,1237.68630469594
794,2021-03-05,10.4976,1230.9532101479767
795,2021-03-06,14.56459,1707.8502529139157
796,2021-03-07,15.14832,1776.2986904005486
797,2021-03-08,10.94736,1283.692266293777
798,2021-03-09,10.4976,1230.9532101479767
799,2021-03-10,9.7799,1146.795391320511
800,2021-03-11,10.56459,1238.8084871206004
801,2021-03-12,10.67942,1252.2735036121119
802,2021-03-13,13.01435,1526.0684261630583
803,2021-03-14,15.9043,1864.9452389266562
804,2021-03-15,10.38277,1217.4881936564652
805,2021-03-16,11.77033,1380.1940917925083
806,2021-03-17,10.94736,1283.692266293777
807,2021-03-18,12.14354,1423.956861145439
808,2021-03-19,11.5598,1355.5072510543916
809,2021-03-20,15.11961,1772.932143126567
810,2021-03-21,25.84688,3030.8165588619813
811,2021-03-22,12.20095,1430.6887830889877
812,2021-03-23,10.22966,1199.5344474663116
813,2021-03-24,10.82296,1269.105067377605
814,2021-03-25,9.98086,1170.3600496339673
815,2021-03-26,11.01435,1291.5475432664007
816,2021-03-27,13.57894,1592.2724988003702
817,2021-03-28,15.84688,1858.2121443786932
818,2021-03-29,12.44019,1458.742171101086
819,2021-03-30,11.15789,1308.379107031894
820,2021-03-31,11.78947,1382.4384566418294
821,2021-04-01,9.88516,1159.1382253873624
822,2021-04-02,9.82775,1152.4063034438136
823,2021-04-03,13.41626,1573.196570185556
824,2021-04-04,15.1866,1780.7874200991907
825,2021-04-05,10.68899,1253.3956860367725
826,2021-04-06,9.69377,1136.6957494985668
827,2021-04-07,9.79904,1149.0397561698321
828,2021-04-08,8.36363,980.7229459104866
829,2021-04-09,8.4976,996.4323272513192
830,2021-04-10,11.0909,1300.5238300592703
831,2021-04-11,12.86124,1508.1146799729047
832,2021-04-12,9.4354,1106.3991692415618
833,2021-04-13,8.78468,1030.0954547823053
834,2021-04-14,8.68899,1018.8748031401148
835,2021-04-15,7.67464,899.9316743570024
836,2021-04-16,8.08612,948.1820008041607
837,2021-04-17,9.9043,1161.3825902366832
838,2021-04-18,11.21531,1315.112201579857
839,2021-04-19,9.02392,1058.1488427944037
840,2021-04-20,8.04784,943.6932711055188
841,2021-04-21,9.34928,1096.3007000240318
842,2021-04-22,9.02392,1058.1488427944037
843,2021-04-23,7.79904,914.5188732731744
844,2021-04-24,9.56937,1122.1085505823944
845,2021-04-25,10.61244,1244.4193992439027
846,2021-04-26,8.2488,967.2579294189748
847,2021-04-27,9.04306,1060.3932076437245
848,2021-04-28,7.46411,875.2448336188858
849,2021-04-29,16.63157,1950.2252401787823
850,2021-04-30,11.25358,1319.5997586740843
851,2021-05-01,11.47368,1345.4087818368616
852,2021-05-02,12.20095,1430.6887830889877
853,2021-05-03,9.33971,1095.1785175993714
854,2021-05-04,8.60287,1008.7763339225846
855,2021-05-05,10.06698,1180.4585188514973
856,2021-05-06,8.66985,1016.6304382907938
857,2021-05-07,8.78468,1030.0954547823053
858,2021-05-08,10.60287,1243.2972168192423
859,2021-05-09,10.32535,1210.7550991085022
860,2021-05-10,7.55023,885.3433028364158
861,2021-05-11,7.39712,867.3895566462622
862,2021-05-12,7.89473,925.7395249153651
863,2021-05-13,7.32057,858.4132698533926
864,2021-05-14,7.70334,903.2970490265694
865,2021-05-15,9.11961,1069.369494436594
866,2021-05-16,10.15311,1190.558160673442
867,2021-05-17,6.76555,793.3313796407411
868,2021-05-18,6.44976,756.3017048357734
869,2021-05-19,8.58373,1006.5319690732636
870,2021-05-20,7.30143,856.1689050040716
871,2021-05-21,10.80382,1266.860702528284
872,2021-05-22,9.93301,1164.7491375106647
873,2021-05-23,9.99043,1171.482232058628
874,2021-05-24,8.09569,949.3041832288212
875,2021-05-25,7.78947,913.3966908485139
876,2021-05-26,5.7799,677.7536255271958
877,2021-05-27,6.21052,728.2483168236752
878,2021-05-28,6.78468,795.5745718856476
879,2021-05-29,8.41148,986.3338580337889
880,2021-05-30,9.13875,1071.6138592859152
881,2021-05-31,7.15789,839.3373412385785
882,2021-06-01,7.11004,833.7264291152759
883,2021-06-02,7.48325,877.4891984682067
884,2021-06-03,7.23444,848.313628031448
885,2021-06-04,6.51674,764.1558092039825
886,2021-06-05,8.58373,1006.5319690732636
887,2021-06-06,9.07177,1063.7597549177062
888,2021-06-07,7.33014,859.5354522780532
889,2021-06-08,7.26315,851.6801753054297
890,2021-06-09,7.13875,837.0929763892575
891,2021-06-10,6.98564,819.1392301991038
892,2021-06-11,7.70334,903.2970490265694
893,2021-06-12,7.11004,833.7264291152759
894,2021-06-13,8.44019,989.7004053077704
895,2021-06-14,6.99521,820.2614126237644
896,2021-06-15,6.51674,764.1558092039825
897,2021-06-16,6.85167,803.4298488582713
898,2021-06-17,8.26794,969.5022942682958
899,2021-06-18,8.80382,1032.3398196316264
900,2021-06-19,8.18181,959.4026524463513
901,2021-06-20,10.93779,1282.5700838691166
902,2021-06-21,8.74641,1025.6078976880776
903,2021-06-22,8.30622,973.9910239669379
904,2021-06-23,10.08612,1182.7028837008183
905,2021-06-24,9.14832,1072.7360417105756
906,2021-06-25,7.24401,849.4358104561086
907,2021-06-26,8.77511,1028.9732723576449
908,2021-06-27,8.42105,987.4560404584495
909,2021-06-28,8.04784,943.6932711055188
910,2021-06-29,6.5933,773.1332686012665
911,2021-06-30,5.35885,628.381116655377
912,2021-07-01,8.04784,943.6932711055188
913,2021-07-02,6.26794,734.9814113716383
914,2021-07-03,9.93301,1164.7491375106647
915,2021-07-04,9.48325,1112.0100813648644
916,2021-07-05,6.4976,761.9114443546615
917,2021-07-06,5.99043,702.4404662653125
918,2021-07-07,5.91387,693.4630068680285
919,2021-07-08,5.72248,671.0205309792328
920,2021-07-09,5.47368,641.8461331468885
921,2021-07-10,7.63636,895.4429446583604
922,2021-07-11,7.25358,850.5579928807691
923,2021-07-12,6.57416,770.8889037519455
924,2021-07-13,5.72248,671.0205309792328
925,2021-07-14,6.3732,747.3242454384892
926,2021-07-15,5.11004,599.2055462186182
927,2021-07-16,5.67464,665.4107914603447
928,2021-07-17,6.70813,786.598285092778
929,2021-07-18,8.92822,1046.9270185477985
930,2021-07-19,5.99043,702.4404662653125
931,2021-07-20,5.79904,679.9979903765168
932,2021-07-21,5.24401,614.9149275594509
933,2021-07-22,6.13397,719.2720300308056
934,2021-07-23,5.74162,673.2648958285538
935,2021-07-24,6.28708,737.2257762209592
936,2021-07-25,6.92822,812.4061356511407
937,2021-07-26,5.21531,611.5495528898838
938,2021-07-27,6.00956,704.683658510219
939,2021-07-28,6.04784,709.1723882088611
940,2021-07-29,6.86124,804.5520312829317
941,2021-07-30,5.62679,659.7998793370422
942,2021-07-31,6.51674,764.1558092039825
943,2021-08-01,6.64114,778.7430081201545
944,2021-08-02,6.10526,715.9054827568241
945,2021-08-03,5.61722,658.6776969123816
946,2021-08-04,6.38277,748.4464278631498
947,2021-08-05,5.64593,662.0442441863632
948,2021-08-06,5.1866,608.1830056159024
949,2021-08-07,5.7799,677.7536255271958
950,2021-08-08,8.19138,960.5248348710119
951,2021-08-09,5.14832,603.6942759172603
952,2021-08-10,5.30143,621.6480221074139
953,2021-08-11,5.37799,630.625481504698
954,2021-08-12,5.64593,662.0442441863632
955,2021-08-13,6.13397,719.2720300308056
956,2021-08-14,8.53588,1000.9210569499612
957,2021-08-15,11.46411,1344.286599412201
958,2021-08-16,7.82775,917.8854205471561
959,2021-08-17,8.18181,959.4026524463513
960,2021-08-18,6.74641,791.0870147914201
961,2021-08-19,6.5933,773.1332686012665
962,2021-08-20,7.07177,829.2388720210483
963,2021-08-21,8.67942,1017.7526207154543
964,2021-08-22,8.58373,1006.5319690732636
965,2021-08-23,7.17703,841.5817060878995
966,2021-08-24,6.77511,794.4523894609871
967,2021-08-25,7.70334,903.2970490265694
968,2021-08-26,6.89952,809.0407609815737
969,2021-08-27,7.93301,930.2282546140071
970,2021-08-28,9.02392,1058.1488427944037
971,2021-08-29,10.2488,1201.7788123156324
972,2021-08-30,8.44019,989.7004053077704
973,2021-08-31,8.98564,1053.6601130957615
974,2021-09-01,8.91866,1045.8060087275524
975,2021-09-02,8.79425,1031.217637206966
976,2021-09-03,9.12918,1070.4916768612545
977,2021-09-04,10.41148,1220.8547409304465
978,2021-09-05,12.51674,1467.7184578939555
979,2021-09-06,9.39712,1101.9104395429197
980,2021-09-07,10.2488,1201.7788123156324
981,2021-09-08,8.48803,995.3101448266586
982,2021-09-09,8.40191,985.2116756091286
983,2021-09-10,9.11961,1069.369494436594
984,2021-09-11,11.93301,1399.2700204073224
985,2021-09-12,14.11483,1655.1111967681152
986,2021-09-13,9.56937,1122.1085505823944
987,2021-09-14,11.20574,1313.9900191551965
988,2021-09-15,14.98564,1757.2227617857345
989,2021-09-16,10.8421,1271.3494322269262
990,2021-09-17,8.76555,1027.8522625373987
991,2021-09-18,11.1866,1311.7456543058754
992,2021-09-19,9.39712,1101.9104395429197
993,2021-09-20,8.23923,966.1357469943143
994,2021-09-21,8.22966,965.013564569654
995,2021-09-22,11.64593,1365.6068928763361
996,2021-09-23,11.0909,1300.5238300592703
997,2021-09-24,9.11004,1068.2473120119337
998,2021-09-25,12.22966,1434.0553303629692
999,2021-09-26,13.77033,1614.714974689166
1000,2021-09-27,9.35885,1097.4228824486922
1001,2021-09-28,9.311,1091.8119703253897
1002,2021-09-29,8.78468,1030.0954547823053
1003,2021-09-30,8.08612,948.1820008041607
1004,2021-10-01,8.01913,940.3267238315373
1005,2021-10-02,11.10047,1301.6460124839307
1006,2021-10-03,11.67464,1368.9734401503179
1007,2021-10-04,13.01435,1526.0684261630583
1008,2021-10-05,9.4354,1106.3991692415618
1009,2021-10-06,9.61722,1127.719462705697
1010,2021-10-07,11.14832,1307.2569246072333
1011,2021-10-08,10.65071,1248.9069563381304
1012,2021-10-09,11.77033,1380.1940917925083
1013,2021-10-10,15.04306,1763.9558563336975
1014,2021-10-11,16.47846,1932.2714939886287
1015,2021-10-12,13.46411,1578.8074823088587
1016,2021-10-13,11.39712,1336.4313224395773
1017,2021-10-14,13.79904,1618.0815219631475
1018,2021-10-15,12.82296,1503.6259502742628
1019,2021-10-16,18.56459,2176.892018707231
1020,2021-10-17,24.19138,2836.691898044273
1021,2021-10-18,20.78468,2437.2207521622518
1022,2021-10-19,19.23444,2255.438925411394
1023,2021-10-20,17.38755,2038.8717887048902
1024,2021-10-21,17.05263,1999.5989216550158
1025,2021-10-22,16.10526,1888.5098972401127
1026,2021-10-23,19.11004,2240.851726495222
1027,2021-10-24,20.93779,2455.174498352405
1028,2021-10-25,16.31578,1913.1955653738146
1029,2021-10-26,14.5933,1711.216800187897
1030,2021-10-27,14.34449,1682.0412297511384
1031,2021-10-28,13.0622,1531.679338286361
1032,2021-10-29,12.88038,1510.3590448222258
1033,2021-10-30,16.70813,1959.2026995760666
1034,2021-10-31,19.29186,2262.172019959357
1035,2021-11-01,14.78468,1733.6581034722783
1036,2021-11-02,13.14832,1541.777807503891
1037,2021-11-03,14.10526,1653.9890143434548
1038,2021-11-04,13.70334,1606.8596977165425
1039,2021-11-05,14.94736,1752.7340320870924
1040,2021-11-06,16.09569,1887.387714815452
1041,2021-11-07,30.23923,3545.8654588575487
1042,2021-11-08,18.44019,2162.304819791059
1043,2021-11-09,17.87559,2096.0995745493324
1044,2021-11-10,16.2488,1905.3414610056054
1045,2021-11-11,17.11004,2006.3308435985643
1046,2021-11-12,16.64114,1951.347422603443
1047,2021-11-13,23.30143,2732.335968177333
1048,2021-11-14,24.91866,2921.9730719008135
1049,2021-11-15,21.08133,2472.006062117898
1050,2021-11-16,19.34928,2268.9051145073204
1051,2021-11-17,14.9665,1754.9783969364134
1052,2021-11-18,14.97607,1756.100579361074
1053,2021-11-19,13.86602,1625.9356263313566
1054,2021-11-20,18.30622,2146.595438450226
1055,2021-11-21,21.02392,2465.2741401743497
1056,2021-11-22,18.36363,2153.327360393775
1057,2021-11-23,18.5933,2180.2585659812125
1058,2021-11-24,17.48325,2050.0936129514953
1059,2021-11-25,15.1866,1780.7874200991907
1060,2021-11-26,15.07177,1767.3224036076792
1061,2021-11-27,19.78947,2320.52198822846
1062,2021-11-28,23.92344,2805.2731353626077
1063,2021-11-29,17.51196,2053.4601602254766
1064,2021-11-30,17.39712,2039.9939711295506
1065,2021-12-01,17.00478,1993.9880095317133
1066,2021-12-02,17.23444,2020.9180425147363
1067,2021-12-03,17.97129,2107.3213987959375
1068,2021-12-04,20.33492,2384.481696016451
1069,2021-12-05,23.47368,2752.5340792168076
1070,2021-12-06,17.47368,2048.971430526835
1071,2021-12-07,15.83732,1857.0911345584473
1072,2021-12-08,15.99043,1875.044880748601
1073,2021-12-09,14.50717,1701.1171583659527
1074,2021-12-10,20.3732,2388.970425715093
1075,2021-12-11,21.1866,2484.3500687891633
1076,2021-12-12,22.97607,2694.1841109477045
1077,2021-12-13,19.30143,2263.294202384018
1078,2021-12-14,25.21531,2956.7583818564603
1079,2021-12-15,19.76076,2317.1554409544788
1080,2021-12-16,24.07655,2823.226881552762
1081,2021-12-17,47.63636,5585.860602591514
1082,2021-12-18,24.67942,2893.9196838887156
1083,2021-12-19,27.81818,3261.9720670890724
1084,2021-12-20,18.83253,2208.310781388896
1085,2021-12-21,17.0622,2000.7211040796763
1086,2021-12-22,16.89952,1981.645175464862
1087,2021-12-23,17.40669,2041.1161535542112
1088,2021-12-24,15.68421,1839.1373883682936
1089,2021-12-25,19.50239,2286.8588606974736
1090,2021-12-26,20.86124,2446.198211559535
1091,2021-12-27,18.41148,2158.9382725170776
1092,2021-12-28,14.77511,1732.5359210476179
1093,2021-12-29,13.00478,1524.946243738398
1094,2021-12-30,14.07655,1650.6224670694733
1095,2021-12-31,18.90909,2217.2882407861803
1096,2022-01-01,18.03827,2115.1755031641464
1097,2022-01-02,22.21052,2604.4153799969363
1098,2022-01-03,17.29186,2027.6511370626995
1099,2022-01-04,14.43062,1692.140871573083
1100,2022-01-05,13.89473,1629.3021736053379
1101,2022-01-06,14.09569,1652.866831918794
1102,2022-01-07,14.29665,1676.4314902322503
1103,2022-01-08,18.22966,2137.6179790529422
1104,2022-01-09,17.81818,2089.367652605784
1105,2022-01-10,12.43062,1457.6199886764252
1106,2022-01-11,12.70813,1490.1609337827513
1107,2022-01-12,12.53588,1469.9628227432765
1108,2022-01-13,13.311,1560.853736118705
1109,2022-01-14,11.33971,1329.699400496029
1110,2022-01-15,15.14832,1776.2986904005486
1111,2022-01-16,16.20095,1899.7305488823029
1112,2022-01-17,12.38277,1452.009076553123
1113,2022-01-18,11.94258,1400.392202831983
1114,2022-01-19,10.80382,1266.860702528284
1115,2022-01-20,10.48803,1229.8310277233163
1116,2022-01-21,10.38277,1217.4881936564652
1117,2022-01-22,13.5311,1586.6627592814823
1118,2022-01-23,13.02392,1527.190608587719
1119,2022-01-24,9.52153,1116.4988110635065
1120,2022-01-25,9.24401,1083.9566933527663
1121,2022-01-26,8.70813,1021.1191679894358
1122,2022-01-27,8.47846,994.1879624019981
1123,2022-01-28,10.67942,1252.2735036121119
1124,2022-01-29,11.42583,1339.797869713559
1125,2022-01-30,12.29665,1441.9106073355927
1126,2022-01-31,9.79904,1149.0397561698321
1127,2022-02-01,9.98086,1170.3600496339673
1128,2022-02-02,11.42583,1339.797869713559
1129,2022-02-03,9.9043,1161.3825902366832
1130,2022-02-04,9.66507,1133.3303748289995
1131,2022-02-05,12.65071,1483.427839234788
1132,2022-02-06,12.44019,1458.742171101086
1133,2022-02-07,9.26315,1086.201058202087
1134,2022-02-08,10.25837,1202.900994740293
1135,2022-02-09,9.66507,1133.3303748289995
1136,2022-02-10,8.74641,1025.6078976880776
1137,2022-02-11,9.00478,1055.9044779450826
1138,2022-02-12,12.57416,1474.4515524419185
1139,2022-02-13,12.65071,1483.427839234788
1140,2022-02-14,10.0287,1175.9697891528554
1141,2022-02-15,12.38277,1452.009076553123
1142,2022-02-16,10.0,1172.6044144832883
1143,2022-02-17,8.66028,1015.5082558661333
1144,2022-02-18,10.56459,1238.8084871206004
1145,2022-02-19,12.91866,1514.8477745208677
1146,2022-02-20,13.72248,1609.1040625658634
1147,2022-02-21,11.22488,1316.2343840045173
1148,2022-02-22,8.97607,1052.537930671101
1149,2022-02-23,8.67942,1017.7526207154543
1150,2022-02-24,8.52631,999.7988745253007
1151,2022-02-25,8.30622,973.9910239669379
1152,2022-02-26,11.13875,1306.1347421825728
1153,2022-02-27,13.0909,1535.044712955928
1154,2022-02-28,10.70813,1255.6400508860936
1155,2022-03-01,12.42105,1456.4978062517648
1156,2022-03-02,9.00478,1055.9044779450826
1157,2022-03-03,8.99521,1054.782295520422
1158,2022-03-04,10.07655,1181.580701276158
1159,2022-03-05,12.48803,1464.351910619974
1160,2022-03-06,18.69856,2192.6014000480636
1161,2022-03-07,12.07655,1416.1015841728156
1162,2022-03-08,10.74641,1260.1287805847353
1163,2022-03-09,12.82296,1503.6259502742628
1164,2022-03-10,10.07655,1181.580701276158
1165,2022-03-11,13.76076,1613.5927922645053
1166,2022-03-12,20.0287,2348.574203636144
1167,2022-03-13,19.62679,2301.446059613646
1168,2022-03-14,14.19138,1664.087483560985
1169,2022-03-15,14.35406,1683.163412175799
1170,2022-03-16,12.45933,1460.9865359504067
1171,2022-03-17,12.41148,1455.3756238271042
1172,2022-03-18,13.0909,1535.044712955928
1173,2022-03-19,17.47368,2048.971430526835
1174,2022-03-20,15.80861,1853.7245872844658
1175,2022-03-21,12.41148,1455.3756238271042
1176,2022-03-22,11.23444,1317.3553938247633
1177,2022-03-23,11.60765,1361.1181631776942
1178,2022-03-24,10.95693,1284.8144487184377
1179,2022-03-25,11.00478,1290.4253608417403
1180,2022-03-26,14.01913,1643.8893725215103
1181,2022-03-27,15.0909,1769.5655958525856
1182,2022-03-28,10.66028,1250.029138762791
1183,2022-03-29,11.33971,1329.699400496029
1184,2022-03-30,10.63157,1246.6625914888093
1185,2022-03-31,10.95693,1284.8144487184377
1186,2022-04-01,11.7799,1381.3162742171687
1187,2022-04-02,15.38755,1804.3509058082323
1188,2022-04-03,15.23444,1786.3971596180786
1189,2022-04-04,11.9043,1395.9034731333409
1190,2022-04-05,12.18181,1428.4444182396667
1191,2022-04-06,10.83253,1270.2272498022655
1192,2022-04-07,10.17224,1192.8013529183486
1193,2022-04-08,8.89952,1043.5616438782315
1194,2022-04-09,12.22009,1432.9331479383088
1195,2022-04-10,13.12918,1539.5334426545699
1196,2022-04-11,9.58851,1124.3529154317155
1197,2022-04-12,12.40191,1454.253441402444
1198,2022-04-13,10.31578,1209.6329166838416
1199,2022-04-14,8.87081,1040.19509660425
1200,2022-04-15,9.81818,1151.2841210191532
1201,2022-04-16,10.74641,1260.1287805847353
1202,2022-04-17,12.10526,1419.468131446797
1203,2022-04-18,10.13397,1188.313795824121
1204,2022-04-19,9.311,1091.8119703253897
1205,2022-04-20,8.58373,1006.5319690732636
1206,2022-04-21,8.98564,1053.6601130957615
1207,2022-04-22,8.8421,1036.8285493302685
1208,2022-04-23,10.46889,1227.5866628739952
1209,2022-04-24,13.0909,1535.044712955928
1210,2022-04-25,11.27272,1321.8441235234054
1211,2022-04-26,9.45454,1108.643534090883
1212,2022-04-27,9.51196,1115.376628638846
1213,2022-04-28,8.94736,1049.1713833971194
1214,2022-04-29,8.95693,1050.29356582178
1215,2022-04-30,11.88516,1393.65910828402
1216,2022-05-01,11.70334,1372.3388148198849
1217,2022-05-02,9.59808,1125.475097856376
1218,2022-05-03,8.45933,991.9447701570915
1219,2022-05-04,9.15789,1073.8582241352362
1220,2022-05-05,10.92822,1281.4479014444562
1221,2022-05-06,9.74162,1142.3066616218691
1222,2022-05-07,10.92822,1281.4479014444562
1223,2022-05-08,14.66985,1720.1930869807668
1224,2022-05-09,9.25358,1085.0788757774267
1225,2022-05-10,9.56937,1122.1085505823944
1226,2022-05-11,9.61722,1127.719462705697
1227,2022-05-12,9.12918,1070.4916768612545
1228,2022-05-13,7.75119,908.907961149872
1229,2022-05-14,9.61722,1127.719462705697
1230,2022-05-15,10.40191,1219.7325585057863
1231,2022-05-16,7.81818,916.7632381224955
1232,2022-05-17,8.56459,1004.2876042239427
1233,2022-05-18,7.17703,841.5817060878995
1234,2022-05-19,8.06698,945.9376359548396
1235,2022-05-20,7.16746,840.459523663239
1236,2022-05-21,9.13875,1071.6138592859152
1237,2022-05-22,9.89473,1160.2604078120225
1238,2022-05-23,8.76555,1027.8522625373987
1239,2022-05-24,8.52631,999.7988745253007
1240,2022-05-25,8.56459,1004.2876042239427
1241,2022-05-26,8.00956,939.2045414068767
1242,2022-05-27,8.85167,1037.950731754929
1243,2022-05-28,8.28708,971.7466591176169
1244,2022-05-29,10.31578,1209.6329166838416
1245,2022-05-30,7.80861,915.641055697835
1246,2022-05-31,7.17703,841.5817060878995
1247,2022-06-01,8.60287,1008.7763339225846
1248,2022-06-02,6.85167,803.4298488582713
1249,2022-06-03,8.14354,954.9150953521238
1250,2022-06-04,8.4976,996.4323272513192
1251,2022-06-05,9.44497,1107.5213516662222
1252,2022-06-06,9.02392,1058.1488427944037
1253,2022-06-07,6.80382,797.8189367349687
1254,2022-06-08,7.16746,840.459523663239
1255,2022-06-09,6.8421,802.3076664336107
1256,2022-06-10,6.3732,747.3242454384892
1257,2022-06-11,7.59808,890.9542149597183
1258,2022-06-12,8.76555,1027.8522625373987
1259,2022-06-13,6.06698,711.416753058182
1260,2022-06-14,7.39712,867.3895566462622
1261,2022-06-15,8.09569,949.3041832288212
1262,2022-06-16,6.18181,724.8817695496937
1263,2022-06-17,8.09569,949.3041832288212
1264,2022-06-18,7.71291,904.41923145123
1265,2022-06-19,9.15789,1073.8582241352362
1266,2022-06-20,7.03349,824.7501423224063
1267,2022-06-21,7.50239,879.7335633175278
1268,2022-06-22,6.82296,800.0633015842897
1269,2022-06-23,5.67464,665.4107914603447
1270,2022-06-24,7.03349,824.7501423224063
1271,2022-06-25,8.32535,976.2342162118445
1272,2022-06-26,8.08612,948.1820008041607
1273,2022-06-27,6.19138,726.0039519743541
1274,2022-06-28,7.0622,828.1166895963879
1275,2022-06-29,6.5933,773.1332686012665
1276,2022-06-30,6.3732,747.3242454384892
1277,2022-07-01,5.96172,699.073918991331
1278,2022-07-02,7.60765,892.0763973843788
1279,2022-07-03,8.65071,1014.3860734414727
1280,2022-07-04,6.78468,795.5745718856476
1281,2022-07-05,6.32535,741.7133333151868
1282,2022-07-06,6.61244,775.3776334505875
1283,2022-07-07,6.27751,736.1035937962988
1284,2022-07-08,5.92344,694.5851892926889
1285,2022-07-09,8.86124,1039.0729141795894
1286,2022-07-10,8.78468,1030.0954547823053
1287,2022-07-11,6.00956,704.683658510219
1288,2022-07-12,5.84688,685.6077298954049
1289,2022-07-13,7.02392,823.6279598977459
1290,2022-07-14,5.68421,666.5329738850053
1291,2022-07-15,5.91387,693.4630068680285
1292,2022-07-16,7.13875,837.0929763892575
1293,2022-07-17,7.37799,865.1463644013556
1294,2022-07-18,6.33492,742.8355157398473
1295,2022-07-19,5.57894,654.1889672137397
1296,2022-07-20,5.51196,646.3348628455307
1297,2022-07-21,5.05263,592.4736242750697
1298,2022-07-22,5.56937,653.0667847890792
1299,2022-07-23,6.55502,768.6445389026245
1300,2022-07-24,6.99521,820.2614126237644
1301,2022-07-25,6.00956,704.683658510219
1302,2022-07-26,5.86602,687.8520947447258
1303,2022-07-27,5.45454,639.6017682975676
1304,2022-07-28,4.75598,557.688314319423
1305,2022-07-29,5.07177,594.7179891243907
1306,2022-07-30,6.57416,770.8889037519455
1307,2022-07-31,6.44976,756.3017048357734
1308,2022-08-01,5.41626,635.1130385989255
1309,2022-08-02,5.92344,694.5851892926889
1310,2022-08-03,5.59808,656.4333320630607
1311,2022-08-04,4.89952,574.5198780849161
1312,2022-08-05,5.15789,604.8164583419208
1313,2022-08-06,6.00956,704.683658510219
1314,2022-08-07,7.01435,822.5057774730853
1315,2022-08-08,4.25837,499.33834605032007
1316,2022-08-09,4.68899,549.8330373467994
1317,2022-08-10,5.11004,599.2055462186182
1318,2022-08-11,5.37799,630.625481504698
1319,2022-08-12,6.50717,763.0336267793219
1320,2022-08-13,7.29186,855.046722579411
1321,2022-08-14,8.47846,994.1879624019981
1322,2022-08-15,8.81339,1033.4620020562868
1323,2022-08-16,6.70813,786.598285092778
1324,2022-08-17,6.58373,772.011086176606
1325,2022-08-18,5.96172,699.073918991331
1326,2022-08-19,6.42105,752.9351575617919
1327,2022-08-20,7.38755,866.2673742216017
1328,2022-08-21,8.0,938.0835315866307
1329,2022-08-22,7.02392,823.6279598977459
1330,2022-08-23,6.35406,745.0798805891683
1331,2022-08-24,6.91866,811.2851258308948
1332,2022-08-25,6.92822,812.4061356511407
1333,2022-08-26,6.64114,778.7430081201545
1334,2022-08-27,8.01913,940.3267238315373
1335,2022-08-28,9.44497,1107.5213516662222
1336,2022-08-29,8.39234,984.0894931844681
1337,2022-08-30,8.23923,966.1357469943143
1338,2022-08-31,9.44497,1107.5213516662222
1339,2022-09-01,8.66028,1015.5082558661333
1340,2022-09-02,8.06698,945.9376359548396
1341,2022-09-03,10.64114,1247.78477391347
1342,2022-09-04,11.97129,1403.7587501059645
1343,2022-09-05,9.94258,1165.8713199353253
1344,2022-09-06,8.45933,991.9447701570915
1345,2022-09-07,8.16267,957.1582875970304
1346,2022-09-08,8.36363,980.7229459104866
1347,2022-09-09,8.68899,1018.8748031401148
1348,2022-09-10,7.64593,896.5651270830209
1349,2022-09-11,11.86602,1391.414743434699
1350,2022-09-12,13.64593,1600.1277757729938
1351,2022-09-13,11.37799,1334.188130194671
1352,2022-09-14,11.24401,1318.477576249424
1353,2022-09-15,9.50239,1114.2544462141855
1354,2022-09-16,9.72248,1140.062296772548
1355,2022-09-17,11.7799,1381.3162742171687
1356,2022-09-18,12.66028,1484.5500216594487
1357,2022-09-19,9.49282,1113.1322637895248
1358,2022-09-20,10.82296,1269.105067377605
1359,2022-09-21,10.54545,1236.5641222712793
1360,2022-09-22,10.61244,1244.4193992439027
1361,2022-09-23,12.05741,1413.8572193234947
1362,2022-09-24,13.50239,1583.2962120075008
1363,2022-09-25,16.05741,1882.89898511681
1364,2022-09-26,12.52631,1468.8406403186161
1365,2022-09-27,10.5933,1242.1750343945816
1366,2022-09-28,10.30622,1208.5119068635956
1367,2022-09-29,9.69377,1136.6957494985668
1368,2022-09-30,10.13397,1188.313795824121
1369,2022-10-01,10.32535,1210.7550991085022
1370,2022-10-02,13.57894,1592.2724988003702
1371,2022-10-03,16.67942,1955.8361523020849
1372,2022-10-04,11.92344,1398.147837982662
1373,2022-10-05,12.57416,1474.4515524419185
1374,2022-10-06,12.47846,1463.2297281953133
1375,2022-10-07,12.2488,1436.29969521229
1376,2022-10-08,15.50239,1817.8170949041585
1377,2022-10-09,19.41626,2276.7592188755293
1378,2022-10-10,22.65071,2656.0322537180764
1379,2022-10-11,17.16746,2013.063938146527
1380,2022-10-12,15.11961,1772.932143126567
1381,2022-10-13,14.45933,1695.5074188470644
1382,2022-10-14,14.20095,1665.2096659856454
1383,2022-10-15,23.30143,2732.335968177333
1384,2022-10-16,22.75598,2668.376260389342
1385,2022-10-17,17.60765,2064.680811867667
1386,2022-10-18,18.91866,2218.4104232108407
1387,2022-10-19,16.25837,1906.463643430266
1388,2022-10-20,15.74162,1845.8693103118421
1389,2022-10-21,21.15789,2480.983521515182
1390,2022-10-22,24.85167,2914.11779492819
1391,2022-10-23,23.52153,2758.1449913401098
1392,2022-10-24,20.45933,2399.0700675370376
1393,2022-10-25,18.18181,2132.0070669296397
1394,2022-10-26,16.91866,1983.889540314183
1395,2022-10-27,15.94258,1869.4339686252983
1396,2022-10-28,14.54545,1705.6058880645946
1397,2022-10-29,17.50239,2052.3379778008157
1398,2022-10-30,18.95693,2222.8979803050684
1399,2022-10-31,15.311,1795.3746190153627
1400,2022-11-01,14.14354,1658.4777440420967
1401,2022-11-02,14.80382,1735.9024683215994
1402,2022-11-03,15.40669,1806.5952706575533
1403,2022-11-04,17.311,2029.8955019120203
1404,2022-11-05,20.52631,2406.9241719052466
1405,2022-11-06,25.38755,2976.955320291521
1406,2022-11-07,17.98086,2108.443581220598
1407,2022-11-08,17.19617,2016.4304854205086
1408,2022-11-09,16.39234,1922.1730247710989
1409,2022-11-10,13.58851,1593.3946812250308
1410,2022-11-11,11.7799,1381.3162742171687
1411,2022-11-12,14.98564,1757.2227617857345
1412,2022-11-13,20.15311,2363.1625751567303
1413,2022-11-14,15.33971,1798.7411662893444
1414,2022-11-15,15.33014,1797.6189838646837
1415,2022-11-16,14.51674,1702.2393407906131
1416,2022-11-17,20.78468,2437.2207521622518
1417,2022-11-18,14.13397,1657.3555616174363
1418,2022-11-19,17.22488,2019.7970326944903
1419,2022-11-20,18.7177,2194.8457648973845
1420,2022-11-21,15.27272,1790.8858893167207
1421,2022-11-22,15.9043,1864.9452389266562
1422,2022-11-23,14.88038,1744.8799277188834
1423,2022-11-24,12.28708,1440.7884249109322
1424,2022-11-25,14.63157,1715.7043572821246
1425,2022-11-26,17.9043,2099.4661218233136
1426,2022-11-27,19.47368,2283.4923134234923
1427,2022-11-28,14.28708,1675.30930780759
1428,2022-11-29,14.40191,1688.7743242991016
1429,2022-11-30,18.17224,2130.884884504979
1430,2022-12-01,17.311,2029.8955019120203
1431,2022-12-02,16.22966,1903.0970961562844
1432,2022-12-03,16.33492,1915.4399302231357
1433,2022-12-04,24.28708,2847.913722290878
1434,2022-12-05,19.13875,2244.2182737692037
1435,2022-12-06,15.88516,1862.7008740773354
1436,2022-12-07,14.70813,1724.681816679409
1437,2022-12-08,14.77511,1732.5359210476179
1438,2022-12-09,16.43062,1926.6617544697408
1439,2022-12-10,20.55502,2410.290719179228
1440,2022-12-11,27.01435,3167.714606439662
1441,2022-12-12,19.67464,2307.0569717369485
1442,2022-12-13,16.88995,1980.5229930402015
1443,2022-12-14,19.22488,2254.317915591148
1444,2022-12-15,20.95693,2457.418863201726
1445,2022-12-16,16.88995,1980.5229930402015
1446,2022-12-17,21.1866,2484.3500687891633
1447,2022-12-18,21.48325,2519.1353787448106
1448,2022-12-19,16.09569,1887.387714815452
1449,2022-12-20,16.30622,1912.0745555535686
1450,2022-12-21,14.40191,1688.7743242991016
1451,2022-12-22,16.97607,1990.6214622577318
1452,2022-12-23,16.44019,1927.7839368944014
1453,2022-12-24,18.41148,2158.9382725170776
1454,2022-12-25,20.32535,2383.3595135917903
1455,2022-12-26,15.95215,1870.5561510499588
1456,2022-12-27,13.39712,1570.952205336235
1457,2022-12-28,14.04784,1647.2559197954918
1458,2022-12-29,13.69377,1605.7375152918821
1459,2022-12-30,13.12918,1539.5334426545699
1460,2022-12-31,15.20574,1783.0317849485118
1461,2023-01-01,14.81339,1737.0246507462598
1462,2023-01-02,11.84688,1389.1703785853779
1463,2023-01-03,11.73205,1375.7053620938661
1464,2023-01-04,10.87081,1274.7159795009077
1465,2023-01-05,11.22488,1316.2343840045173
1466,2023-01-06,10.98564,1288.1809959924192
1467,2023-01-07,13.4354,1575.4409350348772
1468,2023-01-08,15.84688,1858.2121443786932
1469,2023-01-09,11.07177,1298.280637814364
1470,2023-01-10,10.22009,1198.4122650416512
1471,2023-01-11,11.26315,1320.7219410987448
1472,2023-01-12,9.69377,1136.6957494985668
1473,2023-01-13,9.59808,1125.475097856376
1474,2023-01-14,11.98086,1404.880932530625
1475,2023-01-15,16.20095,1899.7305488823029
1476,2023-01-16,10.94736,1283.692266293777
1477,2023-01-17,10.3732,1216.3660112318048
1478,2023-01-18,9.81818,1151.2841210191532
1479,2023-01-19,9.27272,1087.3232406267477
1480,2023-01-20,9.61722,1127.719462705697
1481,2023-01-21,9.99043,1171.482232058628
1482,2023-01-22,9.33971,1095.1785175993714
1483,2023-01-23,12.91866,1514.8477745208677
1484,2023-01-24,12.80382,1501.3815854249417
1485,2023-01-25,10.56459,1238.8084871206004
1486,2023-01-26,9.03349,1059.271025219064
1487,2023-01-27,9.99043,1171.482232058628
1488,2023-01-28,11.80861,1384.6828214911504
1489,2023-01-29,12.64114,1482.3056568101276
1490,2023-01-30,9.87559,1158.016042962702
1491,2023-01-31,8.89952,1043.5616438782315
1492,2023-02-01,9.48325,1112.0100813648644
1493,2023-02-02,8.54545,1002.0432393746217
1494,2023-02-03,9.311,1091.8119703253897
1495,2023-02-04,11.47368,1345.4087818368616
1496,2023-02-05,12.83253,1504.7481326989232
1497,2023-02-06,9.92344,1163.6269550860043
1498,2023-02-07,9.52153,1116.4988110635065
1499,2023-02-08,9.27272,1087.3232406267477
1500,2023-02-09,9.1866,1077.2247714092177
1501,2023-02-10,9.69377,1136.6957494985668
1502,2023-02-11,11.91387,1397.0256555580013
1503,2023-02-12,13.39712,1570.952205336235
1504,2023-02-13,11.35885,1331.94376534535
1505,2023-02-14,10.15311,1190.558160673442
1506,2023-02-15,11.58851,1358.8737983283731
1507,2023-02-16,8.92822,1046.9270185477985
1508,2023-02-17,9.92344,1163.6269550860043
1509,2023-02-18,11.47368,1345.4087818368616
1510,2023-02-19,12.92822,1515.9687843411139
1511,2023-02-20,9.22488,1081.7135011078597
1512,2023-02-21,9.23444,1082.8345109281056
1513,2023-02-22,9.03349,1059.271025219064
1514,2023-02-23,8.36363,980.7229459104866
1515,2023-02-24,8.81339,1033.4620020562868
1516,2023-02-25,10.95693,1284.8144487184377
1517,2023-02-26,13.5598,1590.0281339510493
1518,2023-02-27,9.71291,1138.9401143478876
1519,2023-02-28,8.92822,1046.9270185477985
1520,2023-03-01,12.34449,1447.5203468544807
1521,2023-03-02,10.22009,1198.4122650416512
1522,2023-03-03,9.81818,1151.2841210191532
1523,2023-03-04,13.30143,1559.7315536940446
1524,2023-03-05,14.01913,1643.8893725215103
1525,2023-03-06,10.622,1245.540409064149
1526,2023-03-07,10.87081,1274.7159795009077
1527,2023-03-08,11.58851,1358.8737983283731
1528,2023-03-09,12.64114,1482.3056568101276
1529,2023-03-10,11.24401,1318.477576249424
1530,2023-03-11,13.57894,1592.2724988003702
1531,2023-03-12,15.13875,1775.1765079758882
1532,2023-03-13,10.4976,1230.9532101479767
1533,2023-03-14,9.44497,1107.5213516662222
1534,2023-03-15,11.49282,1347.6531466861825
1535,2023-03-16,9.96172,1168.1156847846462
1536,2023-03-17,9.94258,1165.8713199353253
1537,2023-03-18,12.61244,1478.9402821405604
1538,2023-03-19,14.77511,1732.5359210476179
1539,2023-03-20,11.96172,1402.6365676813039
1540,2023-03-21,11.00478,1290.4253608417403
1541,2023-03-22,10.54545,1236.5641222712793
1542,2023-03-23,9.73205,1141.1844791972085
1543,2023-03-24,9.94258,1165.8713199353253
1544,2023-03-25,12.50717,1466.596275469295
1545,2023-03-26,13.58851,1593.3946812250308
1546,2023-03-27,10.92822,1281.4479014444562
1547,2023-03-28,9.59808,1125.475097856376
1548,2023-03-29,8.90909,1044.683826302892
1549,2023-03-30,8.66028,1015.5082558661333
1550,2023-03-31,9.78947,1147.9175737451717
1551,2023-04-01,12.55502,1472.2071875925976
1552,2023-04-02,12.63157,1481.183474385467
1553,2023-04-03,10.31578,1209.6329166838416
1554,2023-04-04,9.26315,1086.201058202087
1555,2023-04-05,9.41626,1104.1548043922407
1556,2023-04-06,8.33492,977.356398636505
1557,2023-04-07,7.9043,926.8617073400256
1558,2023-04-08,10.36363,1215.2438288071442
1559,2023-04-09,11.82775,1386.9271863404713
1560,2023-04-10,8.79425,1031.217637206966
1561,2023-04-11,8.4976,996.4323272513192
1562,2023-04-12,7.74162,907.7857787252115
1563,2023-04-13,8.78468,1030.0954547823053
1564,2023-04-14,8.61244,1009.8985163472452
1565,2023-04-15,12.8421,1505.8703151235839
1566,2023-04-16,12.86124,1508.1146799729047
1567,2023-04-17,8.68899,1018.8748031401148
1568,2023-04-18,8.20095,961.6470172956724
1569,2023-04-19,8.21052,962.769199720333
1570,2023-04-20,8.07655,947.0598183795001
1571,2023-04-21,8.43062,988.5782228831099
1572,2023-04-22,10.57416,1239.9306695452608
1573,2023-04-23,11.16746,1309.5012894565543
1574,2023-04-24,9.11961,1069.369494436594
1575,2023-04-25,7.89473,925.7395249153651
1576,2023-04-26,7.73205,906.6635963005509
1577,2023-04-27,7.92344,929.1060721893466
1578,2023-04-28,7.24401,849.4358104561086
1579,2023-04-29,9.4354,1106.3991692415618
1580,2023-04-30,9.46411,1109.7657165155433
1581,2023-05-01,10.10526,1184.9472485501394
1582,2023-05-02,7.98086,935.8391667373096
1583,2023-05-03,7.59808,890.9542149597183
1584,2023-05-04,7.15789,839.3373412385785
1585,2023-05-05,9.02392,1058.1488427944037
1586,2023-05-06,9.70334,1137.8179319232272
1587,2023-05-07,10.21052,1197.2900826169905
1588,2023-05-08,8.78468,1030.0954547823053
1589,2023-05-09,7.49282,878.6113808928673
1590,2023-05-10,7.44497,873.0004687695647
1591,2023-05-11,8.13397,953.7929129274632
1592,2023-05-12,7.85645,921.2507952167231
1593,2023-05-13,9.36842,1098.5450648733529
1594,2023-05-14,10.43062,1223.0991057797676
1595,2023-05-15,12.4976,1465.4740930446344
1596,2023-05-16,8.89952,1043.5616438782315
1597,2023-05-17,8.07655,947.0598183795001
1598,2023-05-18,7.07177,829.2388720210483
1599,2023-05-19,7.30143,856.1689050040716
1600,2023-05-20,7.37799,865.1463644013556
1601,2023-05-21,9.20574,1079.4691362585388
1602,2023-05-22,7.44497,873.0004687695647
1603,2023-05-23,7.58851,889.8320325350579
1604,2023-05-24,7.36842,864.0241819766952
1605,2023-05-25,7.69377,902.1748666019089
1606,2023-05-26,8.56459,1004.2876042239427
1607,2023-05-27,8.25837,968.3801118436353
1608,2023-05-28,9.01435,1057.026660369743
1609,2023-05-29,8.78468,1030.0954547823053
1610,2023-05-30,7.68421,901.053856781663
1611,2023-05-31,6.70813,786.598285092778
1612,2023-06-01,6.48803,760.789261930001
1613,2023-06-02,6.43062,754.0573399864523
1614,2023-06-03,7.45454,874.1226511942252
1615,2023-06-04,8.55502,1003.1654217992822
1616,2023-06-05,7.85645,921.2507952167231
1617,2023-06-06,8.80382,1032.3398196316264
1618,2023-06-07,6.58373,772.011086176606
1619,2023-06-08,6.3732,747.3242454384892
1620,2023-06-09,5.84688,685.6077298954049
1621,2023-06-10,6.56459,769.7667213272849
1622,2023-06-11,7.95215,932.4726194633281
1623,2023-06-12,6.92822,812.4061356511407
1624,2023-06-13,6.38277,748.4464278631498
1625,2023-06-14,6.55502,768.6445389026245
1626,2023-06-15,10.45933,1226.465653053749
1627,2023-06-16,7.70334,903.2970490265694
1628,2023-06-17,7.59808,890.9542149597183
1629,2023-06-18,8.44019,989.7004053077704
1630,2023-06-19,6.00956,704.683658510219
1631,2023-06-20,6.61244,775.3776334505875
1632,2023-06-21,5.54066,649.7002375150977
1633,2023-06-22,5.81818,682.2423552258379
1634,2023-06-23,6.01913,705.8058409348795
1635,2023-06-24,6.00956,704.683658510219
1636,2023-06-25,7.5311,883.1001105915093
1637,2023-06-26,6.33492,742.8355157398473
1638,2023-06-27,5.5311,648.5792276948516
1639,2023-06-28,5.30143,621.6480221074139
1640,2023-06-29,5.34928,627.2589342307165
1641,2023-06-30,5.12918,601.4499110679393
1642,2023-07-01,6.94736,814.6505005004618
1643,2023-07-02,7.30143,856.1689050040716
1644,2023-07-03,6.58373,772.011086176606
1645,2023-07-04,5.75119,674.3870782532143
1646,2023-07-05,5.55023,650.8224199397581
1647,2023-07-06,5.47368,641.8461331468885
1648,2023-07-07,4.95693,581.2518000284646
1649,2023-07-08,5.98086,701.3182838406519
1650,2023-07-09,7.08133,830.3598818412945
1651,2023-07-10,5.98086,701.3182838406519
1652,2023-07-11,5.50239,645.2126804208701
1653,2023-07-12,5.22488,612.6717353145443
1654,2023-07-13,4.622,541.9777603741759
1655,2023-07-14,5.67464,665.4107914603447
1656,2023-07-15,9.66507,1133.3303748289995
1657,2023-07-16,9.57894,1123.2307330070548
1658,2023-07-17,6.36363,746.2020630138288
1659,2023-07-18,6.0287,706.92802335954
1660,2023-07-19,5.98086,701.3182838406519
1661,2023-07-20,6.27751,736.1035937962988
1662,2023-07-21,7.62679,894.3207622336998
1663,2023-07-22,7.59808,890.9542149597183
1664,2023-07-23,7.93301,930.2282546140071
1665,2023-07-24,6.86124,804.5520312829317
1666,2023-07-25,5.59808,656.4333320630607
1667,2023-07-26,5.17703,607.0608231912419
1668,2023-07-27,5.14832,603.6942759172603
1669,2023-07-28,5.30143,621.6480221074139
1670,2023-07-29,6.3732,747.3242454384892
1671,2023-07-30,6.85167,803.4298488582713
1672,2023-07-31,5.89473,691.2186420187074
1673,2023-08-01,5.32057,623.892386956735
1674,2023-08-02,5.84688,685.6077298954049
1675,2023-08-03,5.33971,626.1367518060559
1676,2023-08-04,5.25358,616.0371099841115
1677,2023-08-05,6.13397,719.2720300308056
1678,2023-08-06,6.28708,737.2257762209592
1679,2023-08-07,4.9665,582.3739824531251
1680,2023-08-08,4.90909,575.6420605095766
1681,2023-08-09,5.11961,600.3277286432788
1682,2023-08-10,4.88038,572.275513235595
1683,2023-08-11,5.54066,649.7002375150977
1684,2023-08-12,6.82296,800.0633015842897
1685,2023-08-13,7.86602,922.3729776413835
1686,2023-08-14,6.41148,751.8129751371314
1687,2023-08-15,11.30143,1325.210670797387
1688,2023-08-16,6.41148,751.8129751371314
1689,2023-08-17,6.1244,718.149847606145
1690,2023-08-18,5.72248,671.0205309792328
1691,2023-08-19,7.21531,846.0704357865415
1692,2023-08-20,6.98564,819.1392301991038
1693,2023-08-21,5.27272,618.2814748334324
1694,2023-08-22,5.64593,662.0442441863632
1695,2023-08-23,5.56937,653.0667847890792
1696,2023-08-24,5.50239,645.2126804208701
1697,2023-08-25,6.55502,768.6445389026245
1698,2023-08-26,7.08133,830.3598818412945
1699,2023-08-27,7.70334,903.2970490265694
1700,2023-08-28,7.17703,841.5817060878995
1701,2023-08-29,7.49282,878.6113808928673
1702,2023-08-30,7.42583,870.7561039202437
1703,2023-08-31,7.25358,850.5579928807691
1704,2023-09-01,7.34928,861.7798171273741
1705,2023-09-02,8.74641,1025.6078976880776
1706,2023-09-03,9.71291,1138.9401143478876
1707,2023-09-04,7.75119,908.907961149872
1708,2023-09-05,7.22488,847.192618211202
1709,2023-09-06,6.97607,818.0170477744433
1710,2023-09-07,7.5598,886.4654852610763
1711,2023-09-08,8.17224,958.2804700216909
1712,2023-09-09,9.35885,1097.4228824486922
1713,2023-09-10,10.22009,1198.4122650416512
1714,2023-09-11,8.622,1011.0195261674912
1715,2023-09-12,8.11483,951.5485480781422
1716,2023-09-13,7.89473,925.7395249153651
1717,2023-09-14,7.75119,908.907961149872
1718,2023-09-15,9.84688,1154.6494956887202
1719,2023-09-16,12.51674,1467.7184578939555
1720,2023-09-17,14.36363,1684.2855946004595
1721,2023-09-18,11.10047,1301.6460124839307
1722,2023-09-19,9.26315,1086.201058202087
1723,2023-09-20,9.21531,1080.5913186831992
1724,2023-09-21,8.73684,1024.4857152634174
1725,2023-09-22,10.30622,1208.5119068635956
1726,2023-09-23,12.17224,1427.3222358150063
1727,2023-09-24,13.98086,1639.4018154272826
1728,2023-09-25,11.12918,1305.0125597579122
1729,2023-09-26,9.67464,1134.4525572536602
1730,2023-09-27,9.311,1091.8119703253897
1731,2023-09-28,8.44019,989.7004053077704
1732,2023-09-29,7.5598,886.4654852610763
1733,2023-09-30,11.11961,1303.8903773332518
1734,2023-10-01,12.74641,1494.649663481393
1735,2023-10-02,13.47368,1579.9296647335193
1736,2023-10-03,16.15311,1894.1208093634152
1737,2023-10-04,11.37799,1334.188130194671
1738,2023-10-05,12.07655,1416.1015841728156
1739,2023-10-06,12.26794,1438.5440600616112
1740,2023-10-07,14.78468,1733.6581034722783
1741,2023-10-08,16.31578,1913.1955653738146
1742,2023-10-09,18.13397,2126.3973274107516
1743,2023-10-10,12.88995,1511.4812272468864
1744,2023-10-11,12.65071,1483.427839234788
1745,2023-10-12,11.95215,1401.5143852566434
1746,2023-10-13,11.92344,1398.147837982662
1747,2023-10-14,16.05741,1882.89898511681
1748,2023-10-15,23.12918,2712.1378571378586
1749,2023-10-16,14.44019,1693.2630539977436
1750,2023-10-17,14.08612,1651.7446494941337
1751,2023-10-18,12.26794,1438.5440600616112
1752,2023-10-19,12.60287,1477.8180997159
1753,2023-10-20,14.93779,1751.611849662432
1754,2023-10-21,22.04784,2585.3394513821227
1755,2023-10-22,20.13397,2360.9182103074095
1756,2023-10-23,15.1866,1780.7874200991907
1757,2023-10-24,17.12918,2008.5752084478854
1758,2023-10-25,14.06698,1649.5002846448126
1759,2023-10-26,13.55023,1588.905951526389
1760,2023-10-27,12.54545,1471.085005167937
1761,2023-10-28,15.311,1795.3746190153627
1762,2023-10-29,16.22966,1903.0970961562844
1763,2023-10-30,15.32057,1796.4968014400233
1764,2023-10-31,12.74641,1494.649663481393
1765,2023-11-01,12.45933,1460.9865359504067
1766,2023-11-02,11.49282,1347.6531466861825
1767,2023-11-03,11.70334,1372.3388148198849
1768,2023-11-04,13.75119,1612.4706098398449
1769,2023-11-05,16.15311,1894.1208093634152
1770,2023-11-06,14.3732,1685.4077770251201
1771,2023-11-07,15.12918,1774.0543255512275
1772,2023-11-08,15.97129,1872.8005158992798
1773,2023-11-09,15.34928,1799.8633487140048
1774,2023-11-10,15.00478,1759.4671266350556
1775,2023-11-11,19.47368,2283.4923134234923
1776,2023-11-12,25.46411,2985.932779688805
1777,2023-11-13,23.25358,2726.72505605403
1778,2023-11-14,20.25837,2375.5054092235814
1779,2023-11-15,23.73205,2782.8306594738124
1780,2023-11-16,20.25837,2375.5054092235814
1781,2023-11-17,22.08612,2589.8281810807644
1782,2023-11-18,24.92822,2923.09408172106
1783,2023-11-19,33.86602,3971.1444552979333
1784,2023-11-20,22.09569,2590.9503635054252
1785,2023-11-21,19.15789,2246.462638618524
1786,2023-11-22,17.99043,2109.5657636452584
1787,2023-11-23,16.5933,1945.7376830845546
1788,2023-11-24,17.75119,2081.5123756331604
1789,2023-11-25,22.07655,2588.705998656104
1790,2023-11-26,24.4976,2872.59939042458
1791,2023-11-27,17.5311,2055.7045250747974
1792,2023-11-28,17.87559,2096.0995745493324
1793,2023-11-29,16.88995,1980.5229930402015
1794,2023-11-30,17.01435,1995.1101919563737
1795,2023-12-01,17.95215,2105.077033946616
1796,2023-12-02,20.88995,2449.564758833517
1797,2023-12-03,23.95215,2808.6396826365894
1798,2023-12-04,17.03349,1997.3545568056948
1799,2023-12-05,15.00478,1759.4671266350556
1800,2023-12-06,13.27272,1556.365006420063
1801,2023-12-07,13.56937,1591.1503163757097
1802,2023-12-08,13.84688,1623.6912614820355
1803,2023-12-09,16.56459,1942.3711358105732
1804,2023-12-10,19.74162,2314.9110761051575
1805,2023-12-11,14.8421,1740.3911980202415
1806,2023-12-12,14.30622,1677.553672656911
1807,2023-12-13,13.20574,1548.5109020518541
1808,2023-12-14,15.40669,1806.5952706575533
1809,2023-12-15,16.36363,1918.8064774971172
1810,2023-12-16,18.15311,2128.641692260073
1811,2023-12-17,22.4976,2638.0785075279227
1812,2023-12-18,15.94258,1869.4339686252983
1813,2023-12-19,14.34449,1682.0412297511384
1814,2023-12-20,14.46889,1696.6284286673106
1815,2023-12-21,13.76076,1613.5927922645053
1816,2023-12-22,13.68421,1604.616505471636
1817,2023-12-23,16.4976,1934.5158588379495
1818,2023-12-24,16.56459,1942.3711358105732
1819,2023-12-25,18.0287,2114.053320739486
1820,2023-12-26,13.99043,1640.5239978519432
1821,2023-12-27,11.67464,1368.9734401503179
1822,2023-12-28,13.19617,1547.3887196271935
1823,2023-12-29,13.95215,1636.035268153301
1824,2023-12-30,16.0287,1879.5324378428284
1825,2023-12-31,17.02392,1996.2323743810343
1826,2024-01-01,13.16746,1544.022172353212
1827,2024-01-02,12.19138,1429.5666006643273
1828,2024-01-03,11.70334,1372.3388148198849
1829,2024-01-04,10.87081,1274.7159795009077
1830,2024-01-05,10.07655,1181.580701276158
1831,2024-01-06,13.33971,1564.2202833926867
1832,2024-01-07,15.01435,1760.589309059716
1833,2024-01-08,10.06698,1180.4585188514973
1834,2024-01-09,10.06698,1180.4585188514973
1835,2024-01-10,9.70334,1137.8179319232272
1836,2024-01-11,9.79904,1149.0397561698321
1837,2024-01-12,9.50239,1114.2544462141855
1838,2024-01-13,12.69856,1489.0387513580906
1839,2024-01-14,17.24401,2022.040224939397
1840,2024-01-15,16.85167,1976.0342633415594
1841,2024-01-16,10.90909,1279.2047091995496
1842,2024-01-17,10.8421,1271.3494322269262
1843,2024-01-18,10.10526,1184.9472485501394
1844,2024-01-19,10.30622,1208.5119068635956
1845,2024-01-20,13.04306,1529.4349734370398
1846,2024-01-21,13.99043,1640.5239978519432
1847,2024-01-22,9.86602,1156.8938605380413
1848,2024-01-23,9.83732,1153.5284858684743
1849,2024-01-24,10.99521,1289.3031784170796
1850,2024-01-25,9.52153,1116.4988110635065
1851,2024-01-26,9.46411,1109.7657165155433
1852,2024-01-27,11.88516,1393.65910828402
1853,2024-01-28,14.76555,1731.4149112273717
1854,2024-01-29,11.11961,1303.8903773332518
1855,2024-01-30,9.15789,1073.8582241352362
1856,2024-01-31,9.49282,1113.1322637895248
1857,2024-02-01,8.78468,1030.0954547823053
1858,2024-02-02,8.66985,1016.6304382907938
1859,2024-02-03,12.0287,1410.490672049513
1860,2024-02-04,13.80861,1619.203704387808
1861,2024-02-05,9.71291,1138.9401143478876
1862,2024-02-06,9.63636,1129.963827555018
1863,2024-02-07,8.75598,1026.7300801127383
1864,2024-02-08,9.42583,1105.2769868169014
1865,2024-02-09,10.13397,1188.313795824121
1866,2024-02-10,9.52153,1116.4988110635065
1867,2024-02-11,12.89952,1512.6034096715468
1868,2024-02-12,14.47846,1697.750611091971
1869,2024-02-13,12.95693,1519.3353316150954
1870,2024-02-14,12.98564,1522.7018788890769
1871,2024-02-15,16.85167,1976.0342633415594
1872,2024-02-16,10.28708,1206.2675420142746
1873,2024-02-17,14.20095,1665.2096659856454
1874,2024-02-18,14.58373,1710.0946177632366
1875,2024-02-19,12.2488,1436.29969521229
1876,2024-02-20,10.87081,1274.7159795009077
1877,2024-02-21,9.91387,1162.5047726613436
1878,2024-02-22,9.91387,1162.5047726613436
1879,2024-02-23,9.86602,1156.8938605380413
1880,2024-02-24,12.46889,1462.107545770653
1881,2024-02-25,14.46889,1696.6284286673106
1882,2024-02-26,10.25837,1202.900994740293
1883,2024-02-27,9.29186,1089.5676054760688
1884,2024-02-28,10.13397,1188.313795824121
1885,2024-02-29,9.4354,1106.3991692415618
1886,2024-03-01,13.03349,1528.3127910123794
1887,2024-03-02,13.79904,1618.0815219631475
1888,2024-03-03,14.27751,1674.1871253829293
1889,2024-03-04,10.0,1172.6044144832883
1890,2024-03-05,9.55023,1119.8641857330736
1891,2024-03-06,9.87559,1158.016042962702
1892,2024-03-07,10.4976,1230.9532101479767
1893,2024-03-08,10.46889,1227.5866628739952
1894,2024-03-09,12.55502,1472.2071875925976
1895,2024-03-10,14.86124,1742.6355628695624
1896,2024-03-11,10.90909,1279.2047091995496
1897,2024-03-12,10.39234,1218.6103760811259
1898,2024-03-13,10.15311,1190.558160673442
1899,2024-03-14,10.99521,1289.3031784170796
1900,2024-03-15,12.74641,1494.649663481393
1901,2024-03-16,12.80382,1501.3815854249417
1902,2024-03-17,14.23923,1669.6983956842873
1903,2024-03-18,10.47846,1228.7088452986557
1904,2024-03-19,11.11961,1303.8903773332518
1905,2024-03-20,10.00956,1173.7254243035345
1906,2024-03-21,9.72248,1140.062296772548
1907,2024-03-22,11.50239,1348.7753291108431
1908,2024-03-23,13.07177,1532.8015207110216
1909,2024-03-24,13.16746,1544.022172353212
1910,2024-03-25,11.04306,1294.9140905403822
1911,2024-03-26,9.39712,1101.9104395429197
1912,2024-03-27,9.25358,1085.0788757774267
1913,2024-03-28,10.35406,1214.1216463824837
1914,2024-03-29,9.1866,1077.2247714092177
1915,2024-03-30,11.84688,1389.1703785853779
1916,2024-03-31,12.78468,1499.1372205756206
1917,2024-04-01,9.311,1091.8119703253897
1918,2024-04-02,10.25837,1202.900994740293
1919,2024-04-03,10.1244,1187.1916133994605
1920,2024-04-04,10.14354,1189.4359782487813
1921,2024-04-05,10.54545,1236.5641222712793
1922,2024-04-06,10.68899,1253.3956860367725
1923,2024-04-07,12.9665,1520.4575140397558
1924,2024-04-08,10.2488,1201.7788123156324
1925,2024-04-09,8.25837,968.3801118436353
1926,2024-04-10,10.81339,1267.9828849529445
1927,2024-04-11,8.09569,949.3041832288212
1928,2024-04-12,9.61722,1127.719462705697
1929,2024-04-13,10.52631,1234.3197574219585
1930,2024-04-14,11.62679,1363.362528027015
1931,2024-04-15,9.51196,1115.376628638846
1932,2024-04-16,9.01435,1057.026660369743
1933,2024-04-17,8.86124,1039.0729141795894
1934,2024-04-18,8.32535,976.2342162118445
1935,2024-04-19,8.26794,969.5022942682958
1936,2024-04-20,9.36842,1098.5450648733529
1937,2024-04-21,10.28708,1206.2675420142746
1938,2024-04-22,8.04784,943.6932711055188
1939,2024-04-23,7.73205,906.6635963005509
1940,2024-04-24,7.89473,925.7395249153651
1941,2024-04-25,7.89473,925.7395249153651
1942,2024-04-26,7.88516,924.6173424907046
1943,2024-04-27,9.23444,1082.8345109281056
1944,2024-04-28,10.58373,1241.0528519699212
1945,2024-04-29,8.43062,988.5782228831099
1946,2024-04-30,7.1866,842.7038885125601
1947,2024-05-01,9.311,1091.8119703253897
1948,2024-05-02,7.44497,873.0004687695647
1949,2024-05-03,7.01435,822.5057774730853
1950,2024-05-04,9.17703,1076.102588984557
1951,2024-05-05,10.07655,1181.580701276158
1952,2024-05-06,9.36842,1098.5450648733529
1953,2024-05-07,7.89473,925.7395249153651
1954,2024-05-08,8.22009,963.8913821449935
1955,2024-05-09,7.36842,864.0241819766952
1956,2024-05-10,6.622,776.4986432708336
1957,2024-05-11,8.28708,971.7466591176169
1958,2024-05-12,9.33014,1094.0563351747107
1959,2024-05-13,8.64114,1013.2638910168122
1960,2024-05-14,7.47368,876.3670160435462
1961,2024-05-15,10.61244,1244.4193992439027
1962,2024-05-16,7.02392,823.6279598977459
1963,2024-05-17,6.90909,810.1629434062343
1964,2024-05-18,7.12918,835.970793964597
1965,2024-05-19,8.05741,944.8154535301793
1966,2024-05-20,6.86124,804.5520312829317
1967,2024-05-21,7.08133,830.3598818412945
1968,2024-05-22,6.54545,767.522356477964
1969,2024-05-23,6.27751,736.1035937962988
1970,2024-05-24,6.30622,739.4701410702802
1971,2024-05-25,7.70334,903.2970490265694
1972,2024-05-26,9.01435,1057.026660369743
1973,2024-05-27,6.41148,751.8129751371314
1974,2024-05-28,5.76076,675.5092606778749
1975,2024-05-29,6.38277,748.4464278631498
1976,2024-05-30,6.30622,739.4701410702802
1977,2024-05-31,6.64114,778.7430081201545
1978,2024-06-01,7.1866,842.7038885125601
1979,2024-06-02,8.27751,970.6244766929564
1980,2024-06-03,6.27751,736.1035937962988
1981,2024-06-04,6.07655,712.5389354828426
1982,2024-06-05,5.63636,660.9220617617027
1983,2024-06-06,7.99043,936.9613491619701
1984,2024-06-07,6.41148,751.8129751371314
1985,2024-06-08,7.9043,926.8617073400256
1986,2024-06-09,7.97129,934.7169843126492
1987,2024-06-10,5.79904,679.9979903765168
1988,2024-06-11,6.88038,806.7963961322527
1989,2024-06-12,5.85645,686.7299123200654
1990,2024-06-13,6.51674,764.1558092039825
1991,2024-06-14,7.60765,892.0763973843788
1992,2024-06-15,9.56937,1122.1085505823944
1993,2024-06-16,9.01435,1057.026660369743
1994,2024-06-17,6.98564,819.1392301991038
1995,2024-06-18,5.89473,691.2186420187074
1996,2024-06-19,6.10526,715.9054827568241
1997,2024-06-20,6.80382,797.8189367349687
1998,2024-06-21,6.03827,708.0502057842006
1999,2024-06-22,7.83732,919.0076029718166
2000,2024-06-23,9.40669,1103.0326219675803
2001,2024-06-24,6.68899,784.3539202434571
2002,2024-06-25,6.66985,782.1095553941361
2003,2024-06-26,6.36363,746.2020630138288
2004,2024-06-27,5.45454,639.6017682975676
2005,2024-06-28,5.40669,633.9908561742651
2006,2024-06-29,6.58373,772.011086176606
2007,2024-06-30,7.17703,841.5817060878995
2008,2024-07-01,6.03827,708.0502057842006
2009,2024-07-02,5.70334,668.7761661299118
2010,2024-07-03,6.21052,728.2483168236752
2011,2024-07-04,5.35885,628.381116655377
2012,2024-07-05,5.78947,678.8758079518562
2013,2024-07-06,6.5933,773.1332686012665
2014,2024-07-07,7.49282,878.6113808928673
2015,2024-07-08,5.9043,692.340824443368
2016,2024-07-09,5.49282,644.0904979962096
2017,2024-07-10,6.17224,723.7595871250332
2018,2024-07-11,5.0909,596.9611813692973
2019,2024-07-12,5.36842,629.5032990800376
2020,2024-07-13,7.26315,851.6801753054297
2021,2024-07-14,8.50717,997.5545096759796
2022,2024-07-15,6.63157,777.6208256954941
2023,2024-07-16,6.51674,764.1558092039825
2024,2024-07-17,5.36842,629.5032990800376
2025,2024-07-18,4.87081,571.1533308109346
2026,2024-07-19,6.17224,723.7595871250332
2027,2024-07-20,7.54066,884.2211204117554
2028,2024-07-21,8.44976,990.822587732431
2029,2024-07-22,6.90909,810.1629434062343
2030,2024-07-23,6.42105,752.9351575617919
2031,2024-07-24,5.85645,686.7299123200654
2032,2024-07-25,5.61722,658.6776969123816
2033,2024-07-26,6.17224,723.7595871250332
2034,2024-07-27,6.65071,779.865190544815
2035,2024-07-28,7.22488,847.192618211202
2036,2024-07-29,5.4354,637.3574034482465
2037,2024-07-30,5.08133,595.8389989446368
2038,2024-07-31,4.9665,582.3739824531251
2039,2024-08-01,5.32057,623.892386956735
2040,2024-08-02,4.89952,574.5198780849161
2041,2024-08-03,5.88516,690.0964595940469
2042,2024-08-04,6.22009,729.3704992483357
2043,2024-08-05,4.56459,535.2458384306273
2044,2024-08-06,5.17703,607.0608231912419
2045,2024-08-07,5.11961,600.3277286432788
2046,2024-08-08,5.25358,616.0371099841115
2047,2024-08-09,5.55023,650.8224199397581
2048,2024-08-10,7.08133,830.3598818412945
2049,2024-08-11,7.70334,903.2970490265694
2050,2024-08-12,6.52631,765.2779916286429
2051,2024-08-13,5.78947,678.8758079518562
2052,2024-08-14,5.33971,626.1367518060559
2053,2024-08-15,7.6555,897.6873095076813
2054,2024-08-16,6.82296,800.0633015842897
2055,2024-08-17,7.6555,897.6873095076813
2056,2024-08-18,9.25358,1085.0788757774267
2057,2024-08-19,6.18181,724.8817695496937
2058,2024-08-20,7.79904,914.5188732731744
2059,2024-08-21,6.8421,802.3076664336107
2060,2024-08-22,6.57416,770.8889037519455
2061,2024-08-23,6.67942,783.2317378187967
2062,2024-08-24,8.9665,1051.4157482464404
2063,2024-08-25,10.38277,1217.4881936564652
2064,2024-08-26,8.03827,942.5710886808583
2065,2024-08-27,7.11961,834.8486115399364
2066,2024-08-28,6.81339,798.9411191596292
2067,2024-08-29,6.52631,765.2779916286429
2068,2024-08-30,7.41626,869.6339214955832
2069,2024-08-31,7.7799,912.2745084238535
2070,2024-09-01,8.9665,1051.4157482464404
2071,2024-09-02,7.4354,871.8782863449042
2072,2024-09-03,8.0,938.0835315866307
2073,2024-09-04,7.66507,898.8094919323419
2074,2024-09-05,7.14832,838.2151588139179
2075,2024-09-06,7.07177,829.2388720210483
2076,2024-09-07,8.57416,1005.409786648603
2077,2024-09-08,10.88038,1275.838161925568
2078,2024-09-09,7.93301,930.2282546140071
2079,2024-09-10,7.02392,823.6279598977459
2080,2024-09-11,7.57894,888.7098501103974
2081,2024-09-12,7.39712,867.3895566462622
2082,2024-09-13,7.5598,886.4654852610763
2083,2024-09-14,8.97607,1052.537930671101
2084,2024-09-15,10.66985,1251.1513211874515
2085,2024-09-16,9.76076,1144.55102647119
2086,2024-09-17,10.01913,1174.847606728195
2087,2024-09-18,12.3732,1450.8868941284625
2088,2024-09-19,14.19138,1664.087483560985
2089,2024-09-20,10.92822,1281.4479014444562
2090,2024-09-21,15.49282,1816.6949124794978
2091,2024-09-22,22.45933,2633.5909504336955
2092,2024-09-23,14.89952,1747.1242925682045
2093,2024-09-24,12.7177,1491.2831162074117
2094,2024-09-25,12.44019,1458.742171101086
2095,2024-09-26,12.22009,1432.9331479383088
2096,2024-09-27,12.85167,1506.9924975482443
2097,2024-09-28,15.52153,1820.0614597534795
2098,2024-09-29,18.17224,2130.884884504979
2099,2024-09-30,15.05263,1765.0780387583582
